#
# There is insufficient memory for the Java Runtime Environment to continue.
# Native memory allocation (mmap) failed to map 29360128 bytes. Error detail: G1 virtual space
# Possible reasons:
#   The system is out of physical RAM or swap space
#   This process is running with CompressedOops enabled, and the Java Heap may be blocking the growth of the native heap
# Possible solutions:
#   Reduce memory load on the system
#   Increase physical memory or swap space
#   Check if swap backing store is full
#   Decrease Java heap size (-Xmx/-Xms)
#   Decrease number of Java threads
#   Decrease Java thread stack sizes (-Xss)
#   Set larger code cache with -XX:ReservedCodeCacheSize=
#   JVM is running with Unscaled Compressed Oops mode in which the Java heap is
#     placed in the first 4GB address space. The Java Heap base address is the
#     maximum limit for the native heap growth. Please use -XX:HeapBaseMinAddress
#     to set the Java Heap base and to place the Java Heap above 4GB virtual address.
# This output file may be truncated or incomplete.
#
#  Out of Memory Error (os_windows.cpp:3713), pid=15956, tid=11164
#
# JRE version: OpenJDK Runtime Environment Temurin-21.0.8+9 (21.0.8+9) (build 21.0.8+9-LTS)
# Java VM: OpenJDK 64-Bit Server VM Temurin-21.0.8+9 (21.0.8+9-LTS, mixed mode, tiered, compressed oops, compressed class ptrs, g1 gc, windows-amd64)
# No core dump will be written. Minidumps are not enabled by default on client versions of Windows
#

---------------  S U M M A R Y ------------

Command Line: -Dosgi.requiredJavaVersion=1.8 -Dosgi.instance.area.default=@user.home/STM32CubeIDE/workspace_2.0.0 -Declipse.buildId=Version 2.0.0 -DproductMaturityGrade=mm -Djdk.http.auth.tunneling.disabledSchemes= -XX:+UseG1GC -XX:+UseStringDeduplication -Xms256m -Xmx1024m -Djavax.net.ssl.trustStoreType=WINDOWS-ROOT 

Host: 13th Gen Intel(R) Core(TM) i7-13700H, 20 cores, 15G,  Windows 11 , 64 bit Build 26100 (10.0.26100.7920)
Time: Wed Apr 22 11:06:44 2026 W. Australia Standard Time elapsed time: 108.789568 seconds (0d 0h 1m 48s)

---------------  T H R E A D  ---------------

Current thread (0x000001de258aeed0):  VMThread "VM Thread"          [id=11164, stack(0x000000cdcc000000,0x000000cdcc100000) (1024K)]

Stack: [0x000000cdcc000000,0x000000cdcc100000]
Native frames: (J=compiled Java code, j=interpreted, Vv=VM code, C=native code)
V  [jvm.dll+0x6d2449]
V  [jvm.dll+0x8ae341]
V  [jvm.dll+0x8b08be]
V  [jvm.dll+0x8b0fa3]
V  [jvm.dll+0x280c96]
V  [jvm.dll+0x6cec15]
V  [jvm.dll+0x6c2c3a]
V  [jvm.dll+0x35867a]
V  [jvm.dll+0x360246]
V  [jvm.dll+0x3b1f9e]
V  [jvm.dll+0x3b2248]
V  [jvm.dll+0x32c8fc]
V  [jvm.dll+0x32f0e6]
V  [jvm.dll+0x339258]
V  [jvm.dll+0x36e81f]
V  [jvm.dll+0x8b6cbf]
V  [jvm.dll+0x8b8044]
V  [jvm.dll+0x8b8580]
V  [jvm.dll+0x8b8823]
V  [jvm.dll+0x857e6b]
V  [jvm.dll+0x6d0b0d]
C  [ucrtbase.dll+0x37b0]
C  [KERNEL32.DLL+0x2e8d7]
C  [ntdll.dll+0x8c48c]

VM_Operation (0x000000cdcbbff440): G1PauseRemark, mode: safepoint, requested by thread 0x000001de085a6790


---------------  P R O C E S S  ---------------

Threads class SMR info:
_java_thread_list=0x000001de350b97d0, length=50, elements={
0x000001de08564ee0, 0x000001de259a99a0, 0x000001de259d0f60, 0x000001de259dbe90,
0x000001de259dc4f0, 0x000001de259f9270, 0x000001de259fafb0, 0x000001de259ff450,
0x000001de25a05880, 0x000001de25a0c870, 0x000001de25c4f6d0, 0x000001de25c51550,
0x000001de2c328af0, 0x000001de2bfc9770, 0x000001de2c3a5e40, 0x000001de2b868f30,
0x000001de2b5c9540, 0x000001de2cbd5200, 0x000001de2cbd5890, 0x000001de2cbd2410,
0x000001de2cbd2aa0, 0x000001de2cbd37c0, 0x000001de2cbd4b70, 0x000001de362c1510,
0x000001de362c1ba0, 0x000001de362c2f50, 0x000001de362c0e80, 0x000001de362c2230,
0x000001de362c28c0, 0x000001de2a769db0, 0x000001de2a76a440, 0x000001de2a769090,
0x000001de2a76aad0, 0x000001de2a769720, 0x000001de2a767650, 0x000001de2a768a00,
0x000001de2a76b160, 0x000001de2a767ce0, 0x000001de2a76b7f0, 0x000001de2a768370,
0x000001de2a76be80, 0x000001de2a76c510, 0x000001de2a76d230, 0x000001de2e480070,
0x000001de2e481420, 0x000001de2e482140, 0x000001de2e482e60, 0x000001de2e47f9e0,
0x000001de2e484210, 0x000001de2d911e10
}

Java Threads: ( => current thread )
  0x000001de08564ee0 JavaThread "main"                              [_thread_in_native, id=21516, stack(0x000000cdcb600000,0x000000cdcb700000) (1024K)]
  0x000001de259a99a0 JavaThread "Reference Handler"          daemon [_thread_blocked, id=15036, stack(0x000000cdcc100000,0x000000cdcc200000) (1024K)]
  0x000001de259d0f60 JavaThread "Finalizer"                  daemon [_thread_blocked, id=41584, stack(0x000000cdcc200000,0x000000cdcc300000) (1024K)]
  0x000001de259dbe90 JavaThread "Signal Dispatcher"          daemon [_thread_blocked, id=6180, stack(0x000000cdcc300000,0x000000cdcc400000) (1024K)]
  0x000001de259dc4f0 JavaThread "Attach Listener"            daemon [_thread_blocked, id=38432, stack(0x000000cdcc400000,0x000000cdcc500000) (1024K)]
  0x000001de259f9270 JavaThread "Service Thread"             daemon [_thread_blocked, id=42724, stack(0x000000cdcc500000,0x000000cdcc600000) (1024K)]
  0x000001de259fafb0 JavaThread "Monitor Deflation Thread"   daemon [_thread_blocked, id=13324, stack(0x000000cdcc600000,0x000000cdcc700000) (1024K)]
  0x000001de259ff450 JavaThread "C2 CompilerThread0"         daemon [_thread_blocked, id=30448, stack(0x000000cdcc700000,0x000000cdcc800000) (1024K)]
  0x000001de25a05880 JavaThread "C1 CompilerThread0"         daemon [_thread_blocked, id=23252, stack(0x000000cdcc800000,0x000000cdcc900000) (1024K)]
  0x000001de25a0c870 JavaThread "StringDedupThread"          daemon [_thread_blocked, id=37240, stack(0x000000cdcc900000,0x000000cdcca00000) (1024K)]
  0x000001de25c4f6d0 JavaThread "Notification Thread"        daemon [_thread_blocked, id=30068, stack(0x000000cdccc00000,0x000000cdccd00000) (1024K)]
  0x000001de25c51550 JavaThread "Common-Cleaner"             daemon [_thread_blocked, id=39304, stack(0x000000cdccd00000,0x000000cdcce00000) (1024K)]
  0x000001de2c328af0 JavaThread "Active Thread: Equinox Container: 27b9c321-284c-4131-9de1-c94ef43a6ae7"        [_thread_blocked, id=35952, stack(0x000000cdce200000,0x000000cdce300000) (1024K)]
  0x000001de2bfc9770 JavaThread "Framework Event Dispatcher: Equinox Container: 27b9c321-284c-4131-9de1-c94ef43a6ae7" daemon [_thread_blocked, id=14604, stack(0x000000cdce100000,0x000000cdce200000) (1024K)]
  0x000001de2c3a5e40 JavaThread "Start Level: Equinox Container: 27b9c321-284c-4131-9de1-c94ef43a6ae7" daemon [_thread_blocked, id=37036, stack(0x000000cdce300000,0x000000cdce400000) (1024K)]
  0x000001de2b868f30 JavaThread "SCR Component Actor"        daemon [_thread_blocked, id=22064, stack(0x000000cdce400000,0x000000cdce500000) (1024K)]
  0x000001de2b5c9540 JavaThread "EMF Reference Cleaner"      daemon [_thread_blocked, id=36628, stack(0x000000cdce600000,0x000000cdce700000) (1024K)]
  0x000001de2cbd5200 JavaThread "Worker-JM"                         [_thread_blocked, id=34332, stack(0x000000cdceb00000,0x000000cdcec00000) (1024K)]
  0x000001de2cbd5890 JavaThread "Gogo shell"                        [_thread_blocked, id=7656, stack(0x000000cdcec00000,0x000000cdced00000) (1024K)]
  0x000001de2cbd2410 JavaThread "JNA Cleaner"                daemon [_thread_blocked, id=33180, stack(0x000000cdccf00000,0x000000cdcd000000) (1024K)]
  0x000001de2cbd2aa0 JavaThread "Worker-0"                          [_thread_blocked, id=6536, stack(0x000000cdcd000000,0x000000cdcd100000) (1024K)]
  0x000001de2cbd37c0 JavaThread "Bundle File Closer"         daemon [_thread_blocked, id=43708, stack(0x000000cdcef00000,0x000000cdcf000000) (1024K)]
  0x000001de2cbd4b70 JavaThread "ForkJoinPool.commonPool-worker-1" daemon [_thread_blocked, id=30804, stack(0x000000cdcf200000,0x000000cdcf300000) (1024K)]
  0x000001de362c1510 JavaThread "org.eclipse.cdt.internal.ui.text.CReconciler" daemon [_thread_blocked, id=7436, stack(0x000000cdcd100000,0x000000cdcd200000) (1024K)]
  0x000001de362c1ba0 JavaThread "EventAdmin Async Event Dispatcher Thread" daemon [_thread_blocked, id=39324, stack(0x000000cdcca00000,0x000000cdccb00000) (1024K)]
  0x000001de362c2f50 JavaThread "Worker-1"                          [_thread_blocked, id=15300, stack(0x000000cdce000000,0x000000cdce100000) (1024K)]
  0x000001de362c0e80 JavaThread "Worker-2"                          [_thread_blocked, id=42208, stack(0x000000cdce500000,0x000000cdce600000) (1024K)]
  0x000001de362c2230 JavaThread "Worker-3"                          [_thread_blocked, id=37052, stack(0x000000cdced00000,0x000000cdcee00000) (1024K)]
  0x000001de362c28c0 JavaThread "Worker-4"                          [_thread_blocked, id=38604, stack(0x000000cdcee00000,0x000000cdcef00000) (1024K)]
  0x000001de2a769db0 JavaThread "Worker-5"                          [_thread_blocked, id=26360, stack(0x000000cdcf500000,0x000000cdcf600000) (1024K)]
  0x000001de2a76a440 JavaThread "Worker-6"                          [_thread_blocked, id=28460, stack(0x000000cdcf600000,0x000000cdcf700000) (1024K)]
  0x000001de2a769090 JavaThread "Worker-7"                          [_thread_blocked, id=15612, stack(0x000000cdcf700000,0x000000cdcf800000) (1024K)]
  0x000001de2a76aad0 JavaThread "Worker-8"                          [_thread_blocked, id=42544, stack(0x000000cdcf800000,0x000000cdcf900000) (1024K)]
  0x000001de2a769720 JavaThread "Worker-9"                          [_thread_blocked, id=4116, stack(0x000000cdcf900000,0x000000cdcfa00000) (1024K)]
  0x000001de2a767650 JavaThread "Worker-10"                         [_thread_blocked, id=28052, stack(0x000000cdcfa00000,0x000000cdcfb00000) (1024K)]
  0x000001de2a768a00 JavaThread "Worker-11"                         [_thread_blocked, id=32152, stack(0x000000cdcfb00000,0x000000cdcfc00000) (1024K)]
  0x000001de2a76b160 JavaThread "Worker-12"                         [_thread_blocked, id=32568, stack(0x000000cdcfc00000,0x000000cdcfd00000) (1024K)]
  0x000001de2a767ce0 JavaThread "Worker-13"                         [_thread_blocked, id=3936, stack(0x000000cdcfd00000,0x000000cdcfe00000) (1024K)]
  0x000001de2a76b7f0 JavaThread "pool-2-thread-1"                   [_thread_blocked, id=7836, stack(0x000000cdd0300000,0x000000cdd0400000) (1024K)]
  0x000001de2a768370 JavaThread "pool-3-thread-1"                   [_thread_blocked, id=24848, stack(0x000000cdd0400000,0x000000cdd0500000) (1024K)]
  0x000001de2a76be80 JavaThread "RMI TCP Accept-41337"       daemon [_thread_in_native, id=30464, stack(0x000000cdd0b00000,0x000000cdd0c00000) (1024K)]
  0x000001de2a76c510 JavaThread "RMI Reaper"                        [_thread_blocked, id=14576, stack(0x000000cdd0c00000,0x000000cdd0d00000) (1024K)]
  0x000001de2a76d230 JavaThread "RMI GC Daemon"              daemon [_thread_blocked, id=16464, stack(0x000000cdd0d00000,0x000000cdd0e00000) (1024K)]
  0x000001de2e480070 JavaThread "org.eclipse.ui.internal.genericeditor.DefaultWordHighlightReconciler" daemon [_thread_blocked, id=2924, stack(0x000000cdd0e00000,0x000000cdd0f00000) (1024K)]
  0x000001de2e481420 JavaThread "org.eclipse.ui.internal.genericeditor.folding.DefaultFoldingReconciler" daemon [_thread_blocked, id=20904, stack(0x000000cdd0f00000,0x000000cdd1000000) (1024K)]
  0x000001de2e482140 JavaThread "Serial Ports Filter"        daemon [_thread_in_native, id=26816, stack(0x000000cdd0a00000,0x000000cdd0b00000) (1024K)]
  0x000001de2e482e60 JavaThread "HttpClient-1-SelectorManager" daemon [_thread_in_native, id=34124, stack(0x000000cdd0900000,0x000000cdd0a00000) (1024K)]
  0x000001de2e47f9e0 JavaThread "HttpClient-1-Worker-0"      daemon [_thread_blocked, id=43256, stack(0x000000cdd0000000,0x000000cdd0100000) (1024K)]
  0x000001de2e484210 JavaThread "Provisioning Event Dispatcher" daemon [_thread_blocked, id=34008, stack(0x000000cdd0200000,0x000000cdd0300000) (1024K)]
  0x000001de2d911e10 JavaThread "C1 CompilerThread1"         daemon [_thread_blocked, id=15288, stack(0x000000cdcb700000,0x000000cdcb800000) (1024K)]
Total: 50

Other Threads:
=>0x000001de258aeed0 VMThread "VM Thread"                           [id=11164, stack(0x000000cdcc000000,0x000000cdcc100000) (1024K)]
  0x000001de25941180 WatcherThread "VM Periodic Task Thread"        [id=38964, stack(0x000000cdcbf00000,0x000000cdcc000000) (1024K)]
  0x000001de0859d650 WorkerThread "GC Thread#0"                     [id=9776, stack(0x000000cdcba00000,0x000000cdcbb00000) (1024K)]
  0x000001de2c026f00 WorkerThread "GC Thread#1"                     [id=36988, stack(0x000000cdcd200000,0x000000cdcd300000) (1024K)]
  0x000001de2bb49c30 WorkerThread "GC Thread#2"                     [id=33160, stack(0x000000cdcd300000,0x000000cdcd400000) (1024K)]
  0x000001de2b7f78e0 WorkerThread "GC Thread#3"                     [id=39068, stack(0x000000cdcd400000,0x000000cdcd500000) (1024K)]
  0x000001de2b96b3a0 WorkerThread "GC Thread#4"                     [id=12744, stack(0x000000cdcd500000,0x000000cdcd600000) (1024K)]
  0x000001de2b96b740 WorkerThread "GC Thread#5"                     [id=29564, stack(0x000000cdcd600000,0x000000cdcd700000) (1024K)]
  0x000001de2a478f50 WorkerThread "GC Thread#6"                     [id=22364, stack(0x000000cdcd700000,0x000000cdcd800000) (1024K)]
  0x000001de2bbe4a90 WorkerThread "GC Thread#7"                     [id=30560, stack(0x000000cdcd800000,0x000000cdcd900000) (1024K)]
  0x000001de2bbe4e30 WorkerThread "GC Thread#8"                     [id=34832, stack(0x000000cdcd900000,0x000000cdcda00000) (1024K)]
  0x000001de2b8fccf0 WorkerThread "GC Thread#9"                     [id=9812, stack(0x000000cdcda00000,0x000000cdcdb00000) (1024K)]
  0x000001de2b8fc5b0 WorkerThread "GC Thread#10"                    [id=18304, stack(0x000000cdcdb00000,0x000000cdcdc00000) (1024K)]
  0x000001de2b8fb730 WorkerThread "GC Thread#11"                    [id=39044, stack(0x000000cdcdc00000,0x000000cdcdd00000) (1024K)]
  0x000001de2b8fbe70 WorkerThread "GC Thread#12"                    [id=38144, stack(0x000000cdcdd00000,0x000000cdcde00000) (1024K)]
  0x000001de2b8fbad0 WorkerThread "GC Thread#13"                    [id=32272, stack(0x000000cdcde00000,0x000000cdcdf00000) (1024K)]
  0x000001de2b8fd090 WorkerThread "GC Thread#14"                    [id=37280, stack(0x000000cdcdf00000,0x000000cdce000000) (1024K)]
  0x000001de085a6790 ConcurrentGCThread "G1 Main Marker"            [id=32796, stack(0x000000cdcbb00000,0x000000cdcbc00000) (1024K)]
  0x000001de085a9820 WorkerThread "G1 Conc#0"                       [id=7216, stack(0x000000cdcbc00000,0x000000cdcbd00000) (1024K)]
  0x000001de2b8fc950 WorkerThread "G1 Conc#1"                       [id=37160, stack(0x000000cdce700000,0x000000cdce800000) (1024K)]
  0x000001de2c9174a0 WorkerThread "G1 Conc#2"                       [id=23064, stack(0x000000cdce800000,0x000000cdce900000) (1024K)]
  0x000001de2c916d60 WorkerThread "G1 Conc#3"                       [id=40252, stack(0x000000cdce900000,0x000000cdcea00000) (1024K)]
  0x000001de2578ea80 ConcurrentGCThread "G1 Refine#0"               [id=4592, stack(0x000000cdcbd00000,0x000000cdcbe00000) (1024K)]
  0x000001de2578eeb0 ConcurrentGCThread "G1 Service"                [id=13204, stack(0x000000cdcbe00000,0x000000cdcbf00000) (1024K)]
Total: 24

Threads with active compile tasks:
Total: 0

VM state: at safepoint (normal execution)

VM Mutex/Monitor currently owned by a thread:  ([mutex/lock_event])
[0x00007ffade905458] Threads_lock - owner thread: 0x000001de258aeed0
[0x00007ffade905558] Heap_lock - owner thread: 0x000001de085a6790

OutOfMemory and StackOverflow Exception counts:
OutOfMemoryError java_heap_errors=1
LinkageErrors=145

Heap address: 0x00000000c0000000, size: 1024 MB, Compressed Oops mode: 32-bit

CDS archive(s) not mapped
Compressed class space mapped at: 0x0000000100000000-0x0000000140000000, reserved size: 1073741824
Narrow klass base: 0x0000000000000000, Narrow klass shift: 3, Narrow klass range: 0x140000000

GC Precious Log:
 CardTable entry size: 512
 Card Set container configuration: InlinePtr #cards 5 size 8 Array Of Cards #cards 12 size 40 Howl #buckets 4 coarsen threshold 1843 Howl Bitmap #cards 512 size 80 coarsen threshold 460 Card regions per heap region 1 cards per card region 2048
 CPUs: 20 total, 20 available
 Memory: 16055M
 Large Page Support: Disabled
 NUMA Support: Disabled
 Compressed Oops: Enabled (32-bit)
 Heap Region Size: 1M
 Heap Min Capacity: 256M
 Heap Initial Capacity: 256M
 Heap Max Capacity: 1G
 Pre-touch: Disabled
 Parallel Workers: 15
 Concurrent Workers: 4
 Concurrent Refinement Workers: 15
 Periodic GC: Disabled
 String Deduplication is enabled

Heap:
 garbage-first heap   total 647168K, used 411330K [0x00000000c0000000, 0x0000000100000000)
  region size 1024K, 13 young (13312K), 5 survivors (5120K)
 Metaspace       used 110392K, committed 113088K, reserved 1179648K
  class space    used 12649K, committed 13760K, reserved 1048576K

Heap Regions: E=young(eden), S=young(survivor), O=old, HS=humongous(starts), HC=humongous(continues), CS=collection set, F=free, TAMS=top-at-mark-start, PB=parsable bottom
|   0|0x00000000c0000000, 0x00000000c0100000, 0x00000000c0100000|100%| O|  |TAMS 0x00000000c0100000| PB 0x00000000c0100000| Untracked 
|   1|0x00000000c0100000, 0x00000000c0200000, 0x00000000c0200000|100%| O|  |TAMS 0x00000000c0200000| PB 0x00000000c0200000| Untracked 
|   2|0x00000000c0200000, 0x00000000c0300000, 0x00000000c0300000|100%| O|  |TAMS 0x00000000c0300000| PB 0x00000000c0300000| Untracked 
|   3|0x00000000c0300000, 0x00000000c0400000, 0x00000000c0400000|100%| O|  |TAMS 0x00000000c0400000| PB 0x00000000c0400000| Updating 
|   4|0x00000000c0400000, 0x00000000c0500000, 0x00000000c0500000|100%| O|  |TAMS 0x00000000c0500000| PB 0x00000000c0500000| Untracked 
|   5|0x00000000c0500000, 0x00000000c0600000, 0x00000000c0600000|100%| O|  |TAMS 0x00000000c0600000| PB 0x00000000c0600000| Untracked 
|   6|0x00000000c0600000, 0x00000000c0700000, 0x00000000c0700000|100%| O|  |TAMS 0x00000000c0700000| PB 0x00000000c0700000| Updating 
|   7|0x00000000c0700000, 0x00000000c0800000, 0x00000000c0800000|100%| O|  |TAMS 0x00000000c0800000| PB 0x00000000c0800000| Updating 
|   8|0x00000000c0800000, 0x00000000c0900000, 0x00000000c0900000|100%| O|  |TAMS 0x00000000c0900000| PB 0x00000000c0900000| Updating 
|   9|0x00000000c0900000, 0x00000000c0a00000, 0x00000000c0a00000|100%| O|  |TAMS 0x00000000c0a00000| PB 0x00000000c0a00000| Untracked 
|  10|0x00000000c0a00000, 0x00000000c0b00000, 0x00000000c0b00000|100%| O|  |TAMS 0x00000000c0b00000| PB 0x00000000c0b00000| Updating 
|  11|0x00000000c0b00000, 0x00000000c0c00000, 0x00000000c0c00000|100%| O|  |TAMS 0x00000000c0c00000| PB 0x00000000c0c00000| Updating 
|  12|0x00000000c0c00000, 0x00000000c0d00000, 0x00000000c0d00000|100%| O|  |TAMS 0x00000000c0d00000| PB 0x00000000c0d00000| Untracked 
|  13|0x00000000c0d00000, 0x00000000c0e00000, 0x00000000c0e00000|100%| O|  |TAMS 0x00000000c0e00000| PB 0x00000000c0e00000| Updating 
|  14|0x00000000c0e00000, 0x00000000c0f00000, 0x00000000c0f00000|100%| O|  |TAMS 0x00000000c0f00000| PB 0x00000000c0f00000| Updating 
|  15|0x00000000c0f00000, 0x00000000c1000000, 0x00000000c1000000|100%| O|  |TAMS 0x00000000c1000000| PB 0x00000000c1000000| Untracked 
|  16|0x00000000c1000000, 0x00000000c1100000, 0x00000000c1100000|100%| O|  |TAMS 0x00000000c1100000| PB 0x00000000c1100000| Updating 
|  17|0x00000000c1100000, 0x00000000c1200000, 0x00000000c1200000|100%| O|  |TAMS 0x00000000c1200000| PB 0x00000000c1200000| Updating 
|  18|0x00000000c1200000, 0x00000000c1300000, 0x00000000c1300000|100%| O|  |TAMS 0x00000000c1300000| PB 0x00000000c1300000| Untracked 
|  19|0x00000000c1300000, 0x00000000c1400000, 0x00000000c1400000|100%| O|  |TAMS 0x00000000c1400000| PB 0x00000000c1400000| Untracked 
|  20|0x00000000c1400000, 0x00000000c1500000, 0x00000000c1500000|100%| O|  |TAMS 0x00000000c1500000| PB 0x00000000c1500000| Updating 
|  21|0x00000000c1500000, 0x00000000c1600000, 0x00000000c1600000|100%| O|  |TAMS 0x00000000c1600000| PB 0x00000000c1600000| Updating 
|  22|0x00000000c1600000, 0x00000000c1700000, 0x00000000c1700000|100%| O|  |TAMS 0x00000000c1700000| PB 0x00000000c1700000| Updating 
|  23|0x00000000c1700000, 0x00000000c1800000, 0x00000000c1800000|100%| O|  |TAMS 0x00000000c1800000| PB 0x00000000c1800000| Updating 
|  24|0x00000000c1800000, 0x00000000c1900000, 0x00000000c1900000|100%| O|  |TAMS 0x00000000c1900000| PB 0x00000000c1900000| Untracked 
|  25|0x00000000c1900000, 0x00000000c1a00000, 0x00000000c1a00000|100%| O|  |TAMS 0x00000000c1a00000| PB 0x00000000c1a00000| Untracked 
|  26|0x00000000c1a00000, 0x00000000c1b00000, 0x00000000c1b00000|100%| O|  |TAMS 0x00000000c1b00000| PB 0x00000000c1b00000| Untracked 
|  27|0x00000000c1b00000, 0x00000000c1c00000, 0x00000000c1c00000|100%| O|  |TAMS 0x00000000c1c00000| PB 0x00000000c1c00000| Untracked 
|  28|0x00000000c1c00000, 0x00000000c1d00000, 0x00000000c1d00000|100%| O|  |TAMS 0x00000000c1d00000| PB 0x00000000c1d00000| Untracked 
|  29|0x00000000c1d00000, 0x00000000c1e00000, 0x00000000c1e00000|100%| O|  |TAMS 0x00000000c1e00000| PB 0x00000000c1e00000| Untracked 
|  30|0x00000000c1e00000, 0x00000000c1f00000, 0x00000000c1f00000|100%| O|  |TAMS 0x00000000c1f00000| PB 0x00000000c1f00000| Untracked 
|  31|0x00000000c1f00000, 0x00000000c2000000, 0x00000000c2000000|100%| O|  |TAMS 0x00000000c2000000| PB 0x00000000c2000000| Untracked 
|  32|0x00000000c2000000, 0x00000000c2100000, 0x00000000c2100000|100%| O|  |TAMS 0x00000000c2100000| PB 0x00000000c2100000| Untracked 
|  33|0x00000000c2100000, 0x00000000c2200000, 0x00000000c2200000|100%| O|  |TAMS 0x00000000c2200000| PB 0x00000000c2200000| Untracked 
|  34|0x00000000c2200000, 0x00000000c2300000, 0x00000000c2300000|100%| O|  |TAMS 0x00000000c2300000| PB 0x00000000c2300000| Untracked 
|  35|0x00000000c2300000, 0x00000000c2400000, 0x00000000c2400000|100%| O|  |TAMS 0x00000000c2400000| PB 0x00000000c2400000| Untracked 
|  36|0x00000000c2400000, 0x00000000c2500000, 0x00000000c2500000|100%| O|  |TAMS 0x00000000c2500000| PB 0x00000000c2500000| Untracked 
|  37|0x00000000c2500000, 0x00000000c2600000, 0x00000000c2600000|100%|HS|  |TAMS 0x00000000c2600000| PB 0x00000000c2500000| Complete 
|  38|0x00000000c2600000, 0x00000000c2700000, 0x00000000c2700000|100%| O|  |TAMS 0x00000000c2700000| PB 0x00000000c2700000| Untracked 
|  39|0x00000000c2700000, 0x00000000c2800000, 0x00000000c2800000|100%| O|  |TAMS 0x00000000c2800000| PB 0x00000000c2800000| Updating 
|  40|0x00000000c2800000, 0x00000000c2900000, 0x00000000c2900000|100%| O|  |TAMS 0x00000000c2900000| PB 0x00000000c2900000| Untracked 
|  41|0x00000000c2900000, 0x00000000c2a00000, 0x00000000c2a00000|100%| O|  |TAMS 0x00000000c2a00000| PB 0x00000000c2a00000| Untracked 
|  42|0x00000000c2a00000, 0x00000000c2b00000, 0x00000000c2b00000|100%| O|  |TAMS 0x00000000c2b00000| PB 0x00000000c2b00000| Untracked 
|  43|0x00000000c2b00000, 0x00000000c2c00000, 0x00000000c2c00000|100%| O|  |TAMS 0x00000000c2c00000| PB 0x00000000c2c00000| Untracked 
|  44|0x00000000c2c00000, 0x00000000c2d00000, 0x00000000c2d00000|100%| O|  |TAMS 0x00000000c2d00000| PB 0x00000000c2d00000| Untracked 
|  45|0x00000000c2d00000, 0x00000000c2e00000, 0x00000000c2e00000|100%| O|  |TAMS 0x00000000c2e00000| PB 0x00000000c2e00000| Updating 
|  46|0x00000000c2e00000, 0x00000000c2f00000, 0x00000000c2f00000|100%| O|  |TAMS 0x00000000c2f00000| PB 0x00000000c2f00000| Untracked 
|  47|0x00000000c2f00000, 0x00000000c3000000, 0x00000000c3000000|100%| O|  |TAMS 0x00000000c3000000| PB 0x00000000c3000000| Updating 
|  48|0x00000000c3000000, 0x00000000c3100000, 0x00000000c3100000|100%| O|  |TAMS 0x00000000c3100000| PB 0x00000000c3100000| Untracked 
|  49|0x00000000c3100000, 0x00000000c3200000, 0x00000000c3200000|100%| O|  |TAMS 0x00000000c3200000| PB 0x00000000c3200000| Untracked 
|  50|0x00000000c3200000, 0x00000000c3300000, 0x00000000c3300000|100%| O|  |TAMS 0x00000000c3300000| PB 0x00000000c3300000| Untracked 
|  51|0x00000000c3300000, 0x00000000c3400000, 0x00000000c3400000|100%| O|  |TAMS 0x00000000c3400000| PB 0x00000000c3400000| Untracked 
|  52|0x00000000c3400000, 0x00000000c3500000, 0x00000000c3500000|100%| O|  |TAMS 0x00000000c3500000| PB 0x00000000c3500000| Untracked 
|  53|0x00000000c3500000, 0x00000000c3600000, 0x00000000c3600000|100%| O|  |TAMS 0x00000000c3600000| PB 0x00000000c3600000| Untracked 
|  54|0x00000000c3600000, 0x00000000c3700000, 0x00000000c3700000|100%| O|  |TAMS 0x00000000c3700000| PB 0x00000000c3700000| Updating 
|  55|0x00000000c3700000, 0x00000000c3800000, 0x00000000c3800000|100%| O|  |TAMS 0x00000000c3800000| PB 0x00000000c3800000| Untracked 
|  56|0x00000000c3800000, 0x00000000c3900000, 0x00000000c3900000|100%| O|  |TAMS 0x00000000c3900000| PB 0x00000000c3900000| Untracked 
|  57|0x00000000c3900000, 0x00000000c3a00000, 0x00000000c3a00000|100%|HS|  |TAMS 0x00000000c3a00000| PB 0x00000000c3900000| Complete 
|  58|0x00000000c3a00000, 0x00000000c3b00000, 0x00000000c3b00000|100%| O|  |TAMS 0x00000000c3b00000| PB 0x00000000c3b00000| Untracked 
|  59|0x00000000c3b00000, 0x00000000c3c00000, 0x00000000c3c00000|100%| O|  |TAMS 0x00000000c3c00000| PB 0x00000000c3c00000| Untracked 
|  60|0x00000000c3c00000, 0x00000000c3d00000, 0x00000000c3d00000|100%| O|  |TAMS 0x00000000c3d00000| PB 0x00000000c3d00000| Untracked 
|  61|0x00000000c3d00000, 0x00000000c3e00000, 0x00000000c3e00000|100%|HS|  |TAMS 0x00000000c3e00000| PB 0x00000000c3d00000| Complete 
|  62|0x00000000c3e00000, 0x00000000c3f00000, 0x00000000c3f00000|100%| O|  |TAMS 0x00000000c3e00000| PB 0x00000000c3e00000| Untracked 
|  63|0x00000000c3f00000, 0x00000000c4000000, 0x00000000c4000000|100%|HS|  |TAMS 0x00000000c4000000| PB 0x00000000c3f00000| Complete 
|  64|0x00000000c4000000, 0x00000000c4100000, 0x00000000c4100000|100%| O|  |TAMS 0x00000000c4000000| PB 0x00000000c4000000| Untracked 
|  65|0x00000000c4100000, 0x00000000c4200000, 0x00000000c4200000|100%| O|  |TAMS 0x00000000c4200000| PB 0x00000000c4200000| Updating 
|  66|0x00000000c4200000, 0x00000000c4300000, 0x00000000c4300000|100%| O|  |TAMS 0x00000000c4300000| PB 0x00000000c4300000| Untracked 
|  67|0x00000000c4300000, 0x00000000c4400000, 0x00000000c4400000|100%| O|  |TAMS 0x00000000c4400000| PB 0x00000000c4400000| Untracked 
|  68|0x00000000c4400000, 0x00000000c4500000, 0x00000000c4500000|100%| O|  |TAMS 0x00000000c4500000| PB 0x00000000c4500000| Untracked 
|  69|0x00000000c4500000, 0x00000000c4600000, 0x00000000c4600000|100%| O|  |TAMS 0x00000000c4600000| PB 0x00000000c4600000| Untracked 
|  70|0x00000000c4600000, 0x00000000c4700000, 0x00000000c4700000|100%| O|  |TAMS 0x00000000c4700000| PB 0x00000000c4700000| Untracked 
|  71|0x00000000c4700000, 0x00000000c4800000, 0x00000000c4800000|100%| O|  |TAMS 0x00000000c4800000| PB 0x00000000c4800000| Untracked 
|  72|0x00000000c4800000, 0x00000000c4900000, 0x00000000c4900000|100%| O|  |TAMS 0x00000000c4900000| PB 0x00000000c4900000| Untracked 
|  73|0x00000000c4900000, 0x00000000c4a00000, 0x00000000c4a00000|100%| O|  |TAMS 0x00000000c4a00000| PB 0x00000000c4a00000| Untracked 
|  74|0x00000000c4a00000, 0x00000000c4b00000, 0x00000000c4b00000|100%| O|  |TAMS 0x00000000c4b00000| PB 0x00000000c4b00000| Untracked 
|  75|0x00000000c4b00000, 0x00000000c4c00000, 0x00000000c4c00000|100%|HS|  |TAMS 0x00000000c4c00000| PB 0x00000000c4b00000| Complete 
|  76|0x00000000c4c00000, 0x00000000c4d00000, 0x00000000c4d00000|100%| O|  |TAMS 0x00000000c4d00000| PB 0x00000000c4d00000| Untracked 
|  77|0x00000000c4d00000, 0x00000000c4e00000, 0x00000000c4e00000|100%|HS|  |TAMS 0x00000000c4e00000| PB 0x00000000c4d00000| Complete 
|  78|0x00000000c4e00000, 0x00000000c4f00000, 0x00000000c4f00000|100%|HS|  |TAMS 0x00000000c4f00000| PB 0x00000000c4e00000| Complete 
|  79|0x00000000c4f00000, 0x00000000c5000000, 0x00000000c5000000|100%| O|  |TAMS 0x00000000c5000000| PB 0x00000000c5000000| Untracked 
|  80|0x00000000c5000000, 0x00000000c5100000, 0x00000000c5100000|100%|HS|  |TAMS 0x00000000c5100000| PB 0x00000000c5000000| Complete 
|  81|0x00000000c5100000, 0x00000000c5200000, 0x00000000c5200000|100%|HS|  |TAMS 0x00000000c5200000| PB 0x00000000c5100000| Complete 
|  82|0x00000000c5200000, 0x00000000c5300000, 0x00000000c5300000|100%| O|  |TAMS 0x00000000c5300000| PB 0x00000000c5300000| Untracked 
|  83|0x00000000c5300000, 0x00000000c5400000, 0x00000000c5400000|100%| O|  |TAMS 0x00000000c5400000| PB 0x00000000c5400000| Updating 
|  84|0x00000000c5400000, 0x00000000c5500000, 0x00000000c5500000|100%| O|  |TAMS 0x00000000c5500000| PB 0x00000000c5500000| Updating 
|  85|0x00000000c5500000, 0x00000000c5600000, 0x00000000c5600000|100%|HS|  |TAMS 0x00000000c5600000| PB 0x00000000c5500000| Complete 
|  86|0x00000000c5600000, 0x00000000c5700000, 0x00000000c5700000|100%| O|  |TAMS 0x00000000c5700000| PB 0x00000000c5700000| Untracked 
|  87|0x00000000c5700000, 0x00000000c5800000, 0x00000000c5800000|100%| O|  |TAMS 0x00000000c5800000| PB 0x00000000c5800000| Untracked 
|  88|0x00000000c5800000, 0x00000000c5900000, 0x00000000c5900000|100%| O|  |TAMS 0x00000000c5900000| PB 0x00000000c5900000| Updating 
|  89|0x00000000c5900000, 0x00000000c5a00000, 0x00000000c5a00000|100%|HS|  |TAMS 0x00000000c5a00000| PB 0x00000000c5900000| Complete 
|  90|0x00000000c5a00000, 0x00000000c5b00000, 0x00000000c5b00000|100%|HS|  |TAMS 0x00000000c5b00000| PB 0x00000000c5a00000| Complete 
|  91|0x00000000c5b00000, 0x00000000c5c00000, 0x00000000c5c00000|100%| O|  |TAMS 0x00000000c5c00000| PB 0x00000000c5c00000| Untracked 
|  92|0x00000000c5c00000, 0x00000000c5d00000, 0x00000000c5d00000|100%|HS|  |TAMS 0x00000000c5d00000| PB 0x00000000c5c00000| Complete 
|  93|0x00000000c5d00000, 0x00000000c5e00000, 0x00000000c5e00000|100%| O|  |TAMS 0x00000000c5e00000| PB 0x00000000c5e00000| Untracked 
|  94|0x00000000c5e00000, 0x00000000c5f00000, 0x00000000c5f00000|100%| O|  |TAMS 0x00000000c5f00000| PB 0x00000000c5f00000| Updating 
|  95|0x00000000c5f00000, 0x00000000c6000000, 0x00000000c6000000|100%| O|  |TAMS 0x00000000c6000000| PB 0x00000000c6000000| Untracked 
|  96|0x00000000c6000000, 0x00000000c6100000, 0x00000000c6100000|100%| O|  |TAMS 0x00000000c6100000| PB 0x00000000c6100000| Untracked 
|  97|0x00000000c6100000, 0x00000000c6200000, 0x00000000c6200000|100%| O|  |TAMS 0x00000000c6200000| PB 0x00000000c6200000| Untracked 
|  98|0x00000000c6200000, 0x00000000c6300000, 0x00000000c6300000|100%| O|  |TAMS 0x00000000c6300000| PB 0x00000000c6300000| Untracked 
|  99|0x00000000c6300000, 0x00000000c6400000, 0x00000000c6400000|100%| O|  |TAMS 0x00000000c6400000| PB 0x00000000c6400000| Untracked 
| 100|0x00000000c6400000, 0x00000000c6500000, 0x00000000c6500000|100%| O|  |TAMS 0x00000000c6500000| PB 0x00000000c6500000| Untracked 
| 101|0x00000000c6500000, 0x00000000c6600000, 0x00000000c6600000|100%| O|  |TAMS 0x00000000c6600000| PB 0x00000000c6600000| Untracked 
| 102|0x00000000c6600000, 0x00000000c6700000, 0x00000000c6700000|100%| O|  |TAMS 0x00000000c6700000| PB 0x00000000c6700000| Untracked 
| 103|0x00000000c6700000, 0x00000000c6800000, 0x00000000c6800000|100%| O|  |TAMS 0x00000000c6800000| PB 0x00000000c6800000| Untracked 
| 104|0x00000000c6800000, 0x00000000c6900000, 0x00000000c6900000|100%| O|  |TAMS 0x00000000c6900000| PB 0x00000000c6900000| Untracked 
| 105|0x00000000c6900000, 0x00000000c6a00000, 0x00000000c6a00000|100%|HS|  |TAMS 0x00000000c6a00000| PB 0x00000000c6900000| Complete 
| 106|0x00000000c6a00000, 0x00000000c6b00000, 0x00000000c6b00000|100%| O|  |TAMS 0x00000000c6b00000| PB 0x00000000c6b00000| Untracked 
| 107|0x00000000c6b00000, 0x00000000c6c00000, 0x00000000c6c00000|100%| O|  |TAMS 0x00000000c6c00000| PB 0x00000000c6c00000| Untracked 
| 108|0x00000000c6c00000, 0x00000000c6d00000, 0x00000000c6d00000|100%| O|  |TAMS 0x00000000c6d00000| PB 0x00000000c6d00000| Untracked 
| 109|0x00000000c6d00000, 0x00000000c6e00000, 0x00000000c6e00000|100%| O|  |TAMS 0x00000000c6e00000| PB 0x00000000c6e00000| Untracked 
| 110|0x00000000c6e00000, 0x00000000c6f00000, 0x00000000c6f00000|100%| O|  |TAMS 0x00000000c6f00000| PB 0x00000000c6f00000| Untracked 
| 111|0x00000000c6f00000, 0x00000000c7000000, 0x00000000c7000000|100%| O|  |TAMS 0x00000000c7000000| PB 0x00000000c7000000| Updating 
| 112|0x00000000c7000000, 0x00000000c7100000, 0x00000000c7100000|100%| O|  |TAMS 0x00000000c7100000| PB 0x00000000c7100000| Untracked 
| 113|0x00000000c7100000, 0x00000000c7200000, 0x00000000c7200000|100%| O|  |TAMS 0x00000000c7200000| PB 0x00000000c7200000| Untracked 
| 114|0x00000000c7200000, 0x00000000c7300000, 0x00000000c7300000|100%| O|  |TAMS 0x00000000c7300000| PB 0x00000000c7300000| Untracked 
| 115|0x00000000c7300000, 0x00000000c7400000, 0x00000000c7400000|100%|HS|  |TAMS 0x00000000c7400000| PB 0x00000000c7300000| Complete 
| 116|0x00000000c7400000, 0x00000000c7500000, 0x00000000c7500000|100%| O|  |TAMS 0x00000000c7500000| PB 0x00000000c7500000| Untracked 
| 117|0x00000000c7500000, 0x00000000c7600000, 0x00000000c7600000|100%| O|  |TAMS 0x00000000c7600000| PB 0x00000000c7600000| Untracked 
| 118|0x00000000c7600000, 0x00000000c7700000, 0x00000000c7700000|100%|HS|  |TAMS 0x00000000c7700000| PB 0x00000000c7600000| Complete 
| 119|0x00000000c7700000, 0x00000000c7800000, 0x00000000c7800000|100%|HS|  |TAMS 0x00000000c7800000| PB 0x00000000c7700000| Complete 
| 120|0x00000000c7800000, 0x00000000c7900000, 0x00000000c7900000|100%| O|  |TAMS 0x00000000c7900000| PB 0x00000000c7900000| Untracked 
| 121|0x00000000c7900000, 0x00000000c7a00000, 0x00000000c7a00000|100%| O|  |TAMS 0x00000000c7a00000| PB 0x00000000c7a00000| Untracked 
| 122|0x00000000c7a00000, 0x00000000c7b00000, 0x00000000c7b00000|100%| O|  |TAMS 0x00000000c7b00000| PB 0x00000000c7b00000| Untracked 
| 123|0x00000000c7b00000, 0x00000000c7c00000, 0x00000000c7c00000|100%| O|  |TAMS 0x00000000c7c00000| PB 0x00000000c7c00000| Untracked 
| 124|0x00000000c7c00000, 0x00000000c7d00000, 0x00000000c7d00000|100%|HS|  |TAMS 0x00000000c7d00000| PB 0x00000000c7c00000| Complete 
| 125|0x00000000c7d00000, 0x00000000c7e00000, 0x00000000c7e00000|100%| O|  |TAMS 0x00000000c7e00000| PB 0x00000000c7e00000| Untracked 
| 126|0x00000000c7e00000, 0x00000000c7f00000, 0x00000000c7f00000|100%| O|  |TAMS 0x00000000c7f00000| PB 0x00000000c7f00000| Untracked 
| 127|0x00000000c7f00000, 0x00000000c8000000, 0x00000000c8000000|100%| O|  |TAMS 0x00000000c8000000| PB 0x00000000c8000000| Untracked 
| 128|0x00000000c8000000, 0x00000000c8100000, 0x00000000c8100000|100%|HS|  |TAMS 0x00000000c8100000| PB 0x00000000c8000000| Complete 
| 129|0x00000000c8100000, 0x00000000c8200000, 0x00000000c8200000|100%|HS|  |TAMS 0x00000000c8200000| PB 0x00000000c8100000| Complete 
| 130|0x00000000c8200000, 0x00000000c8300000, 0x00000000c8300000|100%| O|  |TAMS 0x00000000c8300000| PB 0x00000000c8300000| Untracked 
| 131|0x00000000c8300000, 0x00000000c8400000, 0x00000000c8400000|100%|HS|  |TAMS 0x00000000c8400000| PB 0x00000000c8300000| Complete 
| 132|0x00000000c8400000, 0x00000000c8500000, 0x00000000c8500000|100%|HS|  |TAMS 0x00000000c8500000| PB 0x00000000c8400000| Complete 
| 133|0x00000000c8500000, 0x00000000c8600000, 0x00000000c8600000|100%|HS|  |TAMS 0x00000000c8600000| PB 0x00000000c8500000| Complete 
| 134|0x00000000c8600000, 0x00000000c8700000, 0x00000000c8700000|100%| O|  |TAMS 0x00000000c8700000| PB 0x00000000c8700000| Untracked 
| 135|0x00000000c8700000, 0x00000000c8800000, 0x00000000c8800000|100%| O|  |TAMS 0x00000000c8800000| PB 0x00000000c8800000| Untracked 
| 136|0x00000000c8800000, 0x00000000c8900000, 0x00000000c8900000|100%| O|  |TAMS 0x00000000c8900000| PB 0x00000000c8900000| Updating 
| 137|0x00000000c8900000, 0x00000000c8a00000, 0x00000000c8a00000|100%| O|  |TAMS 0x00000000c8a00000| PB 0x00000000c8a00000| Untracked 
| 138|0x00000000c8a00000, 0x00000000c8b00000, 0x00000000c8b00000|100%| O|  |TAMS 0x00000000c8b00000| PB 0x00000000c8b00000| Untracked 
| 139|0x00000000c8b00000, 0x00000000c8c00000, 0x00000000c8c00000|100%| O|  |TAMS 0x00000000c8c00000| PB 0x00000000c8c00000| Untracked 
| 140|0x00000000c8c00000, 0x00000000c8d00000, 0x00000000c8d00000|100%| O|  |TAMS 0x00000000c8d00000| PB 0x00000000c8d00000| Untracked 
| 141|0x00000000c8d00000, 0x00000000c8e00000, 0x00000000c8e00000|100%| O|  |TAMS 0x00000000c8e00000| PB 0x00000000c8e00000| Untracked 
| 142|0x00000000c8e00000, 0x00000000c8f00000, 0x00000000c8f00000|100%| O|  |TAMS 0x00000000c8f00000| PB 0x00000000c8f00000| Untracked 
| 143|0x00000000c8f00000, 0x00000000c9000000, 0x00000000c9000000|100%| O|  |TAMS 0x00000000c9000000| PB 0x00000000c9000000| Updating 
| 144|0x00000000c9000000, 0x00000000c9100000, 0x00000000c9100000|100%| O|  |TAMS 0x00000000c9100000| PB 0x00000000c9100000| Untracked 
| 145|0x00000000c9100000, 0x00000000c9200000, 0x00000000c9200000|100%| O|  |TAMS 0x00000000c9200000| PB 0x00000000c9200000| Untracked 
| 146|0x00000000c9200000, 0x00000000c9300000, 0x00000000c9300000|100%| O|  |TAMS 0x00000000c9300000| PB 0x00000000c9300000| Untracked 
| 147|0x00000000c9300000, 0x00000000c9400000, 0x00000000c9400000|100%| O|  |TAMS 0x00000000c9400000| PB 0x00000000c9400000| Untracked 
| 148|0x00000000c9400000, 0x00000000c9500000, 0x00000000c9500000|100%| O|  |TAMS 0x00000000c9500000| PB 0x00000000c9500000| Updating 
| 149|0x00000000c9500000, 0x00000000c9600000, 0x00000000c9600000|100%|HS|  |TAMS 0x00000000c9600000| PB 0x00000000c9500000| Complete 
| 150|0x00000000c9600000, 0x00000000c9700000, 0x00000000c9700000|100%|HS|  |TAMS 0x00000000c9700000| PB 0x00000000c9600000| Complete 
| 151|0x00000000c9700000, 0x00000000c9800000, 0x00000000c9800000|100%| O|  |TAMS 0x00000000c9800000| PB 0x00000000c9800000| Updating 
| 152|0x00000000c9800000, 0x00000000c9900000, 0x00000000c9900000|100%|HS|  |TAMS 0x00000000c9900000| PB 0x00000000c9800000| Complete 
| 153|0x00000000c9900000, 0x00000000c9a00000, 0x00000000c9a00000|100%| O|  |TAMS 0x00000000c9a00000| PB 0x00000000c9a00000| Untracked 
| 154|0x00000000c9a00000, 0x00000000c9b00000, 0x00000000c9b00000|100%| O|  |TAMS 0x00000000c9b00000| PB 0x00000000c9b00000| Untracked 
| 155|0x00000000c9b00000, 0x00000000c9c00000, 0x00000000c9c00000|100%| O|  |TAMS 0x00000000c9c00000| PB 0x00000000c9c00000| Untracked 
| 156|0x00000000c9c00000, 0x00000000c9d00000, 0x00000000c9d00000|100%| O|  |TAMS 0x00000000c9d00000| PB 0x00000000c9d00000| Updating 
| 157|0x00000000c9d00000, 0x00000000c9e00000, 0x00000000c9e00000|100%| O|  |TAMS 0x00000000c9e00000| PB 0x00000000c9e00000| Untracked 
| 158|0x00000000c9e00000, 0x00000000c9f00000, 0x00000000c9f00000|100%|HS|  |TAMS 0x00000000c9f00000| PB 0x00000000c9e00000| Complete 
| 159|0x00000000c9f00000, 0x00000000ca000000, 0x00000000ca000000|100%| O|  |TAMS 0x00000000ca000000| PB 0x00000000ca000000| Untracked 
| 160|0x00000000ca000000, 0x00000000ca100000, 0x00000000ca100000|100%| O|  |TAMS 0x00000000ca100000| PB 0x00000000ca100000| Untracked 
| 161|0x00000000ca100000, 0x00000000ca200000, 0x00000000ca200000|100%| O|  |TAMS 0x00000000ca200000| PB 0x00000000ca200000| Untracked 
| 162|0x00000000ca200000, 0x00000000ca300000, 0x00000000ca300000|100%| O|  |TAMS 0x00000000ca300000| PB 0x00000000ca300000| Untracked 
| 163|0x00000000ca300000, 0x00000000ca400000, 0x00000000ca400000|100%| O|  |TAMS 0x00000000ca400000| PB 0x00000000ca400000| Untracked 
| 164|0x00000000ca400000, 0x00000000ca500000, 0x00000000ca500000|100%| O|  |TAMS 0x00000000ca500000| PB 0x00000000ca500000| Untracked 
| 165|0x00000000ca500000, 0x00000000ca600000, 0x00000000ca600000|100%| O|  |TAMS 0x00000000ca600000| PB 0x00000000ca600000| Untracked 
| 166|0x00000000ca600000, 0x00000000ca700000, 0x00000000ca700000|100%| O|  |TAMS 0x00000000ca700000| PB 0x00000000ca700000| Updating 
| 167|0x00000000ca700000, 0x00000000ca800000, 0x00000000ca800000|100%| O|  |TAMS 0x00000000ca800000| PB 0x00000000ca800000| Updating 
| 168|0x00000000ca800000, 0x00000000ca900000, 0x00000000ca900000|100%|HS|  |TAMS 0x00000000ca900000| PB 0x00000000ca800000| Complete 
| 169|0x00000000ca900000, 0x00000000caa00000, 0x00000000caa00000|100%| O|  |TAMS 0x00000000caa00000| PB 0x00000000caa00000| Updating 
| 170|0x00000000caa00000, 0x00000000cab00000, 0x00000000cab00000|100%| O|  |TAMS 0x00000000cab00000| PB 0x00000000cab00000| Untracked 
| 171|0x00000000cab00000, 0x00000000cac00000, 0x00000000cac00000|100%| O|  |TAMS 0x00000000cac00000| PB 0x00000000cac00000| Untracked 
| 172|0x00000000cac00000, 0x00000000cad00000, 0x00000000cad00000|100%| O|  |TAMS 0x00000000cad00000| PB 0x00000000cad00000| Untracked 
| 173|0x00000000cad00000, 0x00000000cae00000, 0x00000000cae00000|100%|HS|  |TAMS 0x00000000cae00000| PB 0x00000000cad00000| Complete 
| 174|0x00000000cae00000, 0x00000000caf00000, 0x00000000caf00000|100%| O|  |TAMS 0x00000000caf00000| PB 0x00000000caf00000| Untracked 
| 175|0x00000000caf00000, 0x00000000cb000000, 0x00000000cb000000|100%| O|  |TAMS 0x00000000cb000000| PB 0x00000000cb000000| Untracked 
| 176|0x00000000cb000000, 0x00000000cb100000, 0x00000000cb100000|100%| O|  |TAMS 0x00000000cb100000| PB 0x00000000cb100000| Untracked 
| 177|0x00000000cb100000, 0x00000000cb200000, 0x00000000cb200000|100%| O|  |TAMS 0x00000000cb200000| PB 0x00000000cb200000| Untracked 
| 178|0x00000000cb200000, 0x00000000cb300000, 0x00000000cb300000|100%| O|  |TAMS 0x00000000cb300000| PB 0x00000000cb300000| Untracked 
| 179|0x00000000cb300000, 0x00000000cb400000, 0x00000000cb400000|100%|HS|  |TAMS 0x00000000cb400000| PB 0x00000000cb300000| Complete 
| 180|0x00000000cb400000, 0x00000000cb500000, 0x00000000cb500000|100%| O|  |TAMS 0x00000000cb500000| PB 0x00000000cb500000| Untracked 
| 181|0x00000000cb500000, 0x00000000cb600000, 0x00000000cb600000|100%| O|  |TAMS 0x00000000cb600000| PB 0x00000000cb600000| Untracked 
| 182|0x00000000cb600000, 0x00000000cb700000, 0x00000000cb700000|100%|HS|  |TAMS 0x00000000cb700000| PB 0x00000000cb600000| Complete 
| 183|0x00000000cb700000, 0x00000000cb800000, 0x00000000cb800000|100%| O|  |TAMS 0x00000000cb800000| PB 0x00000000cb800000| Untracked 
| 184|0x00000000cb800000, 0x00000000cb900000, 0x00000000cb900000|100%| O|  |TAMS 0x00000000cb900000| PB 0x00000000cb900000| Untracked 
| 185|0x00000000cb900000, 0x00000000cba00000, 0x00000000cba00000|100%| O|  |TAMS 0x00000000cba00000| PB 0x00000000cba00000| Untracked 
| 186|0x00000000cba00000, 0x00000000cbb00000, 0x00000000cbb00000|100%| O|  |TAMS 0x00000000cbb00000| PB 0x00000000cbb00000| Untracked 
| 187|0x00000000cbb00000, 0x00000000cbc00000, 0x00000000cbc00000|100%|HS|  |TAMS 0x00000000cbc00000| PB 0x00000000cbb00000| Complete 
| 188|0x00000000cbc00000, 0x00000000cbd00000, 0x00000000cbd00000|100%| O|  |TAMS 0x00000000cbd00000| PB 0x00000000cbd00000| Updating 
| 189|0x00000000cbd00000, 0x00000000cbe00000, 0x00000000cbe00000|100%|HS|  |TAMS 0x00000000cbe00000| PB 0x00000000cbd00000| Complete 
| 190|0x00000000cbe00000, 0x00000000cbf00000, 0x00000000cbf00000|100%|HS|  |TAMS 0x00000000cbf00000| PB 0x00000000cbe00000| Complete 
| 191|0x00000000cbf00000, 0x00000000cc000000, 0x00000000cc000000|100%|HS|  |TAMS 0x00000000cc000000| PB 0x00000000cbf00000| Complete 
| 192|0x00000000cc000000, 0x00000000cc100000, 0x00000000cc100000|100%| O|  |TAMS 0x00000000cc100000| PB 0x00000000cc100000| Untracked 
| 193|0x00000000cc100000, 0x00000000cc200000, 0x00000000cc200000|100%| O|  |TAMS 0x00000000cc200000| PB 0x00000000cc200000| Untracked 
| 194|0x00000000cc200000, 0x00000000cc300000, 0x00000000cc300000|100%| O|  |TAMS 0x00000000cc300000| PB 0x00000000cc300000| Untracked 
| 195|0x00000000cc300000, 0x00000000cc400000, 0x00000000cc400000|100%| O|  |TAMS 0x00000000cc400000| PB 0x00000000cc400000| Untracked 
| 196|0x00000000cc400000, 0x00000000cc500000, 0x00000000cc500000|100%| O|  |TAMS 0x00000000cc500000| PB 0x00000000cc500000| Untracked 
| 197|0x00000000cc500000, 0x00000000cc600000, 0x00000000cc600000|100%| O|  |TAMS 0x00000000cc600000| PB 0x00000000cc600000| Untracked 
| 198|0x00000000cc600000, 0x00000000cc700000, 0x00000000cc700000|100%|HS|  |TAMS 0x00000000cc700000| PB 0x00000000cc600000| Complete 
| 199|0x00000000cc700000, 0x00000000cc800000, 0x00000000cc800000|100%| O|  |TAMS 0x00000000cc800000| PB 0x00000000cc800000| Untracked 
| 200|0x00000000cc800000, 0x00000000cc900000, 0x00000000cc900000|100%| O|  |TAMS 0x00000000cc900000| PB 0x00000000cc900000| Untracked 
| 201|0x00000000cc900000, 0x00000000cca00000, 0x00000000cca00000|100%|HS|  |TAMS 0x00000000cca00000| PB 0x00000000cc900000| Complete 
| 202|0x00000000cca00000, 0x00000000ccb00000, 0x00000000ccb00000|100%| O|  |TAMS 0x00000000ccb00000| PB 0x00000000ccb00000| Updating 
| 203|0x00000000ccb00000, 0x00000000ccc00000, 0x00000000ccc00000|100%| O|  |TAMS 0x00000000ccc00000| PB 0x00000000ccc00000| Untracked 
| 204|0x00000000ccc00000, 0x00000000ccd00000, 0x00000000ccd00000|100%| O|  |TAMS 0x00000000ccd00000| PB 0x00000000ccd00000| Untracked 
| 205|0x00000000ccd00000, 0x00000000cce00000, 0x00000000cce00000|100%| O|  |TAMS 0x00000000cce00000| PB 0x00000000cce00000| Untracked 
| 206|0x00000000cce00000, 0x00000000ccf00000, 0x00000000ccf00000|100%| O|  |TAMS 0x00000000ccf00000| PB 0x00000000ccf00000| Updating 
| 207|0x00000000ccf00000, 0x00000000cd000000, 0x00000000cd000000|100%| O|  |TAMS 0x00000000cd000000| PB 0x00000000cd000000| Untracked 
| 208|0x00000000cd000000, 0x00000000cd100000, 0x00000000cd100000|100%| O|  |TAMS 0x00000000cd100000| PB 0x00000000cd100000| Untracked 
| 209|0x00000000cd100000, 0x00000000cd200000, 0x00000000cd200000|100%| O|  |TAMS 0x00000000cd200000| PB 0x00000000cd200000| Updating 
| 210|0x00000000cd200000, 0x00000000cd300000, 0x00000000cd300000|100%| O|  |TAMS 0x00000000cd300000| PB 0x00000000cd300000| Updating 
| 211|0x00000000cd300000, 0x00000000cd400000, 0x00000000cd400000|100%|HS|  |TAMS 0x00000000cd400000| PB 0x00000000cd300000| Complete 
| 212|0x00000000cd400000, 0x00000000cd500000, 0x00000000cd500000|100%| O|  |TAMS 0x00000000cd500000| PB 0x00000000cd500000| Untracked 
| 213|0x00000000cd500000, 0x00000000cd600000, 0x00000000cd600000|100%|HS|  |TAMS 0x00000000cd600000| PB 0x00000000cd500000| Complete 
| 214|0x00000000cd600000, 0x00000000cd700000, 0x00000000cd700000|100%| O|  |TAMS 0x00000000cd700000| PB 0x00000000cd700000| Untracked 
| 215|0x00000000cd700000, 0x00000000cd800000, 0x00000000cd800000|100%| O|  |TAMS 0x00000000cd800000| PB 0x00000000cd800000| Untracked 
| 216|0x00000000cd800000, 0x00000000cd900000, 0x00000000cd900000|100%|HS|  |TAMS 0x00000000cd900000| PB 0x00000000cd800000| Complete 
| 217|0x00000000cd900000, 0x00000000cda00000, 0x00000000cda00000|100%| O|  |TAMS 0x00000000cda00000| PB 0x00000000cda00000| Untracked 
| 218|0x00000000cda00000, 0x00000000cdb00000, 0x00000000cdb00000|100%|HS|  |TAMS 0x00000000cdb00000| PB 0x00000000cda00000| Complete 
| 219|0x00000000cdb00000, 0x00000000cdc00000, 0x00000000cdc00000|100%| O|  |TAMS 0x00000000cdc00000| PB 0x00000000cdc00000| Untracked 
| 220|0x00000000cdc00000, 0x00000000cdd00000, 0x00000000cdd00000|100%| O|  |TAMS 0x00000000cdd00000| PB 0x00000000cdd00000| Untracked 
| 221|0x00000000cdd00000, 0x00000000cde00000, 0x00000000cde00000|100%| O|  |TAMS 0x00000000cde00000| PB 0x00000000cde00000| Untracked 
| 222|0x00000000cde00000, 0x00000000cdf00000, 0x00000000cdf00000|100%| O|  |TAMS 0x00000000cdf00000| PB 0x00000000cdf00000| Untracked 
| 223|0x00000000cdf00000, 0x00000000ce000000, 0x00000000ce000000|100%| O|  |TAMS 0x00000000ce000000| PB 0x00000000ce000000| Untracked 
| 224|0x00000000ce000000, 0x00000000ce100000, 0x00000000ce100000|100%|HS|  |TAMS 0x00000000ce100000| PB 0x00000000ce000000| Complete 
| 225|0x00000000ce100000, 0x00000000ce200000, 0x00000000ce200000|100%| O|  |TAMS 0x00000000ce200000| PB 0x00000000ce200000| Untracked 
| 226|0x00000000ce200000, 0x00000000ce300000, 0x00000000ce300000|100%| O|  |TAMS 0x00000000ce300000| PB 0x00000000ce300000| Updating 
| 227|0x00000000ce300000, 0x00000000ce400000, 0x00000000ce400000|100%| O|  |TAMS 0x00000000ce400000| PB 0x00000000ce400000| Untracked 
| 228|0x00000000ce400000, 0x00000000ce500000, 0x00000000ce500000|100%| O|  |TAMS 0x00000000ce500000| PB 0x00000000ce500000| Untracked 
| 229|0x00000000ce500000, 0x00000000ce600000, 0x00000000ce600000|100%| O|  |TAMS 0x00000000ce600000| PB 0x00000000ce600000| Untracked 
| 230|0x00000000ce600000, 0x00000000ce700000, 0x00000000ce700000|100%| O|  |TAMS 0x00000000ce700000| PB 0x00000000ce700000| Untracked 
| 231|0x00000000ce700000, 0x00000000ce800000, 0x00000000ce800000|100%| O|  |TAMS 0x00000000ce800000| PB 0x00000000ce800000| Updating 
| 232|0x00000000ce800000, 0x00000000ce900000, 0x00000000ce900000|100%| O|  |TAMS 0x00000000ce900000| PB 0x00000000ce900000| Untracked 
| 233|0x00000000ce900000, 0x00000000cea00000, 0x00000000cea00000|100%| O|  |TAMS 0x00000000cea00000| PB 0x00000000cea00000| Untracked 
| 234|0x00000000cea00000, 0x00000000ceb00000, 0x00000000ceb00000|100%|HS|  |TAMS 0x00000000ceb00000| PB 0x00000000cea00000| Complete 
| 235|0x00000000ceb00000, 0x00000000cec00000, 0x00000000cec00000|100%| O|  |TAMS 0x00000000cec00000| PB 0x00000000cec00000| Untracked 
| 236|0x00000000cec00000, 0x00000000ced00000, 0x00000000ced00000|100%| O|  |TAMS 0x00000000ced00000| PB 0x00000000ced00000| Untracked 
| 237|0x00000000ced00000, 0x00000000cee00000, 0x00000000cee00000|100%| O|  |TAMS 0x00000000cee00000| PB 0x00000000cee00000| Untracked 
| 238|0x00000000cee00000, 0x00000000cef00000, 0x00000000cef00000|100%| O|  |TAMS 0x00000000cef00000| PB 0x00000000cef00000| Untracked 
| 239|0x00000000cef00000, 0x00000000cf000000, 0x00000000cf000000|100%| O|  |TAMS 0x00000000cf000000| PB 0x00000000cf000000| Untracked 
| 240|0x00000000cf000000, 0x00000000cf100000, 0x00000000cf100000|100%| O|  |TAMS 0x00000000cf100000| PB 0x00000000cf100000| Untracked 
| 241|0x00000000cf100000, 0x00000000cf200000, 0x00000000cf200000|100%| O|  |TAMS 0x00000000cf200000| PB 0x00000000cf200000| Untracked 
| 242|0x00000000cf200000, 0x00000000cf300000, 0x00000000cf300000|100%| O|  |TAMS 0x00000000cf300000| PB 0x00000000cf300000| Untracked 
| 243|0x00000000cf300000, 0x00000000cf400000, 0x00000000cf400000|100%| O|  |TAMS 0x00000000cf400000| PB 0x00000000cf400000| Untracked 
| 244|0x00000000cf400000, 0x00000000cf500000, 0x00000000cf500000|100%|HS|  |TAMS 0x00000000cf500000| PB 0x00000000cf400000| Complete 
| 245|0x00000000cf500000, 0x00000000cf600000, 0x00000000cf600000|100%| O|  |TAMS 0x00000000cf600000| PB 0x00000000cf600000| Updating 
| 246|0x00000000cf600000, 0x00000000cf700000, 0x00000000cf700000|100%| O|  |TAMS 0x00000000cf700000| PB 0x00000000cf700000| Untracked 
| 247|0x00000000cf700000, 0x00000000cf800000, 0x00000000cf800000|100%| O|  |TAMS 0x00000000cf800000| PB 0x00000000cf800000| Untracked 
| 248|0x00000000cf800000, 0x00000000cf900000, 0x00000000cf900000|100%| O|  |TAMS 0x00000000cf900000| PB 0x00000000cf900000| Untracked 
| 249|0x00000000cf900000, 0x00000000cfa00000, 0x00000000cfa00000|100%| O|  |TAMS 0x00000000cfa00000| PB 0x00000000cfa00000| Untracked 
| 250|0x00000000cfa00000, 0x00000000cfb00000, 0x00000000cfb00000|100%| O|  |TAMS 0x00000000cfb00000| PB 0x00000000cfb00000| Untracked 
| 251|0x00000000cfb00000, 0x00000000cfc00000, 0x00000000cfc00000|100%| O|  |TAMS 0x00000000cfc00000| PB 0x00000000cfc00000| Untracked 
| 252|0x00000000cfc00000, 0x00000000cfd00000, 0x00000000cfd00000|100%| O|  |TAMS 0x00000000cfd00000| PB 0x00000000cfd00000| Untracked 
| 253|0x00000000cfd00000, 0x00000000cfe00000, 0x00000000cfe00000|100%| O|  |TAMS 0x00000000cfe00000| PB 0x00000000cfe00000| Untracked 
| 254|0x00000000cfe00000, 0x00000000cff00000, 0x00000000cff00000|100%| O|  |TAMS 0x00000000cff00000| PB 0x00000000cff00000| Untracked 
| 255|0x00000000cff00000, 0x00000000d0000000, 0x00000000d0000000|100%| O|  |TAMS 0x00000000d0000000| PB 0x00000000d0000000| Updating 
| 256|0x00000000d0000000, 0x00000000d0100000, 0x00000000d0100000|100%| O|  |TAMS 0x00000000d0100000| PB 0x00000000d0100000| Updating 
| 257|0x00000000d0100000, 0x00000000d0200000, 0x00000000d0200000|100%| O|  |TAMS 0x00000000d0200000| PB 0x00000000d0200000| Updating 
| 258|0x00000000d0200000, 0x00000000d0300000, 0x00000000d0300000|100%| O|  |TAMS 0x00000000d0300000| PB 0x00000000d0300000| Untracked 
| 259|0x00000000d0300000, 0x00000000d0400000, 0x00000000d0400000|100%| O|  |TAMS 0x00000000d0400000| PB 0x00000000d0400000| Updating 
| 260|0x00000000d0400000, 0x00000000d0500000, 0x00000000d0500000|100%| O|  |TAMS 0x00000000d0500000| PB 0x00000000d0500000| Untracked 
| 261|0x00000000d0500000, 0x00000000d0600000, 0x00000000d0600000|100%| O|  |TAMS 0x00000000d0600000| PB 0x00000000d0600000| Untracked 
| 262|0x00000000d0600000, 0x00000000d0700000, 0x00000000d0700000|100%| O|  |TAMS 0x00000000d0700000| PB 0x00000000d0700000| Untracked 
| 263|0x00000000d0700000, 0x00000000d0800000, 0x00000000d0800000|100%| O|  |TAMS 0x00000000d0800000| PB 0x00000000d0800000| Untracked 
| 264|0x00000000d0800000, 0x00000000d0900000, 0x00000000d0900000|100%| O|  |TAMS 0x00000000d0900000| PB 0x00000000d0900000| Untracked 
| 265|0x00000000d0900000, 0x00000000d0a00000, 0x00000000d0a00000|100%| O|  |TAMS 0x00000000d0a00000| PB 0x00000000d0a00000| Untracked 
| 266|0x00000000d0a00000, 0x00000000d0b00000, 0x00000000d0b00000|100%| O|  |TAMS 0x00000000d0b00000| PB 0x00000000d0b00000| Untracked 
| 267|0x00000000d0b00000, 0x00000000d0c00000, 0x00000000d0c00000|100%| O|  |TAMS 0x00000000d0c00000| PB 0x00000000d0c00000| Untracked 
| 268|0x00000000d0c00000, 0x00000000d0d00000, 0x00000000d0d00000|100%| O|  |TAMS 0x00000000d0d00000| PB 0x00000000d0d00000| Untracked 
| 269|0x00000000d0d00000, 0x00000000d0e00000, 0x00000000d0e00000|100%| O|  |TAMS 0x00000000d0e00000| PB 0x00000000d0e00000| Untracked 
| 270|0x00000000d0e00000, 0x00000000d0f00000, 0x00000000d0f00000|100%| O|  |TAMS 0x00000000d0f00000| PB 0x00000000d0f00000| Untracked 
| 271|0x00000000d0f00000, 0x00000000d1000000, 0x00000000d1000000|100%| O|  |TAMS 0x00000000d1000000| PB 0x00000000d1000000| Untracked 
| 272|0x00000000d1000000, 0x00000000d1100000, 0x00000000d1100000|100%| O|  |TAMS 0x00000000d1100000| PB 0x00000000d1100000| Untracked 
| 273|0x00000000d1100000, 0x00000000d1200000, 0x00000000d1200000|100%| O|  |TAMS 0x00000000d1200000| PB 0x00000000d1200000| Untracked 
| 274|0x00000000d1200000, 0x00000000d1300000, 0x00000000d1300000|100%|HS|  |TAMS 0x00000000d1300000| PB 0x00000000d1200000| Complete 
| 275|0x00000000d1300000, 0x00000000d1400000, 0x00000000d1400000|100%| O|  |TAMS 0x00000000d1400000| PB 0x00000000d1400000| Untracked 
| 276|0x00000000d1400000, 0x00000000d1500000, 0x00000000d1500000|100%| O|  |TAMS 0x00000000d1500000| PB 0x00000000d1500000| Untracked 
| 277|0x00000000d1500000, 0x00000000d1600000, 0x00000000d1600000|100%| O|  |TAMS 0x00000000d1600000| PB 0x00000000d1600000| Untracked 
| 278|0x00000000d1600000, 0x00000000d1700000, 0x00000000d1700000|100%| O|  |TAMS 0x00000000d1700000| PB 0x00000000d1700000| Untracked 
| 279|0x00000000d1700000, 0x00000000d1800000, 0x00000000d1800000|100%| O|  |TAMS 0x00000000d1800000| PB 0x00000000d1800000| Untracked 
| 280|0x00000000d1800000, 0x00000000d1900000, 0x00000000d1900000|100%| O|  |TAMS 0x00000000d1900000| PB 0x00000000d1900000| Untracked 
| 281|0x00000000d1900000, 0x00000000d1a00000, 0x00000000d1a00000|100%| O|  |TAMS 0x00000000d1a00000| PB 0x00000000d1a00000| Untracked 
| 282|0x00000000d1a00000, 0x00000000d1b00000, 0x00000000d1b00000|100%| O|  |TAMS 0x00000000d1b00000| PB 0x00000000d1b00000| Untracked 
| 283|0x00000000d1b00000, 0x00000000d1c00000, 0x00000000d1c00000|100%| O|  |TAMS 0x00000000d1c00000| PB 0x00000000d1c00000| Untracked 
| 284|0x00000000d1c00000, 0x00000000d1d00000, 0x00000000d1d00000|100%| O|  |TAMS 0x00000000d1d00000| PB 0x00000000d1d00000| Untracked 
| 285|0x00000000d1d00000, 0x00000000d1e00000, 0x00000000d1e00000|100%| O|  |TAMS 0x00000000d1e00000| PB 0x00000000d1e00000| Untracked 
| 286|0x00000000d1e00000, 0x00000000d1f00000, 0x00000000d1f00000|100%| O|  |TAMS 0x00000000d1f00000| PB 0x00000000d1f00000| Updating 
| 287|0x00000000d1f00000, 0x00000000d2000000, 0x00000000d2000000|100%| O|  |TAMS 0x00000000d2000000| PB 0x00000000d2000000| Untracked 
| 288|0x00000000d2000000, 0x00000000d2100000, 0x00000000d2100000|100%| O|  |TAMS 0x00000000d2100000| PB 0x00000000d2100000| Untracked 
| 289|0x00000000d2100000, 0x00000000d2200000, 0x00000000d2200000|100%| O|  |TAMS 0x00000000d2100000| PB 0x00000000d2100000| Untracked 
| 290|0x00000000d2200000, 0x00000000d2300000, 0x00000000d2300000|100%| O|  |TAMS 0x00000000d2200000| PB 0x00000000d2200000| Untracked 
| 291|0x00000000d2300000, 0x00000000d2400000, 0x00000000d2400000|100%| O|  |TAMS 0x00000000d2300000| PB 0x00000000d2300000| Untracked 
| 292|0x00000000d2400000, 0x00000000d2500000, 0x00000000d2500000|100%| O|  |TAMS 0x00000000d2400000| PB 0x00000000d2400000| Untracked 
| 293|0x00000000d2500000, 0x00000000d2600000, 0x00000000d2600000|100%| O|  |TAMS 0x00000000d2600000| PB 0x00000000d2600000| Updating 
| 294|0x00000000d2600000, 0x00000000d2700000, 0x00000000d2700000|100%| O|  |TAMS 0x00000000d2700000| PB 0x00000000d2700000| Untracked 
| 295|0x00000000d2700000, 0x00000000d2800000, 0x00000000d2800000|100%| O|  |TAMS 0x00000000d2800000| PB 0x00000000d2800000| Updating 
| 296|0x00000000d2800000, 0x00000000d2900000, 0x00000000d2900000|100%| O|  |TAMS 0x00000000d2900000| PB 0x00000000d2900000| Untracked 
| 297|0x00000000d2900000, 0x00000000d2a00000, 0x00000000d2a00000|100%| O|  |TAMS 0x00000000d2a00000| PB 0x00000000d2a00000| Updating 
| 298|0x00000000d2a00000, 0x00000000d2b00000, 0x00000000d2b00000|100%| O|  |TAMS 0x00000000d2b00000| PB 0x00000000d2b00000| Untracked 
| 299|0x00000000d2b00000, 0x00000000d2c00000, 0x00000000d2c00000|100%| O|  |TAMS 0x00000000d2c00000| PB 0x00000000d2c00000| Untracked 
| 300|0x00000000d2c00000, 0x00000000d2d00000, 0x00000000d2d00000|100%| O|  |TAMS 0x00000000d2d00000| PB 0x00000000d2d00000| Untracked 
| 301|0x00000000d2d00000, 0x00000000d2e00000, 0x00000000d2e00000|100%| O|  |TAMS 0x00000000d2e00000| PB 0x00000000d2e00000| Untracked 
| 302|0x00000000d2e00000, 0x00000000d2f00000, 0x00000000d2f00000|100%| O|  |TAMS 0x00000000d2f00000| PB 0x00000000d2f00000| Untracked 
| 303|0x00000000d2f00000, 0x00000000d3000000, 0x00000000d3000000|100%| O|  |TAMS 0x00000000d3000000| PB 0x00000000d3000000| Untracked 
| 304|0x00000000d3000000, 0x00000000d3100000, 0x00000000d3100000|100%| O|  |TAMS 0x00000000d3000000| PB 0x00000000d3000000| Untracked 
| 305|0x00000000d3100000, 0x00000000d3200000, 0x00000000d3200000|100%| O|  |TAMS 0x00000000d3100000| PB 0x00000000d3100000| Untracked 
| 306|0x00000000d3200000, 0x00000000d3300000, 0x00000000d3300000|100%| O|  |TAMS 0x00000000d3300000| PB 0x00000000d3300000| Updating 
| 307|0x00000000d3300000, 0x00000000d3400000, 0x00000000d3400000|100%| O|  |TAMS 0x00000000d3400000| PB 0x00000000d3400000| Untracked 
| 308|0x00000000d3400000, 0x00000000d3500000, 0x00000000d3500000|100%| O|  |TAMS 0x00000000d3500000| PB 0x00000000d3500000| Updating 
| 309|0x00000000d3500000, 0x00000000d3600000, 0x00000000d3600000|100%| O|  |TAMS 0x00000000d3600000| PB 0x00000000d3600000| Untracked 
| 310|0x00000000d3600000, 0x00000000d3700000, 0x00000000d3700000|100%| O|  |TAMS 0x00000000d3700000| PB 0x00000000d3700000| Untracked 
| 311|0x00000000d3700000, 0x00000000d3800000, 0x00000000d3800000|100%| O|  |TAMS 0x00000000d3800000| PB 0x00000000d3800000| Untracked 
| 312|0x00000000d3800000, 0x00000000d3900000, 0x00000000d3900000|100%|HS|  |TAMS 0x00000000d3900000| PB 0x00000000d3800000| Complete 
| 313|0x00000000d3900000, 0x00000000d3a00000, 0x00000000d3a00000|100%| O|  |TAMS 0x00000000d3a00000| PB 0x00000000d3a00000| Updating 
| 314|0x00000000d3a00000, 0x00000000d3b00000, 0x00000000d3b00000|100%| O|  |TAMS 0x00000000d3b00000| PB 0x00000000d3b00000| Untracked 
| 315|0x00000000d3b00000, 0x00000000d3c00000, 0x00000000d3c00000|100%| O|  |TAMS 0x00000000d3c00000| PB 0x00000000d3c00000| Untracked 
| 316|0x00000000d3c00000, 0x00000000d3d00000, 0x00000000d3d00000|100%| O|  |TAMS 0x00000000d3d00000| PB 0x00000000d3d00000| Untracked 
| 317|0x00000000d3d00000, 0x00000000d3e00000, 0x00000000d3e00000|100%| O|  |TAMS 0x00000000d3e00000| PB 0x00000000d3e00000| Untracked 
| 318|0x00000000d3e00000, 0x00000000d3f00000, 0x00000000d3f00000|100%| O|  |TAMS 0x00000000d3f00000| PB 0x00000000d3f00000| Untracked 
| 319|0x00000000d3f00000, 0x00000000d4000000, 0x00000000d4000000|100%| O|  |TAMS 0x00000000d4000000| PB 0x00000000d4000000| Untracked 
| 320|0x00000000d4000000, 0x00000000d4100000, 0x00000000d4100000|100%| O|  |TAMS 0x00000000d4100000| PB 0x00000000d4100000| Untracked 
| 321|0x00000000d4100000, 0x00000000d4200000, 0x00000000d4200000|100%| O|  |TAMS 0x00000000d4200000| PB 0x00000000d4200000| Untracked 
| 322|0x00000000d4200000, 0x00000000d4300000, 0x00000000d4300000|100%| O|  |TAMS 0x00000000d4300000| PB 0x00000000d4300000| Updating 
| 323|0x00000000d4300000, 0x00000000d4400000, 0x00000000d4400000|100%| O|  |TAMS 0x00000000d4400000| PB 0x00000000d4400000| Untracked 
| 324|0x00000000d4400000, 0x00000000d4500000, 0x00000000d4500000|100%| O|  |TAMS 0x00000000d4500000| PB 0x00000000d4500000| Untracked 
| 325|0x00000000d4500000, 0x00000000d4600000, 0x00000000d4600000|100%| O|  |TAMS 0x00000000d4600000| PB 0x00000000d4600000| Updating 
| 326|0x00000000d4600000, 0x00000000d4700000, 0x00000000d4700000|100%| O|  |TAMS 0x00000000d4700000| PB 0x00000000d4700000| Untracked 
| 327|0x00000000d4700000, 0x00000000d4800000, 0x00000000d4800000|100%| O|  |TAMS 0x00000000d4800000| PB 0x00000000d4800000| Untracked 
| 328|0x00000000d4800000, 0x00000000d4900000, 0x00000000d4900000|100%| O|  |TAMS 0x00000000d4900000| PB 0x00000000d4900000| Untracked 
| 329|0x00000000d4900000, 0x00000000d4a00000, 0x00000000d4a00000|100%| O|  |TAMS 0x00000000d4a00000| PB 0x00000000d4a00000| Untracked 
| 330|0x00000000d4a00000, 0x00000000d4b00000, 0x00000000d4b00000|100%| O|  |TAMS 0x00000000d4b00000| PB 0x00000000d4b00000| Untracked 
| 331|0x00000000d4b00000, 0x00000000d4c00000, 0x00000000d4c00000|100%| O|  |TAMS 0x00000000d4c00000| PB 0x00000000d4c00000| Untracked 
| 332|0x00000000d4c00000, 0x00000000d4d00000, 0x00000000d4d00000|100%| O|  |TAMS 0x00000000d4d00000| PB 0x00000000d4d00000| Untracked 
| 333|0x00000000d4d00000, 0x00000000d4e00000, 0x00000000d4e00000|100%| O|  |TAMS 0x00000000d4e00000| PB 0x00000000d4e00000| Untracked 
| 334|0x00000000d4e00000, 0x00000000d4f00000, 0x00000000d4f00000|100%| O|  |TAMS 0x00000000d4f00000| PB 0x00000000d4f00000| Updating 
| 335|0x00000000d4f00000, 0x00000000d5000000, 0x00000000d5000000|100%| O|  |TAMS 0x00000000d5000000| PB 0x00000000d5000000| Updating 
| 336|0x00000000d5000000, 0x00000000d5100000, 0x00000000d5100000|100%| O|  |TAMS 0x00000000d5100000| PB 0x00000000d5100000| Updating 
| 337|0x00000000d5100000, 0x00000000d5200000, 0x00000000d5200000|100%| O|  |TAMS 0x00000000d5100000| PB 0x00000000d5100000| Untracked 
| 338|0x00000000d5200000, 0x00000000d5300000, 0x00000000d5300000|100%| O|  |TAMS 0x00000000d5200000| PB 0x00000000d5200000| Untracked 
| 339|0x00000000d5300000, 0x00000000d5400000, 0x00000000d5400000|100%| O|  |TAMS 0x00000000d5300000| PB 0x00000000d5300000| Untracked 
| 340|0x00000000d5400000, 0x00000000d54bb540, 0x00000000d5500000| 73%| O|  |TAMS 0x00000000d5400000| PB 0x00000000d5400000| Updating 
| 341|0x00000000d5500000, 0x00000000d5600000, 0x00000000d5600000|100%|HS|  |TAMS 0x00000000d5500000| PB 0x00000000d5500000| Complete 
| 342|0x00000000d5600000, 0x00000000d5700000, 0x00000000d5700000|100%|HS|  |TAMS 0x00000000d5600000| PB 0x00000000d5600000| Complete 
| 343|0x00000000d5700000, 0x00000000d5800000, 0x00000000d5800000|100%|HS|  |TAMS 0x00000000d5700000| PB 0x00000000d5700000| Complete 
| 344|0x00000000d5800000, 0x00000000d5900000, 0x00000000d5900000|100%|HS|  |TAMS 0x00000000d5800000| PB 0x00000000d5800000| Complete 
| 345|0x00000000d5900000, 0x00000000d5a00000, 0x00000000d5a00000|100%|HS|  |TAMS 0x00000000d5900000| PB 0x00000000d5900000| Complete 
| 346|0x00000000d5a00000, 0x00000000d5b00000, 0x00000000d5b00000|100%|HS|  |TAMS 0x00000000d5a00000| PB 0x00000000d5a00000| Complete 
| 347|0x00000000d5b00000, 0x00000000d5c00000, 0x00000000d5c00000|100%| O|  |TAMS 0x00000000d5c00000| PB 0x00000000d5c00000| Updating 
| 348|0x00000000d5c00000, 0x00000000d5d00000, 0x00000000d5d00000|100%| O|  |TAMS 0x00000000d5d00000| PB 0x00000000d5d00000| Untracked 
| 349|0x00000000d5d00000, 0x00000000d5e00000, 0x00000000d5e00000|100%| O|  |TAMS 0x00000000d5e00000| PB 0x00000000d5e00000| Updating 
| 350|0x00000000d5e00000, 0x00000000d5f00000, 0x00000000d5f00000|100%| O|  |TAMS 0x00000000d5f00000| PB 0x00000000d5f00000| Updating 
| 351|0x00000000d5f00000, 0x00000000d6000000, 0x00000000d6000000|100%| O|  |TAMS 0x00000000d6000000| PB 0x00000000d6000000| Updating 
| 352|0x00000000d6000000, 0x00000000d6100000, 0x00000000d6100000|100%| O|  |TAMS 0x00000000d6100000| PB 0x00000000d6100000| Updating 
| 353|0x00000000d6100000, 0x00000000d6200000, 0x00000000d6200000|100%|HS|  |TAMS 0x00000000d6100000| PB 0x00000000d6100000| Complete 
| 354|0x00000000d6200000, 0x00000000d6300000, 0x00000000d6300000|100%|HC|  |TAMS 0x00000000d6200000| PB 0x00000000d6200000| Complete 
| 355|0x00000000d6300000, 0x00000000d6400000, 0x00000000d6400000|100%|HC|  |TAMS 0x00000000d6300000| PB 0x00000000d6300000| Complete 
| 356|0x00000000d6400000, 0x00000000d6500000, 0x00000000d6500000|100%|HC|  |TAMS 0x00000000d6400000| PB 0x00000000d6400000| Complete 
| 357|0x00000000d6500000, 0x00000000d6600000, 0x00000000d6600000|100%|HC|  |TAMS 0x00000000d6500000| PB 0x00000000d6500000| Complete 
| 358|0x00000000d6600000, 0x00000000d6700000, 0x00000000d6700000|100%|HC|  |TAMS 0x00000000d6600000| PB 0x00000000d6600000| Complete 
| 359|0x00000000d6700000, 0x00000000d6800000, 0x00000000d6800000|100%|HC|  |TAMS 0x00000000d6700000| PB 0x00000000d6700000| Complete 
| 360|0x00000000d6800000, 0x00000000d6900000, 0x00000000d6900000|100%|HC|  |TAMS 0x00000000d6800000| PB 0x00000000d6800000| Complete 
| 361|0x00000000d6900000, 0x00000000d6a00000, 0x00000000d6a00000|100%|HC|  |TAMS 0x00000000d6900000| PB 0x00000000d6900000| Complete 
| 362|0x00000000d6a00000, 0x00000000d6a00000, 0x00000000d6b00000|  0%| F|  |TAMS 0x00000000d6a00000| PB 0x00000000d6a00000| Untracked 
| 363|0x00000000d6b00000, 0x00000000d6b00000, 0x00000000d6c00000|  0%| F|  |TAMS 0x00000000d6b00000| PB 0x00000000d6b00000| Untracked 
| 364|0x00000000d6c00000, 0x00000000d6c00000, 0x00000000d6d00000|  0%| F|  |TAMS 0x00000000d6c00000| PB 0x00000000d6c00000| Untracked 
| 365|0x00000000d6d00000, 0x00000000d6d00000, 0x00000000d6e00000|  0%| F|  |TAMS 0x00000000d6d00000| PB 0x00000000d6d00000| Untracked 
| 366|0x00000000d6e00000, 0x00000000d6e00000, 0x00000000d6f00000|  0%| F|  |TAMS 0x00000000d6e00000| PB 0x00000000d6e00000| Untracked 
| 367|0x00000000d6f00000, 0x00000000d6f00000, 0x00000000d7000000|  0%| F|  |TAMS 0x00000000d6f00000| PB 0x00000000d6f00000| Untracked 
| 368|0x00000000d7000000, 0x00000000d7000000, 0x00000000d7100000|  0%| F|  |TAMS 0x00000000d7000000| PB 0x00000000d7000000| Untracked 
| 369|0x00000000d7100000, 0x00000000d7100000, 0x00000000d7200000|  0%| F|  |TAMS 0x00000000d7100000| PB 0x00000000d7100000| Untracked 
| 370|0x00000000d7200000, 0x00000000d7200000, 0x00000000d7300000|  0%| F|  |TAMS 0x00000000d7200000| PB 0x00000000d7200000| Untracked 
| 371|0x00000000d7300000, 0x00000000d7300000, 0x00000000d7400000|  0%| F|  |TAMS 0x00000000d7300000| PB 0x00000000d7300000| Untracked 
| 372|0x00000000d7400000, 0x00000000d7400000, 0x00000000d7500000|  0%| F|  |TAMS 0x00000000d7400000| PB 0x00000000d7400000| Untracked 
| 373|0x00000000d7500000, 0x00000000d7500000, 0x00000000d7600000|  0%| F|  |TAMS 0x00000000d7500000| PB 0x00000000d7500000| Untracked 
| 374|0x00000000d7600000, 0x00000000d7600000, 0x00000000d7700000|  0%| F|  |TAMS 0x00000000d7600000| PB 0x00000000d7600000| Untracked 
| 375|0x00000000d7700000, 0x00000000d7700000, 0x00000000d7800000|  0%| F|  |TAMS 0x00000000d7700000| PB 0x00000000d7700000| Untracked 
| 376|0x00000000d7800000, 0x00000000d7800000, 0x00000000d7900000|  0%| F|  |TAMS 0x00000000d7800000| PB 0x00000000d7800000| Untracked 
| 377|0x00000000d7900000, 0x00000000d7900000, 0x00000000d7a00000|  0%| F|  |TAMS 0x00000000d7900000| PB 0x00000000d7900000| Untracked 
| 378|0x00000000d7a00000, 0x00000000d7a00000, 0x00000000d7b00000|  0%| F|  |TAMS 0x00000000d7a00000| PB 0x00000000d7a00000| Untracked 
| 379|0x00000000d7b00000, 0x00000000d7b00000, 0x00000000d7c00000|  0%| F|  |TAMS 0x00000000d7b00000| PB 0x00000000d7b00000| Untracked 
| 380|0x00000000d7c00000, 0x00000000d7c00000, 0x00000000d7d00000|  0%| F|  |TAMS 0x00000000d7c00000| PB 0x00000000d7c00000| Untracked 
| 381|0x00000000d7d00000, 0x00000000d7d00000, 0x00000000d7e00000|  0%| F|  |TAMS 0x00000000d7d00000| PB 0x00000000d7d00000| Untracked 
| 382|0x00000000d7e00000, 0x00000000d7e00000, 0x00000000d7f00000|  0%| F|  |TAMS 0x00000000d7e00000| PB 0x00000000d7e00000| Untracked 
| 383|0x00000000d7f00000, 0x00000000d7f00000, 0x00000000d8000000|  0%| F|  |TAMS 0x00000000d7f00000| PB 0x00000000d7f00000| Untracked 
| 384|0x00000000d8000000, 0x00000000d8000000, 0x00000000d8100000|  0%| F|  |TAMS 0x00000000d8000000| PB 0x00000000d8000000| Untracked 
| 385|0x00000000d8100000, 0x00000000d8100000, 0x00000000d8200000|  0%| F|  |TAMS 0x00000000d8100000| PB 0x00000000d8100000| Untracked 
| 386|0x00000000d8200000, 0x00000000d8200000, 0x00000000d8300000|  0%| F|  |TAMS 0x00000000d8200000| PB 0x00000000d8200000| Untracked 
| 387|0x00000000d8300000, 0x00000000d8300000, 0x00000000d8400000|  0%| F|  |TAMS 0x00000000d8300000| PB 0x00000000d8300000| Untracked 
| 388|0x00000000d8400000, 0x00000000d8400000, 0x00000000d8500000|  0%| F|  |TAMS 0x00000000d8400000| PB 0x00000000d8400000| Untracked 
| 389|0x00000000d8500000, 0x00000000d8500000, 0x00000000d8600000|  0%| F|  |TAMS 0x00000000d8500000| PB 0x00000000d8500000| Untracked 
| 390|0x00000000d8600000, 0x00000000d8600000, 0x00000000d8700000|  0%| F|  |TAMS 0x00000000d8600000| PB 0x00000000d8600000| Untracked 
| 391|0x00000000d8700000, 0x00000000d8700000, 0x00000000d8800000|  0%| F|  |TAMS 0x00000000d8700000| PB 0x00000000d8700000| Untracked 
| 392|0x00000000d8800000, 0x00000000d8800000, 0x00000000d8900000|  0%| F|  |TAMS 0x00000000d8800000| PB 0x00000000d8800000| Untracked 
| 393|0x00000000d8900000, 0x00000000d8900000, 0x00000000d8a00000|  0%| F|  |TAMS 0x00000000d8900000| PB 0x00000000d8900000| Untracked 
| 394|0x00000000d8a00000, 0x00000000d8a00000, 0x00000000d8b00000|  0%| F|  |TAMS 0x00000000d8a00000| PB 0x00000000d8a00000| Untracked 
| 395|0x00000000d8b00000, 0x00000000d8b00000, 0x00000000d8c00000|  0%| F|  |TAMS 0x00000000d8b00000| PB 0x00000000d8b00000| Untracked 
| 396|0x00000000d8c00000, 0x00000000d8c00000, 0x00000000d8d00000|  0%| F|  |TAMS 0x00000000d8c00000| PB 0x00000000d8c00000| Untracked 
| 397|0x00000000d8d00000, 0x00000000d8d00000, 0x00000000d8e00000|  0%| F|  |TAMS 0x00000000d8d00000| PB 0x00000000d8d00000| Untracked 
| 398|0x00000000d8e00000, 0x00000000d8e00000, 0x00000000d8f00000|  0%| F|  |TAMS 0x00000000d8e00000| PB 0x00000000d8e00000| Untracked 
| 399|0x00000000d8f00000, 0x00000000d8f00000, 0x00000000d9000000|  0%| F|  |TAMS 0x00000000d8f00000| PB 0x00000000d8f00000| Untracked 
| 400|0x00000000d9000000, 0x00000000d9000000, 0x00000000d9100000|  0%| F|  |TAMS 0x00000000d9000000| PB 0x00000000d9000000| Untracked 
| 401|0x00000000d9100000, 0x00000000d9100000, 0x00000000d9200000|  0%| F|  |TAMS 0x00000000d9100000| PB 0x00000000d9100000| Untracked 
| 402|0x00000000d9200000, 0x00000000d9200000, 0x00000000d9300000|  0%| F|  |TAMS 0x00000000d9200000| PB 0x00000000d9200000| Untracked 
| 403|0x00000000d9300000, 0x00000000d9300000, 0x00000000d9400000|  0%| F|  |TAMS 0x00000000d9300000| PB 0x00000000d9300000| Untracked 
| 404|0x00000000d9400000, 0x00000000d9400000, 0x00000000d9500000|  0%| F|  |TAMS 0x00000000d9400000| PB 0x00000000d9400000| Untracked 
| 405|0x00000000d9500000, 0x00000000d9500000, 0x00000000d9600000|  0%| F|  |TAMS 0x00000000d9500000| PB 0x00000000d9500000| Untracked 
| 406|0x00000000d9600000, 0x00000000d9600000, 0x00000000d9700000|  0%| F|  |TAMS 0x00000000d9600000| PB 0x00000000d9600000| Untracked 
| 407|0x00000000d9700000, 0x00000000d9700000, 0x00000000d9800000|  0%| F|  |TAMS 0x00000000d9700000| PB 0x00000000d9700000| Untracked 
| 408|0x00000000d9800000, 0x00000000d9800000, 0x00000000d9900000|  0%| F|  |TAMS 0x00000000d9800000| PB 0x00000000d9800000| Untracked 
| 409|0x00000000d9900000, 0x00000000d9900000, 0x00000000d9a00000|  0%| F|  |TAMS 0x00000000d9900000| PB 0x00000000d9900000| Untracked 
| 410|0x00000000d9a00000, 0x00000000d9a00000, 0x00000000d9b00000|  0%| F|  |TAMS 0x00000000d9a00000| PB 0x00000000d9a00000| Untracked 
| 411|0x00000000d9b00000, 0x00000000d9b00000, 0x00000000d9c00000|  0%| F|  |TAMS 0x00000000d9b00000| PB 0x00000000d9b00000| Untracked 
| 412|0x00000000d9c00000, 0x00000000d9c00000, 0x00000000d9d00000|  0%| F|  |TAMS 0x00000000d9c00000| PB 0x00000000d9c00000| Untracked 
| 413|0x00000000d9d00000, 0x00000000d9d00000, 0x00000000d9e00000|  0%| F|  |TAMS 0x00000000d9d00000| PB 0x00000000d9d00000| Untracked 
| 414|0x00000000d9e00000, 0x00000000d9e00000, 0x00000000d9f00000|  0%| F|  |TAMS 0x00000000d9e00000| PB 0x00000000d9e00000| Untracked 
| 415|0x00000000d9f00000, 0x00000000d9f00000, 0x00000000da000000|  0%| F|  |TAMS 0x00000000d9f00000| PB 0x00000000d9f00000| Untracked 
| 416|0x00000000da000000, 0x00000000da000000, 0x00000000da100000|  0%| F|  |TAMS 0x00000000da000000| PB 0x00000000da000000| Untracked 
| 417|0x00000000da100000, 0x00000000da100000, 0x00000000da200000|  0%| F|  |TAMS 0x00000000da100000| PB 0x00000000da100000| Untracked 
| 418|0x00000000da200000, 0x00000000da200000, 0x00000000da300000|  0%| F|  |TAMS 0x00000000da200000| PB 0x00000000da200000| Untracked 
| 419|0x00000000da300000, 0x00000000da300000, 0x00000000da400000|  0%| F|  |TAMS 0x00000000da300000| PB 0x00000000da300000| Untracked 
| 420|0x00000000da400000, 0x00000000da400000, 0x00000000da500000|  0%| F|  |TAMS 0x00000000da400000| PB 0x00000000da400000| Untracked 
| 421|0x00000000da500000, 0x00000000da500000, 0x00000000da600000|  0%| F|  |TAMS 0x00000000da500000| PB 0x00000000da500000| Untracked 
| 422|0x00000000da600000, 0x00000000da600000, 0x00000000da700000|  0%| F|  |TAMS 0x00000000da600000| PB 0x00000000da600000| Untracked 
| 423|0x00000000da700000, 0x00000000da700000, 0x00000000da800000|  0%| F|  |TAMS 0x00000000da700000| PB 0x00000000da700000| Untracked 
| 424|0x00000000da800000, 0x00000000da800000, 0x00000000da900000|  0%| F|  |TAMS 0x00000000da800000| PB 0x00000000da800000| Untracked 
| 425|0x00000000da900000, 0x00000000da900000, 0x00000000daa00000|  0%| F|  |TAMS 0x00000000da900000| PB 0x00000000da900000| Untracked 
| 426|0x00000000daa00000, 0x00000000daa00000, 0x00000000dab00000|  0%| F|  |TAMS 0x00000000daa00000| PB 0x00000000daa00000| Untracked 
| 427|0x00000000dab00000, 0x00000000dab00000, 0x00000000dac00000|  0%| F|  |TAMS 0x00000000dab00000| PB 0x00000000dab00000| Untracked 
| 428|0x00000000dac00000, 0x00000000dac00000, 0x00000000dad00000|  0%| F|  |TAMS 0x00000000dac00000| PB 0x00000000dac00000| Untracked 
| 429|0x00000000dad00000, 0x00000000dad00000, 0x00000000dae00000|  0%| F|  |TAMS 0x00000000dad00000| PB 0x00000000dad00000| Untracked 
| 430|0x00000000dae00000, 0x00000000dae00000, 0x00000000daf00000|  0%| F|  |TAMS 0x00000000dae00000| PB 0x00000000dae00000| Untracked 
| 431|0x00000000daf00000, 0x00000000daf00000, 0x00000000db000000|  0%| F|  |TAMS 0x00000000daf00000| PB 0x00000000daf00000| Untracked 
| 432|0x00000000db000000, 0x00000000db000000, 0x00000000db100000|  0%| F|  |TAMS 0x00000000db000000| PB 0x00000000db000000| Untracked 
| 433|0x00000000db100000, 0x00000000db100000, 0x00000000db200000|  0%| F|  |TAMS 0x00000000db100000| PB 0x00000000db100000| Untracked 
| 434|0x00000000db200000, 0x00000000db200000, 0x00000000db300000|  0%| F|  |TAMS 0x00000000db200000| PB 0x00000000db200000| Untracked 
| 435|0x00000000db300000, 0x00000000db300000, 0x00000000db400000|  0%| F|  |TAMS 0x00000000db300000| PB 0x00000000db300000| Untracked 
| 436|0x00000000db400000, 0x00000000db400000, 0x00000000db500000|  0%| F|  |TAMS 0x00000000db400000| PB 0x00000000db400000| Untracked 
| 437|0x00000000db500000, 0x00000000db500000, 0x00000000db600000|  0%| F|  |TAMS 0x00000000db500000| PB 0x00000000db500000| Untracked 
| 438|0x00000000db600000, 0x00000000db600000, 0x00000000db700000|  0%| F|  |TAMS 0x00000000db600000| PB 0x00000000db600000| Untracked 
| 439|0x00000000db700000, 0x00000000db700000, 0x00000000db800000|  0%| F|  |TAMS 0x00000000db700000| PB 0x00000000db700000| Untracked 
| 440|0x00000000db800000, 0x00000000db800000, 0x00000000db900000|  0%| F|  |TAMS 0x00000000db800000| PB 0x00000000db800000| Untracked 
| 441|0x00000000db900000, 0x00000000db900000, 0x00000000dba00000|  0%| F|  |TAMS 0x00000000db900000| PB 0x00000000db900000| Untracked 
| 442|0x00000000dba00000, 0x00000000dba00000, 0x00000000dbb00000|  0%| F|  |TAMS 0x00000000dba00000| PB 0x00000000dba00000| Untracked 
| 443|0x00000000dbb00000, 0x00000000dbb00000, 0x00000000dbc00000|  0%| F|  |TAMS 0x00000000dbb00000| PB 0x00000000dbb00000| Untracked 
| 444|0x00000000dbc00000, 0x00000000dbc00000, 0x00000000dbd00000|  0%| F|  |TAMS 0x00000000dbc00000| PB 0x00000000dbc00000| Untracked 
| 445|0x00000000dbd00000, 0x00000000dbd00000, 0x00000000dbe00000|  0%| F|  |TAMS 0x00000000dbd00000| PB 0x00000000dbd00000| Untracked 
| 446|0x00000000dbe00000, 0x00000000dbe00000, 0x00000000dbf00000|  0%| F|  |TAMS 0x00000000dbe00000| PB 0x00000000dbe00000| Untracked 
| 447|0x00000000dbf00000, 0x00000000dbf00000, 0x00000000dc000000|  0%| F|  |TAMS 0x00000000dbf00000| PB 0x00000000dbf00000| Untracked 
| 448|0x00000000dc000000, 0x00000000dc000000, 0x00000000dc100000|  0%| F|  |TAMS 0x00000000dc000000| PB 0x00000000dc000000| Untracked 
| 449|0x00000000dc100000, 0x00000000dc100000, 0x00000000dc200000|  0%| F|  |TAMS 0x00000000dc100000| PB 0x00000000dc100000| Untracked 
| 450|0x00000000dc200000, 0x00000000dc200000, 0x00000000dc300000|  0%| F|  |TAMS 0x00000000dc200000| PB 0x00000000dc200000| Untracked 
| 451|0x00000000dc300000, 0x00000000dc300000, 0x00000000dc400000|  0%| F|  |TAMS 0x00000000dc300000| PB 0x00000000dc300000| Untracked 
| 452|0x00000000dc400000, 0x00000000dc400000, 0x00000000dc500000|  0%| F|  |TAMS 0x00000000dc400000| PB 0x00000000dc400000| Untracked 
| 453|0x00000000dc500000, 0x00000000dc500000, 0x00000000dc600000|  0%| F|  |TAMS 0x00000000dc500000| PB 0x00000000dc500000| Untracked 
| 454|0x00000000dc600000, 0x00000000dc600000, 0x00000000dc700000|  0%| F|  |TAMS 0x00000000dc600000| PB 0x00000000dc600000| Untracked 
| 455|0x00000000dc700000, 0x00000000dc700000, 0x00000000dc800000|  0%| F|  |TAMS 0x00000000dc700000| PB 0x00000000dc700000| Untracked 
| 456|0x00000000dc800000, 0x00000000dc800000, 0x00000000dc900000|  0%| F|  |TAMS 0x00000000dc800000| PB 0x00000000dc800000| Untracked 
| 457|0x00000000dc900000, 0x00000000dc900000, 0x00000000dca00000|  0%| F|  |TAMS 0x00000000dc900000| PB 0x00000000dc900000| Untracked 
| 458|0x00000000dca00000, 0x00000000dca00000, 0x00000000dcb00000|  0%| F|  |TAMS 0x00000000dca00000| PB 0x00000000dca00000| Untracked 
| 459|0x00000000dcb00000, 0x00000000dcb00000, 0x00000000dcc00000|  0%| F|  |TAMS 0x00000000dcb00000| PB 0x00000000dcb00000| Untracked 
| 460|0x00000000dcc00000, 0x00000000dcc00000, 0x00000000dcd00000|  0%| F|  |TAMS 0x00000000dcc00000| PB 0x00000000dcc00000| Untracked 
| 461|0x00000000dcd00000, 0x00000000dcd00000, 0x00000000dce00000|  0%| F|  |TAMS 0x00000000dcd00000| PB 0x00000000dcd00000| Untracked 
| 462|0x00000000dce00000, 0x00000000dce00000, 0x00000000dcf00000|  0%| F|  |TAMS 0x00000000dce00000| PB 0x00000000dce00000| Untracked 
| 463|0x00000000dcf00000, 0x00000000dcf00000, 0x00000000dd000000|  0%| F|  |TAMS 0x00000000dcf00000| PB 0x00000000dcf00000| Untracked 
| 464|0x00000000dd000000, 0x00000000dd000000, 0x00000000dd100000|  0%| F|  |TAMS 0x00000000dd000000| PB 0x00000000dd000000| Untracked 
| 465|0x00000000dd100000, 0x00000000dd100000, 0x00000000dd200000|  0%| F|  |TAMS 0x00000000dd100000| PB 0x00000000dd100000| Untracked 
| 466|0x00000000dd200000, 0x00000000dd200000, 0x00000000dd300000|  0%| F|  |TAMS 0x00000000dd200000| PB 0x00000000dd200000| Untracked 
| 467|0x00000000dd300000, 0x00000000dd300000, 0x00000000dd400000|  0%| F|  |TAMS 0x00000000dd300000| PB 0x00000000dd300000| Untracked 
| 468|0x00000000dd400000, 0x00000000dd400000, 0x00000000dd500000|  0%| F|  |TAMS 0x00000000dd400000| PB 0x00000000dd400000| Untracked 
| 469|0x00000000dd500000, 0x00000000dd500000, 0x00000000dd600000|  0%| F|  |TAMS 0x00000000dd500000| PB 0x00000000dd500000| Untracked 
| 470|0x00000000dd600000, 0x00000000dd600000, 0x00000000dd700000|  0%| F|  |TAMS 0x00000000dd600000| PB 0x00000000dd600000| Untracked 
| 471|0x00000000dd700000, 0x00000000dd700000, 0x00000000dd800000|  0%| F|  |TAMS 0x00000000dd700000| PB 0x00000000dd700000| Untracked 
| 472|0x00000000dd800000, 0x00000000dd800000, 0x00000000dd900000|  0%| F|  |TAMS 0x00000000dd800000| PB 0x00000000dd800000| Untracked 
| 473|0x00000000dd900000, 0x00000000dd900000, 0x00000000dda00000|  0%| F|  |TAMS 0x00000000dd900000| PB 0x00000000dd900000| Untracked 
| 474|0x00000000dda00000, 0x00000000dda00000, 0x00000000ddb00000|  0%| F|  |TAMS 0x00000000dda00000| PB 0x00000000dda00000| Untracked 
| 475|0x00000000ddb00000, 0x00000000ddb00000, 0x00000000ddc00000|  0%| F|  |TAMS 0x00000000ddb00000| PB 0x00000000ddb00000| Untracked 
| 476|0x00000000ddc00000, 0x00000000ddc00000, 0x00000000ddd00000|  0%| F|  |TAMS 0x00000000ddc00000| PB 0x00000000ddc00000| Untracked 
| 477|0x00000000ddd00000, 0x00000000ddd00000, 0x00000000dde00000|  0%| F|  |TAMS 0x00000000ddd00000| PB 0x00000000ddd00000| Untracked 
| 478|0x00000000dde00000, 0x00000000dde00000, 0x00000000ddf00000|  0%| F|  |TAMS 0x00000000dde00000| PB 0x00000000dde00000| Untracked 
| 479|0x00000000ddf00000, 0x00000000ddf00000, 0x00000000de000000|  0%| F|  |TAMS 0x00000000ddf00000| PB 0x00000000ddf00000| Untracked 
| 480|0x00000000de000000, 0x00000000de000000, 0x00000000de100000|  0%| F|  |TAMS 0x00000000de000000| PB 0x00000000de000000| Untracked 
| 481|0x00000000de100000, 0x00000000de100000, 0x00000000de200000|  0%| F|  |TAMS 0x00000000de100000| PB 0x00000000de100000| Untracked 
| 482|0x00000000de200000, 0x00000000de200000, 0x00000000de300000|  0%| F|  |TAMS 0x00000000de200000| PB 0x00000000de200000| Untracked 
| 483|0x00000000de300000, 0x00000000de300000, 0x00000000de400000|  0%| F|  |TAMS 0x00000000de300000| PB 0x00000000de300000| Untracked 
| 484|0x00000000de400000, 0x00000000de400000, 0x00000000de500000|  0%| F|  |TAMS 0x00000000de400000| PB 0x00000000de400000| Untracked 
| 485|0x00000000de500000, 0x00000000de500000, 0x00000000de600000|  0%| F|  |TAMS 0x00000000de500000| PB 0x00000000de500000| Untracked 
| 486|0x00000000de600000, 0x00000000de600000, 0x00000000de700000|  0%| F|  |TAMS 0x00000000de600000| PB 0x00000000de600000| Untracked 
| 487|0x00000000de700000, 0x00000000de700000, 0x00000000de800000|  0%| F|  |TAMS 0x00000000de700000| PB 0x00000000de700000| Untracked 
| 488|0x00000000de800000, 0x00000000de800000, 0x00000000de900000|  0%| F|  |TAMS 0x00000000de800000| PB 0x00000000de800000| Untracked 
| 489|0x00000000de900000, 0x00000000de900000, 0x00000000dea00000|  0%| F|  |TAMS 0x00000000de900000| PB 0x00000000de900000| Untracked 
| 490|0x00000000dea00000, 0x00000000dea00000, 0x00000000deb00000|  0%| F|  |TAMS 0x00000000dea00000| PB 0x00000000dea00000| Untracked 
| 491|0x00000000deb00000, 0x00000000deb00000, 0x00000000dec00000|  0%| F|  |TAMS 0x00000000deb00000| PB 0x00000000deb00000| Untracked 
| 492|0x00000000dec00000, 0x00000000dec00000, 0x00000000ded00000|  0%| F|  |TAMS 0x00000000dec00000| PB 0x00000000dec00000| Untracked 
| 493|0x00000000ded00000, 0x00000000ded00000, 0x00000000dee00000|  0%| F|  |TAMS 0x00000000ded00000| PB 0x00000000ded00000| Untracked 
| 494|0x00000000dee00000, 0x00000000dee00000, 0x00000000def00000|  0%| F|  |TAMS 0x00000000dee00000| PB 0x00000000dee00000| Untracked 
| 495|0x00000000def00000, 0x00000000def00000, 0x00000000df000000|  0%| F|  |TAMS 0x00000000def00000| PB 0x00000000def00000| Untracked 
| 496|0x00000000df000000, 0x00000000df000000, 0x00000000df100000|  0%| F|  |TAMS 0x00000000df000000| PB 0x00000000df000000| Untracked 
| 497|0x00000000df100000, 0x00000000df100000, 0x00000000df200000|  0%| F|  |TAMS 0x00000000df100000| PB 0x00000000df100000| Untracked 
| 498|0x00000000df200000, 0x00000000df200000, 0x00000000df300000|  0%| F|  |TAMS 0x00000000df200000| PB 0x00000000df200000| Untracked 
| 499|0x00000000df300000, 0x00000000df300000, 0x00000000df400000|  0%| F|  |TAMS 0x00000000df300000| PB 0x00000000df300000| Untracked 
| 500|0x00000000df400000, 0x00000000df400000, 0x00000000df500000|  0%| F|  |TAMS 0x00000000df400000| PB 0x00000000df400000| Untracked 
| 501|0x00000000df500000, 0x00000000df500000, 0x00000000df600000|  0%| F|  |TAMS 0x00000000df500000| PB 0x00000000df500000| Untracked 
| 502|0x00000000df600000, 0x00000000df600000, 0x00000000df700000|  0%| F|  |TAMS 0x00000000df600000| PB 0x00000000df600000| Untracked 
| 503|0x00000000df700000, 0x00000000df700000, 0x00000000df800000|  0%| F|  |TAMS 0x00000000df700000| PB 0x00000000df700000| Untracked 
| 504|0x00000000df800000, 0x00000000df900000, 0x00000000df900000|100%|HS|  |TAMS 0x00000000df900000| PB 0x00000000df800000| Complete 
| 505|0x00000000df900000, 0x00000000df900000, 0x00000000dfa00000|  0%| F|  |TAMS 0x00000000df900000| PB 0x00000000df900000| Untracked 
| 506|0x00000000dfa00000, 0x00000000dfa00000, 0x00000000dfb00000|  0%| F|  |TAMS 0x00000000dfa00000| PB 0x00000000dfa00000| Untracked 
| 507|0x00000000dfb00000, 0x00000000dfc00000, 0x00000000dfc00000|100%|HS|  |TAMS 0x00000000dfc00000| PB 0x00000000dfb00000| Complete 
| 508|0x00000000dfc00000, 0x00000000dfc00000, 0x00000000dfd00000|  0%| F|  |TAMS 0x00000000dfc00000| PB 0x00000000dfc00000| Untracked 
| 509|0x00000000dfd00000, 0x00000000dfd00000, 0x00000000dfe00000|  0%| F|  |TAMS 0x00000000dfd00000| PB 0x00000000dfd00000| Untracked 
| 510|0x00000000dfe00000, 0x00000000dfe00000, 0x00000000dff00000|  0%| F|  |TAMS 0x00000000dfe00000| PB 0x00000000dfe00000| Untracked 
| 511|0x00000000dff00000, 0x00000000dff00000, 0x00000000e0000000|  0%| F|  |TAMS 0x00000000dff00000| PB 0x00000000dff00000| Untracked 
| 512|0x00000000e0000000, 0x00000000e0000000, 0x00000000e0100000|  0%| F|  |TAMS 0x00000000e0000000| PB 0x00000000e0000000| Untracked 
| 513|0x00000000e0100000, 0x00000000e0100000, 0x00000000e0200000|  0%| F|  |TAMS 0x00000000e0100000| PB 0x00000000e0100000| Untracked 
| 514|0x00000000e0200000, 0x00000000e0200000, 0x00000000e0300000|  0%| F|  |TAMS 0x00000000e0200000| PB 0x00000000e0200000| Untracked 
| 515|0x00000000e0300000, 0x00000000e0300000, 0x00000000e0400000|  0%| F|  |TAMS 0x00000000e0300000| PB 0x00000000e0300000| Untracked 
| 516|0x00000000e0400000, 0x00000000e0400000, 0x00000000e0500000|  0%| F|  |TAMS 0x00000000e0400000| PB 0x00000000e0400000| Untracked 
| 517|0x00000000e0500000, 0x00000000e0500000, 0x00000000e0600000|  0%| F|  |TAMS 0x00000000e0500000| PB 0x00000000e0500000| Untracked 
| 518|0x00000000e0600000, 0x00000000e0600000, 0x00000000e0700000|  0%| F|  |TAMS 0x00000000e0600000| PB 0x00000000e0600000| Untracked 
| 519|0x00000000e0700000, 0x00000000e0700000, 0x00000000e0800000|  0%| F|  |TAMS 0x00000000e0700000| PB 0x00000000e0700000| Untracked 
| 520|0x00000000e0800000, 0x00000000e0800000, 0x00000000e0900000|  0%| F|  |TAMS 0x00000000e0800000| PB 0x00000000e0800000| Untracked 
| 521|0x00000000e0900000, 0x00000000e0900000, 0x00000000e0a00000|  0%| F|  |TAMS 0x00000000e0900000| PB 0x00000000e0900000| Untracked 
| 522|0x00000000e0a00000, 0x00000000e0a00000, 0x00000000e0b00000|  0%| F|  |TAMS 0x00000000e0a00000| PB 0x00000000e0a00000| Untracked 
| 523|0x00000000e0b00000, 0x00000000e0b00000, 0x00000000e0c00000|  0%| F|  |TAMS 0x00000000e0b00000| PB 0x00000000e0b00000| Untracked 
| 524|0x00000000e0c00000, 0x00000000e0c00000, 0x00000000e0d00000|  0%| F|  |TAMS 0x00000000e0c00000| PB 0x00000000e0c00000| Untracked 
| 525|0x00000000e0d00000, 0x00000000e0d00000, 0x00000000e0e00000|  0%| F|  |TAMS 0x00000000e0d00000| PB 0x00000000e0d00000| Untracked 
| 526|0x00000000e0e00000, 0x00000000e0e00000, 0x00000000e0f00000|  0%| F|  |TAMS 0x00000000e0e00000| PB 0x00000000e0e00000| Untracked 
| 527|0x00000000e0f00000, 0x00000000e0f00000, 0x00000000e1000000|  0%| F|  |TAMS 0x00000000e0f00000| PB 0x00000000e0f00000| Untracked 
| 528|0x00000000e1000000, 0x00000000e1000000, 0x00000000e1100000|  0%| F|  |TAMS 0x00000000e1000000| PB 0x00000000e1000000| Untracked 
| 529|0x00000000e1100000, 0x00000000e1100000, 0x00000000e1200000|  0%| F|  |TAMS 0x00000000e1100000| PB 0x00000000e1100000| Untracked 
| 530|0x00000000e1200000, 0x00000000e1200000, 0x00000000e1300000|  0%| F|  |TAMS 0x00000000e1200000| PB 0x00000000e1200000| Untracked 
| 531|0x00000000e1300000, 0x00000000e1300000, 0x00000000e1400000|  0%| F|  |TAMS 0x00000000e1300000| PB 0x00000000e1300000| Untracked 
| 532|0x00000000e1400000, 0x00000000e1400000, 0x00000000e1500000|  0%| F|  |TAMS 0x00000000e1400000| PB 0x00000000e1400000| Untracked 
| 533|0x00000000e1500000, 0x00000000e1500000, 0x00000000e1600000|  0%| F|  |TAMS 0x00000000e1500000| PB 0x00000000e1500000| Untracked 
| 534|0x00000000e1600000, 0x00000000e1600000, 0x00000000e1700000|  0%| F|  |TAMS 0x00000000e1600000| PB 0x00000000e1600000| Untracked 
| 535|0x00000000e1700000, 0x00000000e1700000, 0x00000000e1800000|  0%| F|  |TAMS 0x00000000e1700000| PB 0x00000000e1700000| Untracked 
| 536|0x00000000e1800000, 0x00000000e1800000, 0x00000000e1900000|  0%| F|  |TAMS 0x00000000e1800000| PB 0x00000000e1800000| Untracked 
| 537|0x00000000e1900000, 0x00000000e1900000, 0x00000000e1a00000|  0%| F|  |TAMS 0x00000000e1900000| PB 0x00000000e1900000| Untracked 
| 538|0x00000000e1a00000, 0x00000000e1a00000, 0x00000000e1b00000|  0%| F|  |TAMS 0x00000000e1a00000| PB 0x00000000e1a00000| Untracked 
| 539|0x00000000e1b00000, 0x00000000e1b00000, 0x00000000e1c00000|  0%| F|  |TAMS 0x00000000e1b00000| PB 0x00000000e1b00000| Untracked 
| 540|0x00000000e1c00000, 0x00000000e1c00000, 0x00000000e1d00000|  0%| F|  |TAMS 0x00000000e1c00000| PB 0x00000000e1c00000| Untracked 
| 541|0x00000000e1d00000, 0x00000000e1d00000, 0x00000000e1e00000|  0%| F|  |TAMS 0x00000000e1d00000| PB 0x00000000e1d00000| Untracked 
| 542|0x00000000e1e00000, 0x00000000e1e00000, 0x00000000e1f00000|  0%| F|  |TAMS 0x00000000e1e00000| PB 0x00000000e1e00000| Untracked 
| 543|0x00000000e1f00000, 0x00000000e1f00000, 0x00000000e2000000|  0%| F|  |TAMS 0x00000000e1f00000| PB 0x00000000e1f00000| Untracked 
| 544|0x00000000e2000000, 0x00000000e2000000, 0x00000000e2100000|  0%| F|  |TAMS 0x00000000e2000000| PB 0x00000000e2000000| Untracked 
| 545|0x00000000e2100000, 0x00000000e2100000, 0x00000000e2200000|  0%| F|  |TAMS 0x00000000e2100000| PB 0x00000000e2100000| Untracked 
| 546|0x00000000e2200000, 0x00000000e2200000, 0x00000000e2300000|  0%| F|  |TAMS 0x00000000e2200000| PB 0x00000000e2200000| Untracked 
| 547|0x00000000e2300000, 0x00000000e2300000, 0x00000000e2400000|  0%| F|  |TAMS 0x00000000e2300000| PB 0x00000000e2300000| Untracked 
| 548|0x00000000e2400000, 0x00000000e2400000, 0x00000000e2500000|  0%| F|  |TAMS 0x00000000e2400000| PB 0x00000000e2400000| Untracked 
| 549|0x00000000e2500000, 0x00000000e2500000, 0x00000000e2600000|  0%| F|  |TAMS 0x00000000e2500000| PB 0x00000000e2500000| Untracked 
| 550|0x00000000e2600000, 0x00000000e2600000, 0x00000000e2700000|  0%| F|  |TAMS 0x00000000e2600000| PB 0x00000000e2600000| Untracked 
| 551|0x00000000e2700000, 0x00000000e2700000, 0x00000000e2800000|  0%| F|  |TAMS 0x00000000e2700000| PB 0x00000000e2700000| Untracked 
| 552|0x00000000e2800000, 0x00000000e2800000, 0x00000000e2900000|  0%| F|  |TAMS 0x00000000e2800000| PB 0x00000000e2800000| Untracked 
| 553|0x00000000e2900000, 0x00000000e2900000, 0x00000000e2a00000|  0%| F|  |TAMS 0x00000000e2900000| PB 0x00000000e2900000| Untracked 
| 554|0x00000000e2a00000, 0x00000000e2a00000, 0x00000000e2b00000|  0%| F|  |TAMS 0x00000000e2a00000| PB 0x00000000e2a00000| Untracked 
| 555|0x00000000e2b00000, 0x00000000e2b00000, 0x00000000e2c00000|  0%| F|  |TAMS 0x00000000e2b00000| PB 0x00000000e2b00000| Untracked 
| 556|0x00000000e2c00000, 0x00000000e2c00000, 0x00000000e2d00000|  0%| F|  |TAMS 0x00000000e2c00000| PB 0x00000000e2c00000| Untracked 
| 557|0x00000000e2d00000, 0x00000000e2d00000, 0x00000000e2e00000|  0%| F|  |TAMS 0x00000000e2d00000| PB 0x00000000e2d00000| Untracked 
| 558|0x00000000e2e00000, 0x00000000e2e00000, 0x00000000e2f00000|  0%| F|  |TAMS 0x00000000e2e00000| PB 0x00000000e2e00000| Untracked 
| 559|0x00000000e2f00000, 0x00000000e2f00000, 0x00000000e3000000|  0%| F|  |TAMS 0x00000000e2f00000| PB 0x00000000e2f00000| Untracked 
| 560|0x00000000e3000000, 0x00000000e3000000, 0x00000000e3100000|  0%| F|  |TAMS 0x00000000e3000000| PB 0x00000000e3000000| Untracked 
| 561|0x00000000e3100000, 0x00000000e3100000, 0x00000000e3200000|  0%| F|  |TAMS 0x00000000e3100000| PB 0x00000000e3100000| Untracked 
| 562|0x00000000e3200000, 0x00000000e3200000, 0x00000000e3300000|  0%| F|  |TAMS 0x00000000e3200000| PB 0x00000000e3200000| Untracked 
| 563|0x00000000e3300000, 0x00000000e3300000, 0x00000000e3400000|  0%| F|  |TAMS 0x00000000e3300000| PB 0x00000000e3300000| Untracked 
| 564|0x00000000e3400000, 0x00000000e3400000, 0x00000000e3500000|  0%| F|  |TAMS 0x00000000e3400000| PB 0x00000000e3400000| Untracked 
| 565|0x00000000e3500000, 0x00000000e3500000, 0x00000000e3600000|  0%| F|  |TAMS 0x00000000e3500000| PB 0x00000000e3500000| Untracked 
| 566|0x00000000e3600000, 0x00000000e3600000, 0x00000000e3700000|  0%| F|  |TAMS 0x00000000e3600000| PB 0x00000000e3600000| Untracked 
| 567|0x00000000e3700000, 0x00000000e3700000, 0x00000000e3800000|  0%| F|  |TAMS 0x00000000e3700000| PB 0x00000000e3700000| Untracked 
| 568|0x00000000e3800000, 0x00000000e3800000, 0x00000000e3900000|  0%| F|  |TAMS 0x00000000e3800000| PB 0x00000000e3800000| Untracked 
| 569|0x00000000e3900000, 0x00000000e3900000, 0x00000000e3a00000|  0%| F|  |TAMS 0x00000000e3900000| PB 0x00000000e3900000| Untracked 
| 570|0x00000000e3a00000, 0x00000000e3a00000, 0x00000000e3b00000|  0%| F|  |TAMS 0x00000000e3a00000| PB 0x00000000e3a00000| Untracked 
| 571|0x00000000e3b00000, 0x00000000e3b00000, 0x00000000e3c00000|  0%| F|  |TAMS 0x00000000e3b00000| PB 0x00000000e3b00000| Untracked 
| 572|0x00000000e3c00000, 0x00000000e3c00000, 0x00000000e3d00000|  0%| F|  |TAMS 0x00000000e3c00000| PB 0x00000000e3c00000| Untracked 
| 573|0x00000000e3d00000, 0x00000000e3d00000, 0x00000000e3e00000|  0%| F|  |TAMS 0x00000000e3d00000| PB 0x00000000e3d00000| Untracked 
| 574|0x00000000e3e00000, 0x00000000e3e00000, 0x00000000e3f00000|  0%| F|  |TAMS 0x00000000e3e00000| PB 0x00000000e3e00000| Untracked 
| 575|0x00000000e3f00000, 0x00000000e3f00000, 0x00000000e4000000|  0%| F|  |TAMS 0x00000000e3f00000| PB 0x00000000e3f00000| Untracked 
| 576|0x00000000e4000000, 0x00000000e4000000, 0x00000000e4100000|  0%| F|  |TAMS 0x00000000e4000000| PB 0x00000000e4000000| Untracked 
| 577|0x00000000e4100000, 0x00000000e4100000, 0x00000000e4200000|  0%| F|  |TAMS 0x00000000e4100000| PB 0x00000000e4100000| Untracked 
| 578|0x00000000e4200000, 0x00000000e4200000, 0x00000000e4300000|  0%| F|  |TAMS 0x00000000e4200000| PB 0x00000000e4200000| Untracked 
| 579|0x00000000e4300000, 0x00000000e4300000, 0x00000000e4400000|  0%| F|  |TAMS 0x00000000e4300000| PB 0x00000000e4300000| Untracked 
| 580|0x00000000e4400000, 0x00000000e4400000, 0x00000000e4500000|  0%| F|  |TAMS 0x00000000e4400000| PB 0x00000000e4400000| Untracked 
| 581|0x00000000e4500000, 0x00000000e4500000, 0x00000000e4600000|  0%| F|  |TAMS 0x00000000e4500000| PB 0x00000000e4500000| Untracked 
| 582|0x00000000e4600000, 0x00000000e4600000, 0x00000000e4700000|  0%| F|  |TAMS 0x00000000e4600000| PB 0x00000000e4600000| Untracked 
| 583|0x00000000e4700000, 0x00000000e4700000, 0x00000000e4800000|  0%| F|  |TAMS 0x00000000e4700000| PB 0x00000000e4700000| Untracked 
| 584|0x00000000e4800000, 0x00000000e4800000, 0x00000000e4900000|  0%| F|  |TAMS 0x00000000e4800000| PB 0x00000000e4800000| Untracked 
| 585|0x00000000e4900000, 0x00000000e4900000, 0x00000000e4a00000|  0%| F|  |TAMS 0x00000000e4900000| PB 0x00000000e4900000| Untracked 
| 586|0x00000000e4a00000, 0x00000000e4a00000, 0x00000000e4b00000|  0%| F|  |TAMS 0x00000000e4a00000| PB 0x00000000e4a00000| Untracked 
| 587|0x00000000e4b00000, 0x00000000e4b00000, 0x00000000e4c00000|  0%| F|  |TAMS 0x00000000e4b00000| PB 0x00000000e4b00000| Untracked 
| 588|0x00000000e4c00000, 0x00000000e4c00000, 0x00000000e4d00000|  0%| F|  |TAMS 0x00000000e4c00000| PB 0x00000000e4c00000| Untracked 
| 589|0x00000000e4d00000, 0x00000000e4d00000, 0x00000000e4e00000|  0%| F|  |TAMS 0x00000000e4d00000| PB 0x00000000e4d00000| Untracked 
| 590|0x00000000e4e00000, 0x00000000e4e00000, 0x00000000e4f00000|  0%| F|  |TAMS 0x00000000e4e00000| PB 0x00000000e4e00000| Untracked 
| 591|0x00000000e4f00000, 0x00000000e4f00000, 0x00000000e5000000|  0%| F|  |TAMS 0x00000000e4f00000| PB 0x00000000e4f00000| Untracked 
| 592|0x00000000e5000000, 0x00000000e5100000, 0x00000000e5100000|100%| E|  |TAMS 0x00000000e5000000| PB 0x00000000e5000000| Complete 
| 593|0x00000000e5100000, 0x00000000e5200000, 0x00000000e5200000|100%| E|CS|TAMS 0x00000000e5100000| PB 0x00000000e5100000| Complete 
| 594|0x00000000e5200000, 0x00000000e5300000, 0x00000000e5300000|100%| E|CS|TAMS 0x00000000e5200000| PB 0x00000000e5200000| Complete 
| 595|0x00000000e5300000, 0x00000000e5400000, 0x00000000e5400000|100%| E|CS|TAMS 0x00000000e5300000| PB 0x00000000e5300000| Complete 
| 596|0x00000000e5400000, 0x00000000e5500000, 0x00000000e5500000|100%| E|CS|TAMS 0x00000000e5400000| PB 0x00000000e5400000| Complete 
| 989|0x00000000fdd00000, 0x00000000fde00000, 0x00000000fde00000|100%| O|  |TAMS 0x00000000fdd2ae40| PB 0x00000000fdd2ae40| Updating 
| 990|0x00000000fde00000, 0x00000000fdf00000, 0x00000000fdf00000|100%| O|  |TAMS 0x00000000fdf00000| PB 0x00000000fdf00000| Updating 
| 991|0x00000000fdf00000, 0x00000000fe000000, 0x00000000fe000000|100%| O|  |TAMS 0x00000000fe000000| PB 0x00000000fe000000| Updating 
| 992|0x00000000fe000000, 0x00000000fe100000, 0x00000000fe100000|100%| O|  |TAMS 0x00000000fe100000| PB 0x00000000fe100000| Updating 
| 993|0x00000000fe100000, 0x00000000fe200000, 0x00000000fe200000|100%| O|  |TAMS 0x00000000fe200000| PB 0x00000000fe200000| Untracked 
| 994|0x00000000fe200000, 0x00000000fe300000, 0x00000000fe300000|100%| O|  |TAMS 0x00000000fe300000| PB 0x00000000fe300000| Untracked 
| 995|0x00000000fe300000, 0x00000000fe400000, 0x00000000fe400000|100%| O|  |TAMS 0x00000000fe400000| PB 0x00000000fe400000| Untracked 
| 996|0x00000000fe400000, 0x00000000fe500000, 0x00000000fe500000|100%| O|  |TAMS 0x00000000fe500000| PB 0x00000000fe500000| Updating 
| 997|0x00000000fe500000, 0x00000000fe600000, 0x00000000fe600000|100%| O|  |TAMS 0x00000000fe600000| PB 0x00000000fe600000| Untracked 
| 998|0x00000000fe600000, 0x00000000fe700000, 0x00000000fe700000|100%| O|  |TAMS 0x00000000fe700000| PB 0x00000000fe700000| Untracked 
| 999|0x00000000fe700000, 0x00000000fe800000, 0x00000000fe800000|100%| O|  |TAMS 0x00000000fe800000| PB 0x00000000fe800000| Untracked 
|1000|0x00000000fe800000, 0x00000000fe900000, 0x00000000fe900000|100%| O|  |TAMS 0x00000000fe900000| PB 0x00000000fe900000| Untracked 
|1001|0x00000000fe900000, 0x00000000fea00000, 0x00000000fea00000|100%| O|  |TAMS 0x00000000fea00000| PB 0x00000000fea00000| Untracked 
|1002|0x00000000fea00000, 0x00000000feb00000, 0x00000000feb00000|100%| O|  |TAMS 0x00000000feb00000| PB 0x00000000feb00000| Updating 
|1003|0x00000000feb00000, 0x00000000fec00000, 0x00000000fec00000|100%| O|  |TAMS 0x00000000fec00000| PB 0x00000000fec00000| Untracked 
|1004|0x00000000fec00000, 0x00000000fed00000, 0x00000000fed00000|100%| O|  |TAMS 0x00000000fed00000| PB 0x00000000fed00000| Untracked 
|1005|0x00000000fed00000, 0x00000000fee00000, 0x00000000fee00000|100%| O|  |TAMS 0x00000000fee00000| PB 0x00000000fee00000| Untracked 
|1006|0x00000000fee00000, 0x00000000fef00000, 0x00000000fef00000|100%| O|  |TAMS 0x00000000fef00000| PB 0x00000000fef00000| Untracked 
|1007|0x00000000fef00000, 0x00000000ff000000, 0x00000000ff000000|100%| O|  |TAMS 0x00000000ff000000| PB 0x00000000ff000000| Untracked 
|1008|0x00000000ff000000, 0x00000000ff100000, 0x00000000ff100000|100%| O|  |TAMS 0x00000000ff100000| PB 0x00000000ff100000| Untracked 
|1009|0x00000000ff100000, 0x00000000ff200000, 0x00000000ff200000|100%| O|  |TAMS 0x00000000ff200000| PB 0x00000000ff200000| Updating 
|1010|0x00000000ff200000, 0x00000000ff300000, 0x00000000ff300000|100%| O|  |TAMS 0x00000000ff300000| PB 0x00000000ff300000| Untracked 
|1011|0x00000000ff300000, 0x00000000ff400000, 0x00000000ff400000|100%| O|  |TAMS 0x00000000ff400000| PB 0x00000000ff400000| Untracked 
|1012|0x00000000ff400000, 0x00000000ff500000, 0x00000000ff500000|100%| O|  |TAMS 0x00000000ff500000| PB 0x00000000ff500000| Updating 
|1013|0x00000000ff500000, 0x00000000ff600000, 0x00000000ff600000|100%| E|CS|TAMS 0x00000000ff500000| PB 0x00000000ff500000| Complete 
|1014|0x00000000ff600000, 0x00000000ff700000, 0x00000000ff700000|100%| E|  |TAMS 0x00000000ff600000| PB 0x00000000ff600000| Complete 
|1015|0x00000000ff700000, 0x00000000ff800000, 0x00000000ff800000|100%| O|  |TAMS 0x00000000ff800000| PB 0x00000000ff800000| Updating 
|1016|0x00000000ff800000, 0x00000000ff8f5398, 0x00000000ff900000| 95%| S|CS|TAMS 0x00000000ff800000| PB 0x00000000ff800000| Complete 
|1017|0x00000000ff900000, 0x00000000ffa00000, 0x00000000ffa00000|100%| S|CS|TAMS 0x00000000ff900000| PB 0x00000000ff900000| Complete 
|1018|0x00000000ffa00000, 0x00000000ffb00000, 0x00000000ffb00000|100%| S|CS|TAMS 0x00000000ffa00000| PB 0x00000000ffa00000| Complete 
|1019|0x00000000ffb00000, 0x00000000ffc00000, 0x00000000ffc00000|100%| O|  |TAMS 0x00000000ffc00000| PB 0x00000000ffc00000| Untracked 
|1020|0x00000000ffc00000, 0x00000000ffd00000, 0x00000000ffd00000|100%| S|CS|TAMS 0x00000000ffc00000| PB 0x00000000ffc00000| Complete 
|1021|0x00000000ffd00000, 0x00000000ffe00000, 0x00000000ffe00000|100%| S|CS|TAMS 0x00000000ffd00000| PB 0x00000000ffd00000| Complete 
|1022|0x00000000ffe00000, 0x00000000fff00000, 0x00000000fff00000|100%| E|CS|TAMS 0x00000000ffe00000| PB 0x00000000ffe00000| Complete 
|1023|0x00000000fff00000, 0x0000000100000000, 0x0000000100000000|100%| O|  |TAMS 0x0000000100000000| PB 0x0000000100000000| Untracked 

Card table byte_map: [0x000001de214d0000,0x000001de216d0000] _byte_map_base: 0x000001de20ed0000

Marking Bits: (CMBitMap*) 0x000001de0859dd50
 Bits: [0x000001de216d0000, 0x000001de226d0000)

Polling page: 0x000001de061a0000

Metaspace:

Usage:
  Non-class:     95.45 MB used.
      Class:     12.35 MB used.
       Both:    107.80 MB used.

Virtual space:
  Non-class space:      128.00 MB reserved,      97.00 MB ( 76%) committed,  2 nodes.
      Class space:        1.00 GB reserved,      13.44 MB (  1%) committed,  1 nodes.
             Both:        1.12 GB reserved,     110.44 MB ( 10%) committed. 

Chunk freelists:
   Non-Class:  14.68 MB
       Class:  2.44 MB
        Both:  17.12 MB

MaxMetaspaceSize: unlimited
CompressedClassSpaceSize: 1.00 GB
Initial GC threshold: 21.00 MB
Current GC threshold: 183.56 MB
CDS: off
 - commit_granule_bytes: 65536.
 - commit_granule_words: 8192.
 - virtual_space_node_default_size: 8388608.
 - enlarge_chunks_in_place: 1.
 - use_allocation_guard: 0.


Internal statistics:

num_allocs_failed_limit: 18.
num_arena_births: 1562.
num_arena_deaths: 4.
num_vsnodes_births: 3.
num_vsnodes_deaths: 0.
num_space_committed: 1766.
num_space_uncommitted: 0.
num_chunks_returned_to_freelist: 24.
num_chunks_taken_from_freelist: 6353.
num_chunk_merges: 18.
num_chunk_splits: 3867.
num_chunks_enlarged: 2146.
num_inconsistent_stats: 0.

CodeHeap 'non-profiled nmethods': size=119168Kb used=6909Kb max_used=12147Kb free=112259Kb
 bounds [0x000001de193c0000, 0x000001de19fa0000, 0x000001de20820000]
CodeHeap 'profiled nmethods': size=119104Kb used=18179Kb max_used=30297Kb free=100924Kb
 bounds [0x000001de11820000, 0x000001de135e0000, 0x000001de18c70000]
CodeHeap 'non-nmethods': size=7488Kb used=2675Kb max_used=3891Kb free=4812Kb
 bounds [0x000001de18c70000, 0x000001de19050000, 0x000001de193c0000]
CodeCache: size=245760Kb, used=27763Kb, max_used=46335Kb, free=217995Kb
 total_blobs=9106, nmethods=8044, adapters=962, full_count=0
Compilation: enabled, stopped_count=0, restarted_count=0

Compilation events (20 events):
Event: 108.593 Thread 0x000001de25a05880 nmethod 19602 0x000001de19428590 code [0x000001de19428720, 0x000001de194287e8]
Event: 108.600 Thread 0x000001de259ff450 nmethod 19599 0x000001de196a3f90 code [0x000001de196a4180, 0x000001de196a4688]
Event: 108.617 Thread 0x000001de259ff450 19603   !   4       java.io.FileOutputStream::write (47 bytes)
Event: 108.619 Thread 0x000001de259ff450 nmethod 19603 0x000001de194e5910 code [0x000001de194e5ac0, 0x000001de194e5c48]
Event: 108.622 Thread 0x000001de259ff450 19604       4       java.io.BufferedOutputStream::growIfNeeded (59 bytes)
Event: 108.623 Thread 0x000001de259ff450 nmethod 19604 0x000001de1943b490 code [0x000001de1943b620, 0x000001de1943b738]
Event: 108.623 Thread 0x000001de259ff450 19605   !   4       java.io.BufferedOutputStream::write (62 bytes)
Event: 108.623 Thread 0x000001de25a05880 19607       1       java.lang.StackStreamFactory$StackFrameTraverser::characteristics (4 bytes)
Event: 108.624 Thread 0x000001de25a05880 nmethod 19607 0x000001de19444f10 code [0x000001de194450a0, 0x000001de19445168]
Event: 108.626 Thread 0x000001de2d911e10 19609       1       java.lang.StackStreamFactory$FrameBuffer::startIndex (2 bytes)
Event: 108.626 Thread 0x000001de25a05880 19610       1       java.lang.StackStreamFactory$StackFrameTraverser$StackFrameBuffer::frames (5 bytes)
Event: 108.626 Thread 0x000001de2d911e10 nmethod 19609 0x000001de19453290 code [0x000001de19453420, 0x000001de194534e8]
Event: 108.626 Thread 0x000001de25a05880 nmethod 19610 0x000001de19465190 code [0x000001de19465320, 0x000001de194653e8]
Event: 108.628 Thread 0x000001de2d911e10 19611       1       java.nio.charset.CharsetEncoder::maxBytesPerChar (5 bytes)
Event: 108.628 Thread 0x000001de2d911e10 nmethod 19611 0x000001de1947b390 code [0x000001de1947b520, 0x000001de1947b5e8]
Event: 108.635 Thread 0x000001de259ff450 nmethod 19605 0x000001de19a51b90 code [0x000001de19a51de0, 0x000001de19a525b0]
Event: 108.635 Thread 0x000001de259ff450 19606       4       java.io.BufferedOutputStream::implWrite (40 bytes)
Event: 108.640 Thread 0x000001de259ff450 nmethod 19606 0x000001de1945b890 code [0x000001de1945ba60, 0x000001de1945bda0]
Event: 108.640 Thread 0x000001de259ff450 19608       4       java.util.concurrent.atomic.AtomicInteger::decrementAndGet (14 bytes)
Event: 108.640 Thread 0x000001de259ff450 nmethod 19608 0x000001de19487b10 code [0x000001de19487ca0, 0x000001de19487d38]

GC Heap History (20 events):
Event: 74.622 GC heap before
{Heap before GC invocations=65 (full 0):
 garbage-first heap   total 455680K, used 412219K [0x00000000c0000000, 0x0000000100000000)
  region size 1024K, 140 young (143360K), 19 survivors (19456K)
 Metaspace       used 110054K, committed 112768K, reserved 1179648K
  class space    used 12646K, committed 13760K, reserved 1048576K
}
Event: 74.651 GC heap after
{Heap after GC invocations=66 (full 0):
 garbage-first heap   total 455680K, used 299981K [0x00000000c0000000, 0x0000000100000000)
  region size 1024K, 12 young (12288K), 12 survivors (12288K)
 Metaspace       used 110054K, committed 112768K, reserved 1179648K
  class space    used 12646K, committed 13760K, reserved 1048576K
}
Event: 78.194 GC heap before
{Heap before GC invocations=67 (full 0):
 garbage-first heap   total 501760K, used 416717K [0x00000000c0000000, 0x0000000100000000)
  region size 1024K, 126 young (129024K), 12 survivors (12288K)
 Metaspace       used 110077K, committed 112768K, reserved 1179648K
  class space    used 12647K, committed 13760K, reserved 1048576K
}
Event: 78.230 GC heap after
{Heap after GC invocations=68 (full 0):
 garbage-first heap   total 501760K, used 311742K [0x00000000c0000000, 0x0000000100000000)
  region size 1024K, 12 young (12288K), 12 survivors (12288K)
 Metaspace       used 110077K, committed 112768K, reserved 1179648K
  class space    used 12647K, committed 13760K, reserved 1048576K
}
Event: 81.534 GC heap before
{Heap before GC invocations=68 (full 0):
 garbage-first heap   total 501760K, used 463294K [0x00000000c0000000, 0x0000000100000000)
  region size 1024K, 160 young (163840K), 12 survivors (12288K)
 Metaspace       used 110125K, committed 112768K, reserved 1179648K
  class space    used 12647K, committed 13760K, reserved 1048576K
}
Event: 81.564 GC heap after
{Heap after GC invocations=69 (full 0):
 garbage-first heap   total 501760K, used 321822K [0x00000000c0000000, 0x0000000100000000)
  region size 1024K, 13 young (13312K), 13 survivors (13312K)
 Metaspace       used 110125K, committed 112768K, reserved 1179648K
  class space    used 12647K, committed 13760K, reserved 1048576K
}
Event: 84.762 GC heap before
{Heap before GC invocations=69 (full 0):
 garbage-first heap   total 501760K, used 462110K [0x00000000c0000000, 0x0000000100000000)
  region size 1024K, 150 young (153600K), 13 survivors (13312K)
 Metaspace       used 110126K, committed 112768K, reserved 1179648K
  class space    used 12647K, committed 13760K, reserved 1048576K
}
Event: 84.796 GC heap after
{Heap after GC invocations=70 (full 0):
 garbage-first heap   total 501760K, used 334848K [0x00000000c0000000, 0x0000000100000000)
  region size 1024K, 13 young (13312K), 13 survivors (13312K)
 Metaspace       used 110126K, committed 112768K, reserved 1179648K
  class space    used 12647K, committed 13760K, reserved 1048576K
}
Event: 87.926 GC heap before
{Heap before GC invocations=71 (full 0):
 garbage-first heap   total 558080K, used 459776K [0x00000000c0000000, 0x0000000100000000)
  region size 1024K, 135 young (138240K), 13 survivors (13312K)
 Metaspace       used 110132K, committed 112832K, reserved 1179648K
  class space    used 12647K, committed 13760K, reserved 1048576K
}
Event: 87.954 GC heap after
{Heap after GC invocations=72 (full 0):
 garbage-first heap   total 558080K, used 346189K [0x00000000c0000000, 0x0000000100000000)
  region size 1024K, 11 young (11264K), 11 survivors (11264K)
 Metaspace       used 110132K, committed 112832K, reserved 1179648K
  class space    used 12647K, committed 13760K, reserved 1048576K
}
Event: 91.929 GC heap before
{Heap before GC invocations=72 (full 0):
 garbage-first heap   total 558080K, used 517197K [0x00000000c0000000, 0x0000000100000000)
  region size 1024K, 178 young (182272K), 11 survivors (11264K)
 Metaspace       used 110142K, committed 112832K, reserved 1179648K
  class space    used 12647K, committed 13760K, reserved 1048576K
}
Event: 91.959 GC heap after
{Heap after GC invocations=73 (full 0):
 garbage-first heap   total 558080K, used 357122K [0x00000000c0000000, 0x0000000100000000)
  region size 1024K, 23 young (23552K), 23 survivors (23552K)
 Metaspace       used 110142K, committed 112832K, reserved 1179648K
  class space    used 12647K, committed 13760K, reserved 1048576K
}
Event: 95.296 GC heap before
{Heap before GC invocations=73 (full 0):
 garbage-first heap   total 558080K, used 505602K [0x00000000c0000000, 0x0000000100000000)
  region size 1024K, 168 young (172032K), 23 survivors (23552K)
 Metaspace       used 110146K, committed 112832K, reserved 1179648K
  class space    used 12647K, committed 13760K, reserved 1048576K
}
Event: 95.343 GC heap after
{Heap after GC invocations=74 (full 0):
 garbage-first heap   total 558080K, used 371967K [0x00000000c0000000, 0x0000000100000000)
  region size 1024K, 14 young (14336K), 14 survivors (14336K)
 Metaspace       used 110146K, committed 112832K, reserved 1179648K
  class space    used 12647K, committed 13760K, reserved 1048576K
}
Event: 99.351 GC heap before
{Heap before GC invocations=75 (full 0):
 garbage-first heap   total 621568K, used 511231K [0x00000000c0000000, 0x0000000100000000)
  region size 1024K, 150 young (153600K), 14 survivors (14336K)
 Metaspace       used 110157K, committed 112832K, reserved 1179648K
  class space    used 12647K, committed 13760K, reserved 1048576K
}
Event: 99.389 GC heap after
{Heap after GC invocations=76 (full 0):
 garbage-first heap   total 621568K, used 384678K [0x00000000c0000000, 0x0000000100000000)
  region size 1024K, 14 young (14336K), 14 survivors (14336K)
 Metaspace       used 110157K, committed 112832K, reserved 1179648K
  class space    used 12647K, committed 13760K, reserved 1048576K
}
Event: 108.340 GC heap before
{Heap before GC invocations=76 (full 0):
 garbage-first heap   total 622592K, used 620198K [0x00000000c0000000, 0x0000000100000000)
  region size 1024K, 89 young (91136K), 14 survivors (14336K)
 Metaspace       used 110368K, committed 113024K, reserved 1179648K
  class space    used 12647K, committed 13760K, reserved 1048576K
}
Event: 108.376 GC heap after
{Heap after GC invocations=77 (full 0):
 garbage-first heap   total 647168K, used 389291K [0x00000000c0000000, 0x0000000100000000)
  region size 1024K, 17 young (17408K), 17 survivors (17408K)
 Metaspace       used 110368K, committed 113024K, reserved 1179648K
  class space    used 12647K, committed 13760K, reserved 1048576K
}
Event: 108.400 GC heap before
{Heap before GC invocations=77 (full 0):
 garbage-first heap   total 647168K, used 389291K [0x00000000c0000000, 0x0000000100000000)
  region size 1024K, 18 young (18432K), 17 survivors (17408K)
 Metaspace       used 110368K, committed 113024K, reserved 1179648K
  class space    used 12647K, committed 13760K, reserved 1048576K
}
Event: 108.413 GC heap after
{Heap after GC invocations=78 (full 0):
 garbage-first heap   total 647168K, used 389826K [0x00000000c0000000, 0x0000000100000000)
  region size 1024K, 5 young (5120K), 5 survivors (5120K)
 Metaspace       used 110368K, committed 113024K, reserved 1179648K
  class space    used 12647K, committed 13760K, reserved 1048576K
}

Dll operation events (18 events):
Event: 0.007 Loaded shared library C:\ST\STM32CubeIDE_1.16.0\STM32CubeIDE\plugins\com.st.stm32cube.ide.jre.win64_3.4.100.202508201254\jre\bin\java.dll
Event: 0.055 Loaded shared library C:\ST\STM32CubeIDE_1.16.0\STM32CubeIDE\plugins\com.st.stm32cube.ide.jre.win64_3.4.100.202508201254\jre\bin\jsvml.dll
Event: 0.093 Loaded shared library C:\ST\STM32CubeIDE_1.16.0\STM32CubeIDE\plugins\com.st.stm32cube.ide.jre.win64_3.4.100.202508201254\jre\bin\net.dll
Event: 0.095 Loaded shared library C:\ST\STM32CubeIDE_1.16.0\STM32CubeIDE\plugins\com.st.stm32cube.ide.jre.win64_3.4.100.202508201254\jre\bin\nio.dll
Event: 0.101 Loaded shared library C:\ST\STM32CubeIDE_1.16.0\STM32CubeIDE\plugins\com.st.stm32cube.ide.jre.win64_3.4.100.202508201254\jre\bin\zip.dll
Event: 0.228 Loaded shared library C:\ST\STM32CubeIDE_1.16.0\STM32CubeIDE\plugins\com.st.stm32cube.ide.jre.win64_3.4.100.202508201254\jre\bin\jimage.dll
Event: 2.394 Loaded shared library C:\ST\STM32CubeIDE_1.16.0\STM32CubeIDE\configuration\org.eclipse.osgi\767\0\.cp\swt-win32-4966r5.dll
Event: 2.877 Loaded shared library C:\Users\smpet\AppData\Local\Temp\jna-109563013\jna17443639630339967033.dll
Event: 5.595 Loaded shared library C:\ST\STM32CubeIDE_1.16.0\STM32CubeIDE\plugins\com.st.stm32cube.ide.jre.win64_3.4.100.202508201254\jre\bin\verify.dll
Event: 5.979 Loaded shared library C:\ST\STM32CubeIDE_1.16.0\STM32CubeIDE\configuration\org.eclipse.osgi\767\0\.cp\swt-gdip-win32-4966r5.dll
Event: 7.719 Loaded shared library C:\ST\STM32CubeIDE_1.16.0\STM32CubeIDE\plugins\com.st.stm32cube.ide.jre.win64_3.4.100.202508201254\jre\bin\management.dll
Event: 7.721 Loaded shared library C:\ST\STM32CubeIDE_1.16.0\STM32CubeIDE\plugins\com.st.stm32cube.ide.jre.win64_3.4.100.202508201254\jre\bin\management_ext.dll
Event: 12.954 Loaded shared library C:\ST\STM32CubeIDE_1.16.0\STM32CubeIDE\plugins\com.st.stm32cube.ide.jre.win64_3.4.100.202508201254\jre\bin\prefs.dll
Event: 14.390 Loaded shared library C:\ST\STM32CubeIDE_1.16.0\STM32CubeIDE\plugins\com.st.stm32cube.ide.jre.win64_3.4.100.202508201254\jre\bin\sunmscapi.dll
Event: 14.834 Loaded shared library C:\ST\STM32CubeIDE_1.16.0\STM32CubeIDE\plugins\com.st.stm32cube.ide.jre.win64_3.4.100.202508201254\jre\bin\extnet.dll
Event: 16.612 Loaded shared library C:\ST\STM32CubeIDE_1.16.0\STM32CubeIDE\plugins\com.st.stm32cube.ide.jre.win64_3.4.100.202508201254\jre\bin\rmi.dll
Event: 17.812 Loaded shared library C:\ST\STM32CubeIDE_1.16.0\STM32CubeIDE\configuration\org.eclipse.osgi\609\0\.cp\os\win32\x86_64\serial.dll
Event: 66.975 Loaded shared library C:\ST\STM32CubeIDE_1.16.0\STM32CubeIDE\plugins\org.eclipse.cdt.core.win32.x86_64_11.6.1.202407022008\os\win32\x86_64\spawner.dll

Deoptimization events (20 events):
Event: 68.229 Thread 0x000001de2a76aad0 Uncommon trap: trap_request=0xffffff45 fr.pc=0x000001de196a46a4 relative=0x0000000000000544
Event: 68.229 Thread 0x000001de2a76aad0 Uncommon trap: reason=unstable_if action=reinterpret pc=0x000001de196a46a4 method=java.util.Hashtable.get(Ljava/lang/Object;)Ljava/lang/Object; @ 48 c2
Event: 68.229 Thread 0x000001de2a76aad0 DEOPT PACKING pc=0x000001de196a46a4 sp=0x000000cdcf8fd8d0
Event: 68.229 Thread 0x000001de2a76aad0 DEOPT UNPACKING pc=0x000001de18cc46a2 sp=0x000000cdcf8fd870 mode 2
Event: 69.061 Thread 0x000001de2e480d90 Uncommon trap: trap_request=0xffffffde fr.pc=0x000001de19790000 relative=0x0000000000000220
Event: 69.061 Thread 0x000001de2e480d90 Uncommon trap: reason=class_check action=maybe_recompile pc=0x000001de19790000 method=org.eclipse.equinox.internal.p2.metadata.expression.NAry.equals(Ljava/lang/Object;)Z @ 13 c2
Event: 69.061 Thread 0x000001de2e480d90 DEOPT PACKING pc=0x000001de19790000 sp=0x000000cdd06fd450
Event: 69.061 Thread 0x000001de2e480d90 DEOPT UNPACKING pc=0x000001de18cc46a2 sp=0x000000cdd06fd3e8 mode 2
Event: 69.144 Thread 0x000001de2e480d90 Uncommon trap: trap_request=0xffffffde fr.pc=0x000001de19790000 relative=0x0000000000000220
Event: 69.144 Thread 0x000001de2e480d90 Uncommon trap: reason=class_check action=maybe_recompile pc=0x000001de19790000 method=org.eclipse.equinox.internal.p2.metadata.expression.NAry.equals(Ljava/lang/Object;)Z @ 13 c2
Event: 69.144 Thread 0x000001de2e480d90 DEOPT PACKING pc=0x000001de19790000 sp=0x000000cdd06fd450
Event: 69.144 Thread 0x000001de2e480d90 DEOPT UNPACKING pc=0x000001de18cc46a2 sp=0x000000cdd06fd3e8 mode 2
Event: 70.078 Thread 0x000001de08564ee0 Uncommon trap: trap_request=0xffffffd6 fr.pc=0x000001de19dfa184 relative=0x0000000000000c44
Event: 70.078 Thread 0x000001de08564ee0 Uncommon trap: reason=array_check action=maybe_recompile pc=0x000001de19dfa184 method=org.eclipse.swt.widgets.EventTable.sendEvent(Lorg/eclipse/swt/widgets/Event;)V @ 565 c2
Event: 70.079 Thread 0x000001de08564ee0 DEOPT PACKING pc=0x000001de19dfa184 sp=0x000000cdcb6fe3a0
Event: 70.079 Thread 0x000001de08564ee0 DEOPT UNPACKING pc=0x000001de18cc46a2 sp=0x000000cdcb6fe300 mode 2
Event: 73.721 Thread 0x000001de2e480d90 Uncommon trap: trap_request=0xffffffde fr.pc=0x000001de19790000 relative=0x0000000000000220
Event: 73.721 Thread 0x000001de2e480d90 Uncommon trap: reason=class_check action=maybe_recompile pc=0x000001de19790000 method=org.eclipse.equinox.internal.p2.metadata.expression.NAry.equals(Ljava/lang/Object;)Z @ 13 c2
Event: 73.721 Thread 0x000001de2e480d90 DEOPT PACKING pc=0x000001de19790000 sp=0x000000cdd06fd9c0
Event: 73.721 Thread 0x000001de2e480d90 DEOPT UNPACKING pc=0x000001de18cc46a2 sp=0x000000cdd06fd958 mode 2

Classes loaded (20 events):
Event: 66.524 Loading class java/lang/StringLatin1$CharsSpliterator
Event: 66.524 Loading class java/lang/StringLatin1$CharsSpliterator done
Event: 66.872 Loading class java/util/stream/IntPipeline$10
Event: 66.873 Loading class java/util/stream/IntPipeline$StatelessOp
Event: 66.873 Loading class java/util/stream/IntPipeline$StatelessOp done
Event: 66.873 Loading class java/util/stream/IntPipeline$10 done
Event: 66.877 Loading class java/util/stream/ReduceOps$9
Event: 66.877 Loading class java/util/stream/ReduceOps$9 done
Event: 66.877 Loading class java/util/stream/ReduceOps$CountingSink$OfInt
Event: 66.877 Loading class java/util/stream/ReduceOps$CountingSink$OfInt done
Event: 66.878 Loading class java/util/stream/IntPipeline$10$1
Event: 66.878 Loading class java/util/stream/IntPipeline$10$1 done
Event: 68.004 Loading class java/util/ArrayDeque$DeqSpliterator
Event: 68.006 Loading class java/util/ArrayDeque$DeqSpliterator done
Event: 108.470 Loading class com/sun/org/apache/xerces/internal/xni/parser/XMLParseException
Event: 108.470 Loading class com/sun/org/apache/xerces/internal/xni/parser/XMLParseException done
Event: 108.471 Loading class java/lang/Throwable$WrappedPrintStream
Event: 108.471 Loading class java/lang/Throwable$PrintStreamOrWriter
Event: 108.471 Loading class java/lang/Throwable$PrintStreamOrWriter done
Event: 108.471 Loading class java/lang/Throwable$WrappedPrintStream done

Classes unloaded (2 events):
Event: 19.916 Thread 0x000001de258aeed0 Unloading class 0x0000000100a71400 'java/lang/invoke/LambdaForm$DMH+0x0000000100a71400'
Event: 19.916 Thread 0x000001de258aeed0 Unloading class 0x0000000100a70c00 'java/lang/invoke/LambdaForm$DMH+0x0000000100a70c00'

Classes redefined (0 events):
No events

Internal exceptions (20 events):
Event: 108.643 Thread 0x000001de2e480d90 Exception <a 'java/io/IOException'{0x00000000e50a1260}> (0x00000000e50a1260) 
thrown [s\src\hotspot\share\prims\jni.cpp, line 520]
Event: 108.643 Thread 0x000001de2e480d90 Exception <a 'java/io/IOException'{0x00000000e50a1578}> (0x00000000e50a1578) 
thrown [s\src\hotspot\share\prims\jni.cpp, line 520]
Event: 108.643 Thread 0x000001de2e480d90 Exception <a 'java/io/IOException'{0x00000000e50a1890}> (0x00000000e50a1890) 
thrown [s\src\hotspot\share\prims\jni.cpp, line 520]
Event: 108.643 Thread 0x000001de2e480d90 Exception <a 'java/io/IOException'{0x00000000e50a1ba8}> (0x00000000e50a1ba8) 
thrown [s\src\hotspot\share\prims\jni.cpp, line 520]
Event: 108.644 Thread 0x000001de2e480d90 Exception <a 'java/io/IOException'{0x00000000e50a1ec0}> (0x00000000e50a1ec0) 
thrown [s\src\hotspot\share\prims\jni.cpp, line 520]
Event: 108.644 Thread 0x000001de2e480d90 Exception <a 'java/io/IOException'{0x00000000e50a21d8}> (0x00000000e50a21d8) 
thrown [s\src\hotspot\share\prims\jni.cpp, line 520]
Event: 108.644 Thread 0x000001de2e480d90 Exception <a 'java/io/IOException'{0x00000000e50a24f0}> (0x00000000e50a24f0) 
thrown [s\src\hotspot\share\prims\jni.cpp, line 520]
Event: 108.644 Thread 0x000001de2e480d90 Exception <a 'java/io/IOException'{0x00000000e50a2808}> (0x00000000e50a2808) 
thrown [s\src\hotspot\share\prims\jni.cpp, line 520]
Event: 108.644 Thread 0x000001de2e480d90 Exception <a 'java/io/IOException'{0x00000000e50a2b20}> (0x00000000e50a2b20) 
thrown [s\src\hotspot\share\prims\jni.cpp, line 520]
Event: 108.644 Thread 0x000001de2e480d90 Exception <a 'java/io/IOException'{0x00000000e50a2e38}> (0x00000000e50a2e38) 
thrown [s\src\hotspot\share\prims\jni.cpp, line 520]
Event: 108.644 Thread 0x000001de2e480d90 Exception <a 'java/io/IOException'{0x00000000e50a3150}> (0x00000000e50a3150) 
thrown [s\src\hotspot\share\prims\jni.cpp, line 520]
Event: 108.644 Thread 0x000001de2e480d90 Exception <a 'java/io/IOException'{0x00000000e50a3468}> (0x00000000e50a3468) 
thrown [s\src\hotspot\share\prims\jni.cpp, line 520]
Event: 108.644 Thread 0x000001de2e480d90 Exception <a 'java/io/IOException'{0x00000000e50a3780}> (0x00000000e50a3780) 
thrown [s\src\hotspot\share\prims\jni.cpp, line 520]
Event: 108.644 Thread 0x000001de2e480d90 Exception <a 'java/io/IOException'{0x00000000e50a3a98}> (0x00000000e50a3a98) 
thrown [s\src\hotspot\share\prims\jni.cpp, line 520]
Event: 108.644 Thread 0x000001de2e480d90 Exception <a 'java/io/IOException'{0x00000000e50a3db0}> (0x00000000e50a3db0) 
thrown [s\src\hotspot\share\prims\jni.cpp, line 520]
Event: 108.644 Thread 0x000001de2e480d90 Exception <a 'java/io/IOException'{0x00000000e50a40c8}> (0x00000000e50a40c8) 
thrown [s\src\hotspot\share\prims\jni.cpp, line 520]
Event: 108.644 Thread 0x000001de2e480d90 Exception <a 'java/io/IOException'{0x00000000e50a43e0}> (0x00000000e50a43e0) 
thrown [s\src\hotspot\share\prims\jni.cpp, line 520]
Event: 108.644 Thread 0x000001de2e480d90 Exception <a 'java/io/IOException'{0x00000000e50a46f8}> (0x00000000e50a46f8) 
thrown [s\src\hotspot\share\prims\jni.cpp, line 520]
Event: 108.644 Thread 0x000001de2e480d90 Exception <a 'java/io/IOException'{0x00000000e50a4a10}> (0x00000000e50a4a10) 
thrown [s\src\hotspot\share\prims\jni.cpp, line 520]
Event: 108.644 Thread 0x000001de2e480d90 Exception <a 'java/io/IOException'{0x00000000e50a4d28}> (0x00000000e50a4d28) 
thrown [s\src\hotspot\share\prims\jni.cpp, line 520]

ZGC Phase Switch (0 events):
No events

VM Operations (20 events):
Event: 95.665 Executing VM operation: G1PauseRemark done
Event: 95.863 Executing VM operation: G1PauseCleanup
Event: 95.863 Executing VM operation: G1PauseCleanup done
Event: 97.873 Executing VM operation: Cleanup
Event: 97.873 Executing VM operation: Cleanup done
Event: 98.888 Executing VM operation: Cleanup
Event: 98.888 Executing VM operation: Cleanup done
Event: 99.351 Executing VM operation: G1CollectForAllocation (G1 Evacuation Pause)
Event: 99.389 Executing VM operation: G1CollectForAllocation (G1 Evacuation Pause) done
Event: 105.446 Executing VM operation: Cleanup
Event: 105.446 Executing VM operation: Cleanup done
Event: 106.449 Executing VM operation: Cleanup
Event: 106.449 Executing VM operation: Cleanup done
Event: 107.457 Executing VM operation: Cleanup
Event: 107.473 Executing VM operation: Cleanup done
Event: 108.340 Executing VM operation: G1CollectForAllocation (G1 Evacuation Pause)
Event: 108.377 Executing VM operation: G1CollectForAllocation (G1 Evacuation Pause) done
Event: 108.387 Executing VM operation: G1TryInitiateConcMark (G1 Humongous Allocation)
Event: 108.413 Executing VM operation: G1TryInitiateConcMark (G1 Humongous Allocation) done
Event: 108.738 Executing VM operation: G1PauseRemark

Memory protections (0 events):
No events

Nmethod flushes (20 events):
Event: 108.782 Thread 0x000001de258aeed0 flushing  nmethod 0x000001de12547010
Event: 108.782 Thread 0x000001de258aeed0 flushing  nmethod 0x000001de12556990
Event: 108.782 Thread 0x000001de258aeed0 flushing  nmethod 0x000001de1259df90
Event: 108.782 Thread 0x000001de258aeed0 flushing  nmethod 0x000001de1259e790
Event: 108.782 Thread 0x000001de258aeed0 flushing  nmethod 0x000001de1259f690
Event: 108.782 Thread 0x000001de258aeed0 flushing  nmethod 0x000001de1259fa10
Event: 108.782 Thread 0x000001de258aeed0 flushing  nmethod 0x000001de127c9690
Event: 108.782 Thread 0x000001de258aeed0 flushing  nmethod 0x000001de12ab8490
Event: 108.782 Thread 0x000001de258aeed0 flushing  nmethod 0x000001de12b58990
Event: 108.782 Thread 0x000001de258aeed0 flushing  nmethod 0x000001de12ba4590
Event: 108.782 Thread 0x000001de258aeed0 flushing  nmethod 0x000001de12ba5090
Event: 108.782 Thread 0x000001de258aeed0 flushing  nmethod 0x000001de12ba8610
Event: 108.782 Thread 0x000001de258aeed0 flushing  nmethod 0x000001de12bab190
Event: 108.782 Thread 0x000001de258aeed0 flushing  nmethod 0x000001de12bc5490
Event: 108.782 Thread 0x000001de258aeed0 flushing  nmethod 0x000001de1329e510
Event: 108.782 Thread 0x000001de258aeed0 flushing  nmethod 0x000001de1346aa10
Event: 108.782 Thread 0x000001de258aeed0 flushing  nmethod 0x000001de1346c890
Event: 108.782 Thread 0x000001de258aeed0 flushing  nmethod 0x000001de1346cd90
Event: 108.782 Thread 0x000001de258aeed0 flushing  nmethod 0x000001de1346da10
Event: 108.782 Thread 0x000001de258aeed0 flushing  nmethod 0x000001de13470710

Events (20 events):
Event: 68.178 Thread 0x000001de25a05880 Thread added: 0x000001de2a59e840
Event: 68.191 Thread 0x000001de321e3e20 Thread added: 0x000001de370116d0
Event: 68.198 Thread 0x000001de25a05880 Thread added: 0x000001de327036e0
Event: 68.198 Thread 0x000001de25a05880 Thread added: 0x000001de32703010
Event: 68.290 Thread 0x000001de2a76aad0 Thread added: 0x000001de2d90f130
Event: 68.292 Thread 0x000001de2d90f130 Thread exited: 0x000001de2d90f130
Event: 68.409 Thread 0x000001de370116d0 Thread exited: 0x000001de370116d0
Event: 68.409 Thread 0x000001de2a59e840 Thread exited: 0x000001de2a59e840
Event: 69.009 Thread 0x000001de32703010 Thread exited: 0x000001de32703010
Event: 70.125 Thread 0x000001de327036e0 Thread exited: 0x000001de327036e0
Event: 70.971 Thread 0x000001de321e3e20 Thread exited: 0x000001de321e3e20
Event: 78.380 Thread 0x000001de25a05880 Thread added: 0x000001de35df2290
Event: 78.381 Thread 0x000001de35df2290 Thread added: 0x000001de34ee1fb0
Event: 79.236 Thread 0x000001de34ee1fb0 Thread exited: 0x000001de34ee1fb0
Event: 80.159 Thread 0x000001de35df2290 Thread exited: 0x000001de35df2290
Event: 106.690 Thread 0x000001de2e481ab0 Thread exited: 0x000001de2e481ab0
Event: 107.501 Thread 0x000001de25a05880 Thread added: 0x000001de34c49f00
Event: 107.636 Thread 0x000001de34c49f00 Thread exited: 0x000001de34c49f00
Event: 108.481 Thread 0x000001de25a05880 Thread added: 0x000001de2d911e10
Event: 108.645 Thread 0x000001de2e480d90 Thread exited: 0x000001de2e480d90


Dynamic libraries:
0x00007ff7bae60000 - 0x00007ff7baee9000 	C:\ST\STM32CubeIDE_1.16.0\STM32CubeIDE\stm32cubeide.exe
0x00007ffbe6c00000 - 0x00007ffbe6e67000 	C:\WINDOWS\SYSTEM32\ntdll.dll
0x00007ffbe57e0000 - 0x00007ffbe58a9000 	C:\WINDOWS\System32\KERNEL32.DLL
0x00007ffbe36f0000 - 0x00007ffbe3ae1000 	C:\WINDOWS\System32\KERNELBASE.dll
0x00007ffbe4f70000 - 0x00007ffbe5135000 	C:\WINDOWS\System32\USER32.dll
0x00007ffbe36c0000 - 0x00007ffbe36e7000 	C:\WINDOWS\System32\win32u.dll
0x00007ffbe61a0000 - 0x00007ffbe61cb000 	C:\WINDOWS\System32\GDI32.dll
0x00007ffbe34e0000 - 0x00007ffbe360b000 	C:\WINDOWS\System32\gdi32full.dll
0x00007ffbe3c70000 - 0x00007ffbe3d13000 	C:\WINDOWS\System32\msvcp_win.dll
0x00007ffbe4850000 - 0x00007ffbe499b000 	C:\WINDOWS\System32\ucrtbase.dll
0x00007ffbc2b50000 - 0x00007ffbc2de3000 	C:\WINDOWS\WinSxS\amd64_microsoft.windows.common-controls_6595b64144ccf1df_6.0.26100.8037_none_3e092faae333b53b\COMCTL32.dll
0x00007ffbe4eb0000 - 0x00007ffbe4f59000 	C:\WINDOWS\System32\msvcrt.dll
0x00007ffbe4db0000 - 0x00007ffbe4de1000 	C:\WINDOWS\System32\IMM32.DLL
0x00007ffbab410000 - 0x00007ffbab455000 	C:\ST\STM32CubeIDE_1.16.0\STM32CubeIDE\plugins\org.eclipse.equinox.launcher.win32.win32.x86_64_1.2.1100.v20240722-2106\eclipse_11904.dll
0x00007ffbe58d0000 - 0x00007ffbe598b000 	C:\WINDOWS\System32\ADVAPI32.dll
0x00007ffbe4df0000 - 0x00007ffbe4e97000 	C:\WINDOWS\System32\sechost.dll
0x00007ffbe6250000 - 0x00007ffbe6368000 	C:\WINDOWS\System32\RPCRT4.dll
0x00007ffbe5d90000 - 0x00007ffbe5f25000 	C:\WINDOWS\System32\ole32.dll
0x00007ffbe5a00000 - 0x00007ffbe5d82000 	C:\WINDOWS\System32\combase.dll
0x00007ffbe1e10000 - 0x00007ffbe1e1b000 	C:\WINDOWS\SYSTEM32\VERSION.dll
0x00007ffaddc50000 - 0x00007ffade9e7000 	C:\ST\STM32CubeIDE_1.16.0\STM32CubeIDE\plugins\com.st.stm32cube.ide.jre.win64_3.4.100.202508201254\jre\bin\server\jvm.dll
0x00007ffbe61d0000 - 0x00007ffbe6244000 	C:\WINDOWS\System32\WS2_32.dll
0x00007ffbe3340000 - 0x00007ffbe339e000 	C:\WINDOWS\SYSTEM32\POWRPROF.dll
0x00007ffbbeee0000 - 0x00007ffbbeefe000 	C:\WINDOWS\SYSTEM32\VCRUNTIME140.dll
0x00007ffbbee70000 - 0x00007ffbbee7b000 	C:\WINDOWS\SYSTEM32\VCRUNTIME140_1.dll
0x00007ffbd9cd0000 - 0x00007ffbd9d05000 	C:\WINDOWS\SYSTEM32\WINMM.dll
0x00007ffbe3320000 - 0x00007ffbe3334000 	C:\WINDOWS\SYSTEM32\UMPDC.dll
0x00007ffbdc960000 - 0x00007ffbdc96a000 	C:\ST\STM32CubeIDE_1.16.0\STM32CubeIDE\plugins\com.st.stm32cube.ide.jre.win64_3.4.100.202508201254\jre\bin\jimage.dll
0x00007ffbe0720000 - 0x00007ffbe0962000 	C:\WINDOWS\SYSTEM32\DBGHELP.DLL
0x00007ffbe6370000 - 0x00007ffbe6447000 	C:\WINDOWS\System32\OLEAUT32.dll
0x00007ffbb4a90000 - 0x00007ffbb4acb000 	C:\WINDOWS\SYSTEM32\dbgcore.DLL
0x00007ffbe3610000 - 0x00007ffbe36b5000 	C:\WINDOWS\System32\bcryptPrimitives.dll
0x00007ffbc38e0000 - 0x00007ffbc38ff000 	C:\ST\STM32CubeIDE_1.16.0\STM32CubeIDE\plugins\com.st.stm32cube.ide.jre.win64_3.4.100.202508201254\jre\bin\java.dll
0x00007ffbe2270000 - 0x00007ffbe228b000 	C:\WINDOWS\SYSTEM32\kernel.appcore.dll
0x00007ffbe6450000 - 0x00007ffbe6baf000 	C:\WINDOWS\System32\SHELL32.dll
0x00007ffbe46e0000 - 0x00007ffbe484a000 	C:\WINDOWS\System32\wintypes.dll
0x00007ffbe3e70000 - 0x00007ffbe46d4000 	C:\WINDOWS\System32\windows.storage.dll
0x00007ffbe5140000 - 0x00007ffbe5237000 	C:\WINDOWS\System32\SHCORE.dll
0x00007ffbe4d40000 - 0x00007ffbe4da7000 	C:\WINDOWS\System32\shlwapi.dll
0x00007ffbe3400000 - 0x00007ffbe3429000 	C:\WINDOWS\SYSTEM32\profapi.dll
0x00007ffbab310000 - 0x00007ffbab3e7000 	C:\ST\STM32CubeIDE_1.16.0\STM32CubeIDE\plugins\com.st.stm32cube.ide.jre.win64_3.4.100.202508201254\jre\bin\jsvml.dll
0x00007ffbe03b0000 - 0x00007ffbe03c0000 	C:\ST\STM32CubeIDE_1.16.0\STM32CubeIDE\plugins\com.st.stm32cube.ide.jre.win64_3.4.100.202508201254\jre\bin\net.dll
0x00007ffbdc270000 - 0x00007ffbdc397000 	C:\WINDOWS\SYSTEM32\WINHTTP.dll
0x00007ffbe27e0000 - 0x00007ffbe284b000 	C:\WINDOWS\system32\mswsock.dll
0x00007ffbdc9a0000 - 0x00007ffbdc9b6000 	C:\ST\STM32CubeIDE_1.16.0\STM32CubeIDE\plugins\com.st.stm32cube.ide.jre.win64_3.4.100.202508201254\jre\bin\nio.dll
0x00007ffbdc980000 - 0x00007ffbdc998000 	C:\ST\STM32CubeIDE_1.16.0\STM32CubeIDE\plugins\com.st.stm32cube.ide.jre.win64_3.4.100.202508201254\jre\bin\zip.dll
0x00007ffbe0670000 - 0x00007ffbe071a000 	C:\WINDOWS\system32\uxtheme.dll
0x00007ffbe4be0000 - 0x00007ffbe4d3d000 	C:\WINDOWS\System32\MSCTF.dll
0x00007ffbe4b20000 - 0x00007ffbe4bce000 	C:\WINDOWS\System32\clbcatq.dll
0x00007ffbcf2c0000 - 0x00007ffbcf408000 	C:\WINDOWS\SYSTEM32\textinputframework.dll
0x00007ffbe00b0000 - 0x00007ffbe01d7000 	C:\WINDOWS\SYSTEM32\CoreMessaging.dll
0x00007ffbdc670000 - 0x00007ffbdc952000 	C:\WINDOWS\SYSTEM32\CoreUIComponents.dll
0x00007ffbe2ae0000 - 0x00007ffbe2aec000 	C:\WINDOWS\SYSTEM32\CRYPTBASE.DLL
0x00007ffbce730000 - 0x00007ffbce7a6000 	C:\WINDOWS\system32\Oleacc.dll
0x00007ffbaacf0000 - 0x00007ffbaadba000 	C:\ST\STM32CubeIDE_1.16.0\STM32CubeIDE\configuration\org.eclipse.osgi\767\0\.cp\swt-win32-4966r5.dll
0x00007ffbe49a0000 - 0x00007ffbe4a8e000 	C:\WINDOWS\System32\COMDLG32.dll
0x00007ffb26530000 - 0x00007ffb26549000 	C:\WINDOWS\SYSTEM32\USP10.dll
0x00007ffbcfb20000 - 0x00007ffbcfbcf000 	C:\WINDOWS\SYSTEM32\WINSPOOL.DRV
0x00007ffbc0ec0000 - 0x00007ffbc1148000 	C:\WINDOWS\SYSTEM32\WININET.dll
0x00007ffbde480000 - 0x00007ffbde583000 	C:\WINDOWS\SYSTEM32\PROPSYS.dll
0x00007ffbc7510000 - 0x00007ffbc76ed000 	C:\WINDOWS\SYSTEM32\urlmon.dll
0x00007ffbcfc30000 - 0x00007ffbcfc38000 	C:\WINDOWS\SYSTEM32\MSIMG32.dll
0x00007ffbe0f10000 - 0x00007ffbe0f3e000 	C:\WINDOWS\SYSTEM32\dwmapi.dll
0x00007ffbe30b0000 - 0x00007ffbe3107000 	C:\WINDOWS\SYSTEM32\cfgmgr32.dll
0x00007ffbc7240000 - 0x00007ffbc7504000 	C:\WINDOWS\SYSTEM32\iertutil.dll
0x00007ffbc6fd0000 - 0x00007ffbc6ff9000 	C:\WINDOWS\SYSTEM32\srvcli.dll
0x00007ffbe1d90000 - 0x00007ffbe1d9d000 	C:\WINDOWS\SYSTEM32\netutils.dll
0x00007ffbe2ac0000 - 0x00007ffbe2adb000 	C:\WINDOWS\SYSTEM32\CRYPTSP.dll
0x00007ffbe21d0000 - 0x00007ffbe2209000 	C:\WINDOWS\system32\rsaenh.dll
0x00007ffbe2890000 - 0x00007ffbe28c2000 	C:\WINDOWS\SYSTEM32\USERENV.dll
0x00007ffbe33d0000 - 0x00007ffbe33fa000 	C:\WINDOWS\SYSTEM32\bcrypt.dll
0x00007ffbe1ad0000 - 0x00007ffbe1b03000 	C:\WINDOWS\SYSTEM32\IPHLPAPI.DLL
0x00007ffbe5750000 - 0x00007ffbe575a000 	C:\WINDOWS\System32\NSI.dll
0x00007ffbd0b70000 - 0x00007ffbd0bb9000 	C:\Users\smpet\AppData\Local\Temp\jna-109563013\jna17443639630339967033.dll
0x00007ffbe4ea0000 - 0x00007ffbe4ea8000 	C:\WINDOWS\System32\PSAPI.DLL
0x00007ffbc4730000 - 0x00007ffbc47e3000 	C:\WINDOWS\SYSTEM32\TextShaping.dll
0x00007ffbdcd10000 - 0x00007ffbdcd2d000 	C:\WINDOWS\SYSTEM32\dhcpcsvc6.DLL
0x00007ffbdcbe0000 - 0x00007ffbdcc03000 	C:\WINDOWS\SYSTEM32\dhcpcsvc.DLL
0x00007ffbe02d0000 - 0x00007ffbe02e0000 	C:\ST\STM32CubeIDE_1.16.0\STM32CubeIDE\plugins\com.st.stm32cube.ide.jre.win64_3.4.100.202508201254\jre\bin\verify.dll
0x00007ffbc0e30000 - 0x00007ffbc0e5c000 	C:\ST\STM32CubeIDE_1.16.0\STM32CubeIDE\configuration\org.eclipse.osgi\767\0\.cp\swt-gdip-win32-4966r5.dll
0x00007ffbcdfc0000 - 0x00007ffbce198000 	C:\WINDOWS\WinSxS\amd64_microsoft.windows.gdiplus_6595b64144ccf1df_1.1.26100.8036_none_6ef439583dc61568\gdiplus.dll
0x00007ffbdecc0000 - 0x00007ffbdeeed000 	C:\WINDOWS\SYSTEM32\WindowsCodecs.dll
0x00007ffbde380000 - 0x00007ffbde38a000 	C:\ST\STM32CubeIDE_1.16.0\STM32CubeIDE\plugins\com.st.stm32cube.ide.jre.win64_3.4.100.202508201254\jre\bin\management.dll
0x00007ffbdc970000 - 0x00007ffbdc97b000 	C:\ST\STM32CubeIDE_1.16.0\STM32CubeIDE\plugins\com.st.stm32cube.ide.jre.win64_3.4.100.202508201254\jre\bin\management_ext.dll
0x00007ffbb5010000 - 0x00007ffbb5028000 	C:\WINDOWS\system32\napinsp.dll
0x00007ffbe1b10000 - 0x00007ffbe1c3a000 	C:\WINDOWS\SYSTEM32\DNSAPI.dll
0x00007ffbb5030000 - 0x00007ffbb5042000 	C:\WINDOWS\System32\winrnr.dll
0x00007ffbb4fe0000 - 0x00007ffbb5002000 	C:\WINDOWS\system32\nlansp_c.dll
0x00007ffbd97f0000 - 0x00007ffbd9806000 	C:\WINDOWS\system32\wshbth.dll
0x00007ffbdbfe0000 - 0x00007ffbdbfeb000 	C:\Windows\System32\rasadhlp.dll
0x00007ffbdcd70000 - 0x00007ffbdcdf6000 	C:\WINDOWS\System32\fwpuclnt.dll
0x00007ffb8e520000 - 0x00007ffb8e57a000 	C:\WINDOWS\system32\dataexchange.dll
0x00007ffbd8c10000 - 0x00007ffbd8e54000 	C:\WINDOWS\system32\twinapi.appcore.dll
0x00007ffba2cf0000 - 0x00007ffba2d19000 	C:\WINDOWS\SYSTEM32\edputil.dll
0x00007ffb9a220000 - 0x00007ffb9a397000 	C:\Windows\System32\Windows.System.Launcher.dll
0x00007ffbcb690000 - 0x00007ffbcb6aa000 	C:\WINDOWS\SYSTEM32\windows.staterepositorycore.dll
0x00007ffb836e0000 - 0x00007ffb8374f000 	C:\Windows\System32\thumbcache.dll
0x00007ffbde750000 - 0x00007ffbde804000 	C:\WINDOWS\SYSTEM32\policymanager.dll
0x00007ffbd9820000 - 0x00007ffbd9864000 	C:\WINDOWS\system32\mlang.dll
0x00007ffbdf530000 - 0x00007ffbdf797000 	C:\WINDOWS\SYSTEM32\DWrite.dll
0x00007ffb85140000 - 0x00007ffb85418000 	C:\WINDOWS\system32\explorerframe.dll
0x00007ffbdbfd0000 - 0x00007ffbdbfd9000 	C:\ST\STM32CubeIDE_1.16.0\STM32CubeIDE\plugins\com.st.stm32cube.ide.jre.win64_3.4.100.202508201254\jre\bin\prefs.dll
0x00007ffbe3270000 - 0x00007ffbe3312000 	C:\WINDOWS\SYSTEM32\sxs.dll
0x00007ffbd0b60000 - 0x00007ffbd0b6e000 	C:\ST\STM32CubeIDE_1.16.0\STM32CubeIDE\plugins\com.st.stm32cube.ide.jre.win64_3.4.100.202508201254\jre\bin\sunmscapi.dll
0x00007ffbe3af0000 - 0x00007ffbe3c67000 	C:\WINDOWS\System32\CRYPT32.dll
0x00007ffbe2d50000 - 0x00007ffbe2d80000 	C:\WINDOWS\SYSTEM32\ncrypt.dll
0x00007ffbe2d00000 - 0x00007ffbe2d3f000 	C:\WINDOWS\SYSTEM32\NTASN1.dll
0x00007ffbe2b30000 - 0x00007ffbe2b43000 	C:\WINDOWS\SYSTEM32\MSASN1.dll
0x00007ffbe2850000 - 0x00007ffbe2880000 	C:\WINDOWS\SYSTEM32\gpapi.dll
0x00007ffbd0b50000 - 0x00007ffbd0b59000 	C:\ST\STM32CubeIDE_1.16.0\STM32CubeIDE\plugins\com.st.stm32cube.ide.jre.win64_3.4.100.202508201254\jre\bin\extnet.dll
0x00007ffbc38d0000 - 0x00007ffbc38d7000 	C:\ST\STM32CubeIDE_1.16.0\STM32CubeIDE\plugins\com.st.stm32cube.ide.jre.win64_3.4.100.202508201254\jre\bin\rmi.dll
0x0000000056900000 - 0x0000000056963000 	C:\ST\STM32CubeIDE_1.16.0\STM32CubeIDE\configuration\org.eclipse.osgi\609\0\.cp\os\win32\x86_64\serial.dll
0x00007ffbad8d0000 - 0x00007ffbad8d8000 	C:\WINDOWS\system32\wshunix.dll
0x00000000568a0000 - 0x00000000568f4000 	C:\ST\STM32CubeIDE_1.16.0\STM32CubeIDE\plugins\org.eclipse.cdt.core.win32.x86_64_11.6.1.202407022008\os\win32\x86_64\spawner.dll
0x00007ffb894e0000 - 0x00007ffb8955c000 	C:\WINDOWS\system32\Ninput.dll

JVMTI agents: none

dbghelp: loaded successfully - version: 4.0.5 - missing functions: none
symbol engine: initialized successfully - sym options: 0x614 - pdb path: .;C:\ST\STM32CubeIDE_1.16.0\STM32CubeIDE;C:\WINDOWS\SYSTEM32;C:\WINDOWS\WinSxS\amd64_microsoft.windows.common-controls_6595b64144ccf1df_6.0.26100.8037_none_3e092faae333b53b;C:\ST\STM32CubeIDE_1.16.0\STM32CubeIDE\plugins\org.eclipse.equinox.launcher.win32.win32.x86_64_1.2.1100.v20240722-2106;C:\ST\STM32CubeIDE_1.16.0\STM32CubeIDE\plugins\com.st.stm32cube.ide.jre.win64_3.4.100.202508201254\jre\bin\server;C:\ST\STM32CubeIDE_1.16.0\STM32CubeIDE\plugins\com.st.stm32cube.ide.jre.win64_3.4.100.202508201254\jre\bin;C:\ST\STM32CubeIDE_1.16.0\STM32CubeIDE\configuration\org.eclipse.osgi\767\0\.cp;C:\Users\smpet\AppData\Local\Temp\jna-109563013;C:\WINDOWS\WinSxS\amd64_microsoft.windows.gdiplus_6595b64144ccf1df_1.1.26100.8036_none_6ef439583dc61568;C:\ST\STM32CubeIDE_1.16.0\STM32CubeIDE\configuration\org.eclipse.osgi\609\0\.cp\os\win32\x86_64;C:\ST\STM32CubeIDE_1.16.0\STM32CubeIDE\plugins\org.eclipse.cdt.core.win32.x86_64_11.6.1.202407022008\os\win32\x86_64

VM Arguments:
jvm_args: -Dosgi.requiredJavaVersion=1.8 -Dosgi.instance.area.default=@user.home/STM32CubeIDE/workspace_2.0.0 -Declipse.buildId=Version 2.0.0 -DproductMaturityGrade=mm -Djdk.http.auth.tunneling.disabledSchemes= -XX:+UseG1GC -XX:+UseStringDeduplication -Xms256m -Xmx1024m -Djavax.net.ssl.trustStoreType=WINDOWS-ROOT 
java_command: <unknown>
java_class_path (initial): C:\ST\STM32CubeIDE_1.16.0\STM32CubeIDE\\plugins/org.eclipse.equinox.launcher_1.6.900.v20240613-2009.jar
Launcher Type: generic

[Global flags]
     intx CICompilerCount                          = 12                                        {product} {ergonomic}
     uint ConcGCThreads                            = 4                                         {product} {ergonomic}
     uint G1ConcRefinementThreads                  = 15                                        {product} {ergonomic}
   size_t G1HeapRegionSize                         = 1048576                                   {product} {ergonomic}
    uintx GCDrainStackTargetSize                   = 64                                        {product} {ergonomic}
   size_t InitialHeapSize                          = 268435456                                 {product} {command line}
   size_t MarkStackSize                            = 4194304                                   {product} {ergonomic}
   size_t MaxHeapSize                              = 1073741824                                {product} {command line}
   size_t MaxNewSize                               = 643825664                                 {product} {ergonomic}
   size_t MinHeapDeltaBytes                        = 1048576                                   {product} {ergonomic}
   size_t MinHeapSize                              = 268435456                                 {product} {command line}
    uintx NonNMethodCodeHeapSize                   = 7602480                                {pd product} {ergonomic}
    uintx NonProfiledCodeHeapSize                  = 122027880                              {pd product} {ergonomic}
    uintx ProfiledCodeHeapSize                     = 122027880                              {pd product} {ergonomic}
    uintx ReservedCodeCacheSize                    = 251658240                              {pd product} {ergonomic}
     bool SegmentedCodeCache                       = true                                      {product} {ergonomic}
   size_t SoftMaxHeapSize                          = 1073741824                             {manageable} {ergonomic}
     bool UseCompressedOops                        = true                           {product lp64_product} {ergonomic}
     bool UseG1GC                                  = true                                      {product} {command line}
     bool UseLargePagesIndividualAllocation        = false                                  {pd product} {ergonomic}
     bool UseStringDeduplication                   = true                                      {product} {command line}

Logging:
Log output configuration:
 #0: stdout all=warning uptime,level,tags foldmultilines=false
 #1: stderr all=off uptime,level,tags foldmultilines=false

Environment Variables:
PATH=C:\Program Files (x86)\NVIDIA Corporation\PhysX\Common;C:\Program Files (x86)\Common Files\Oracle\Java\java8path;C:\Program Files (x86)\Common Files\Oracle\Java\javapath;C:\Windows\system32;C:\Windows;C:\Windows\System32\Wbem;C:\Windows\System32\WindowsPowerShell\v1.0\;C:\Windows\System32\OpenSSH\;C:\Program Files\dotnet\;C:\Program Files\NVIDIA Corporation\NVIDIA NvDLISR;C:\Program Files\MATLAB\R2024a\bin;C:\Program Files\Microsoft SQL Server\Client SDK\ODBC\130\Tools\Binn\;C:\Program Files (x86)\Microsoft SQL Server\140\Tools\Binn\;C:\Program Files\Microsoft SQL Server\140\Tools\Binn\;C:\Program Files\Microsoft SQL Server\140\DTS\Binn\;C:\Program Files (x86)\Windows Kits\8.1\Windows Performance Toolkit\;C:\WINDOWS\system32;C:\WINDOWS;C:\WINDOWS\System32\Wbem;C:\WINDOWS\System32\WindowsPowerShell\v1.0\;C:\WINDOWS\System32\OpenSSH\;C:\Program Files\usbipd-win\;C:\Program Files\CMake\bin;C:\Program Files\Git\cmd;C:\Program Files (x86)\Windows Kits\10\Windows Performance Toolkit\;C:\Users\smpet\AppData\Local\Programs\Python\Launcher\;C:\Users\smpet\AppData\Local\Microsoft\WindowsApps;C:\Users\smpet\AppData\Local\Programs\Microsoft VS Code\bin;C:\msys64\usr\bin;C:\Program Files\Arm\GNU Toolchain mingw-w64-x86_64-arm-none-eabi\bin;
USERNAME=smpet
OS=Windows_NT
PROCESSOR_IDENTIFIER=Intel64 Family 6 Model 186 Stepping 2, GenuineIntel
TMP=C:\Users\smpet\AppData\Local\Temp
TEMP=C:\Users\smpet\AppData\Local\Temp




Periodic native trim disabled

---------------  S Y S T E M  ---------------

OS:
 Windows 11 , 64 bit Build 26100 (10.0.26100.7920)
OS uptime: 7 days 20:25 hours
Hyper-V role detected

CPU: total 20 (initial active 20) (10 cores per cpu, 2 threads per core) family 6 model 186 stepping 2 microcode 0x6134, cx8, cmov, fxsr, ht, mmx, 3dnowpref, sse, sse2, sse3, ssse3, sse4.1, sse4.2, popcnt, lzcnt, tsc, tscinvbit, avx, avx2, aes, erms, clmul, bmi1, bmi2, adx, sha, fma, vzeroupper, clflush, clflushopt, clwb, hv, serialize, rdtscp, rdpid, fsrm, f16c, cet_ibt, cet_ss
Processor Information for processor 0
  Max Mhz: 2400, Current Mhz: 2400, Mhz Limit: 2400
Processor Information for processor 1
  Max Mhz: 2400, Current Mhz: 1520, Mhz Limit: 2400
Processor Information for processor 2
  Max Mhz: 2400, Current Mhz: 1520, Mhz Limit: 2400
Processor Information for processor 3
  Max Mhz: 2400, Current Mhz: 1520, Mhz Limit: 2400
Processor Information for processor 4
  Max Mhz: 2400, Current Mhz: 2400, Mhz Limit: 2400
Processor Information for processor 5
  Max Mhz: 2400, Current Mhz: 1520, Mhz Limit: 2400
Processor Information for processor 6
  Max Mhz: 2400, Current Mhz: 1520, Mhz Limit: 2400
Processor Information for processor 7
  Max Mhz: 2400, Current Mhz: 2400, Mhz Limit: 2400
Processor Information for processor 8
  Max Mhz: 2400, Current Mhz: 1520, Mhz Limit: 2400
Processor Information for processor 9
  Max Mhz: 2400, Current Mhz: 2400, Mhz Limit: 2400
Processor Information for processor 10
  Max Mhz: 2400, Current Mhz: 1520, Mhz Limit: 2400
Processor Information for processor 11
  Max Mhz: 2400, Current Mhz: 1520, Mhz Limit: 2400
Processor Information for processor 12
  Max Mhz: 2400, Current Mhz: 2400, Mhz Limit: 2400
Processor Information for processor 13
  Max Mhz: 2400, Current Mhz: 1466, Mhz Limit: 2400
Processor Information for processor 14
  Max Mhz: 2400, Current Mhz: 1466, Mhz Limit: 2400
Processor Information for processor 15
  Max Mhz: 2400, Current Mhz: 1466, Mhz Limit: 2400
Processor Information for processor 16
  Max Mhz: 2400, Current Mhz: 2400, Mhz Limit: 2400
Processor Information for processor 17
  Max Mhz: 2400, Current Mhz: 1466, Mhz Limit: 2400
Processor Information for processor 18
  Max Mhz: 2400, Current Mhz: 2400, Mhz Limit: 2400
Processor Information for processor 19
  Max Mhz: 2400, Current Mhz: 1466, Mhz Limit: 2400

Memory: 4k page, system-wide physical 16055M (1550M free)
TotalPageFile size 45482M (AvailPageFile size 27M)
current process WorkingSet (physical memory assigned to process): 985M, peak: 985M
current process commit charge ("private bytes"): 1031M, peak: 1059M

vm_info: OpenJDK 64-Bit Server VM (21.0.8+9-LTS) for windows-amd64 JRE (21.0.8+9-LTS), built on 2025-07-15T00:00:00Z by "admin" with MS VC++ 17.7 (VS2022)

END.
