#
# There is insufficient memory for the Java Runtime Environment to continue.
# Native memory allocation (malloc) failed to allocate 1155984 bytes. Error detail: Chunk::new
# Possible reasons:
#   The system is out of physical RAM or swap space
#   This process is running with CompressedOops enabled, and the Java Heap may be blocking the growth of the native heap
# Possible solutions:
#   Reduce memory load on the system
#   Increase physical memory or swap space
#   Check if swap backing store is full
#   Decrease Java heap size (-Xmx/-Xms)
#   Decrease number of Java threads
#   Decrease Java thread stack sizes (-Xss)
#   Set larger code cache with -XX:ReservedCodeCacheSize=
#   JVM is running with Zero Based Compressed Oops mode in which the Java heap is
#     placed in the first 32GB address space. The Java Heap base address is the
#     maximum limit for the native heap growth. Please use -XX:HeapBaseMinAddress
#     to set the Java Heap base and to place the Java Heap above 32GB virtual address.
# This output file may be truncated or incomplete.
#
#  Out of Memory Error (arena.cpp:168), pid=15792, tid=29348
#
# JRE version: OpenJDK Runtime Environment Temurin-21.0.9+10 (21.0.9+10) (build 21.0.9+10-LTS)
# Java VM: OpenJDK 64-Bit Server VM Temurin-21.0.9+10 (21.0.9+10-LTS, mixed mode, tiered, compressed oops, compressed class ptrs, g1 gc, windows-amd64)
# No core dump will be written. Minidumps are not enabled by default on client versions of Windows
#

---------------  S U M M A R Y ------------

Command Line: -Djavax.net.ssl.trustStoreType=WINDOWS-ROOT -Dsun.java2d.d3d=false --add-exports=java.desktop/sun.awt=ALL-UNNAMED --add-opens=java.desktop/java.awt=ALL-UNNAMED -Dfile.encoding=UTF8 com.st.microxplorer.maingui.STM32CubeMX C:\Users\smpet\Desktop\26-BMS_Master\26-BMS_Master.ioc

Host: 13th Gen Intel(R) Core(TM) i7-13700H, 20 cores, 15G,  Windows 11 , 64 bit Build 26100 (10.0.26100.7920)
Time: Wed Apr 22 01:15:55 2026 W. Australia Standard Time elapsed time: 48.043838 seconds (0d 0h 0m 48s)

---------------  T H R E A D  ---------------

Current thread (0x000001be985e9e60):  JavaThread "C2 CompilerThread2" daemon [_thread_in_native, id=29348, stack(0x000000964d200000,0x000000964d300000) (1024K)]


Current CompileTask:
C2:48043 11609       4       com.st.microxplorer.util.LogicalParser::getVariables (176 bytes)

Stack: [0x000000964d200000,0x000000964d300000]
Native frames: (J=compiled Java code, j=interpreted, Vv=VM code, C=native code)
V  [jvm.dll+0x6d6e29]
V  [jvm.dll+0x8b4b76]
V  [jvm.dll+0x8b712e]
V  [jvm.dll+0x8b7813]
V  [jvm.dll+0x283d86]
V  [jvm.dll+0xc66ed]
V  [jvm.dll+0xc6c31]
V  [jvm.dll+0x3be53b]
V  [jvm.dll+0x38ab92]
V  [jvm.dll+0x389fda]
V  [jvm.dll+0x24bfa0]
V  [jvm.dll+0x24b580]
V  [jvm.dll+0x1cb13e]
V  [jvm.dll+0x25b29d]
V  [jvm.dll+0x25982a]
V  [jvm.dll+0x3f7ea6]
V  [jvm.dll+0x85e9ad]
V  [jvm.dll+0x6d565d]
C  [ucrtbase.dll+0x37b0]
C  [KERNEL32.DLL+0x2e8d7]
C  [ntdll.dll+0x8c48c]


---------------  P R O C E S S  ---------------

Threads class SMR info:
_java_thread_list=0x000001befebdb460, length=42, elements={
0x000001befdc8d870, 0x000001befdc8e4f0, 0x000001befdc82d60, 0x000001befdc837b0,
0x000001befdc7b7f0, 0x000001befdc7c240, 0x000001befdc815d0, 0x000001befdcc7fb0,
0x000001befdebd600, 0x000001befdebf850, 0x000001befe4c4810, 0x000001befe4e57c0,
0x000001befed87f00, 0x000001befea24ea0, 0x000001beebcdf910, 0x000001be94f89720,
0x000001be97f87860, 0x000001be97f87ef0, 0x000001be97f88580, 0x000001be97f892a0,
0x000001be97f88c10, 0x000001be97f89fc0, 0x000001be97f8a650, 0x000001be97f871d0,
0x000001be97f8c720, 0x000001be97f89930, 0x000001be97f8ba00, 0x000001be97f8c090,
0x000001be97f8ace0, 0x000001be97f8dad0, 0x000001be97f8e7f0, 0x000001be94f8b160,
0x000001be94f8b7f0, 0x000001be94f8c510, 0x000001be94f89db0, 0x000001be94f8be80,
0x000001be94f8cba0, 0x000001be95b1f660, 0x000001be985e9e60, 0x000001be93f961c0,
0x000001be93e1c5f0, 0x000001befde89500
}

Java Threads: ( => current thread )
  0x000001befdc8d870 JavaThread "Reference Handler"          daemon [_thread_blocked, id=25352, stack(0x000000964a500000,0x000000964a600000) (1024K)]
  0x000001befdc8e4f0 JavaThread "Finalizer"                  daemon [_thread_blocked, id=40088, stack(0x000000964a600000,0x000000964a700000) (1024K)]
  0x000001befdc82d60 JavaThread "Signal Dispatcher"          daemon [_thread_blocked, id=38652, stack(0x000000964a700000,0x000000964a800000) (1024K)]
  0x000001befdc837b0 JavaThread "Attach Listener"            daemon [_thread_blocked, id=12012, stack(0x000000964a800000,0x000000964a900000) (1024K)]
  0x000001befdc7b7f0 JavaThread "Service Thread"             daemon [_thread_blocked, id=29956, stack(0x000000964a900000,0x000000964aa00000) (1024K)]
  0x000001befdc7c240 JavaThread "Monitor Deflation Thread"   daemon [_thread_blocked, id=31932, stack(0x000000964aa00000,0x000000964ab00000) (1024K)]
  0x000001befdc815d0 JavaThread "C2 CompilerThread0"         daemon [_thread_in_native, id=20440, stack(0x000000964ab00000,0x000000964ac00000) (1024K)]
  0x000001befdcc7fb0 JavaThread "C1 CompilerThread0"         daemon [_thread_blocked, id=2472, stack(0x000000964ac00000,0x000000964ad00000) (1024K)]
  0x000001befdebd600 JavaThread "Notification Thread"        daemon [_thread_blocked, id=36968, stack(0x000000964b000000,0x000000964b100000) (1024K)]
  0x000001befdebf850 JavaThread "Common-Cleaner"             daemon [_thread_blocked, id=26816, stack(0x000000964b100000,0x000000964b200000) (1024K)]
  0x000001befe4c4810 JavaThread "Java2D Disposer"            daemon [_thread_blocked, id=33236, stack(0x000000964bf00000,0x000000964c000000) (1024K)]
  0x000001befe4e57c0 JavaThread "AWT-Shutdown"                      [_thread_blocked, id=41472, stack(0x000000964c100000,0x000000964c200000) (1024K)]
  0x000001befed87f00 JavaThread "AWT-Windows"                daemon [_thread_in_native, id=30452, stack(0x000000964c200000,0x000000964c300000) (1024K)]
  0x000001befea24ea0 JavaThread "AWT-EventQueue-0"                  [_thread_blocked, id=39792, stack(0x000000964c000000,0x000000964c100000) (1024K)]
  0x000001beebcdf910 JavaThread "DestroyJavaVM"                     [_thread_blocked, id=42172, stack(0x0000009649d00000,0x0000009649e00000) (1024K)]
  0x000001be94f89720 JavaThread "TimerQueue"                 daemon [_thread_blocked, id=6332, stack(0x000000964af00000,0x000000964b000000) (1024K)]
  0x000001be97f87860 JavaThread "IPC Server Thread"          daemon [_thread_in_native, id=41204, stack(0x000000964dc00000,0x000000964dd00000) (1024K)]
  0x000001be97f87ef0 JavaThread "Chromium Process Thread"           [_thread_in_native, id=37964, stack(0x000000964dd00000,0x000000964de00000) (1024K)]
  0x000001be97f88580 JavaThread "Chromium Process Logger"    daemon [_thread_in_native, id=27708, stack(0x000000964de00000,0x000000964df00000) (1024K)]
  0x000001be97f892a0 JavaThread "IPC Memory Reader Thread"          [_thread_in_native, id=6808, stack(0x000000964e000000,0x000000964e100000) (1024K)]
  0x000001be97f88c10 JavaThread "Browser Thread: bff0f84f-3973-444a-8869-0a53bb71a114" daemon [_thread_blocked, id=20476, stack(0x000000964e100000,0x000000964e200000) (1024K)]
  0x000001be97f89fc0 JavaThread "Socket Connection Checker: bff0f84f-3973-444a-8869-0a53bb71a114"        [_thread_in_native, id=43800, stack(0x000000964e300000,0x000000964e400000) (1024K)]
  0x000001be97f8a650 JavaThread "Network Thread: de59b33b-4902-4668-bc17-639bbe5a4542" daemon [_thread_blocked, id=2480, stack(0x000000964e600000,0x000000964e700000) (1024K)]
  0x000001be97f871d0 JavaThread "IPC Memory Reader Thread"          [_thread_in_native, id=35684, stack(0x000000964e500000,0x000000964e600000) (1024K)]
  0x000001be97f8c720 JavaThread "Socket Connection Checker: de59b33b-4902-4668-bc17-639bbe5a4542"        [_thread_in_native, id=32548, stack(0x000000964e700000,0x000000964e800000) (1024K)]
  0x000001be97f89930 JavaThread "GPU Thread: 444048cd-3810-4024-8142-97b0bf79d562" daemon [_thread_blocked, id=5792, stack(0x000000964d700000,0x000000964d800000) (1024K)]
  0x000001be97f8ba00 JavaThread "IPC Memory Reader Thread"          [_thread_in_native, id=36388, stack(0x000000964d400000,0x000000964d500000) (1024K)]
  0x000001be97f8c090 JavaThread "Socket Connection Checker: 444048cd-3810-4024-8142-97b0bf79d562"        [_thread_in_native, id=23884, stack(0x000000964e200000,0x000000964e300000) (1024K)]
  0x000001be97f8ace0 JavaThread "SwingWorker-pool-4-thread-1" daemon [_thread_in_Java, id=23008, stack(0x000000964ca00000,0x000000964cb00000) (1024K)]
  0x000001be97f8dad0 JavaThread "IPC Memory Reader Thread"          [_thread_in_native, id=34800, stack(0x000000964d300000,0x000000964d400000) (1024K)]
  0x000001be97f8e7f0 JavaThread "Render Thread: 8b2b837f-4f57-482f-a7df-1c26769f00ee" daemon [_thread_blocked, id=33952, stack(0x000000964d600000,0x000000964d700000) (1024K)]
  0x000001be94f8b160 JavaThread "Socket Connection Checker: 8b2b837f-4f57-482f-a7df-1c26769f00ee"        [_thread_in_native, id=6616, stack(0x000000964db00000,0x000000964dc00000) (1024K)]
  0x000001be94f8b7f0 JavaThread "Thread-943"                 daemon [_thread_blocked, id=14188, stack(0x000000964e800000,0x000000964e900000) (1024K)]
  0x000001be94f8c510 JavaThread "Thread-2086"                daemon [_thread_blocked, id=2500, stack(0x000000964ae00000,0x000000964af00000) (1024K)]
  0x000001be94f89db0 JavaThread "Thread-3630"                daemon [_thread_blocked, id=31232, stack(0x000000964cb00000,0x000000964cc00000) (1024K)]
  0x000001be94f8be80 JavaThread "Thread-4066"                daemon [_thread_blocked, id=29344, stack(0x000000964ad00000,0x000000964ae00000) (1024K)]
  0x000001be94f8cba0 JavaThread "Thread-4952"                daemon [_thread_blocked, id=22092, stack(0x000000964cc00000,0x000000964cd00000) (1024K)]
  0x000001be95b1f660 JavaThread "C2 CompilerThread1"         daemon [_thread_in_native, id=29436, stack(0x000000964d000000,0x000000964d100000) (1024K)]
=>0x000001be985e9e60 JavaThread "C2 CompilerThread2"         daemon [_thread_in_native, id=29348, stack(0x000000964d200000,0x000000964d300000) (1024K)]
  0x000001be93f961c0 JavaThread "C2 CompilerThread3"         daemon [_thread_in_native, id=31064, stack(0x000000964d500000,0x000000964d600000) (1024K)]
  0x000001be93e1c5f0 JavaThread "C2 CompilerThread4"         daemon [_thread_in_native, id=38840, stack(0x000000964e900000,0x000000964ea00000) (1024K)]
  0x000001befde89500 JavaThread "C2 CompilerThread5"         daemon [_thread_in_native, id=30896, stack(0x000000964cd00000,0x000000964ce00000) (1024K)]
Total: 42

Other Threads:
  0x000001befcefeb70 VMThread "VM Thread"                           [id=31800, stack(0x000000964a400000,0x000000964a500000) (1024K)]
  0x000001befcebc170 WatcherThread "VM Periodic Task Thread"        [id=40444, stack(0x000000964a300000,0x000000964a400000) (1024K)]
  0x000001beebd41900 WorkerThread "GC Thread#0"                     [id=24696, stack(0x0000009649e00000,0x0000009649f00000) (1024K)]
  0x000001befea89740 WorkerThread "GC Thread#1"                     [id=28816, stack(0x000000964b600000,0x000000964b700000) (1024K)]
  0x000001befe534390 WorkerThread "GC Thread#2"                     [id=38904, stack(0x000000964b700000,0x000000964b800000) (1024K)]
  0x000001befe534730 WorkerThread "GC Thread#3"                     [id=35976, stack(0x000000964b800000,0x000000964b900000) (1024K)]
  0x000001befe536ee0 WorkerThread "GC Thread#4"                     [id=18768, stack(0x000000964b900000,0x000000964ba00000) (1024K)]
  0x000001befe537280 WorkerThread "GC Thread#5"                     [id=10124, stack(0x000000964ba00000,0x000000964bb00000) (1024K)]
  0x000001befea68730 WorkerThread "GC Thread#6"                     [id=36940, stack(0x000000964bb00000,0x000000964bc00000) (1024K)]
  0x000001befe979330 WorkerThread "GC Thread#7"                     [id=33868, stack(0x000000964bc00000,0x000000964bd00000) (1024K)]
  0x000001befec5f040 WorkerThread "GC Thread#8"                     [id=34776, stack(0x000000964b200000,0x000000964b300000) (1024K)]
  0x000001befec5eca0 WorkerThread "GC Thread#9"                     [id=44016, stack(0x000000964b300000,0x000000964b400000) (1024K)]
  0x000001befec5e900 WorkerThread "GC Thread#10"                    [id=9340, stack(0x000000964b400000,0x000000964b500000) (1024K)]
  0x000001befec5e1c0 WorkerThread "GC Thread#11"                    [id=40696, stack(0x000000964c600000,0x000000964c700000) (1024K)]
  0x000001befe8e7000 WorkerThread "GC Thread#12"                    [id=36132, stack(0x000000964c700000,0x000000964c800000) (1024K)]
  0x000001befe8e9b80 WorkerThread "GC Thread#13"                    [id=30996, stack(0x000000964c800000,0x000000964c900000) (1024K)]
  0x000001befe8e8220 WorkerThread "GC Thread#14"                    [id=29660, stack(0x000000964c900000,0x000000964ca00000) (1024K)]
  0x000001beebd539d0 ConcurrentGCThread "G1 Main Marker"            [id=39616, stack(0x0000009649f00000,0x000000964a000000) (1024K)]
  0x000001beebd544d0 WorkerThread "G1 Conc#0"                       [id=43948, stack(0x000000964a000000,0x000000964a100000) (1024K)]
  0x000001befec5d6e0 WorkerThread "G1 Conc#1"                       [id=41788, stack(0x000000964b500000,0x000000964b600000) (1024K)]
  0x000001befec5e560 WorkerThread "G1 Conc#2"                       [id=35336, stack(0x000000964bd00000,0x000000964be00000) (1024K)]
  0x000001befec5da80 WorkerThread "G1 Conc#3"                       [id=38772, stack(0x000000964be00000,0x000000964bf00000) (1024K)]
  0x000001beebd9e4e0 ConcurrentGCThread "G1 Refine#0"               [id=37392, stack(0x000000964a100000,0x000000964a200000) (1024K)]
  0x000001befcd83e00 ConcurrentGCThread "G1 Service"                [id=26108, stack(0x000000964a200000,0x000000964a300000) (1024K)]
Total: 24

Threads with active compile tasks:
C2 CompilerThread0  48085 11622   !   4       com.st.microxplorer.mcu.RefParameter::isPossibleValue (1194 bytes)
C2 CompilerThread1  48085 11545       4       com.st.microxplorer.util.LogicalParser::rewriteCondition (516 bytes)
C2 CompilerThread2  48086 11609       4       com.st.microxplorer.util.LogicalParser::getVariables (176 bytes)
C2 CompilerThread3  48086 11560 %     4       com.st.microxplorer.mcu.IP::completeIPConfiguration @ 631 (1339 bytes)
C2 CompilerThread4  48086 11614       4       java.util.regex.Pattern::split (325 bytes)
C2 CompilerThread5  48087 11624   !   4       com.st.microxplorer.util.LogicalParser::evaluate (943 bytes)
Total: 6

VM state: not at safepoint (normal execution)

VM Mutex/Monitor currently owned by a thread: None

Heap address: 0x0000000705200000, size: 4014 MB, Compressed Oops mode: Zero based, Oop shift amount: 3

CDS archive(s) not mapped
Compressed class space mapped at: 0x0000000800000000-0x0000000840000000, reserved size: 1073741824
Narrow klass base: 0x0000000800000000, Narrow klass shift: 0, Narrow klass range: 0x40000000

GC Precious Log:
 CardTable entry size: 512
 Card Set container configuration: InlinePtr #cards 4 size 8 Array Of Cards #cards 16 size 48 Howl #buckets 8 coarsen threshold 3686 Howl Bitmap #cards 512 size 80 coarsen threshold 460 Card regions per heap region 1 cards per card region 4096
 CPUs: 20 total, 20 available
 Memory: 16055M
 Large Page Support: Disabled
 NUMA Support: Disabled
 Compressed Oops: Enabled (Zero based)
 Heap Region Size: 2M
 Heap Min Capacity: 8M
 Heap Initial Capacity: 252M
 Heap Max Capacity: 4014M
 Pre-touch: Disabled
 Parallel Workers: 15
 Concurrent Workers: 4
 Concurrent Refinement Workers: 15
 Periodic GC: Disabled

Heap:
 garbage-first heap   total 688128K, used 508555K [0x0000000705200000, 0x0000000800000000)
  region size 2048K, 172 young (352256K), 12 survivors (24576K)
 Metaspace       used 92815K, committed 93952K, reserved 1179648K
  class space    used 10352K, committed 10880K, reserved 1048576K

Heap Regions: E=young(eden), S=young(survivor), O=old, HS=humongous(starts), HC=humongous(continues), CS=collection set, F=free, TAMS=top-at-mark-start, PB=parsable bottom
|   0|0x0000000705200000, 0x0000000705400000, 0x0000000705400000|100%|HS|  |TAMS 0x0000000705200000| PB 0x0000000705200000| Complete 
|   1|0x0000000705400000, 0x0000000705600000, 0x0000000705600000|100%|HC|  |TAMS 0x0000000705400000| PB 0x0000000705400000| Complete 
|   2|0x0000000705600000, 0x0000000705800000, 0x0000000705800000|100%|HC|  |TAMS 0x0000000705600000| PB 0x0000000705600000| Complete 
|   3|0x0000000705800000, 0x0000000705a00000, 0x0000000705a00000|100%|HC|  |TAMS 0x0000000705800000| PB 0x0000000705800000| Complete 
|   4|0x0000000705a00000, 0x0000000705c00000, 0x0000000705c00000|100%| O|  |TAMS 0x0000000705a00000| PB 0x0000000705a00000| Untracked 
|   5|0x0000000705c00000, 0x0000000705e00000, 0x0000000705e00000|100%| O|  |TAMS 0x0000000705c00000| PB 0x0000000705c00000| Untracked 
|   6|0x0000000705e00000, 0x0000000706000000, 0x0000000706000000|100%| O|  |TAMS 0x0000000705e00000| PB 0x0000000705e00000| Untracked 
|   7|0x0000000706000000, 0x0000000706200000, 0x0000000706200000|100%| O|  |TAMS 0x0000000706000000| PB 0x0000000706000000| Untracked 
|   8|0x0000000706200000, 0x0000000706400000, 0x0000000706400000|100%| O|  |TAMS 0x0000000706200000| PB 0x0000000706200000| Untracked 
|   9|0x0000000706400000, 0x0000000706600000, 0x0000000706600000|100%| O|  |TAMS 0x0000000706400000| PB 0x0000000706400000| Untracked 
|  10|0x0000000706600000, 0x0000000706800000, 0x0000000706800000|100%| O|  |TAMS 0x0000000706600000| PB 0x0000000706600000| Untracked 
|  11|0x0000000706800000, 0x0000000706a00000, 0x0000000706a00000|100%| O|  |TAMS 0x0000000706800000| PB 0x0000000706800000| Untracked 
|  12|0x0000000706a00000, 0x0000000706c00000, 0x0000000706c00000|100%| O|  |TAMS 0x0000000706a00000| PB 0x0000000706a00000| Untracked 
|  13|0x0000000706c00000, 0x0000000706e00000, 0x0000000706e00000|100%| O|  |TAMS 0x0000000706c00000| PB 0x0000000706c00000| Untracked 
|  14|0x0000000706e00000, 0x0000000707000000, 0x0000000707000000|100%| O|  |TAMS 0x0000000706e00000| PB 0x0000000706e00000| Untracked 
|  15|0x0000000707000000, 0x0000000707200000, 0x0000000707200000|100%| O|  |TAMS 0x0000000707000000| PB 0x0000000707000000| Untracked 
|  16|0x0000000707200000, 0x0000000707400000, 0x0000000707400000|100%| O|  |TAMS 0x0000000707200000| PB 0x0000000707200000| Untracked 
|  17|0x0000000707400000, 0x0000000707600000, 0x0000000707600000|100%| O|  |TAMS 0x0000000707400000| PB 0x0000000707400000| Untracked 
|  18|0x0000000707600000, 0x0000000707800000, 0x0000000707800000|100%| O|  |TAMS 0x0000000707600000| PB 0x0000000707600000| Untracked 
|  19|0x0000000707800000, 0x0000000707a00000, 0x0000000707a00000|100%| O|  |TAMS 0x0000000707800000| PB 0x0000000707800000| Untracked 
|  20|0x0000000707a00000, 0x0000000707c00000, 0x0000000707c00000|100%| O|  |TAMS 0x0000000707a00000| PB 0x0000000707a00000| Untracked 
|  21|0x0000000707c00000, 0x0000000707e00000, 0x0000000707e00000|100%| O|  |TAMS 0x0000000707c00000| PB 0x0000000707c00000| Untracked 
|  22|0x0000000707e00000, 0x0000000708000000, 0x0000000708000000|100%| O|  |TAMS 0x0000000707e00000| PB 0x0000000707e00000| Untracked 
|  23|0x0000000708000000, 0x0000000708200000, 0x0000000708200000|100%| O|  |TAMS 0x0000000708000000| PB 0x0000000708000000| Untracked 
|  24|0x0000000708200000, 0x0000000708400000, 0x0000000708400000|100%|HS|  |TAMS 0x0000000708200000| PB 0x0000000708200000| Complete 
|  25|0x0000000708400000, 0x0000000708600000, 0x0000000708600000|100%|HS|  |TAMS 0x0000000708400000| PB 0x0000000708400000| Complete 
|  26|0x0000000708600000, 0x0000000708800000, 0x0000000708800000|100%|HC|  |TAMS 0x0000000708600000| PB 0x0000000708600000| Complete 
|  27|0x0000000708800000, 0x0000000708a00000, 0x0000000708a00000|100%|HS|  |TAMS 0x0000000708800000| PB 0x0000000708800000| Complete 
|  28|0x0000000708a00000, 0x0000000708c00000, 0x0000000708c00000|100%|HC|  |TAMS 0x0000000708a00000| PB 0x0000000708a00000| Complete 
|  29|0x0000000708c00000, 0x0000000708e00000, 0x0000000708e00000|100%|HS|  |TAMS 0x0000000708c00000| PB 0x0000000708c00000| Complete 
|  30|0x0000000708e00000, 0x0000000709000000, 0x0000000709000000|100%|HC|  |TAMS 0x0000000708e00000| PB 0x0000000708e00000| Complete 
|  31|0x0000000709000000, 0x0000000709200000, 0x0000000709200000|100%|HS|  |TAMS 0x0000000709000000| PB 0x0000000709000000| Complete 
|  32|0x0000000709200000, 0x0000000709400000, 0x0000000709400000|100%|HC|  |TAMS 0x0000000709200000| PB 0x0000000709200000| Complete 
|  33|0x0000000709400000, 0x0000000709600000, 0x0000000709600000|100%|HS|  |TAMS 0x0000000709400000| PB 0x0000000709400000| Complete 
|  34|0x0000000709600000, 0x0000000709800000, 0x0000000709800000|100%|HC|  |TAMS 0x0000000709600000| PB 0x0000000709600000| Complete 
|  35|0x0000000709800000, 0x0000000709a00000, 0x0000000709a00000|100%|HS|  |TAMS 0x0000000709800000| PB 0x0000000709800000| Complete 
|  36|0x0000000709a00000, 0x0000000709c00000, 0x0000000709c00000|100%|HC|  |TAMS 0x0000000709a00000| PB 0x0000000709a00000| Complete 
|  37|0x0000000709c00000, 0x0000000709e00000, 0x0000000709e00000|100%|HS|  |TAMS 0x0000000709c00000| PB 0x0000000709c00000| Complete 
|  38|0x0000000709e00000, 0x000000070a000000, 0x000000070a000000|100%|HC|  |TAMS 0x0000000709e00000| PB 0x0000000709e00000| Complete 
|  39|0x000000070a000000, 0x000000070a200000, 0x000000070a200000|100%|HS|  |TAMS 0x000000070a000000| PB 0x000000070a000000| Complete 
|  40|0x000000070a200000, 0x000000070a400000, 0x000000070a400000|100%|HC|  |TAMS 0x000000070a200000| PB 0x000000070a200000| Complete 
|  41|0x000000070a400000, 0x000000070a600000, 0x000000070a600000|100%|HS|  |TAMS 0x000000070a400000| PB 0x000000070a400000| Complete 
|  42|0x000000070a600000, 0x000000070a800000, 0x000000070a800000|100%|HC|  |TAMS 0x000000070a600000| PB 0x000000070a600000| Complete 
|  43|0x000000070a800000, 0x000000070aa00000, 0x000000070aa00000|100%|HS|  |TAMS 0x000000070a800000| PB 0x000000070a800000| Complete 
|  44|0x000000070aa00000, 0x000000070ac00000, 0x000000070ac00000|100%|HC|  |TAMS 0x000000070aa00000| PB 0x000000070aa00000| Complete 
|  45|0x000000070ac00000, 0x000000070ae00000, 0x000000070ae00000|100%| O|  |TAMS 0x000000070ac00000| PB 0x000000070ac00000| Untracked 
|  46|0x000000070ae00000, 0x000000070b000000, 0x000000070b000000|100%| O|  |TAMS 0x000000070ae00000| PB 0x000000070ae00000| Untracked 
|  47|0x000000070b000000, 0x000000070b200000, 0x000000070b200000|100%| O|  |TAMS 0x000000070b000000| PB 0x000000070b000000| Untracked 
|  48|0x000000070b200000, 0x000000070b400000, 0x000000070b400000|100%| O|  |TAMS 0x000000070b200000| PB 0x000000070b200000| Untracked 
|  49|0x000000070b400000, 0x000000070b600000, 0x000000070b600000|100%| O|  |TAMS 0x000000070b400000| PB 0x000000070b400000| Untracked 
|  50|0x000000070b600000, 0x000000070b800000, 0x000000070b800000|100%| O|  |TAMS 0x000000070b600000| PB 0x000000070b600000| Untracked 
|  51|0x000000070b800000, 0x000000070ba00000, 0x000000070ba00000|100%| O|  |TAMS 0x000000070b800000| PB 0x000000070b800000| Untracked 
|  52|0x000000070ba00000, 0x000000070bc00000, 0x000000070bc00000|100%| O|  |TAMS 0x000000070ba00000| PB 0x000000070ba00000| Untracked 
|  53|0x000000070bc00000, 0x000000070be00000, 0x000000070be00000|100%| O|  |TAMS 0x000000070bc00000| PB 0x000000070bc00000| Untracked 
|  54|0x000000070be00000, 0x000000070c000000, 0x000000070c000000|100%| O|  |TAMS 0x000000070be00000| PB 0x000000070be00000| Untracked 
|  55|0x000000070c000000, 0x000000070c200000, 0x000000070c200000|100%| O|  |TAMS 0x000000070c000000| PB 0x000000070c000000| Untracked 
|  56|0x000000070c200000, 0x000000070c400000, 0x000000070c400000|100%|HS|  |TAMS 0x000000070c200000| PB 0x000000070c200000| Complete 
|  57|0x000000070c400000, 0x000000070c600000, 0x000000070c600000|100%|HC|  |TAMS 0x000000070c400000| PB 0x000000070c400000| Complete 
|  58|0x000000070c600000, 0x000000070c800000, 0x000000070c800000|100%|HC|  |TAMS 0x000000070c600000| PB 0x000000070c600000| Complete 
|  59|0x000000070c800000, 0x000000070ca00000, 0x000000070ca00000|100%|HC|  |TAMS 0x000000070c800000| PB 0x000000070c800000| Complete 
|  60|0x000000070ca00000, 0x000000070cc00000, 0x000000070cc00000|100%|HC|  |TAMS 0x000000070ca00000| PB 0x000000070ca00000| Complete 
|  61|0x000000070cc00000, 0x000000070ce00000, 0x000000070ce00000|100%|HC|  |TAMS 0x000000070cc00000| PB 0x000000070cc00000| Complete 
|  62|0x000000070ce00000, 0x000000070d000000, 0x000000070d000000|100%|HC|  |TAMS 0x000000070ce00000| PB 0x000000070ce00000| Complete 
|  63|0x000000070d000000, 0x000000070d200000, 0x000000070d200000|100%|HC|  |TAMS 0x000000070d000000| PB 0x000000070d000000| Complete 
|  64|0x000000070d200000, 0x000000070d400000, 0x000000070d400000|100%|HC|  |TAMS 0x000000070d200000| PB 0x000000070d200000| Complete 
|  65|0x000000070d400000, 0x000000070d600000, 0x000000070d600000|100%|HC|  |TAMS 0x000000070d400000| PB 0x000000070d400000| Complete 
|  66|0x000000070d600000, 0x000000070d800000, 0x000000070d800000|100%| O|  |TAMS 0x000000070d600000| PB 0x000000070d600000| Untracked 
|  67|0x000000070d800000, 0x000000070da00000, 0x000000070da00000|100%| O|  |TAMS 0x000000070d800000| PB 0x000000070d800000| Untracked 
|  68|0x000000070da00000, 0x000000070dc00000, 0x000000070dc00000|100%| O|  |TAMS 0x000000070da00000| PB 0x000000070da00000| Untracked 
|  69|0x000000070dc00000, 0x000000070de00000, 0x000000070de00000|100%| O|  |TAMS 0x000000070dc00000| PB 0x000000070dc00000| Untracked 
|  70|0x000000070de00000, 0x000000070e000000, 0x000000070e000000|100%| O|  |TAMS 0x000000070de00000| PB 0x000000070de00000| Untracked 
|  71|0x000000070e000000, 0x000000070e200000, 0x000000070e200000|100%| O|  |TAMS 0x000000070e000000| PB 0x000000070e000000| Untracked 
|  72|0x000000070e200000, 0x000000070e400000, 0x000000070e400000|100%| O|  |TAMS 0x000000070e200000| PB 0x000000070e200000| Untracked 
|  73|0x000000070e400000, 0x000000070e600000, 0x000000070e600000|100%| O|  |TAMS 0x000000070e400000| PB 0x000000070e400000| Untracked 
|  74|0x000000070e600000, 0x000000070e800000, 0x000000070e800000|100%| O|  |TAMS 0x000000070e600000| PB 0x000000070e600000| Untracked 
|  75|0x000000070e800000, 0x000000070ea00000, 0x000000070ea00000|100%| O|  |TAMS 0x000000070e800000| PB 0x000000070e800000| Untracked 
|  76|0x000000070ea00000, 0x000000070ec00000, 0x000000070ec00000|100%| O|  |TAMS 0x000000070ea00000| PB 0x000000070ea00000| Untracked 
|  77|0x000000070ec00000, 0x000000070ec5ad10, 0x000000070ee00000| 17%| O|  |TAMS 0x000000070ec00000| PB 0x000000070ec00000| Untracked 
|  78|0x000000070ee00000, 0x000000070ee00000, 0x000000070f000000|  0%| F|  |TAMS 0x000000070ee00000| PB 0x000000070ee00000| Untracked 
|  79|0x000000070f000000, 0x000000070f000000, 0x000000070f200000|  0%| F|  |TAMS 0x000000070f000000| PB 0x000000070f000000| Untracked 
|  80|0x000000070f200000, 0x000000070f200000, 0x000000070f400000|  0%| F|  |TAMS 0x000000070f200000| PB 0x000000070f200000| Untracked 
|  81|0x000000070f400000, 0x000000070f400000, 0x000000070f600000|  0%| F|  |TAMS 0x000000070f400000| PB 0x000000070f400000| Untracked 
|  82|0x000000070f600000, 0x000000070f800000, 0x000000070f800000|100%| O|  |TAMS 0x000000070f600000| PB 0x000000070f600000| Untracked 
|  83|0x000000070f800000, 0x000000070f800000, 0x000000070fa00000|  0%| F|  |TAMS 0x000000070f800000| PB 0x000000070f800000| Untracked 
|  84|0x000000070fa00000, 0x000000070fa00000, 0x000000070fc00000|  0%| F|  |TAMS 0x000000070fa00000| PB 0x000000070fa00000| Untracked 
|  85|0x000000070fc00000, 0x000000070fc00000, 0x000000070fe00000|  0%| F|  |TAMS 0x000000070fc00000| PB 0x000000070fc00000| Untracked 
|  86|0x000000070fe00000, 0x000000070fe00000, 0x0000000710000000|  0%| F|  |TAMS 0x000000070fe00000| PB 0x000000070fe00000| Untracked 
|  87|0x0000000710000000, 0x0000000710000000, 0x0000000710200000|  0%| F|  |TAMS 0x0000000710000000| PB 0x0000000710000000| Untracked 
|  88|0x0000000710200000, 0x0000000710200000, 0x0000000710400000|  0%| F|  |TAMS 0x0000000710200000| PB 0x0000000710200000| Untracked 
|  89|0x0000000710400000, 0x0000000710400000, 0x0000000710600000|  0%| F|  |TAMS 0x0000000710400000| PB 0x0000000710400000| Untracked 
|  90|0x0000000710600000, 0x0000000710600000, 0x0000000710800000|  0%| F|  |TAMS 0x0000000710600000| PB 0x0000000710600000| Untracked 
|  91|0x0000000710800000, 0x0000000710800000, 0x0000000710a00000|  0%| F|  |TAMS 0x0000000710800000| PB 0x0000000710800000| Untracked 
|  92|0x0000000710a00000, 0x0000000710a00000, 0x0000000710c00000|  0%| F|  |TAMS 0x0000000710a00000| PB 0x0000000710a00000| Untracked 
|  93|0x0000000710c00000, 0x0000000710c00000, 0x0000000710e00000|  0%| F|  |TAMS 0x0000000710c00000| PB 0x0000000710c00000| Untracked 
|  94|0x0000000710e00000, 0x0000000710e00000, 0x0000000711000000|  0%| F|  |TAMS 0x0000000710e00000| PB 0x0000000710e00000| Untracked 
|  95|0x0000000711000000, 0x0000000711000000, 0x0000000711200000|  0%| F|  |TAMS 0x0000000711000000| PB 0x0000000711000000| Untracked 
|  96|0x0000000711200000, 0x0000000711200000, 0x0000000711400000|  0%| F|  |TAMS 0x0000000711200000| PB 0x0000000711200000| Untracked 
|  97|0x0000000711400000, 0x0000000711400000, 0x0000000711600000|  0%| F|  |TAMS 0x0000000711400000| PB 0x0000000711400000| Untracked 
|  98|0x0000000711600000, 0x0000000711600000, 0x0000000711800000|  0%| F|  |TAMS 0x0000000711600000| PB 0x0000000711600000| Untracked 
|  99|0x0000000711800000, 0x0000000711800000, 0x0000000711a00000|  0%| F|  |TAMS 0x0000000711800000| PB 0x0000000711800000| Untracked 
| 100|0x0000000711a00000, 0x0000000711a00000, 0x0000000711c00000|  0%| F|  |TAMS 0x0000000711a00000| PB 0x0000000711a00000| Untracked 
| 101|0x0000000711c00000, 0x0000000711c00000, 0x0000000711e00000|  0%| F|  |TAMS 0x0000000711c00000| PB 0x0000000711c00000| Untracked 
| 102|0x0000000711e00000, 0x0000000711e00000, 0x0000000712000000|  0%| F|  |TAMS 0x0000000711e00000| PB 0x0000000711e00000| Untracked 
| 103|0x0000000712000000, 0x0000000712000000, 0x0000000712200000|  0%| F|  |TAMS 0x0000000712000000| PB 0x0000000712000000| Untracked 
| 104|0x0000000712200000, 0x0000000712200000, 0x0000000712400000|  0%| F|  |TAMS 0x0000000712200000| PB 0x0000000712200000| Untracked 
| 105|0x0000000712400000, 0x0000000712400000, 0x0000000712600000|  0%| F|  |TAMS 0x0000000712400000| PB 0x0000000712400000| Untracked 
| 106|0x0000000712600000, 0x0000000712600000, 0x0000000712800000|  0%| F|  |TAMS 0x0000000712600000| PB 0x0000000712600000| Untracked 
| 107|0x0000000712800000, 0x0000000712800000, 0x0000000712a00000|  0%| F|  |TAMS 0x0000000712800000| PB 0x0000000712800000| Untracked 
| 108|0x0000000712a00000, 0x0000000712a00000, 0x0000000712c00000|  0%| F|  |TAMS 0x0000000712a00000| PB 0x0000000712a00000| Untracked 
| 109|0x0000000712c00000, 0x0000000712c00000, 0x0000000712e00000|  0%| F|  |TAMS 0x0000000712c00000| PB 0x0000000712c00000| Untracked 
| 110|0x0000000712e00000, 0x0000000712e00000, 0x0000000713000000|  0%| F|  |TAMS 0x0000000712e00000| PB 0x0000000712e00000| Untracked 
| 111|0x0000000713000000, 0x0000000713000000, 0x0000000713200000|  0%| F|  |TAMS 0x0000000713000000| PB 0x0000000713000000| Untracked 
| 112|0x0000000713200000, 0x0000000713200000, 0x0000000713400000|  0%| F|  |TAMS 0x0000000713200000| PB 0x0000000713200000| Untracked 
| 113|0x0000000713400000, 0x0000000713400000, 0x0000000713600000|  0%| F|  |TAMS 0x0000000713400000| PB 0x0000000713400000| Untracked 
| 114|0x0000000713600000, 0x0000000713600000, 0x0000000713800000|  0%| F|  |TAMS 0x0000000713600000| PB 0x0000000713600000| Untracked 
| 115|0x0000000713800000, 0x0000000713800000, 0x0000000713a00000|  0%| F|  |TAMS 0x0000000713800000| PB 0x0000000713800000| Untracked 
| 116|0x0000000713a00000, 0x0000000713a00000, 0x0000000713c00000|  0%| F|  |TAMS 0x0000000713a00000| PB 0x0000000713a00000| Untracked 
| 117|0x0000000713c00000, 0x0000000713c00000, 0x0000000713e00000|  0%| F|  |TAMS 0x0000000713c00000| PB 0x0000000713c00000| Untracked 
| 118|0x0000000713e00000, 0x0000000713e00000, 0x0000000714000000|  0%| F|  |TAMS 0x0000000713e00000| PB 0x0000000713e00000| Untracked 
| 119|0x0000000714000000, 0x0000000714000000, 0x0000000714200000|  0%| F|  |TAMS 0x0000000714000000| PB 0x0000000714000000| Untracked 
| 120|0x0000000714200000, 0x0000000714200000, 0x0000000714400000|  0%| F|  |TAMS 0x0000000714200000| PB 0x0000000714200000| Untracked 
| 121|0x0000000714400000, 0x0000000714400000, 0x0000000714600000|  0%| F|  |TAMS 0x0000000714400000| PB 0x0000000714400000| Untracked 
| 122|0x0000000714600000, 0x0000000714600000, 0x0000000714800000|  0%| F|  |TAMS 0x0000000714600000| PB 0x0000000714600000| Untracked 
| 123|0x0000000714800000, 0x0000000714800000, 0x0000000714a00000|  0%| F|  |TAMS 0x0000000714800000| PB 0x0000000714800000| Untracked 
| 124|0x0000000714a00000, 0x0000000714a00000, 0x0000000714c00000|  0%| F|  |TAMS 0x0000000714a00000| PB 0x0000000714a00000| Untracked 
| 125|0x0000000714c00000, 0x0000000714c48258, 0x0000000714e00000| 14%| S|CS|TAMS 0x0000000714c00000| PB 0x0000000714c00000| Complete 
| 126|0x0000000714e00000, 0x0000000715000000, 0x0000000715000000|100%| S|CS|TAMS 0x0000000714e00000| PB 0x0000000714e00000| Complete 
| 127|0x0000000715000000, 0x0000000715200000, 0x0000000715200000|100%| S|CS|TAMS 0x0000000715000000| PB 0x0000000715000000| Complete 
| 128|0x0000000715200000, 0x0000000715400000, 0x0000000715400000|100%| S|CS|TAMS 0x0000000715200000| PB 0x0000000715200000| Complete 
| 129|0x0000000715400000, 0x0000000715600000, 0x0000000715600000|100%| S|CS|TAMS 0x0000000715400000| PB 0x0000000715400000| Complete 
| 130|0x0000000715600000, 0x0000000715800000, 0x0000000715800000|100%| S|CS|TAMS 0x0000000715600000| PB 0x0000000715600000| Complete 
| 131|0x0000000715800000, 0x0000000715a00000, 0x0000000715a00000|100%| S|CS|TAMS 0x0000000715800000| PB 0x0000000715800000| Complete 
| 132|0x0000000715a00000, 0x0000000715c00000, 0x0000000715c00000|100%| S|CS|TAMS 0x0000000715a00000| PB 0x0000000715a00000| Complete 
| 133|0x0000000715c00000, 0x0000000715e00000, 0x0000000715e00000|100%| S|CS|TAMS 0x0000000715c00000| PB 0x0000000715c00000| Complete 
| 134|0x0000000715e00000, 0x0000000715e00000, 0x0000000716000000|  0%| F|  |TAMS 0x0000000715e00000| PB 0x0000000715e00000| Untracked 
| 135|0x0000000716000000, 0x0000000716000000, 0x0000000716200000|  0%| F|  |TAMS 0x0000000716000000| PB 0x0000000716000000| Untracked 
| 136|0x0000000716200000, 0x0000000716200000, 0x0000000716400000|  0%| F|  |TAMS 0x0000000716200000| PB 0x0000000716200000| Untracked 
| 137|0x0000000716400000, 0x0000000716400000, 0x0000000716600000|  0%| F|  |TAMS 0x0000000716400000| PB 0x0000000716400000| Untracked 
| 138|0x0000000716600000, 0x0000000716600000, 0x0000000716800000|  0%| F|  |TAMS 0x0000000716600000| PB 0x0000000716600000| Untracked 
| 139|0x0000000716800000, 0x0000000716800000, 0x0000000716a00000|  0%| F|  |TAMS 0x0000000716800000| PB 0x0000000716800000| Untracked 
| 140|0x0000000716a00000, 0x0000000716a00000, 0x0000000716c00000|  0%| F|  |TAMS 0x0000000716a00000| PB 0x0000000716a00000| Untracked 
| 141|0x0000000716c00000, 0x0000000716c00000, 0x0000000716e00000|  0%| F|  |TAMS 0x0000000716c00000| PB 0x0000000716c00000| Untracked 
| 142|0x0000000716e00000, 0x0000000716e00000, 0x0000000717000000|  0%| F|  |TAMS 0x0000000716e00000| PB 0x0000000716e00000| Untracked 
| 143|0x0000000717000000, 0x0000000717000000, 0x0000000717200000|  0%| F|  |TAMS 0x0000000717000000| PB 0x0000000717000000| Untracked 
| 144|0x0000000717200000, 0x0000000717400000, 0x0000000717400000|100%| S|CS|TAMS 0x0000000717200000| PB 0x0000000717200000| Complete 
| 145|0x0000000717400000, 0x0000000717600000, 0x0000000717600000|100%| S|CS|TAMS 0x0000000717400000| PB 0x0000000717400000| Complete 
| 146|0x0000000717600000, 0x0000000717800000, 0x0000000717800000|100%| S|CS|TAMS 0x0000000717600000| PB 0x0000000717600000| Complete 
| 147|0x0000000717800000, 0x0000000717800000, 0x0000000717a00000|  0%| F|  |TAMS 0x0000000717800000| PB 0x0000000717800000| Untracked 
| 148|0x0000000717a00000, 0x0000000717a00000, 0x0000000717c00000|  0%| F|  |TAMS 0x0000000717a00000| PB 0x0000000717a00000| Untracked 
| 149|0x0000000717c00000, 0x0000000717c00000, 0x0000000717e00000|  0%| F|  |TAMS 0x0000000717c00000| PB 0x0000000717c00000| Untracked 
| 150|0x0000000717e00000, 0x0000000717e00000, 0x0000000718000000|  0%| F|  |TAMS 0x0000000717e00000| PB 0x0000000717e00000| Untracked 
| 151|0x0000000718000000, 0x0000000718000000, 0x0000000718200000|  0%| F|  |TAMS 0x0000000718000000| PB 0x0000000718000000| Untracked 
| 152|0x0000000718200000, 0x0000000718200000, 0x0000000718400000|  0%| F|  |TAMS 0x0000000718200000| PB 0x0000000718200000| Untracked 
| 153|0x0000000718400000, 0x0000000718400000, 0x0000000718600000|  0%| F|  |TAMS 0x0000000718400000| PB 0x0000000718400000| Untracked 
| 154|0x0000000718600000, 0x0000000718600000, 0x0000000718800000|  0%| F|  |TAMS 0x0000000718600000| PB 0x0000000718600000| Untracked 
| 155|0x0000000718800000, 0x0000000718800000, 0x0000000718a00000|  0%| F|  |TAMS 0x0000000718800000| PB 0x0000000718800000| Untracked 
| 156|0x0000000718a00000, 0x0000000718a00000, 0x0000000718c00000|  0%| F|  |TAMS 0x0000000718a00000| PB 0x0000000718a00000| Untracked 
| 157|0x0000000718c00000, 0x0000000718c00000, 0x0000000718e00000|  0%| F|  |TAMS 0x0000000718c00000| PB 0x0000000718c00000| Untracked 
| 158|0x0000000718e00000, 0x0000000718e00000, 0x0000000719000000|  0%| F|  |TAMS 0x0000000718e00000| PB 0x0000000718e00000| Untracked 
| 159|0x0000000719000000, 0x0000000719000000, 0x0000000719200000|  0%| F|  |TAMS 0x0000000719000000| PB 0x0000000719000000| Untracked 
| 160|0x0000000719200000, 0x0000000719200000, 0x0000000719400000|  0%| F|  |TAMS 0x0000000719200000| PB 0x0000000719200000| Untracked 
| 161|0x0000000719400000, 0x0000000719400000, 0x0000000719600000|  0%| F|  |TAMS 0x0000000719400000| PB 0x0000000719400000| Untracked 
| 162|0x0000000719600000, 0x0000000719600000, 0x0000000719800000|  0%| F|  |TAMS 0x0000000719600000| PB 0x0000000719600000| Untracked 
| 163|0x0000000719800000, 0x0000000719800000, 0x0000000719a00000|  0%| F|  |TAMS 0x0000000719800000| PB 0x0000000719800000| Untracked 
| 164|0x0000000719a00000, 0x0000000719a00000, 0x0000000719c00000|  0%| F|  |TAMS 0x0000000719a00000| PB 0x0000000719a00000| Untracked 
| 165|0x0000000719c00000, 0x0000000719c00000, 0x0000000719e00000|  0%| F|  |TAMS 0x0000000719c00000| PB 0x0000000719c00000| Untracked 
| 166|0x0000000719e00000, 0x0000000719e00000, 0x000000071a000000|  0%| F|  |TAMS 0x0000000719e00000| PB 0x0000000719e00000| Untracked 
| 167|0x000000071a000000, 0x000000071a000000, 0x000000071a200000|  0%| F|  |TAMS 0x000000071a000000| PB 0x000000071a000000| Untracked 
| 168|0x000000071a200000, 0x000000071a200000, 0x000000071a400000|  0%| F|  |TAMS 0x000000071a200000| PB 0x000000071a200000| Untracked 
| 169|0x000000071a400000, 0x000000071a400000, 0x000000071a600000|  0%| F|  |TAMS 0x000000071a400000| PB 0x000000071a400000| Untracked 
| 170|0x000000071a600000, 0x000000071a600000, 0x000000071a800000|  0%| F|  |TAMS 0x000000071a600000| PB 0x000000071a600000| Untracked 
| 171|0x000000071a800000, 0x000000071a800000, 0x000000071aa00000|  0%| F|  |TAMS 0x000000071a800000| PB 0x000000071a800000| Untracked 
| 172|0x000000071aa00000, 0x000000071aa00000, 0x000000071ac00000|  0%| F|  |TAMS 0x000000071aa00000| PB 0x000000071aa00000| Untracked 
| 173|0x000000071ac00000, 0x000000071ac00000, 0x000000071ae00000|  0%| F|  |TAMS 0x000000071ac00000| PB 0x000000071ac00000| Untracked 
| 174|0x000000071ae00000, 0x000000071af00000, 0x000000071b000000| 50%| E|  |TAMS 0x000000071ae00000| PB 0x000000071ae00000| Complete 
| 175|0x000000071b000000, 0x000000071b200000, 0x000000071b200000|100%| E|CS|TAMS 0x000000071b000000| PB 0x000000071b000000| Complete 
| 176|0x000000071b200000, 0x000000071b400000, 0x000000071b400000|100%| E|CS|TAMS 0x000000071b200000| PB 0x000000071b200000| Complete 
| 177|0x000000071b400000, 0x000000071b600000, 0x000000071b600000|100%| E|CS|TAMS 0x000000071b400000| PB 0x000000071b400000| Complete 
| 178|0x000000071b600000, 0x000000071b800000, 0x000000071b800000|100%| E|CS|TAMS 0x000000071b600000| PB 0x000000071b600000| Complete 
| 179|0x000000071b800000, 0x000000071ba00000, 0x000000071ba00000|100%| E|CS|TAMS 0x000000071b800000| PB 0x000000071b800000| Complete 
| 180|0x000000071ba00000, 0x000000071bc00000, 0x000000071bc00000|100%| E|CS|TAMS 0x000000071ba00000| PB 0x000000071ba00000| Complete 
| 181|0x000000071bc00000, 0x000000071be00000, 0x000000071be00000|100%| E|CS|TAMS 0x000000071bc00000| PB 0x000000071bc00000| Complete 
| 182|0x000000071be00000, 0x000000071c000000, 0x000000071c000000|100%| E|CS|TAMS 0x000000071be00000| PB 0x000000071be00000| Complete 
| 183|0x000000071c000000, 0x000000071c200000, 0x000000071c200000|100%| E|CS|TAMS 0x000000071c000000| PB 0x000000071c000000| Complete 
| 184|0x000000071c200000, 0x000000071c400000, 0x000000071c400000|100%| E|CS|TAMS 0x000000071c200000| PB 0x000000071c200000| Complete 
| 185|0x000000071c400000, 0x000000071c600000, 0x000000071c600000|100%| E|CS|TAMS 0x000000071c400000| PB 0x000000071c400000| Complete 
| 186|0x000000071c600000, 0x000000071c800000, 0x000000071c800000|100%| E|CS|TAMS 0x000000071c600000| PB 0x000000071c600000| Complete 
| 187|0x000000071c800000, 0x000000071ca00000, 0x000000071ca00000|100%| E|CS|TAMS 0x000000071c800000| PB 0x000000071c800000| Complete 
| 188|0x000000071ca00000, 0x000000071cc00000, 0x000000071cc00000|100%| E|CS|TAMS 0x000000071ca00000| PB 0x000000071ca00000| Complete 
| 189|0x000000071cc00000, 0x000000071ce00000, 0x000000071ce00000|100%| E|CS|TAMS 0x000000071cc00000| PB 0x000000071cc00000| Complete 
| 190|0x000000071ce00000, 0x000000071d000000, 0x000000071d000000|100%| E|CS|TAMS 0x000000071ce00000| PB 0x000000071ce00000| Complete 
| 191|0x000000071d000000, 0x000000071d200000, 0x000000071d200000|100%| E|CS|TAMS 0x000000071d000000| PB 0x000000071d000000| Complete 
| 192|0x000000071d200000, 0x000000071d400000, 0x000000071d400000|100%| E|CS|TAMS 0x000000071d200000| PB 0x000000071d200000| Complete 
| 193|0x000000071d400000, 0x000000071d600000, 0x000000071d600000|100%| E|CS|TAMS 0x000000071d400000| PB 0x000000071d400000| Complete 
| 194|0x000000071d600000, 0x000000071d800000, 0x000000071d800000|100%| E|CS|TAMS 0x000000071d600000| PB 0x000000071d600000| Complete 
| 195|0x000000071d800000, 0x000000071da00000, 0x000000071da00000|100%| E|CS|TAMS 0x000000071d800000| PB 0x000000071d800000| Complete 
| 196|0x000000071da00000, 0x000000071dc00000, 0x000000071dc00000|100%| E|CS|TAMS 0x000000071da00000| PB 0x000000071da00000| Complete 
| 197|0x000000071dc00000, 0x000000071de00000, 0x000000071de00000|100%| E|CS|TAMS 0x000000071dc00000| PB 0x000000071dc00000| Complete 
| 198|0x000000071de00000, 0x000000071e000000, 0x000000071e000000|100%| E|CS|TAMS 0x000000071de00000| PB 0x000000071de00000| Complete 
| 199|0x000000071e000000, 0x000000071e200000, 0x000000071e200000|100%| E|CS|TAMS 0x000000071e000000| PB 0x000000071e000000| Complete 
| 200|0x000000071e200000, 0x000000071e400000, 0x000000071e400000|100%| E|CS|TAMS 0x000000071e200000| PB 0x000000071e200000| Complete 
| 201|0x000000071e400000, 0x000000071e600000, 0x000000071e600000|100%| E|CS|TAMS 0x000000071e400000| PB 0x000000071e400000| Complete 
| 202|0x000000071e600000, 0x000000071e800000, 0x000000071e800000|100%| E|CS|TAMS 0x000000071e600000| PB 0x000000071e600000| Complete 
| 203|0x000000071e800000, 0x000000071ea00000, 0x000000071ea00000|100%| E|CS|TAMS 0x000000071e800000| PB 0x000000071e800000| Complete 
| 204|0x000000071ea00000, 0x000000071ec00000, 0x000000071ec00000|100%| E|CS|TAMS 0x000000071ea00000| PB 0x000000071ea00000| Complete 
| 205|0x000000071ec00000, 0x000000071ee00000, 0x000000071ee00000|100%| E|CS|TAMS 0x000000071ec00000| PB 0x000000071ec00000| Complete 
| 206|0x000000071ee00000, 0x000000071f000000, 0x000000071f000000|100%| E|CS|TAMS 0x000000071ee00000| PB 0x000000071ee00000| Complete 
| 207|0x000000071f000000, 0x000000071f200000, 0x000000071f200000|100%| E|CS|TAMS 0x000000071f000000| PB 0x000000071f000000| Complete 
| 208|0x000000071f200000, 0x000000071f400000, 0x000000071f400000|100%| E|CS|TAMS 0x000000071f200000| PB 0x000000071f200000| Complete 
| 209|0x000000071f400000, 0x000000071f600000, 0x000000071f600000|100%| E|CS|TAMS 0x000000071f400000| PB 0x000000071f400000| Complete 
| 210|0x000000071f600000, 0x000000071f800000, 0x000000071f800000|100%| E|CS|TAMS 0x000000071f600000| PB 0x000000071f600000| Complete 
| 211|0x000000071f800000, 0x000000071fa00000, 0x000000071fa00000|100%| E|CS|TAMS 0x000000071f800000| PB 0x000000071f800000| Complete 
| 212|0x000000071fa00000, 0x000000071fc00000, 0x000000071fc00000|100%| E|CS|TAMS 0x000000071fa00000| PB 0x000000071fa00000| Complete 
| 213|0x000000071fc00000, 0x000000071fe00000, 0x000000071fe00000|100%| E|CS|TAMS 0x000000071fc00000| PB 0x000000071fc00000| Complete 
| 214|0x000000071fe00000, 0x0000000720000000, 0x0000000720000000|100%| E|CS|TAMS 0x000000071fe00000| PB 0x000000071fe00000| Complete 
| 215|0x0000000720000000, 0x0000000720200000, 0x0000000720200000|100%| E|CS|TAMS 0x0000000720000000| PB 0x0000000720000000| Complete 
| 216|0x0000000720200000, 0x0000000720400000, 0x0000000720400000|100%| E|CS|TAMS 0x0000000720200000| PB 0x0000000720200000| Complete 
| 217|0x0000000720400000, 0x0000000720600000, 0x0000000720600000|100%| E|CS|TAMS 0x0000000720400000| PB 0x0000000720400000| Complete 
| 218|0x0000000720600000, 0x0000000720800000, 0x0000000720800000|100%| E|CS|TAMS 0x0000000720600000| PB 0x0000000720600000| Complete 
| 219|0x0000000720800000, 0x0000000720a00000, 0x0000000720a00000|100%| E|CS|TAMS 0x0000000720800000| PB 0x0000000720800000| Complete 
| 220|0x0000000720a00000, 0x0000000720c00000, 0x0000000720c00000|100%| E|CS|TAMS 0x0000000720a00000| PB 0x0000000720a00000| Complete 
| 221|0x0000000720c00000, 0x0000000720e00000, 0x0000000720e00000|100%| E|CS|TAMS 0x0000000720c00000| PB 0x0000000720c00000| Complete 
| 222|0x0000000720e00000, 0x0000000721000000, 0x0000000721000000|100%| E|CS|TAMS 0x0000000720e00000| PB 0x0000000720e00000| Complete 
| 223|0x0000000721000000, 0x0000000721200000, 0x0000000721200000|100%| E|CS|TAMS 0x0000000721000000| PB 0x0000000721000000| Complete 
| 224|0x0000000721200000, 0x0000000721400000, 0x0000000721400000|100%| E|CS|TAMS 0x0000000721200000| PB 0x0000000721200000| Complete 
| 225|0x0000000721400000, 0x0000000721600000, 0x0000000721600000|100%| E|CS|TAMS 0x0000000721400000| PB 0x0000000721400000| Complete 
| 226|0x0000000721600000, 0x0000000721800000, 0x0000000721800000|100%| E|CS|TAMS 0x0000000721600000| PB 0x0000000721600000| Complete 
| 227|0x0000000721800000, 0x0000000721a00000, 0x0000000721a00000|100%| E|CS|TAMS 0x0000000721800000| PB 0x0000000721800000| Complete 
| 228|0x0000000721a00000, 0x0000000721c00000, 0x0000000721c00000|100%| E|CS|TAMS 0x0000000721a00000| PB 0x0000000721a00000| Complete 
| 229|0x0000000721c00000, 0x0000000721e00000, 0x0000000721e00000|100%| E|CS|TAMS 0x0000000721c00000| PB 0x0000000721c00000| Complete 
| 230|0x0000000721e00000, 0x0000000722000000, 0x0000000722000000|100%| E|CS|TAMS 0x0000000721e00000| PB 0x0000000721e00000| Complete 
| 231|0x0000000722000000, 0x0000000722200000, 0x0000000722200000|100%| E|CS|TAMS 0x0000000722000000| PB 0x0000000722000000| Complete 
| 232|0x0000000722200000, 0x0000000722400000, 0x0000000722400000|100%| E|CS|TAMS 0x0000000722200000| PB 0x0000000722200000| Complete 
| 233|0x0000000722400000, 0x0000000722600000, 0x0000000722600000|100%| E|CS|TAMS 0x0000000722400000| PB 0x0000000722400000| Complete 
| 234|0x0000000722600000, 0x0000000722800000, 0x0000000722800000|100%| E|CS|TAMS 0x0000000722600000| PB 0x0000000722600000| Complete 
| 235|0x0000000722800000, 0x0000000722a00000, 0x0000000722a00000|100%| E|CS|TAMS 0x0000000722800000| PB 0x0000000722800000| Complete 
| 236|0x0000000722a00000, 0x0000000722c00000, 0x0000000722c00000|100%| E|CS|TAMS 0x0000000722a00000| PB 0x0000000722a00000| Complete 
| 237|0x0000000722c00000, 0x0000000722e00000, 0x0000000722e00000|100%| E|CS|TAMS 0x0000000722c00000| PB 0x0000000722c00000| Complete 
| 238|0x0000000722e00000, 0x0000000723000000, 0x0000000723000000|100%| E|CS|TAMS 0x0000000722e00000| PB 0x0000000722e00000| Complete 
| 239|0x0000000723000000, 0x0000000723200000, 0x0000000723200000|100%| E|CS|TAMS 0x0000000723000000| PB 0x0000000723000000| Complete 
| 240|0x0000000723200000, 0x0000000723400000, 0x0000000723400000|100%| E|CS|TAMS 0x0000000723200000| PB 0x0000000723200000| Complete 
| 241|0x0000000723400000, 0x0000000723600000, 0x0000000723600000|100%| E|CS|TAMS 0x0000000723400000| PB 0x0000000723400000| Complete 
| 242|0x0000000723600000, 0x0000000723800000, 0x0000000723800000|100%| E|CS|TAMS 0x0000000723600000| PB 0x0000000723600000| Complete 
| 243|0x0000000723800000, 0x0000000723a00000, 0x0000000723a00000|100%| E|CS|TAMS 0x0000000723800000| PB 0x0000000723800000| Complete 
| 244|0x0000000723a00000, 0x0000000723c00000, 0x0000000723c00000|100%| E|CS|TAMS 0x0000000723a00000| PB 0x0000000723a00000| Complete 
| 245|0x0000000723c00000, 0x0000000723e00000, 0x0000000723e00000|100%| E|CS|TAMS 0x0000000723c00000| PB 0x0000000723c00000| Complete 
| 246|0x0000000723e00000, 0x0000000724000000, 0x0000000724000000|100%| E|CS|TAMS 0x0000000723e00000| PB 0x0000000723e00000| Complete 
| 247|0x0000000724000000, 0x0000000724200000, 0x0000000724200000|100%| E|CS|TAMS 0x0000000724000000| PB 0x0000000724000000| Complete 
| 248|0x0000000724200000, 0x0000000724400000, 0x0000000724400000|100%| E|CS|TAMS 0x0000000724200000| PB 0x0000000724200000| Complete 
| 249|0x0000000724400000, 0x0000000724600000, 0x0000000724600000|100%| E|CS|TAMS 0x0000000724400000| PB 0x0000000724400000| Complete 
| 250|0x0000000724600000, 0x0000000724800000, 0x0000000724800000|100%| E|CS|TAMS 0x0000000724600000| PB 0x0000000724600000| Complete 
| 251|0x0000000724800000, 0x0000000724a00000, 0x0000000724a00000|100%| E|CS|TAMS 0x0000000724800000| PB 0x0000000724800000| Complete 
| 252|0x0000000724a00000, 0x0000000724c00000, 0x0000000724c00000|100%| E|CS|TAMS 0x0000000724a00000| PB 0x0000000724a00000| Complete 
| 253|0x0000000724c00000, 0x0000000724e00000, 0x0000000724e00000|100%| E|CS|TAMS 0x0000000724c00000| PB 0x0000000724c00000| Complete 
| 254|0x0000000724e00000, 0x0000000725000000, 0x0000000725000000|100%| E|CS|TAMS 0x0000000724e00000| PB 0x0000000724e00000| Complete 
| 255|0x0000000725000000, 0x0000000725200000, 0x0000000725200000|100%| E|CS|TAMS 0x0000000725000000| PB 0x0000000725000000| Complete 
| 256|0x0000000725200000, 0x0000000725400000, 0x0000000725400000|100%| E|CS|TAMS 0x0000000725200000| PB 0x0000000725200000| Complete 
| 257|0x0000000725400000, 0x0000000725600000, 0x0000000725600000|100%| E|CS|TAMS 0x0000000725400000| PB 0x0000000725400000| Complete 
| 258|0x0000000725600000, 0x0000000725800000, 0x0000000725800000|100%| E|CS|TAMS 0x0000000725600000| PB 0x0000000725600000| Complete 
| 259|0x0000000725800000, 0x0000000725a00000, 0x0000000725a00000|100%| E|CS|TAMS 0x0000000725800000| PB 0x0000000725800000| Complete 
| 260|0x0000000725a00000, 0x0000000725c00000, 0x0000000725c00000|100%| E|CS|TAMS 0x0000000725a00000| PB 0x0000000725a00000| Complete 
| 261|0x0000000725c00000, 0x0000000725e00000, 0x0000000725e00000|100%| E|CS|TAMS 0x0000000725c00000| PB 0x0000000725c00000| Complete 
| 262|0x0000000725e00000, 0x0000000726000000, 0x0000000726000000|100%| E|CS|TAMS 0x0000000725e00000| PB 0x0000000725e00000| Complete 
| 263|0x0000000726000000, 0x0000000726200000, 0x0000000726200000|100%| E|CS|TAMS 0x0000000726000000| PB 0x0000000726000000| Complete 
| 264|0x0000000726200000, 0x0000000726400000, 0x0000000726400000|100%| E|CS|TAMS 0x0000000726200000| PB 0x0000000726200000| Complete 
| 265|0x0000000726400000, 0x0000000726600000, 0x0000000726600000|100%| E|CS|TAMS 0x0000000726400000| PB 0x0000000726400000| Complete 
| 266|0x0000000726600000, 0x0000000726800000, 0x0000000726800000|100%| E|CS|TAMS 0x0000000726600000| PB 0x0000000726600000| Complete 
| 267|0x0000000726800000, 0x0000000726a00000, 0x0000000726a00000|100%| E|CS|TAMS 0x0000000726800000| PB 0x0000000726800000| Complete 
| 268|0x0000000726a00000, 0x0000000726c00000, 0x0000000726c00000|100%| E|CS|TAMS 0x0000000726a00000| PB 0x0000000726a00000| Complete 
| 269|0x0000000726c00000, 0x0000000726e00000, 0x0000000726e00000|100%| E|CS|TAMS 0x0000000726c00000| PB 0x0000000726c00000| Complete 
| 270|0x0000000726e00000, 0x0000000727000000, 0x0000000727000000|100%| E|CS|TAMS 0x0000000726e00000| PB 0x0000000726e00000| Complete 
| 271|0x0000000727000000, 0x0000000727200000, 0x0000000727200000|100%| E|CS|TAMS 0x0000000727000000| PB 0x0000000727000000| Complete 
| 272|0x0000000727200000, 0x0000000727400000, 0x0000000727400000|100%| E|CS|TAMS 0x0000000727200000| PB 0x0000000727200000| Complete 
| 273|0x0000000727400000, 0x0000000727600000, 0x0000000727600000|100%| E|CS|TAMS 0x0000000727400000| PB 0x0000000727400000| Complete 
| 274|0x0000000727600000, 0x0000000727800000, 0x0000000727800000|100%| E|CS|TAMS 0x0000000727600000| PB 0x0000000727600000| Complete 
| 275|0x0000000727800000, 0x0000000727a00000, 0x0000000727a00000|100%| E|CS|TAMS 0x0000000727800000| PB 0x0000000727800000| Complete 
| 276|0x0000000727a00000, 0x0000000727c00000, 0x0000000727c00000|100%| E|CS|TAMS 0x0000000727a00000| PB 0x0000000727a00000| Complete 
| 277|0x0000000727c00000, 0x0000000727e00000, 0x0000000727e00000|100%| E|CS|TAMS 0x0000000727c00000| PB 0x0000000727c00000| Complete 
| 278|0x0000000727e00000, 0x0000000728000000, 0x0000000728000000|100%| E|CS|TAMS 0x0000000727e00000| PB 0x0000000727e00000| Complete 
| 279|0x0000000728000000, 0x0000000728200000, 0x0000000728200000|100%| E|CS|TAMS 0x0000000728000000| PB 0x0000000728000000| Complete 
| 280|0x0000000728200000, 0x0000000728400000, 0x0000000728400000|100%| E|CS|TAMS 0x0000000728200000| PB 0x0000000728200000| Complete 
| 281|0x0000000728400000, 0x0000000728600000, 0x0000000728600000|100%| E|CS|TAMS 0x0000000728400000| PB 0x0000000728400000| Complete 
| 282|0x0000000728600000, 0x0000000728800000, 0x0000000728800000|100%| E|CS|TAMS 0x0000000728600000| PB 0x0000000728600000| Complete 
| 283|0x0000000728800000, 0x0000000728a00000, 0x0000000728a00000|100%| E|CS|TAMS 0x0000000728800000| PB 0x0000000728800000| Complete 
| 284|0x0000000728a00000, 0x0000000728c00000, 0x0000000728c00000|100%| E|CS|TAMS 0x0000000728a00000| PB 0x0000000728a00000| Complete 
| 285|0x0000000728c00000, 0x0000000728e00000, 0x0000000728e00000|100%| E|CS|TAMS 0x0000000728c00000| PB 0x0000000728c00000| Complete 
| 286|0x0000000728e00000, 0x0000000729000000, 0x0000000729000000|100%| E|CS|TAMS 0x0000000728e00000| PB 0x0000000728e00000| Complete 
| 287|0x0000000729000000, 0x0000000729200000, 0x0000000729200000|100%| E|CS|TAMS 0x0000000729000000| PB 0x0000000729000000| Complete 
| 288|0x0000000729200000, 0x0000000729400000, 0x0000000729400000|100%| E|CS|TAMS 0x0000000729200000| PB 0x0000000729200000| Complete 
| 289|0x0000000729400000, 0x0000000729600000, 0x0000000729600000|100%| E|CS|TAMS 0x0000000729400000| PB 0x0000000729400000| Complete 
| 290|0x0000000729600000, 0x0000000729800000, 0x0000000729800000|100%| E|CS|TAMS 0x0000000729600000| PB 0x0000000729600000| Complete 
| 291|0x0000000729800000, 0x0000000729a00000, 0x0000000729a00000|100%| E|CS|TAMS 0x0000000729800000| PB 0x0000000729800000| Complete 
| 292|0x0000000729a00000, 0x0000000729c00000, 0x0000000729c00000|100%| E|CS|TAMS 0x0000000729a00000| PB 0x0000000729a00000| Complete 
| 293|0x0000000729c00000, 0x0000000729e00000, 0x0000000729e00000|100%| E|CS|TAMS 0x0000000729c00000| PB 0x0000000729c00000| Complete 
| 294|0x0000000729e00000, 0x000000072a000000, 0x000000072a000000|100%| E|CS|TAMS 0x0000000729e00000| PB 0x0000000729e00000| Complete 
| 295|0x000000072a000000, 0x000000072a200000, 0x000000072a200000|100%| E|CS|TAMS 0x000000072a000000| PB 0x000000072a000000| Complete 
| 296|0x000000072a200000, 0x000000072a400000, 0x000000072a400000|100%| E|CS|TAMS 0x000000072a200000| PB 0x000000072a200000| Complete 
| 297|0x000000072a400000, 0x000000072a600000, 0x000000072a600000|100%| E|CS|TAMS 0x000000072a400000| PB 0x000000072a400000| Complete 
| 298|0x000000072a600000, 0x000000072a800000, 0x000000072a800000|100%| E|CS|TAMS 0x000000072a600000| PB 0x000000072a600000| Complete 
| 299|0x000000072a800000, 0x000000072aa00000, 0x000000072aa00000|100%| E|CS|TAMS 0x000000072a800000| PB 0x000000072a800000| Complete 
| 300|0x000000072aa00000, 0x000000072ac00000, 0x000000072ac00000|100%| E|CS|TAMS 0x000000072aa00000| PB 0x000000072aa00000| Complete 
| 301|0x000000072ac00000, 0x000000072ae00000, 0x000000072ae00000|100%| E|CS|TAMS 0x000000072ac00000| PB 0x000000072ac00000| Complete 
| 302|0x000000072ae00000, 0x000000072b000000, 0x000000072b000000|100%| E|CS|TAMS 0x000000072ae00000| PB 0x000000072ae00000| Complete 
| 303|0x000000072b000000, 0x000000072b200000, 0x000000072b200000|100%| E|CS|TAMS 0x000000072b000000| PB 0x000000072b000000| Complete 
| 304|0x000000072b200000, 0x000000072b400000, 0x000000072b400000|100%| E|CS|TAMS 0x000000072b200000| PB 0x000000072b200000| Complete 
| 305|0x000000072b400000, 0x000000072b600000, 0x000000072b600000|100%| E|CS|TAMS 0x000000072b400000| PB 0x000000072b400000| Complete 
| 306|0x000000072b600000, 0x000000072b800000, 0x000000072b800000|100%| E|CS|TAMS 0x000000072b600000| PB 0x000000072b600000| Complete 
| 307|0x000000072b800000, 0x000000072ba00000, 0x000000072ba00000|100%| E|CS|TAMS 0x000000072b800000| PB 0x000000072b800000| Complete 
| 308|0x000000072ba00000, 0x000000072bc00000, 0x000000072bc00000|100%| E|CS|TAMS 0x000000072ba00000| PB 0x000000072ba00000| Complete 
| 309|0x000000072bc00000, 0x000000072be00000, 0x000000072be00000|100%| E|CS|TAMS 0x000000072bc00000| PB 0x000000072bc00000| Complete 
| 310|0x000000072be00000, 0x000000072c000000, 0x000000072c000000|100%| E|CS|TAMS 0x000000072be00000| PB 0x000000072be00000| Complete 
| 311|0x000000072c000000, 0x000000072c200000, 0x000000072c200000|100%| E|CS|TAMS 0x000000072c000000| PB 0x000000072c000000| Complete 
| 312|0x000000072c200000, 0x000000072c400000, 0x000000072c400000|100%| E|CS|TAMS 0x000000072c200000| PB 0x000000072c200000| Complete 
| 313|0x000000072c400000, 0x000000072c600000, 0x000000072c600000|100%| E|CS|TAMS 0x000000072c400000| PB 0x000000072c400000| Complete 
| 314|0x000000072c600000, 0x000000072c800000, 0x000000072c800000|100%| E|CS|TAMS 0x000000072c600000| PB 0x000000072c600000| Complete 
| 315|0x000000072c800000, 0x000000072ca00000, 0x000000072ca00000|100%| E|CS|TAMS 0x000000072c800000| PB 0x000000072c800000| Complete 
| 316|0x000000072ca00000, 0x000000072cc00000, 0x000000072cc00000|100%| E|CS|TAMS 0x000000072ca00000| PB 0x000000072ca00000| Complete 
| 317|0x000000072cc00000, 0x000000072ce00000, 0x000000072ce00000|100%| E|CS|TAMS 0x000000072cc00000| PB 0x000000072cc00000| Complete 
| 318|0x000000072ce00000, 0x000000072d000000, 0x000000072d000000|100%| E|CS|TAMS 0x000000072ce00000| PB 0x000000072ce00000| Complete 
| 319|0x000000072d000000, 0x000000072d200000, 0x000000072d200000|100%| E|CS|TAMS 0x000000072d000000| PB 0x000000072d000000| Complete 
| 320|0x000000072d200000, 0x000000072d400000, 0x000000072d400000|100%| E|CS|TAMS 0x000000072d200000| PB 0x000000072d200000| Complete 
| 321|0x000000072d400000, 0x000000072d600000, 0x000000072d600000|100%| E|CS|TAMS 0x000000072d400000| PB 0x000000072d400000| Complete 
| 322|0x000000072d600000, 0x000000072d800000, 0x000000072d800000|100%| E|CS|TAMS 0x000000072d600000| PB 0x000000072d600000| Complete 
| 323|0x000000072d800000, 0x000000072da00000, 0x000000072da00000|100%| E|CS|TAMS 0x000000072d800000| PB 0x000000072d800000| Complete 
| 324|0x000000072da00000, 0x000000072dc00000, 0x000000072dc00000|100%| E|CS|TAMS 0x000000072da00000| PB 0x000000072da00000| Complete 
| 325|0x000000072dc00000, 0x000000072de00000, 0x000000072de00000|100%| E|CS|TAMS 0x000000072dc00000| PB 0x000000072dc00000| Complete 
| 326|0x000000072de00000, 0x000000072e000000, 0x000000072e000000|100%| E|CS|TAMS 0x000000072de00000| PB 0x000000072de00000| Complete 
| 327|0x000000072e000000, 0x000000072e200000, 0x000000072e200000|100%| E|CS|TAMS 0x000000072e000000| PB 0x000000072e000000| Complete 
| 328|0x000000072e200000, 0x000000072e400000, 0x000000072e400000|100%| E|CS|TAMS 0x000000072e200000| PB 0x000000072e200000| Complete 
| 329|0x000000072e400000, 0x000000072e600000, 0x000000072e600000|100%| E|CS|TAMS 0x000000072e400000| PB 0x000000072e400000| Complete 
| 330|0x000000072e600000, 0x000000072e800000, 0x000000072e800000|100%| E|CS|TAMS 0x000000072e600000| PB 0x000000072e600000| Complete 
| 331|0x000000072e800000, 0x000000072ea00000, 0x000000072ea00000|100%| E|CS|TAMS 0x000000072e800000| PB 0x000000072e800000| Complete 
| 332|0x000000072ea00000, 0x000000072ec00000, 0x000000072ec00000|100%| E|CS|TAMS 0x000000072ea00000| PB 0x000000072ea00000| Complete 
|2004|0x00000007ffa00000, 0x00000007ffc00000, 0x00000007ffc00000|100%| E|CS|TAMS 0x00000007ffa00000| PB 0x00000007ffa00000| Complete 
|2005|0x00000007ffc00000, 0x00000007ffe00000, 0x00000007ffe00000|100%| E|CS|TAMS 0x00000007ffc00000| PB 0x00000007ffc00000| Complete 
|2006|0x00000007ffe00000, 0x0000000800000000, 0x0000000800000000|100%| E|CS|TAMS 0x00000007ffe00000| PB 0x00000007ffe00000| Complete 

Card table byte_map: [0x000001bef6230000,0x000001bef6a10000] _byte_map_base: 0x000001bef2a07000

Marking Bits: (CMBitMap*) 0x000001beebd42000
 Bits: [0x000001bef6a10000, 0x000001befa8c8000)

Polling page: 0x000001bee98b0000

Metaspace:

Usage:
  Non-class:     80.53 MB used.
      Class:     10.11 MB used.
       Both:     90.64 MB used.

Virtual space:
  Non-class space:      128.00 MB reserved,      81.12 MB ( 63%) committed,  2 nodes.
      Class space:        1.00 GB reserved,      10.62 MB (  1%) committed,  1 nodes.
             Both:        1.12 GB reserved,      91.75 MB (  8%) committed. 

Chunk freelists:
   Non-Class:  14.39 MB
       Class:  5.35 MB
        Both:  19.74 MB

MaxMetaspaceSize: unlimited
CompressedClassSpaceSize: 1.00 GB
Initial GC threshold: 21.00 MB
Current GC threshold: 152.00 MB
CDS: off
 - commit_granule_bytes: 65536.
 - commit_granule_words: 8192.
 - virtual_space_node_default_size: 8388608.
 - enlarge_chunks_in_place: 1.
 - use_allocation_guard: 0.


Internal statistics:

num_allocs_failed_limit: 9.
num_arena_births: 996.
num_arena_deaths: 0.
num_vsnodes_births: 3.
num_vsnodes_deaths: 0.
num_space_committed: 1468.
num_space_uncommitted: 0.
num_chunks_returned_to_freelist: 9.
num_chunks_taken_from_freelist: 3493.
num_chunk_merges: 0.
num_chunk_splits: 2412.
num_chunks_enlarged: 1663.
num_inconsistent_stats: 0.

CodeHeap 'non-profiled nmethods': size=119168Kb used=7133Kb max_used=7133Kb free=112034Kb
 bounds [0x000001be87ba0000, 0x000001be882a0000, 0x000001be8f000000]
CodeHeap 'profiled nmethods': size=119104Kb used=20033Kb max_used=20033Kb free=99071Kb
 bounds [0x000001be80000000, 0x000001be813f0000, 0x000001be87450000]
CodeHeap 'non-nmethods': size=7488Kb used=1833Kb max_used=3618Kb free=5654Kb
 bounds [0x000001be87450000, 0x000001be87830000, 0x000001be87ba0000]
CodeCache: size=245760Kb, used=28999Kb, max_used=30784Kb, free=216759Kb
 total_blobs=10061, nmethods=9096, adapters=868, full_count=0
Compilation: enabled, stopped_count=0, restarted_count=0

Compilation events (20 events):
Event: 47.725 Thread 0x000001befdcc7fb0 11615   !   3       com.st.microxplorer.mcu.RefParameter::isPossibleValue (1194 bytes)
Event: 47.745 Thread 0x000001befdcc7fb0 nmethod 11615 0x000001be808cbf10 code [0x000001be808cca60, 0x000001be808d1058]
Event: 47.753 Thread 0x000001befdcc7fb0 11619       3       com.st.microxplorer.mcu.ContextAllowed::replaceContextNaming (210 bytes)
Event: 47.772 Thread 0x000001befdcc7fb0 nmethod 11619 0x000001be80be7690 code [0x000001be80be7a00, 0x000001be80be8fb8]
Event: 47.776 Thread 0x000001befdcc7fb0 11617       3       com.st.microxplorer.mcu.IP::getParameterValue (280 bytes)
Event: 47.833 Thread 0x000001befdcc7fb0 nmethod 11617 0x000001be80b9eb10 code [0x000001be80b9f2a0, 0x000001be80ba4038]
Event: 47.838 Thread 0x000001befdcc7fb0 11616       2       com.st.microxplorer.mcu.RefParameter$ParamValue::getErrorDiagnostic (39 bytes)
Event: 47.839 Thread 0x000001befdcc7fb0 nmethod 11616 0x000001be80418c10 code [0x000001be80418dc0, 0x000001be80418f78]
Event: 47.839 Thread 0x000001befdcc7fb0 11623       3       com.bestcode.mathparser.__not::run (19 bytes)
Event: 47.840 Thread 0x000001befdcc7fb0 nmethod 11623 0x000001be81232b90 code [0x000001be81232d80, 0x000001be81233018]
Event: 47.840 Thread 0x000001befdcc7fb0 11620       3       java.util.LinkedHashMap$LinkedKeySet::toArray (22 bytes)
Event: 47.841 Thread 0x000001befdcc7fb0 nmethod 11620 0x000001be806c4f10 code [0x000001be806c50c0, 0x000001be806c52b0]
Event: 47.842 Thread 0x000001befdcc7fb0 11618   !   3       com.st.microxplorer.mcu.RefParameter::valueContainsOnlyCheckedParameters (387 bytes)
Event: 47.854 Thread 0x000001befdc815d0 nmethod 11611 0x000001be88293c90 code [0x000001be88294040, 0x000001be88295910]
Event: 47.860 Thread 0x000001befdcc7fb0 nmethod 11618 0x000001be81268d90 code [0x000001be81269300, 0x000001be8126bbd8]
Event: 47.869 Thread 0x000001befdcc7fb0 11627       3       com.bestcode.mathparser.MathParserImpl::IsOneParamFunc (264 bytes)
Event: 47.879 Thread 0x000001befdcc7fb0 nmethod 11627 0x000001be80323590 code [0x000001be80323ae0, 0x000001be803267d8]
Event: 47.879 Thread 0x000001befdc815d0 11622   !   4       com.st.microxplorer.mcu.RefParameter::isPossibleValue (1194 bytes)
Event: 47.886 Thread 0x000001befdcc7fb0 11630       3       com.st.microxplorer.mcu.Mode::getValue (18 bytes)
Event: 47.887 Thread 0x000001befdcc7fb0 nmethod 11630 0x000001be81268890 code [0x000001be81268a60, 0x000001be81268cc0]

GC Heap History (20 events):
Event: 43.508 GC heap before
{Heap before GC invocations=59 (full 0):
 garbage-first heap   total 573440K, used 493707K [0x0000000705200000, 0x0000000800000000)
  region size 2048K, 168 young (344064K), 9 survivors (18432K)
 Metaspace       used 92287K, committed 93440K, reserved 1179648K
  class space    used 10315K, committed 10816K, reserved 1048576K
}
Event: 43.515 GC heap after
{Heap after GC invocations=60 (full 0):
 garbage-first heap   total 573440K, used 170079K [0x0000000705200000, 0x0000000800000000)
  region size 2048K, 10 young (20480K), 10 survivors (20480K)
 Metaspace       used 92287K, committed 93440K, reserved 1179648K
  class space    used 10315K, committed 10816K, reserved 1048576K
}
Event: 43.765 GC heap before
{Heap before GC invocations=60 (full 0):
 garbage-first heap   total 573440K, used 493663K [0x0000000705200000, 0x0000000800000000)
  region size 2048K, 168 young (344064K), 10 survivors (20480K)
 Metaspace       used 92287K, committed 93440K, reserved 1179648K
  class space    used 10315K, committed 10816K, reserved 1048576K
}
Event: 43.773 GC heap after
{Heap after GC invocations=61 (full 0):
 garbage-first heap   total 573440K, used 170901K [0x0000000705200000, 0x0000000800000000)
  region size 2048K, 9 young (18432K), 9 survivors (18432K)
 Metaspace       used 92287K, committed 93440K, reserved 1179648K
  class space    used 10315K, committed 10816K, reserved 1048576K
}
Event: 44.058 GC heap before
{Heap before GC invocations=62 (full 0):
 garbage-first heap   total 573440K, used 496533K [0x0000000705200000, 0x0000000800000000)
  region size 2048K, 168 young (344064K), 9 survivors (18432K)
 Metaspace       used 92287K, committed 93440K, reserved 1179648K
  class space    used 10315K, committed 10816K, reserved 1048576K
}
Event: 44.065 GC heap after
{Heap after GC invocations=63 (full 0):
 garbage-first heap   total 573440K, used 172424K [0x0000000705200000, 0x0000000800000000)
  region size 2048K, 9 young (18432K), 9 survivors (18432K)
 Metaspace       used 92287K, committed 93440K, reserved 1179648K
  class space    used 10315K, committed 10816K, reserved 1048576K
}
Event: 44.298 GC heap before
{Heap before GC invocations=63 (full 0):
 garbage-first heap   total 573440K, used 498056K [0x0000000705200000, 0x0000000800000000)
  region size 2048K, 168 young (344064K), 9 survivors (18432K)
 Metaspace       used 92287K, committed 93440K, reserved 1179648K
  class space    used 10315K, committed 10816K, reserved 1048576K
}
Event: 44.318 GC heap after
{Heap after GC invocations=64 (full 0):
 garbage-first heap   total 688128K, used 173749K [0x0000000705200000, 0x0000000800000000)
  region size 2048K, 9 young (18432K), 9 survivors (18432K)
 Metaspace       used 92287K, committed 93440K, reserved 1179648K
  class space    used 10315K, committed 10816K, reserved 1048576K
}
Event: 44.765 GC heap before
{Heap before GC invocations=64 (full 0):
 garbage-first heap   total 688128K, used 566965K [0x0000000705200000, 0x0000000800000000)
  region size 2048K, 201 young (411648K), 9 survivors (18432K)
 Metaspace       used 92287K, committed 93440K, reserved 1179648K
  class space    used 10315K, committed 10816K, reserved 1048576K
}
Event: 44.774 GC heap after
{Heap after GC invocations=65 (full 0):
 garbage-first heap   total 688128K, used 175461K [0x0000000705200000, 0x0000000800000000)
  region size 2048K, 10 young (20480K), 10 survivors (20480K)
 Metaspace       used 92287K, committed 93440K, reserved 1179648K
  class space    used 10315K, committed 10816K, reserved 1048576K
}
Event: 45.244 GC heap before
{Heap before GC invocations=65 (full 0):
 garbage-first heap   total 688128K, used 566629K [0x0000000705200000, 0x0000000800000000)
  region size 2048K, 201 young (411648K), 10 survivors (20480K)
 Metaspace       used 92329K, committed 93504K, reserved 1179648K
  class space    used 10315K, committed 10816K, reserved 1048576K
}
Event: 45.252 GC heap after
{Heap after GC invocations=66 (full 0):
 garbage-first heap   total 688128K, used 176440K [0x0000000705200000, 0x0000000800000000)
  region size 2048K, 10 young (20480K), 10 survivors (20480K)
 Metaspace       used 92329K, committed 93504K, reserved 1179648K
  class space    used 10315K, committed 10816K, reserved 1048576K
}
Event: 45.682 GC heap before
{Heap before GC invocations=66 (full 0):
 garbage-first heap   total 688128K, used 567608K [0x0000000705200000, 0x0000000800000000)
  region size 2048K, 201 young (411648K), 10 survivors (20480K)
 Metaspace       used 92334K, committed 93504K, reserved 1179648K
  class space    used 10315K, committed 10816K, reserved 1048576K
}
Event: 45.691 GC heap after
{Heap after GC invocations=67 (full 0):
 garbage-first heap   total 688128K, used 181584K [0x0000000705200000, 0x0000000800000000)
  region size 2048K, 12 young (24576K), 12 survivors (24576K)
 Metaspace       used 92334K, committed 93504K, reserved 1179648K
  class space    used 10315K, committed 10816K, reserved 1048576K
}
Event: 46.553 GC heap before
{Heap before GC invocations=67 (full 0):
 garbage-first heap   total 688128K, used 568656K [0x0000000705200000, 0x0000000800000000)
  region size 2048K, 201 young (411648K), 12 survivors (24576K)
 Metaspace       used 92732K, committed 93888K, reserved 1179648K
  class space    used 10350K, committed 10880K, reserved 1048576K
}
Event: 46.560 GC heap after
{Heap after GC invocations=68 (full 0):
 garbage-first heap   total 688128K, used 181523K [0x0000000705200000, 0x0000000800000000)
  region size 2048K, 12 young (24576K), 12 survivors (24576K)
 Metaspace       used 92732K, committed 93888K, reserved 1179648K
  class space    used 10350K, committed 10880K, reserved 1048576K
}
Event: 47.121 GC heap before
{Heap before GC invocations=68 (full 0):
 garbage-first heap   total 688128K, used 568595K [0x0000000705200000, 0x0000000800000000)
  region size 2048K, 201 young (411648K), 12 survivors (24576K)
 Metaspace       used 92797K, committed 93952K, reserved 1179648K
  class space    used 10352K, committed 10880K, reserved 1048576K
}
Event: 47.134 GC heap after
{Heap after GC invocations=69 (full 0):
 garbage-first heap   total 688128K, used 182955K [0x0000000705200000, 0x0000000800000000)
  region size 2048K, 12 young (24576K), 12 survivors (24576K)
 Metaspace       used 92797K, committed 93952K, reserved 1179648K
  class space    used 10352K, committed 10880K, reserved 1048576K
}
Event: 47.524 GC heap before
{Heap before GC invocations=69 (full 0):
 garbage-first heap   total 688128K, used 570027K [0x0000000705200000, 0x0000000800000000)
  region size 2048K, 201 young (411648K), 12 survivors (24576K)
 Metaspace       used 92797K, committed 93952K, reserved 1179648K
  class space    used 10352K, committed 10880K, reserved 1048576K
}
Event: 47.543 GC heap after
{Heap after GC invocations=70 (full 0):
 garbage-first heap   total 688128K, used 182923K [0x0000000705200000, 0x0000000800000000)
  region size 2048K, 12 young (24576K), 12 survivors (24576K)
 Metaspace       used 92797K, committed 93952K, reserved 1179648K
  class space    used 10352K, committed 10880K, reserved 1048576K
}

Dll operation events (20 events):
Event: 0.228 Loaded shared library C:\Users\smpet\AppData\Local\Programs\STM32CubeMX\jre\bin\java.dll
Event: 0.498 Loaded shared library C:\Users\smpet\AppData\Local\Programs\STM32CubeMX\jre\bin\jsvml.dll
Event: 0.649 Loaded shared library C:\Users\smpet\AppData\Local\Programs\STM32CubeMX\jre\bin\net.dll
Event: 0.720 Loaded shared library C:\Users\smpet\AppData\Local\Programs\STM32CubeMX\jre\bin\nio.dll
Event: 0.867 Loaded shared library C:\Users\smpet\AppData\Local\Programs\STM32CubeMX\jre\bin\zip.dll
Event: 0.941 Loaded shared library C:\Users\smpet\AppData\Local\Programs\STM32CubeMX\jre\bin\jimage.dll
Event: 1.398 Loaded shared library C:\Users\smpet\AppData\Local\Programs\STM32CubeMX\jre\bin\management.dll
Event: 1.484 Loaded shared library C:\Users\smpet\AppData\Local\Programs\STM32CubeMX\jre\bin\management_ext.dll
Event: 2.650 Loaded shared library C:\Users\smpet\AppData\Local\Programs\STM32CubeMX\jre\bin\awt.dll
Event: 3.830 Loaded shared library C:\Users\smpet\AppData\Local\Programs\STM32CubeMX\jre\bin\freetype.dll
Event: 3.963 Loaded shared library C:\Users\smpet\AppData\Local\Programs\STM32CubeMX\jre\bin\fontmanager.dll
Event: 4.714 Loaded shared library C:\Users\smpet\AppData\Local\Programs\STM32CubeMX\jre\bin\verify.dll
Event: 5.339 Loaded shared library C:\Users\smpet\AppData\Local\Programs\STM32CubeMX\jre\bin\prefs.dll
Event: 5.641 Loaded shared library C:\Users\smpet\AppData\Local\Temp\jna-109563013\jna5912382892248583465.dll
Event: 21.086 Loaded shared library C:\Users\smpet\AppData\Local\Programs\STM32CubeMX\jre\bin\sunmscapi.dll
Event: 22.315 Loaded shared library C:\Users\smpet\AppData\Local\Programs\STM32CubeMX\jre\bin\extnet.dll
Event: 26.224 Loaded shared library C:\Users\smpet\AppData\Local\Programs\STM32CubeMX\jre\bin\javajpeg.dll
Event: 26.345 Loaded shared library C:\Users\smpet\AppData\Local\Programs\STM32CubeMX\jre\bin\lcms.dll
Event: 30.049 Loaded shared library C:\Users\smpet\.stm32cubemx\.jxbrowser-8.15.0\Chromium\toolkit64.dll
Event: 30.912 Loaded shared library C:\Users\smpet\.stm32cubemx\.jxbrowser-8.15.0\Chromium\ipc64.dll

Deoptimization events (20 events):
Event: 46.598 Thread 0x000001be97f8ace0 DEOPT PACKING pc=0x000001be880c3748 sp=0x000000964cafe3b0
Event: 46.598 Thread 0x000001be97f8ace0 DEOPT UNPACKING pc=0x000001be874a4422 sp=0x000000964cafe328 mode 2
Event: 46.599 Thread 0x000001be97f8ace0 Uncommon trap: trap_request=0xffffff45 fr.pc=0x000001be880c1e34 relative=0x0000000000000194
Event: 46.599 Thread 0x000001be97f8ace0 Uncommon trap: reason=unstable_if action=reinterpret pc=0x000001be880c1e34 method=java.lang.Long.stringSize(J)I @ 5 c2
Event: 46.600 Thread 0x000001be97f8ace0 DEOPT PACKING pc=0x000001be880c1e34 sp=0x000000964cafe3e0
Event: 46.600 Thread 0x000001be97f8ace0 DEOPT UNPACKING pc=0x000001be874a4422 sp=0x000000964cafe360 mode 2
Event: 46.692 Thread 0x000001be97f8ace0 Uncommon trap: trap_request=0xffffff6e fr.pc=0x000001be882791e8 relative=0x0000000000000668
Event: 46.693 Thread 0x000001be97f8ace0 Uncommon trap: reason=loop_limit_check action=maybe_recompile pc=0x000001be882791e8 method=java.util.regex.Pattern$BnM.optimize(Ljava/util/regex/Pattern$Node;)Ljava/util/regex/Pattern$Node; @ 78 c2
Event: 46.694 Thread 0x000001be97f8ace0 DEOPT PACKING pc=0x000001be882791e8 sp=0x000000964cafe890
Event: 46.694 Thread 0x000001be97f8ace0 DEOPT UNPACKING pc=0x000001be874a4422 sp=0x000000964cafe840 mode 2
Event: 46.860 Thread 0x000001be97f8ace0 Uncommon trap: trap_request=0xffffff45 fr.pc=0x000001be8827c724 relative=0x00000000000003c4
Event: 46.861 Thread 0x000001be97f8ace0 Uncommon trap: reason=unstable_if action=reinterpret pc=0x000001be8827c724 method=java.util.regex.Pattern$BnM.match(Ljava/util/regex/Matcher;ILjava/lang/CharSequence;)Z @ 34 c2
Event: 46.862 Thread 0x000001be97f8ace0 DEOPT PACKING pc=0x000001be8827c724 sp=0x000000964cafe910
Event: 46.862 Thread 0x000001be97f8ace0 DEOPT UNPACKING pc=0x000001be874a4422 sp=0x000000964cafe898 mode 2
Event: 47.777 Thread 0x000001be97f8ace0 DEOPT PACKING pc=0x000001be810afb70 sp=0x000000964cafdf80
Event: 47.777 Thread 0x000001be97f8ace0 DEOPT UNPACKING pc=0x000001be874a4bc2 sp=0x000000964cafd450 mode 0
Event: 47.887 Thread 0x000001be97f8ace0 DEOPT PACKING pc=0x000001be810afb70 sp=0x000000964cafd660
Event: 47.887 Thread 0x000001be97f8ace0 DEOPT UNPACKING pc=0x000001be874a4bc2 sp=0x000000964cafcb30 mode 0
Event: 48.009 Thread 0x000001be97f8ace0 DEOPT PACKING pc=0x000001be810afb70 sp=0x000000964cafdcd0
Event: 48.009 Thread 0x000001be97f8ace0 DEOPT UNPACKING pc=0x000001be874a4bc2 sp=0x000000964cafd1a0 mode 0

Classes loaded (20 events):
Event: 37.013 Loading class java/awt/KeyboardFocusManager$3
Event: 37.013 Loading class java/awt/KeyboardFocusManager$3 done
Event: 37.022 Loading class sun/awt/im/CompositionAreaHandler
Event: 37.023 Loading class sun/awt/im/CompositionAreaHandler done
Event: 37.023 Loading class java/text/AttributedString
Event: 37.024 Loading class java/text/AttributedString done
Event: 37.024 Loading class java/text/AttributedString$AttributedStringIterator
Event: 37.025 Loading class java/text/AttributedCharacterIterator
Event: 37.025 Loading class java/text/AttributedCharacterIterator done
Event: 37.025 Loading class java/text/AttributedString$AttributedStringIterator done
Event: 37.691 Loading class java/security/CodeSigner
Event: 37.691 Loading class java/security/CodeSigner done
Event: 46.240 Loading class java/util/regex/Pattern$Bound
Event: 46.240 Loading class java/util/regex/Pattern$Bound done
Event: 46.240 Loading class java/util/regex/Pattern$Neg
Event: 46.240 Loading class java/util/regex/Pattern$Neg done
Event: 46.241 Loading class java/util/EmptyStackException
Event: 46.241 Loading class java/util/EmptyStackException done
Event: 46.376 Loading class jdk/internal/math/FloatingDecimal$HexFloatPattern
Event: 46.377 Loading class jdk/internal/math/FloatingDecimal$HexFloatPattern done

Classes unloaded (0 events):
No events

Classes redefined (0 events):
No events

Internal exceptions (20 events):
Event: 40.879 Thread 0x000001be97f8ace0 Exception <a 'java/lang/NullPointerException'{0x0000000711a96198}> (0x0000000711a96198) 
thrown [s\src\hotspot\share\runtime\sharedRuntime.cpp, line 625]
Event: 41.033 Thread 0x000001be97f8ace0 Exception <a 'java/lang/NullPointerException'{0x0000000713ff4a68}> (0x0000000713ff4a68) 
thrown [s\src\hotspot\share\interpreter\linkResolver.cpp, line 1372]
Event: 41.033 Thread 0x000001be97f8ace0 Exception <a 'java/lang/NullPointerException'{0x0000000713ff5130}> (0x0000000713ff5130) 
thrown [s\src\hotspot\share\interpreter\linkResolver.cpp, line 1372]
Event: 41.034 Thread 0x000001be97f8ace0 Exception <a 'java/lang/NullPointerException'{0x0000000713ff6d90}> (0x0000000713ff6d90) 
thrown [s\src\hotspot\share\interpreter\linkResolver.cpp, line 1372]
Event: 41.035 Thread 0x000001be97f8ace0 Exception <a 'java/lang/NullPointerException'{0x0000000713ff7458}> (0x0000000713ff7458) 
thrown [s\src\hotspot\share\interpreter\linkResolver.cpp, line 1372]
Event: 41.035 Thread 0x000001be97f8ace0 Exception <a 'java/lang/NullPointerException'{0x0000000713ff88d0}> (0x0000000713ff88d0) 
thrown [s\src\hotspot\share\interpreter\linkResolver.cpp, line 1372]
Event: 41.035 Thread 0x000001be97f8ace0 Exception <a 'java/lang/NullPointerException'{0x0000000713ff8f98}> (0x0000000713ff8f98) 
thrown [s\src\hotspot\share\interpreter\linkResolver.cpp, line 1372]
Event: 41.036 Thread 0x000001be97f8ace0 Exception <a 'java/lang/NullPointerException'{0x0000000713ff9dc0}> (0x0000000713ff9dc0) 
thrown [s\src\hotspot\share\interpreter\linkResolver.cpp, line 1372]
Event: 41.036 Thread 0x000001be97f8ace0 Exception <a 'java/lang/NullPointerException'{0x0000000713ffa488}> (0x0000000713ffa488) 
thrown [s\src\hotspot\share\interpreter\linkResolver.cpp, line 1372]
Event: 45.995 Thread 0x000001be97f8ace0 Exception <a 'java/io/IOException'{0x000000071c78d708}> (0x000000071c78d708) 
thrown [s\src\hotspot\share\prims\jni.cpp, line 520]
Event: 45.995 Thread 0x000001be97f8ace0 Exception <a 'java/io/IOException'{0x000000071c78dcd0}> (0x000000071c78dcd0) 
thrown [s\src\hotspot\share\prims\jni.cpp, line 520]
Event: 46.074 Thread 0x000001be97f8ace0 Exception <a 'java/io/IOException'{0x000000071b13c510}> (0x000000071b13c510) 
thrown [s\src\hotspot\share\prims\jni.cpp, line 520]
Event: 46.074 Thread 0x000001be97f8ace0 Exception <a 'java/io/IOException'{0x000000071b13cad8}> (0x000000071b13cad8) 
thrown [s\src\hotspot\share\prims\jni.cpp, line 520]
Event: 46.074 Thread 0x000001be97f8ace0 Exception <a 'java/io/IOException'{0x000000071b13e3f0}> (0x000000071b13e3f0) 
thrown [s\src\hotspot\share\prims\jni.cpp, line 520]
Event: 46.074 Thread 0x000001be97f8ace0 Exception <a 'java/io/IOException'{0x000000071b13e9b8}> (0x000000071b13e9b8) 
thrown [s\src\hotspot\share\prims\jni.cpp, line 520]
Event: 46.075 Thread 0x000001be97f8ace0 Exception <a 'java/io/IOException'{0x000000071b1407f8}> (0x000000071b1407f8) 
thrown [s\src\hotspot\share\prims\jni.cpp, line 520]
Event: 46.075 Thread 0x000001be97f8ace0 Exception <a 'java/io/IOException'{0x000000071b140dc0}> (0x000000071b140dc0) 
thrown [s\src\hotspot\share\prims\jni.cpp, line 520]
Event: 46.075 Thread 0x000001be97f8ace0 Exception <a 'java/io/IOException'{0x000000071b141ca0}> (0x000000071b141ca0) 
thrown [s\src\hotspot\share\prims\jni.cpp, line 520]
Event: 46.075 Thread 0x000001be97f8ace0 Exception <a 'java/io/IOException'{0x000000071b142268}> (0x000000071b142268) 
thrown [s\src\hotspot\share\prims\jni.cpp, line 520]
Event: 46.239 Thread 0x000001be97f8ace0 Implicit null exception at 0x000001be8820ef0d to 0x000001be88213900

ZGC Phase Switch (0 events):
No events

VM Operations (20 events):
Event: 44.058 Executing VM operation: G1CollectForAllocation (G1 Evacuation Pause)
Event: 44.065 Executing VM operation: G1CollectForAllocation (G1 Evacuation Pause) done
Event: 44.298 Executing VM operation: G1CollectForAllocation (G1 Evacuation Pause)
Event: 44.318 Executing VM operation: G1CollectForAllocation (G1 Evacuation Pause) done
Event: 44.765 Executing VM operation: G1CollectForAllocation (G1 Evacuation Pause)
Event: 44.774 Executing VM operation: G1CollectForAllocation (G1 Evacuation Pause) done
Event: 45.244 Executing VM operation: G1CollectForAllocation (G1 Evacuation Pause)
Event: 45.252 Executing VM operation: G1CollectForAllocation (G1 Evacuation Pause) done
Event: 45.682 Executing VM operation: G1CollectForAllocation (G1 Evacuation Pause)
Event: 45.691 Executing VM operation: G1CollectForAllocation (G1 Evacuation Pause) done
Event: 45.992 Executing VM operation: HandshakeAllThreads (Deoptimize)
Event: 45.992 Executing VM operation: HandshakeAllThreads (Deoptimize) done
Event: 46.048 Executing VM operation: HandshakeAllThreads (Deoptimize)
Event: 46.048 Executing VM operation: HandshakeAllThreads (Deoptimize) done
Event: 46.553 Executing VM operation: G1CollectForAllocation (G1 Evacuation Pause)
Event: 46.560 Executing VM operation: G1CollectForAllocation (G1 Evacuation Pause) done
Event: 47.121 Executing VM operation: G1CollectForAllocation (G1 Evacuation Pause)
Event: 47.134 Executing VM operation: G1CollectForAllocation (G1 Evacuation Pause) done
Event: 47.524 Executing VM operation: G1CollectForAllocation (G1 Evacuation Pause)
Event: 47.543 Executing VM operation: G1CollectForAllocation (G1 Evacuation Pause) done

Memory protections (0 events):
No events

Nmethod flushes (20 events):
Event: 41.805 Thread 0x000001befcefeb70 flushing  nmethod 0x000001be80b6fc90
Event: 41.805 Thread 0x000001befcefeb70 flushing  nmethod 0x000001be80b97590
Event: 41.805 Thread 0x000001befcefeb70 flushing  nmethod 0x000001be80b98390
Event: 41.805 Thread 0x000001befcefeb70 flushing  nmethod 0x000001be80ba7690
Event: 41.805 Thread 0x000001befcefeb70 flushing  nmethod 0x000001be804a5510
Event: 41.805 Thread 0x000001befcefeb70 flushing  nmethod 0x000001be804b2c90
Event: 41.805 Thread 0x000001befcefeb70 flushing  nmethod 0x000001be808b1910
Event: 41.805 Thread 0x000001befcefeb70 flushing  nmethod 0x000001be88117610
Event: 41.805 Thread 0x000001befcefeb70 flushing  nmethod 0x000001be80b4af90
Event: 41.805 Thread 0x000001befcefeb70 flushing  nmethod 0x000001be80994e90
Event: 41.805 Thread 0x000001befcefeb70 flushing  nmethod 0x000001be881cc310
Event: 42.494 Thread 0x000001befcefeb70 flushing  nmethod 0x000001be803f2d90
Event: 42.494 Thread 0x000001befcefeb70 flushing  nmethod 0x000001be8073fb10
Event: 42.494 Thread 0x000001befcefeb70 flushing  nmethod 0x000001be80b96f10
Event: 42.494 Thread 0x000001befcefeb70 flushing  nmethod 0x000001be88233b90
Event: 43.820 Thread 0x000001befcefeb70 flushing  nmethod 0x000001be8121b490
Event: 43.820 Thread 0x000001befcefeb70 flushing  nmethod 0x000001be812e8810
Event: 43.820 Thread 0x000001befcefeb70 flushing  nmethod 0x000001be812e8d10
Event: 43.820 Thread 0x000001befcefeb70 flushing  nmethod 0x000001be80b62e90
Event: 43.820 Thread 0x000001befcefeb70 flushing  nmethod 0x000001be812db390

Events (20 events):
Event: 45.994 Thread 0x000001be97f8ace0 Thread added: 0x000001be97f8cdb0
Event: 45.994 Thread 0x000001be97f8cdb0 Thread exited: 0x000001be97f8cdb0
Event: 46.017 Thread 0x000001be97f8ace0 Thread added: 0x000001be97f8e160
Event: 46.018 Thread 0x000001be97f8e160 Thread exited: 0x000001be97f8e160
Event: 46.018 Thread 0x000001be97f8ace0 Thread added: 0x000001be97f8d440
Event: 46.019 Thread 0x000001be97f8d440 Thread exited: 0x000001be97f8d440
Event: 46.059 Thread 0x000001befdcc7fb0 Thread added: 0x000001befde89500
Event: 46.059 Thread 0x000001befdcc7fb0 Thread added: 0x000001be9f6af010
Event: 46.059 Thread 0x000001befdcc7fb0 Thread added: 0x000001be94e162e0
Event: 46.253 Thread 0x000001be94e162e0 Thread added: 0x000001be95b1f660
Event: 46.284 Thread 0x000001be94e162e0 Thread added: 0x000001be985e9e60
Event: 46.297 Thread 0x000001befde89500 Thread added: 0x000001be93f961c0
Event: 46.340 Thread 0x000001befdcc7fb0 Thread added: 0x000001be93e1c5f0
Event: 46.353 Thread 0x000001be94e162e0 Thread added: 0x000001be987c5690
Event: 46.406 Thread 0x000001befdcc7fb0 Thread added: 0x000001be990495f0
Event: 47.278 Thread 0x000001be94e162e0 Thread exited: 0x000001be94e162e0
Event: 47.278 Thread 0x000001be990495f0 Thread exited: 0x000001be990495f0
Event: 47.432 Thread 0x000001be9f6af010 Thread exited: 0x000001be9f6af010
Event: 47.432 Thread 0x000001be987c5690 Thread exited: 0x000001be987c5690
Event: 47.498 Thread 0x000001befde89500 Thread exited: 0x000001befde89500


Dynamic libraries:
0x00007ff7b46d0000 - 0x00007ff7b46de000 	C:\Users\smpet\AppData\Local\Programs\STM32CubeMX\jre\bin\javaw.exe
0x00007ffbe6c00000 - 0x00007ffbe6e67000 	C:\WINDOWS\SYSTEM32\ntdll.dll
0x00007ffbe57e0000 - 0x00007ffbe58a9000 	C:\WINDOWS\System32\KERNEL32.DLL
0x00007ffbe36f0000 - 0x00007ffbe3ae1000 	C:\WINDOWS\System32\KERNELBASE.dll
0x00007ffbe4850000 - 0x00007ffbe499b000 	C:\WINDOWS\System32\ucrtbase.dll
0x00007ffbde400000 - 0x00007ffbde41e000 	C:\Users\smpet\AppData\Local\Programs\STM32CubeMX\jre\bin\VCRUNTIME140.dll
0x00007ffbbed00000 - 0x00007ffbbed18000 	C:\Users\smpet\AppData\Local\Programs\STM32CubeMX\jre\bin\jli.dll
0x00007ffbe4f70000 - 0x00007ffbe5135000 	C:\WINDOWS\System32\USER32.dll
0x00007ffbe36c0000 - 0x00007ffbe36e7000 	C:\WINDOWS\System32\win32u.dll
0x00007ffbc2b50000 - 0x00007ffbc2de3000 	C:\WINDOWS\WinSxS\amd64_microsoft.windows.common-controls_6595b64144ccf1df_6.0.26100.8037_none_3e092faae333b53b\COMCTL32.dll
0x00007ffbe61a0000 - 0x00007ffbe61cb000 	C:\WINDOWS\System32\GDI32.dll
0x00007ffbe34e0000 - 0x00007ffbe360b000 	C:\WINDOWS\System32\gdi32full.dll
0x00007ffbe4eb0000 - 0x00007ffbe4f59000 	C:\WINDOWS\System32\msvcrt.dll
0x00007ffbe3c70000 - 0x00007ffbe3d13000 	C:\WINDOWS\System32\msvcp_win.dll
0x00007ffbe4db0000 - 0x00007ffbe4de1000 	C:\WINDOWS\System32\IMM32.DLL
0x00007ffbe02d0000 - 0x00007ffbe02dc000 	C:\Users\smpet\AppData\Local\Programs\STM32CubeMX\jre\bin\vcruntime140_1.dll
0x00007ffbab1d0000 - 0x00007ffbab25d000 	C:\Users\smpet\AppData\Local\Programs\STM32CubeMX\jre\bin\msvcp140.dll
0x00007ffb05920000 - 0x00007ffb066c0000 	C:\Users\smpet\AppData\Local\Programs\STM32CubeMX\jre\bin\server\jvm.dll
0x00007ffbe58d0000 - 0x00007ffbe598b000 	C:\WINDOWS\System32\ADVAPI32.dll
0x00007ffbe4df0000 - 0x00007ffbe4e97000 	C:\WINDOWS\System32\sechost.dll
0x00007ffbe6250000 - 0x00007ffbe6368000 	C:\WINDOWS\System32\RPCRT4.dll
0x00007ffbe61d0000 - 0x00007ffbe6244000 	C:\WINDOWS\System32\WS2_32.dll
0x00007ffbe1e10000 - 0x00007ffbe1e1b000 	C:\WINDOWS\SYSTEM32\VERSION.dll
0x00007ffbd9cd0000 - 0x00007ffbd9d05000 	C:\WINDOWS\SYSTEM32\WINMM.dll
0x00007ffbe3340000 - 0x00007ffbe339e000 	C:\WINDOWS\SYSTEM32\POWRPROF.dll
0x00007ffbe3320000 - 0x00007ffbe3334000 	C:\WINDOWS\SYSTEM32\UMPDC.dll
0x00007ffbe2270000 - 0x00007ffbe228b000 	C:\WINDOWS\SYSTEM32\kernel.appcore.dll
0x00007ffbde3f0000 - 0x00007ffbde3fa000 	C:\Users\smpet\AppData\Local\Programs\STM32CubeMX\jre\bin\jimage.dll
0x00007ffbe0720000 - 0x00007ffbe0962000 	C:\WINDOWS\SYSTEM32\DBGHELP.DLL
0x00007ffbe5a00000 - 0x00007ffbe5d82000 	C:\WINDOWS\System32\combase.dll
0x00007ffbe6370000 - 0x00007ffbe6447000 	C:\WINDOWS\System32\OLEAUT32.dll
0x00007ffbb4a90000 - 0x00007ffbb4acb000 	C:\WINDOWS\SYSTEM32\dbgcore.DLL
0x00007ffbe3610000 - 0x00007ffbe36b5000 	C:\WINDOWS\System32\bcryptPrimitives.dll
0x00007ffbbece0000 - 0x00007ffbbed00000 	C:\Users\smpet\AppData\Local\Programs\STM32CubeMX\jre\bin\java.dll
0x00007ffbe6450000 - 0x00007ffbe6baf000 	C:\WINDOWS\System32\SHELL32.dll
0x00007ffbe46e0000 - 0x00007ffbe484a000 	C:\WINDOWS\System32\wintypes.dll
0x00007ffbe3e70000 - 0x00007ffbe46d4000 	C:\WINDOWS\System32\windows.storage.dll
0x00007ffbe5140000 - 0x00007ffbe5237000 	C:\WINDOWS\System32\SHCORE.dll
0x00007ffbe4d40000 - 0x00007ffbe4da7000 	C:\WINDOWS\System32\shlwapi.dll
0x00007ffbe3400000 - 0x00007ffbe3429000 	C:\WINDOWS\SYSTEM32\profapi.dll
0x00007ffbaa8d0000 - 0x00007ffbaa9a7000 	C:\Users\smpet\AppData\Local\Programs\STM32CubeMX\jre\bin\jsvml.dll
0x00007ffbde3d0000 - 0x00007ffbde3e0000 	C:\Users\smpet\AppData\Local\Programs\STM32CubeMX\jre\bin\net.dll
0x00007ffbdc270000 - 0x00007ffbdc397000 	C:\WINDOWS\SYSTEM32\WINHTTP.dll
0x00007ffbe27e0000 - 0x00007ffbe284b000 	C:\WINDOWS\system32\mswsock.dll
0x00007ffbad620000 - 0x00007ffbad636000 	C:\Users\smpet\AppData\Local\Programs\STM32CubeMX\jre\bin\nio.dll
0x00007ffbabb20000 - 0x00007ffbabb38000 	C:\Users\smpet\AppData\Local\Programs\STM32CubeMX\jre\bin\zip.dll
0x00007ffbabc00000 - 0x00007ffbabc0a000 	C:\Users\smpet\AppData\Local\Programs\STM32CubeMX\jre\bin\management.dll
0x00007ffbabaf0000 - 0x00007ffbabafc000 	C:\Users\smpet\AppData\Local\Programs\STM32CubeMX\jre\bin\management_ext.dll
0x00007ffbe4ea0000 - 0x00007ffbe4ea8000 	C:\WINDOWS\System32\PSAPI.DLL
0x00007ffbb5010000 - 0x00007ffbb5028000 	C:\WINDOWS\system32\napinsp.dll
0x00007ffbe1b10000 - 0x00007ffbe1c3a000 	C:\WINDOWS\SYSTEM32\DNSAPI.dll
0x00007ffbe1ad0000 - 0x00007ffbe1b03000 	C:\WINDOWS\SYSTEM32\IPHLPAPI.DLL
0x00007ffbe5750000 - 0x00007ffbe575a000 	C:\WINDOWS\System32\NSI.dll
0x00007ffbb5030000 - 0x00007ffbb5042000 	C:\WINDOWS\System32\winrnr.dll
0x00007ffbb4fe0000 - 0x00007ffbb5002000 	C:\WINDOWS\system32\nlansp_c.dll
0x00007ffbd97f0000 - 0x00007ffbd9806000 	C:\WINDOWS\system32\wshbth.dll
0x00007ffbdbfe0000 - 0x00007ffbdbfeb000 	C:\Windows\System32\rasadhlp.dll
0x00007ffbdcd70000 - 0x00007ffbdcdf6000 	C:\WINDOWS\System32\fwpuclnt.dll
0x00007ffb96690000 - 0x00007ffb9681f000 	C:\Users\smpet\AppData\Local\Programs\STM32CubeMX\jre\bin\awt.dll
0x00007ffbe0460000 - 0x00007ffbe04ff000 	C:\WINDOWS\SYSTEM32\apphelp.dll
0x00007ffbe2ac0000 - 0x00007ffbe2adb000 	C:\WINDOWS\SYSTEM32\CRYPTSP.dll
0x00007ffbe21d0000 - 0x00007ffbe2209000 	C:\WINDOWS\system32\rsaenh.dll
0x00007ffbe2890000 - 0x00007ffbe28c2000 	C:\WINDOWS\SYSTEM32\USERENV.dll
0x00007ffbe33d0000 - 0x00007ffbe33fa000 	C:\WINDOWS\SYSTEM32\bcrypt.dll
0x00007ffbe2ae0000 - 0x00007ffbe2aec000 	C:\WINDOWS\SYSTEM32\CRYPTBASE.dll
0x00007ffbe0670000 - 0x00007ffbe071a000 	C:\WINDOWS\system32\uxtheme.dll
0x00007ffbe4be0000 - 0x00007ffbe4d3d000 	C:\WINDOWS\System32\MSCTF.dll
0x00007ffbe5d90000 - 0x00007ffbe5f25000 	C:\WINDOWS\System32\ole32.dll
0x00007ffbe0f10000 - 0x00007ffbe0f3e000 	C:\WINDOWS\system32\DWMAPI.DLL
0x00007ffb25f30000 - 0x00007ffb2603e000 	C:\WINDOWS\system32\opengl32.dll
0x00007ffb24ea0000 - 0x00007ffb24ecd000 	C:\WINDOWS\SYSTEM32\GLU32.dll
0x00007ffbe0d50000 - 0x00007ffbe0d93000 	C:\WINDOWS\SYSTEM32\dxcore.dll
0x00007ffba9fb0000 - 0x00007ffbaa037000 	C:\Users\smpet\AppData\Local\Programs\STM32CubeMX\jre\bin\freetype.dll
0x00007ffb92a10000 - 0x00007ffb92b02000 	C:\Users\smpet\AppData\Local\Programs\STM32CubeMX\jre\bin\fontmanager.dll
0x00007ffbab790000 - 0x00007ffbab7a0000 	C:\Users\smpet\AppData\Local\Programs\STM32CubeMX\jre\bin\verify.dll
0x00007ffbab780000 - 0x00007ffbab789000 	C:\Users\smpet\AppData\Local\Programs\STM32CubeMX\jre\bin\prefs.dll
0x00007ffbaac00000 - 0x00007ffbaac41000 	C:\Users\smpet\AppData\Local\Temp\jna-109563013\jna5912382892248583465.dll
0x00007ffbab770000 - 0x00007ffbab77e000 	C:\Users\smpet\AppData\Local\Programs\STM32CubeMX\jre\bin\sunmscapi.dll
0x00007ffbe3af0000 - 0x00007ffbe3c67000 	C:\WINDOWS\System32\CRYPT32.dll
0x00007ffbe2d50000 - 0x00007ffbe2d80000 	C:\WINDOWS\SYSTEM32\ncrypt.dll
0x00007ffbe2d00000 - 0x00007ffbe2d3f000 	C:\WINDOWS\SYSTEM32\NTASN1.dll
0x00007ffbe2b30000 - 0x00007ffbe2b43000 	C:\WINDOWS\SYSTEM32\MSASN1.dll
0x00007ffbe2850000 - 0x00007ffbe2880000 	C:\WINDOWS\SYSTEM32\gpapi.dll
0x00007ffbab760000 - 0x00007ffbab769000 	C:\Users\smpet\AppData\Local\Programs\STM32CubeMX\jre\bin\extnet.dll
0x00007ffbab6a0000 - 0x00007ffbab6cf000 	C:\Users\smpet\AppData\Local\Programs\STM32CubeMX\jre\bin\javajpeg.dll
0x00007ffbaaa40000 - 0x00007ffbaaa82000 	C:\Users\smpet\AppData\Local\Programs\STM32CubeMX\jre\bin\lcms.dll
0x00007ffbe4b20000 - 0x00007ffbe4bce000 	C:\WINDOWS\System32\clbcatq.dll
0x00007ffbdecc0000 - 0x00007ffbdeeed000 	C:\WINDOWS\SYSTEM32\WindowsCodecs.dll
0x00007ffb8e520000 - 0x00007ffb8e57a000 	C:\WINDOWS\system32\dataexchange.dll
0x00007ffbd8c10000 - 0x00007ffbd8e54000 	C:\WINDOWS\system32\twinapi.appcore.dll
0x00007ffbcf2c0000 - 0x00007ffbcf408000 	C:\WINDOWS\SYSTEM32\textinputframework.dll
0x00007ffbce730000 - 0x00007ffbce7a6000 	C:\WINDOWS\system32\Oleacc.dll
0x00007ffb92760000 - 0x00007ffb92886000 	C:\Users\smpet\.stm32cubemx\.jxbrowser-8.15.0\Chromium\toolkit64.dll
0x00007ffb7a3f0000 - 0x00007ffb7a50e000 	C:\Users\smpet\.stm32cubemx\.jxbrowser-8.15.0\Chromium\ipc64.dll
0x00007ffbe2390000 - 0x00007ffbe23c6000 	C:\WINDOWS\SYSTEM32\ntmarta.dll
0x00007ffbe00b0000 - 0x00007ffbe01d7000 	C:\WINDOWS\SYSTEM32\CoreMessaging.dll
0x00007ffbdc670000 - 0x00007ffbdc952000 	C:\WINDOWS\SYSTEM32\CoreUIComponents.dll

JVMTI agents: none

dbghelp: loaded successfully - version: 4.0.5 - missing functions: none
symbol engine: initialized successfully - sym options: 0x614 - pdb path: .;C:\Users\smpet\AppData\Local\Programs\STM32CubeMX\jre\bin;C:\WINDOWS\SYSTEM32;C:\WINDOWS\WinSxS\amd64_microsoft.windows.common-controls_6595b64144ccf1df_6.0.26100.8037_none_3e092faae333b53b;C:\Users\smpet\AppData\Local\Programs\STM32CubeMX\jre\bin\server;C:\Users\smpet\AppData\Local\Temp\jna-109563013;C:\Users\smpet\.stm32cubemx\.jxbrowser-8.15.0\Chromium

VM Arguments:
jvm_args: -Djavax.net.ssl.trustStoreType=WINDOWS-ROOT -Dsun.java2d.d3d=false --add-exports=java.desktop/sun.awt=ALL-UNNAMED --add-opens=java.desktop/java.awt=ALL-UNNAMED -Dfile.encoding=UTF8 
java_command: com.st.microxplorer.maingui.STM32CubeMX C:\Users\smpet\Desktop\26-BMS_Master\26-BMS_Master.ioc
java_class_path (initial): C:\Users\smpet\AppData\Local\Programs\STM32CubeMX\STM32CubeMX.exe;anything
Launcher Type: SUN_STANDARD

[Global flags]
     intx CICompilerCount                          = 12                                        {product} {ergonomic}
     uint ConcGCThreads                            = 4                                         {product} {ergonomic}
     uint G1ConcRefinementThreads                  = 15                                        {product} {ergonomic}
   size_t G1HeapRegionSize                         = 2097152                                   {product} {ergonomic}
    uintx GCDrainStackTargetSize                   = 64                                        {product} {ergonomic}
   size_t InitialHeapSize                          = 264241152                                 {product} {ergonomic}
   size_t MarkStackSize                            = 4194304                                   {product} {ergonomic}
   size_t MaxHeapSize                              = 4208984064                                {product} {ergonomic}
   size_t MaxNewSize                               = 2524971008                                {product} {ergonomic}
   size_t MinHeapDeltaBytes                        = 2097152                                   {product} {ergonomic}
   size_t MinHeapSize                              = 8388608                                   {product} {ergonomic}
    uintx NonNMethodCodeHeapSize                   = 7602480                                {pd product} {ergonomic}
    uintx NonProfiledCodeHeapSize                  = 122027880                              {pd product} {ergonomic}
    uintx ProfiledCodeHeapSize                     = 122027880                              {pd product} {ergonomic}
    uintx ReservedCodeCacheSize                    = 251658240                              {pd product} {ergonomic}
     bool SegmentedCodeCache                       = true                                      {product} {ergonomic}
   size_t SoftMaxHeapSize                          = 4208984064                             {manageable} {ergonomic}
     bool UseCompressedOops                        = true                           {product lp64_product} {ergonomic}
     bool UseG1GC                                  = true                                      {product} {ergonomic}
     bool UseLargePagesIndividualAllocation        = false                                  {pd product} {ergonomic}

Logging:
Log output configuration:
 #0: stdout all=warning uptime,level,tags foldmultilines=false
 #1: stderr all=off uptime,level,tags foldmultilines=false

Release file:
JAVA_VERSION="21.0.9" 
MODULES="java.base java.compiler java.datatransfer java.xml java.prefs java.desktop java.instrument java.logging java.management java.security.sasl java.naming java.rmi java.management.rmi java.net.http java.scripting java.security.jgss java.transaction.xa java.sql java.sql.rowset java.xml.crypto java.se java.smartcardio jdk.jfr javafx.base jdk.unsupported javafx.graphics javafx.controls javafx.fxml javafx.media jdk.unsupported.desktop javafx.swing jdk.jsobject jdk.xml.dom javafx.web jdk.accessibility jdk.internal.jvmstat jdk.attach jdk.charsets jdk.internal.opt jdk.zipfs jdk.compiler jdk.crypto.ec jdk.crypto.cryptoki jdk.crypto.mscapi jdk.dynalink jdk.internal.ed jdk.editpad jdk.httpserver jdk.incubator.vector jdk.internal.le jdk.internal.vm.ci jdk.internal.vm.compiler jdk.internal.vm.compiler.management jdk.jartool jdk.javadoc jdk.jdeps jdk.jdwp.agent jdk.jdi jdk.jlink jdk.jpackage jdk.jshell jdk.jstatd jdk.localedata jdk.management jdk.management.agent jdk.management.jfr jdk.naming.dns jdk.naming.rmi jdk.net jdk.nio.mapmode jdk.random jdk.sctp jdk.security.auth jdk.security.jgss" 

Environment Variables:
PATH=C:\Users\smpet\AppData\Local\Programs\STM32CubeMX\;C:\Program Files (x86)\NVIDIA Corporation\PhysX\Common;C:\Program Files (x86)\Common Files\Oracle\Java\java8path;C:\Program Files (x86)\Common Files\Oracle\Java\javapath;C:\Windows\system32;C:\Windows;C:\Windows\System32\Wbem;C:\Windows\System32\WindowsPowerShell\v1.0\;C:\Windows\System32\OpenSSH\;C:\Program Files\dotnet\;C:\Program Files\NVIDIA Corporation\NVIDIA NvDLISR;C:\Program Files\MATLAB\R2024a\bin;C:\Program Files\Microsoft SQL Server\Client SDK\ODBC\130\Tools\Binn\;C:\Program Files (x86)\Microsoft SQL Server\140\Tools\Binn\;C:\Program Files\Microsoft SQL Server\140\Tools\Binn\;C:\Program Files\Microsoft SQL Server\140\DTS\Binn\;C:\Program Files (x86)\Windows Kits\8.1\Windows Performance Toolkit\;C:\WINDOWS\system32;C:\WINDOWS;C:\WINDOWS\System32\Wbem;C:\WINDOWS\System32\WindowsPowerShell\v1.0\;C:\WINDOWS\System32\OpenSSH\;C:\Program Files\usbipd-win\;C:\Program Files\CMake\bin;C:\Program Files\Git\cmd;C:\Program Files (x86)\Windows Kits\10\Windows Performance Toolkit\;C:\Users\smpet\AppData\Local\Programs\Python\Launcher\;C:\Users\smpet\AppData\Local\Microsoft\WindowsApps;C:\Users\smpet\AppData\Local\Programs\Microsoft VS Code\bin;C:\msys64\usr\bin;C:\Program Files\Arm\GNU Toolchain mingw-w64-x86_64-arm-none-eabi\bin;;C:\Users\smpet\AppData\Local\Programs\STM32CubeMX\.\jre\\bin
USERNAME=smpet
OS=Windows_NT
PROCESSOR_IDENTIFIER=Intel64 Family 6 Model 186 Stepping 2, GenuineIntel
TMP=C:\Users\smpet\AppData\Local\Temp
TEMP=C:\Users\smpet\AppData\Local\Temp




Periodic native trim disabled

---------------  S Y S T E M  ---------------

OS:
 Windows 11 , 64 bit Build 26100 (10.0.26100.7920)
OS uptime: 7 days 10:34 hours
Hyper-V role detected

CPU: total 20 (initial active 20) (10 cores per cpu, 2 threads per core) family 6 model 186 stepping 2 microcode 0x6134, cx8, cmov, fxsr, ht, mmx, 3dnowpref, sse, sse2, sse3, ssse3, sse4.1, sse4.2, popcnt, lzcnt, tsc, tscinvbit, avx, avx2, aes, erms, clmul, bmi1, bmi2, adx, sha, fma, vzeroupper, clflush, clflushopt, clwb, hv, serialize, rdtscp, rdpid, fsrm, f16c, cet_ibt, cet_ss
Processor Information for processor 0
  Max Mhz: 2400, Current Mhz: 2400, Mhz Limit: 2400
Processor Information for processor 1
  Max Mhz: 2400, Current Mhz: 2400, Mhz Limit: 2400
Processor Information for processor 2
  Max Mhz: 2400, Current Mhz: 2400, Mhz Limit: 2400
Processor Information for processor 3
  Max Mhz: 2400, Current Mhz: 2400, Mhz Limit: 2400
Processor Information for processor 4
  Max Mhz: 2400, Current Mhz: 2400, Mhz Limit: 2400
Processor Information for processor 5
  Max Mhz: 2400, Current Mhz: 2400, Mhz Limit: 2400
Processor Information for processor 6
  Max Mhz: 2400, Current Mhz: 2400, Mhz Limit: 2400
Processor Information for processor 7
  Max Mhz: 2400, Current Mhz: 2400, Mhz Limit: 2400
Processor Information for processor 8
  Max Mhz: 2400, Current Mhz: 2400, Mhz Limit: 2400
Processor Information for processor 9
  Max Mhz: 2400, Current Mhz: 2400, Mhz Limit: 2400
Processor Information for processor 10
  Max Mhz: 2400, Current Mhz: 2400, Mhz Limit: 2400
Processor Information for processor 11
  Max Mhz: 2400, Current Mhz: 2400, Mhz Limit: 2400
Processor Information for processor 12
  Max Mhz: 2400, Current Mhz: 2400, Mhz Limit: 2400
Processor Information for processor 13
  Max Mhz: 2400, Current Mhz: 2400, Mhz Limit: 2400
Processor Information for processor 14
  Max Mhz: 2400, Current Mhz: 2400, Mhz Limit: 2400
Processor Information for processor 15
  Max Mhz: 2400, Current Mhz: 1466, Mhz Limit: 2400
Processor Information for processor 16
  Max Mhz: 2400, Current Mhz: 2400, Mhz Limit: 2400
Processor Information for processor 17
  Max Mhz: 2400, Current Mhz: 2400, Mhz Limit: 2400
Processor Information for processor 18
  Max Mhz: 2400, Current Mhz: 1466, Mhz Limit: 2400
Processor Information for processor 19
  Max Mhz: 2400, Current Mhz: 2400, Mhz Limit: 2400

Memory: 4k page, system-wide physical 16055M (1361M free)
TotalPageFile size 45477M (AvailPageFile size 5M)
current process WorkingSet (physical memory assigned to process): 997M, peak: 999M
current process commit charge ("private bytes"): 1046M, peak: 1048M

vm_info: OpenJDK 64-Bit Server VM (21.0.9+10-LTS) for windows-amd64 JRE (21.0.9+10-LTS), built on 2025-10-21T00:00:00Z by "admin" with unknown MS VC++:1942

END.
