#
# There is insufficient memory for the Java Runtime Environment to continue.
# Native memory allocation (mmap) failed to map 63963136 bytes. Error detail: G1 virtual space
# Possible reasons:
#   The system is out of physical RAM or swap space
#   This process is running with CompressedOops enabled, and the Java Heap may be blocking the growth of the native heap
# Possible solutions:
#   Reduce memory load on the system
#   Increase physical memory or swap space
#   Check if swap backing store is full
#   Decrease Java heap size (-Xmx/-Xms)
#   Decrease number of Java threads
#   Decrease Java thread stack sizes (-Xss)
#   Set larger code cache with -XX:ReservedCodeCacheSize=
#   JVM is running with Unscaled Compressed Oops mode in which the Java heap is
#     placed in the first 4GB address space. The Java Heap base address is the
#     maximum limit for the native heap growth. Please use -XX:HeapBaseMinAddress
#     to set the Java Heap base and to place the Java Heap above 4GB virtual address.
# This output file may be truncated or incomplete.
#
#  Out of Memory Error (os_windows.cpp:3713), pid=31480, tid=15512
#
# JRE version: OpenJDK Runtime Environment Temurin-21.0.8+9 (21.0.8+9) (build 21.0.8+9-LTS)
# Java VM: OpenJDK 64-Bit Server VM Temurin-21.0.8+9 (21.0.8+9-LTS, mixed mode, tiered, compressed oops, compressed class ptrs, g1 gc, windows-amd64)
# No core dump will be written. Minidumps are not enabled by default on client versions of Windows
#

---------------  S U M M A R Y ------------

Command Line: -Dosgi.requiredJavaVersion=1.8 -Dosgi.instance.area.default=@user.home/STM32CubeIDE/workspace_2.0.0 -Declipse.buildId=Version 2.0.0 -DproductMaturityGrade=mm -Djdk.http.auth.tunneling.disabledSchemes= -XX:+UseG1GC -XX:+UseStringDeduplication -Xms256m -Xmx1024m -Djavax.net.ssl.trustStoreType=WINDOWS-ROOT 

Host: 13th Gen Intel(R) Core(TM) i7-13700H, 20 cores, 15G,  Windows 11 , 64 bit Build 26100 (10.0.26100.7920)
Time: Wed Apr 22 11:04:26 2026 W. Australia Standard Time elapsed time: 110.566246 seconds (0d 0h 1m 50s)

---------------  T H R E A D  ---------------

Current thread (0x000001819dc484d0):  VMThread "VM Thread"          [id=15512, stack(0x000000607ee00000,0x000000607ef00000) (1024K)]

Stack: [0x000000607ee00000,0x000000607ef00000]
Native frames: (J=compiled Java code, j=interpreted, Vv=VM code, C=native code)
V  [jvm.dll+0x6d2449]
V  [jvm.dll+0x8ae341]
V  [jvm.dll+0x8b08be]
V  [jvm.dll+0x8b0fa3]
V  [jvm.dll+0x280c96]
V  [jvm.dll+0x6cec15]
V  [jvm.dll+0x6c2c3a]
V  [jvm.dll+0x35867a]
V  [jvm.dll+0x360246]
V  [jvm.dll+0x3b1f9e]
V  [jvm.dll+0x3b2248]
V  [jvm.dll+0x32c8fc]
V  [jvm.dll+0x32f0e6]
V  [jvm.dll+0x339258]
V  [jvm.dll+0x36e81f]
V  [jvm.dll+0x8b6cbf]
V  [jvm.dll+0x8b8044]
V  [jvm.dll+0x8b8580]
V  [jvm.dll+0x8b8823]
V  [jvm.dll+0x857e6b]
V  [jvm.dll+0x6d0b0d]
C  [ucrtbase.dll+0x37b0]
C  [KERNEL32.DLL+0x2e8d7]
C  [ntdll.dll+0x8c48c]

VM_Operation (0x000000607e9ff8c0): G1PauseRemark, mode: safepoint, requested by thread 0x00000181809a7700


---------------  P R O C E S S  ---------------

Threads class SMR info:
_java_thread_list=0x00000181a5dca6f0, length=49, elements={
0x0000018180965600, 0x000001819ddbf230, 0x000001819ddad2b0, 0x000001819ddb60c0,
0x000001819ddcade0, 0x000001819ddcf920, 0x000001819ddd1ef0, 0x000001819ddd9a40,
0x000001819dde7ef0, 0x000001819ddea840, 0x000001819dff05e0, 0x000001819dff5340,
0x00000181a49d2380, 0x00000181a41ed2c0, 0x00000181a41ed920, 0x00000181a4aa2820,
0x00000181a4fcc350, 0x00000181a4fcdd90, 0x00000181a4fcb630, 0x00000181a4fcd070,
0x00000181a4fceab0, 0x00000181a4fcbcc0, 0x00000181a4fcc9e0, 0x00000181a56026c0,
0x00000181a56005f0, 0x00000181a5603a70, 0x00000181a5601310, 0x00000181a5604100,
0x00000181a56019a0, 0x00000181a5604e20, 0x00000181a5606860, 0x00000181a56054b0,
0x00000181a5604790, 0x00000181a5605b40, 0x00000181a56061d0, 0x00000181a4fce420,
0x000001819e2eb5b0, 0x000001819e2e9b70, 0x000001819e2ebc40, 0x000001819e2ec960,
0x000001819e2ecff0, 0x00000181ab478530, 0x00000181ab476460, 0x00000181ab479f70,
0x000001819e2ea890, 0x000001819e2f0b00, 0x000001819e2f1190, 0x000001819e2f0470,
0x000001819e2ee3a0
}

Java Threads: ( => current thread )
  0x0000018180965600 JavaThread "main"                              [_thread_in_native, id=24600, stack(0x000000607e400000,0x000000607e500000) (1024K)]
  0x000001819ddbf230 JavaThread "Reference Handler"          daemon [_thread_blocked, id=29548, stack(0x000000607ef00000,0x000000607f000000) (1024K)]
  0x000001819ddad2b0 JavaThread "Finalizer"                  daemon [_thread_blocked, id=29040, stack(0x000000607f000000,0x000000607f100000) (1024K)]
  0x000001819ddb60c0 JavaThread "Signal Dispatcher"          daemon [_thread_blocked, id=32644, stack(0x000000607f100000,0x000000607f200000) (1024K)]
  0x000001819ddcade0 JavaThread "Attach Listener"            daemon [_thread_blocked, id=43360, stack(0x000000607f200000,0x000000607f300000) (1024K)]
  0x000001819ddcf920 JavaThread "Service Thread"             daemon [_thread_blocked, id=29064, stack(0x000000607f300000,0x000000607f400000) (1024K)]
  0x000001819ddd1ef0 JavaThread "Monitor Deflation Thread"   daemon [_thread_blocked, id=9892, stack(0x000000607f400000,0x000000607f500000) (1024K)]
  0x000001819ddd9a40 JavaThread "C2 CompilerThread0"         daemon [_thread_blocked, id=42816, stack(0x000000607f500000,0x000000607f600000) (1024K)]
  0x000001819dde7ef0 JavaThread "C1 CompilerThread0"         daemon [_thread_blocked, id=4748, stack(0x000000607f600000,0x000000607f700000) (1024K)]
  0x000001819ddea840 JavaThread "StringDedupThread"          daemon [_thread_blocked, id=13232, stack(0x000000607f700000,0x000000607f800000) (1024K)]
  0x000001819dff05e0 JavaThread "Notification Thread"        daemon [_thread_blocked, id=36256, stack(0x000000607f900000,0x000000607fa00000) (1024K)]
  0x000001819dff5340 JavaThread "Common-Cleaner"             daemon [_thread_blocked, id=41636, stack(0x000000607fa00000,0x000000607fb00000) (1024K)]
  0x00000181a49d2380 JavaThread "Active Thread: Equinox Container: cac29c0c-82a6-421f-9adc-d10afaf16781"        [_thread_blocked, id=15484, stack(0x0000006001100000,0x0000006001200000) (1024K)]
  0x00000181a41ed2c0 JavaThread "Framework Event Dispatcher: Equinox Container: cac29c0c-82a6-421f-9adc-d10afaf16781" daemon [_thread_blocked, id=12020, stack(0x0000006001200000,0x0000006001300000) (1024K)]
  0x00000181a41ed920 JavaThread "Start Level: Equinox Container: cac29c0c-82a6-421f-9adc-d10afaf16781" daemon [_thread_blocked, id=4744, stack(0x0000006001300000,0x0000006001400000) (1024K)]
  0x00000181a4aa2820 JavaThread "SCR Component Actor"        daemon [_thread_blocked, id=1784, stack(0x0000006001400000,0x0000006001500000) (1024K)]
  0x00000181a4fcc350 JavaThread "EMF Reference Cleaner"      daemon [_thread_blocked, id=27428, stack(0x0000006001700000,0x0000006001800000) (1024K)]
  0x00000181a4fcdd90 JavaThread "Worker-JM"                         [_thread_blocked, id=38412, stack(0x0000006001600000,0x0000006001700000) (1024K)]
  0x00000181a4fcb630 JavaThread "Gogo shell"                        [_thread_blocked, id=40340, stack(0x0000006000200000,0x0000006000300000) (1024K)]
  0x00000181a4fcd070 JavaThread "JNA Cleaner"                daemon [_thread_blocked, id=37812, stack(0x0000006000000000,0x0000006000100000) (1024K)]
  0x00000181a4fceab0 JavaThread "Worker-0"                          [_thread_blocked, id=34132, stack(0x0000006000100000,0x0000006000200000) (1024K)]
  0x00000181a4fcbcc0 JavaThread "Bundle File Closer"         daemon [_thread_blocked, id=6448, stack(0x0000006002000000,0x0000006002100000) (1024K)]
  0x00000181a4fcc9e0 JavaThread "Worker-1"                          [_thread_blocked, id=16900, stack(0x0000006002100000,0x0000006002200000) (1024K)]
  0x00000181a56026c0 JavaThread "ForkJoinPool.commonPool-worker-1" daemon [_thread_blocked, id=32724, stack(0x0000006002600000,0x0000006002700000) (1024K)]
  0x00000181a56005f0 JavaThread "org.eclipse.cdt.internal.ui.text.CReconciler" daemon [_thread_blocked, id=37224, stack(0x0000006001c00000,0x0000006001d00000) (1024K)]
  0x00000181a5603a70 JavaThread "EventAdmin Async Event Dispatcher Thread" daemon [_thread_blocked, id=43768, stack(0x0000006001d00000,0x0000006001e00000) (1024K)]
  0x00000181a5601310 JavaThread "Worker-2"                          [_thread_blocked, id=31880, stack(0x0000006002200000,0x0000006002300000) (1024K)]
  0x00000181a5604100 JavaThread "Worker-3"                          [_thread_blocked, id=41056, stack(0x0000006002400000,0x0000006002500000) (1024K)]
  0x00000181a56019a0 JavaThread "Worker-4: Loading the repository {0}"        [_thread_blocked, id=40104, stack(0x0000006002800000,0x0000006002900000) (1024K)]
  0x00000181a5604e20 JavaThread "Worker-5"                          [_thread_blocked, id=42588, stack(0x0000006002900000,0x0000006002a00000) (1024K)]
  0x00000181a5606860 JavaThread "Worker-6"                          [_thread_blocked, id=27404, stack(0x0000006002a00000,0x0000006002b00000) (1024K)]
  0x00000181a56054b0 JavaThread "Worker-7: https://sw-center.st.com/stm32cubeide/toolchains/compositeContent.jar"        [_thread_blocked, id=22524, stack(0x0000006002b00000,0x0000006002c00000) (1024K)]
  0x00000181a5604790 JavaThread "Worker-8"                          [_thread_blocked, id=37920, stack(0x0000006002c00000,0x0000006002d00000) (1024K)]
  0x00000181a5605b40 JavaThread "Worker-9"                          [_thread_blocked, id=8536, stack(0x0000006002d00000,0x0000006002e00000) (1024K)]
  0x00000181a56061d0 JavaThread "Worker-10"                         [_thread_blocked, id=15472, stack(0x0000006002e00000,0x0000006002f00000) (1024K)]
  0x00000181a4fce420 JavaThread "Worker-11"                         [_thread_blocked, id=40500, stack(0x0000006002f00000,0x0000006003000000) (1024K)]
  0x000001819e2eb5b0 JavaThread "pool-2-thread-1"                   [_thread_blocked, id=6888, stack(0x0000006003200000,0x0000006003300000) (1024K)]
  0x000001819e2e9b70 JavaThread "pool-3-thread-1"                   [_thread_blocked, id=31016, stack(0x0000006003300000,0x0000006003400000) (1024K)]
  0x000001819e2ebc40 JavaThread "RMI TCP Accept-41337"       daemon [_thread_in_native, id=912, stack(0x0000006003b00000,0x0000006003c00000) (1024K)]
  0x000001819e2ec960 JavaThread "RMI Reaper"                        [_thread_blocked, id=16992, stack(0x0000006003c00000,0x0000006003d00000) (1024K)]
  0x000001819e2ecff0 JavaThread "RMI GC Daemon"              daemon [_thread_blocked, id=43336, stack(0x0000006003e00000,0x0000006003f00000) (1024K)]
  0x00000181ab478530 JavaThread "org.eclipse.ui.internal.genericeditor.DefaultWordHighlightReconciler" daemon [_thread_blocked, id=32448, stack(0x0000006004000000,0x0000006004100000) (1024K)]
  0x00000181ab476460 JavaThread "org.eclipse.ui.internal.genericeditor.folding.DefaultFoldingReconciler" daemon [_thread_blocked, id=22280, stack(0x0000006004100000,0x0000006004200000) (1024K)]
  0x00000181ab479f70 JavaThread "Serial Ports Filter"        daemon [_thread_blocked, id=43632, stack(0x0000006002700000,0x0000006002800000) (1024K)]
  0x000001819e2ea890 JavaThread "Thread-15"                         [_thread_blocked, id=24192, stack(0x0000006004200000,0x0000006004300000) (1024K)]
  0x000001819e2f0b00 JavaThread "HttpClient-1-SelectorManager" daemon [_thread_blocked, id=31080, stack(0x0000006004300000,0x0000006004400000) (1024K)]
  0x000001819e2f1190 JavaThread "HttpClient-1-Worker-0"      daemon [_thread_blocked, id=4100, stack(0x0000006003600000,0x0000006003700000) (1024K)]
  0x000001819e2f0470 JavaThread "HttpClient-1-Worker-1"      daemon [_thread_blocked, id=8456, stack(0x0000006003800000,0x0000006003900000) (1024K)]
  0x000001819e2ee3a0 JavaThread "Provisioning Event Dispatcher" daemon [_thread_blocked, id=35396, stack(0x0000006003a00000,0x0000006003b00000) (1024K)]
Total: 49

Other Threads:
=>0x000001819dc484d0 VMThread "VM Thread"                           [id=15512, stack(0x000000607ee00000,0x000000607ef00000) (1024K)]
  0x000001819dd30cd0 WatcherThread "VM Periodic Task Thread"        [id=37452, stack(0x000000607ed00000,0x000000607ee00000) (1024K)]
  0x000001818099e720 WorkerThread "GC Thread#0"                     [id=34748, stack(0x000000607e800000,0x000000607e900000) (1024K)]
  0x00000181a3a7bac0 WorkerThread "GC Thread#1"                     [id=10780, stack(0x0000006000300000,0x0000006000400000) (1024K)]
  0x00000181a3a7be60 WorkerThread "GC Thread#2"                     [id=2872, stack(0x0000006000400000,0x0000006000500000) (1024K)]
  0x00000181a3aa85d0 WorkerThread "GC Thread#3"                     [id=36076, stack(0x0000006000500000,0x0000006000600000) (1024K)]
  0x00000181a3b513f0 WorkerThread "GC Thread#4"                     [id=35420, stack(0x0000006000600000,0x0000006000700000) (1024K)]
  0x00000181a3b51790 WorkerThread "GC Thread#5"                     [id=32492, stack(0x0000006000700000,0x0000006000800000) (1024K)]
  0x00000181a4202340 WorkerThread "GC Thread#6"                     [id=31216, stack(0x0000006000800000,0x0000006000900000) (1024K)]
  0x000001819e5773e0 WorkerThread "GC Thread#7"                     [id=20128, stack(0x0000006000900000,0x0000006000a00000) (1024K)]
  0x00000181a3dae170 WorkerThread "GC Thread#8"                     [id=11380, stack(0x0000006000a00000,0x0000006000b00000) (1024K)]
  0x00000181a3dae510 WorkerThread "GC Thread#9"                     [id=40052, stack(0x0000006000b00000,0x0000006000c00000) (1024K)]
  0x00000181a3bdf220 WorkerThread "GC Thread#10"                    [id=5852, stack(0x0000006000c00000,0x0000006000d00000) (1024K)]
  0x00000181a3be07e0 WorkerThread "GC Thread#11"                    [id=30232, stack(0x0000006000d00000,0x0000006000e00000) (1024K)]
  0x00000181a3bdf5c0 WorkerThread "GC Thread#12"                    [id=35416, stack(0x0000006000e00000,0x0000006000f00000) (1024K)]
  0x00000181a3bdf960 WorkerThread "GC Thread#13"                    [id=38992, stack(0x0000006000f00000,0x0000006001000000) (1024K)]
  0x00000181a3bdfd00 WorkerThread "GC Thread#14"                    [id=27836, stack(0x0000006001000000,0x0000006001100000) (1024K)]
  0x00000181809a7700 ConcurrentGCThread "G1 Main Marker"            [id=44012, stack(0x000000607e900000,0x000000607ea00000) (1024K)]
  0x00000181809a9bf0 WorkerThread "G1 Conc#0"                       [id=24476, stack(0x000000607ea00000,0x000000607eb00000) (1024K)]
  0x00000181a3be0440 WorkerThread "G1 Conc#1"                       [id=29664, stack(0x0000006001800000,0x0000006001900000) (1024K)]
  0x00000181a3bdee80 WorkerThread "G1 Conc#2"                       [id=37432, stack(0x0000006001900000,0x0000006001a00000) (1024K)]
  0x00000181a464d5a0 WorkerThread "G1 Conc#3"                       [id=38668, stack(0x0000006001a00000,0x0000006001b00000) (1024K)]
  0x000001819db866f0 ConcurrentGCThread "G1 Refine#0"               [id=35100, stack(0x000000607eb00000,0x000000607ec00000) (1024K)]
  0x000001819db86f10 ConcurrentGCThread "G1 Service"                [id=36320, stack(0x000000607ec00000,0x000000607ed00000) (1024K)]
Total: 24

Threads with active compile tasks:
Total: 0

VM state: at safepoint (normal execution)

VM Mutex/Monitor currently owned by a thread:  ([mutex/lock_event])
[0x00007ffade905458] Threads_lock - owner thread: 0x000001819dc484d0
[0x00007ffade905558] Heap_lock - owner thread: 0x00000181809a7700

Heap address: 0x00000000c0000000, size: 1024 MB, Compressed Oops mode: 32-bit

CDS archive(s) not mapped
Compressed class space mapped at: 0x0000000100000000-0x0000000140000000, reserved size: 1073741824
Narrow klass base: 0x0000000000000000, Narrow klass shift: 3, Narrow klass range: 0x140000000

GC Precious Log:
 CardTable entry size: 512
 Card Set container configuration: InlinePtr #cards 5 size 8 Array Of Cards #cards 12 size 40 Howl #buckets 4 coarsen threshold 1843 Howl Bitmap #cards 512 size 80 coarsen threshold 460 Card regions per heap region 1 cards per card region 2048
 CPUs: 20 total, 20 available
 Memory: 16055M
 Large Page Support: Disabled
 NUMA Support: Disabled
 Compressed Oops: Enabled (32-bit)
 Heap Region Size: 1M
 Heap Min Capacity: 256M
 Heap Initial Capacity: 256M
 Heap Max Capacity: 1G
 Pre-touch: Disabled
 Parallel Workers: 15
 Concurrent Workers: 4
 Concurrent Refinement Workers: 15
 Periodic GC: Disabled
 String Deduplication is enabled

Heap:
 garbage-first heap   total 582656K, used 398576K [0x00000000c0000000, 0x0000000100000000)
  region size 1024K, 28 young (28672K), 15 survivors (15360K)
 Metaspace       used 108356K, committed 111104K, reserved 1179648K
  class space    used 12423K, committed 13568K, reserved 1048576K

Heap Regions: E=young(eden), S=young(survivor), O=old, HS=humongous(starts), HC=humongous(continues), CS=collection set, F=free, TAMS=top-at-mark-start, PB=parsable bottom
|   0|0x00000000c0000000, 0x00000000c0100000, 0x00000000c0100000|100%| O|  |TAMS 0x00000000c0100000| PB 0x00000000c0100000| Untracked 
|   1|0x00000000c0100000, 0x00000000c0200000, 0x00000000c0200000|100%| O|  |TAMS 0x00000000c0200000| PB 0x00000000c0200000| Untracked 
|   2|0x00000000c0200000, 0x00000000c0300000, 0x00000000c0300000|100%| O|  |TAMS 0x00000000c0300000| PB 0x00000000c0300000| Untracked 
|   3|0x00000000c0300000, 0x00000000c0400000, 0x00000000c0400000|100%| O|  |TAMS 0x00000000c0400000| PB 0x00000000c0400000| Updating 
|   4|0x00000000c0400000, 0x00000000c0500000, 0x00000000c0500000|100%| O|  |TAMS 0x00000000c0500000| PB 0x00000000c0500000| Untracked 
|   5|0x00000000c0500000, 0x00000000c0600000, 0x00000000c0600000|100%| O|  |TAMS 0x00000000c0600000| PB 0x00000000c0600000| Untracked 
|   6|0x00000000c0600000, 0x00000000c0700000, 0x00000000c0700000|100%| O|  |TAMS 0x00000000c0700000| PB 0x00000000c0700000| Updating 
|   7|0x00000000c0700000, 0x00000000c0800000, 0x00000000c0800000|100%| O|  |TAMS 0x00000000c0800000| PB 0x00000000c0800000| Untracked 
|   8|0x00000000c0800000, 0x00000000c0900000, 0x00000000c0900000|100%| O|  |TAMS 0x00000000c0900000| PB 0x00000000c0900000| Updating 
|   9|0x00000000c0900000, 0x00000000c0a00000, 0x00000000c0a00000|100%| O|  |TAMS 0x00000000c0a00000| PB 0x00000000c0a00000| Updating 
|  10|0x00000000c0a00000, 0x00000000c0b00000, 0x00000000c0b00000|100%| O|  |TAMS 0x00000000c0b00000| PB 0x00000000c0b00000| Untracked 
|  11|0x00000000c0b00000, 0x00000000c0c00000, 0x00000000c0c00000|100%|HS|  |TAMS 0x00000000c0c00000| PB 0x00000000c0b00000| Complete 
|  12|0x00000000c0c00000, 0x00000000c0d00000, 0x00000000c0d00000|100%| O|  |TAMS 0x00000000c0c00000| PB 0x00000000c0c00000| Untracked 
|  13|0x00000000c0d00000, 0x00000000c0e00000, 0x00000000c0e00000|100%| O|  |TAMS 0x00000000c0e00000| PB 0x00000000c0e00000| Updating 
|  14|0x00000000c0e00000, 0x00000000c0f00000, 0x00000000c0f00000|100%| O|  |TAMS 0x00000000c0f00000| PB 0x00000000c0f00000| Untracked 
|  15|0x00000000c0f00000, 0x00000000c1000000, 0x00000000c1000000|100%| O|  |TAMS 0x00000000c1000000| PB 0x00000000c1000000| Updating 
|  16|0x00000000c1000000, 0x00000000c1100000, 0x00000000c1100000|100%| O|  |TAMS 0x00000000c1100000| PB 0x00000000c1100000| Updating 
|  17|0x00000000c1100000, 0x00000000c1200000, 0x00000000c1200000|100%| O|  |TAMS 0x00000000c1200000| PB 0x00000000c1200000| Untracked 
|  18|0x00000000c1200000, 0x00000000c1300000, 0x00000000c1300000|100%| O|  |TAMS 0x00000000c1300000| PB 0x00000000c1300000| Untracked 
|  19|0x00000000c1300000, 0x00000000c1400000, 0x00000000c1400000|100%| O|  |TAMS 0x00000000c1400000| PB 0x00000000c1400000| Untracked 
|  20|0x00000000c1400000, 0x00000000c1500000, 0x00000000c1500000|100%| O|  |TAMS 0x00000000c1500000| PB 0x00000000c1500000| Untracked 
|  21|0x00000000c1500000, 0x00000000c1600000, 0x00000000c1600000|100%| O|  |TAMS 0x00000000c1600000| PB 0x00000000c1600000| Untracked 
|  22|0x00000000c1600000, 0x00000000c1700000, 0x00000000c1700000|100%| O|  |TAMS 0x00000000c1700000| PB 0x00000000c1700000| Updating 
|  23|0x00000000c1700000, 0x00000000c1800000, 0x00000000c1800000|100%| O|  |TAMS 0x00000000c1800000| PB 0x00000000c1800000| Untracked 
|  24|0x00000000c1800000, 0x00000000c1900000, 0x00000000c1900000|100%| O|  |TAMS 0x00000000c1900000| PB 0x00000000c1900000| Untracked 
|  25|0x00000000c1900000, 0x00000000c1a00000, 0x00000000c1a00000|100%| O|  |TAMS 0x00000000c1a00000| PB 0x00000000c1a00000| Untracked 
|  26|0x00000000c1a00000, 0x00000000c1b00000, 0x00000000c1b00000|100%| O|  |TAMS 0x00000000c1b00000| PB 0x00000000c1b00000| Untracked 
|  27|0x00000000c1b00000, 0x00000000c1c00000, 0x00000000c1c00000|100%| O|  |TAMS 0x00000000c1c00000| PB 0x00000000c1c00000| Untracked 
|  28|0x00000000c1c00000, 0x00000000c1d00000, 0x00000000c1d00000|100%| O|  |TAMS 0x00000000c1d00000| PB 0x00000000c1d00000| Untracked 
|  29|0x00000000c1d00000, 0x00000000c1e00000, 0x00000000c1e00000|100%| O|  |TAMS 0x00000000c1e00000| PB 0x00000000c1e00000| Untracked 
|  30|0x00000000c1e00000, 0x00000000c1f00000, 0x00000000c1f00000|100%| O|  |TAMS 0x00000000c1f00000| PB 0x00000000c1f00000| Untracked 
|  31|0x00000000c1f00000, 0x00000000c2000000, 0x00000000c2000000|100%| O|  |TAMS 0x00000000c2000000| PB 0x00000000c2000000| Untracked 
|  32|0x00000000c2000000, 0x00000000c2100000, 0x00000000c2100000|100%| O|  |TAMS 0x00000000c2100000| PB 0x00000000c2100000| Untracked 
|  33|0x00000000c2100000, 0x00000000c2200000, 0x00000000c2200000|100%| O|  |TAMS 0x00000000c2200000| PB 0x00000000c2200000| Untracked 
|  34|0x00000000c2200000, 0x00000000c2300000, 0x00000000c2300000|100%| O|  |TAMS 0x00000000c2300000| PB 0x00000000c2300000| Untracked 
|  35|0x00000000c2300000, 0x00000000c2400000, 0x00000000c2400000|100%| O|  |TAMS 0x00000000c2400000| PB 0x00000000c2400000| Untracked 
|  36|0x00000000c2400000, 0x00000000c2500000, 0x00000000c2500000|100%| O|  |TAMS 0x00000000c2500000| PB 0x00000000c2500000| Untracked 
|  37|0x00000000c2500000, 0x00000000c2600000, 0x00000000c2600000|100%| O|  |TAMS 0x00000000c2600000| PB 0x00000000c2600000| Untracked 
|  38|0x00000000c2600000, 0x00000000c2700000, 0x00000000c2700000|100%| O|  |TAMS 0x00000000c2700000| PB 0x00000000c2700000| Updating 
|  39|0x00000000c2700000, 0x00000000c2800000, 0x00000000c2800000|100%| O|  |TAMS 0x00000000c2800000| PB 0x00000000c2800000| Updating 
|  40|0x00000000c2800000, 0x00000000c2900000, 0x00000000c2900000|100%|HS|  |TAMS 0x00000000c2900000| PB 0x00000000c2800000| Complete 
|  41|0x00000000c2900000, 0x00000000c2a00000, 0x00000000c2a00000|100%| O|  |TAMS 0x00000000c2a00000| PB 0x00000000c2a00000| Updating 
|  42|0x00000000c2a00000, 0x00000000c2b00000, 0x00000000c2b00000|100%| O|  |TAMS 0x00000000c2b00000| PB 0x00000000c2b00000| Untracked 
|  43|0x00000000c2b00000, 0x00000000c2c00000, 0x00000000c2c00000|100%| O|  |TAMS 0x00000000c2c00000| PB 0x00000000c2c00000| Untracked 
|  44|0x00000000c2c00000, 0x00000000c2d00000, 0x00000000c2d00000|100%| O|  |TAMS 0x00000000c2d00000| PB 0x00000000c2d00000| Untracked 
|  45|0x00000000c2d00000, 0x00000000c2e00000, 0x00000000c2e00000|100%| O|  |TAMS 0x00000000c2e00000| PB 0x00000000c2e00000| Untracked 
|  46|0x00000000c2e00000, 0x00000000c2f00000, 0x00000000c2f00000|100%| O|  |TAMS 0x00000000c2f00000| PB 0x00000000c2f00000| Updating 
|  47|0x00000000c2f00000, 0x00000000c3000000, 0x00000000c3000000|100%| O|  |TAMS 0x00000000c3000000| PB 0x00000000c3000000| Untracked 
|  48|0x00000000c3000000, 0x00000000c3100000, 0x00000000c3100000|100%| O|  |TAMS 0x00000000c3100000| PB 0x00000000c3100000| Untracked 
|  49|0x00000000c3100000, 0x00000000c3200000, 0x00000000c3200000|100%| O|  |TAMS 0x00000000c3200000| PB 0x00000000c3200000| Untracked 
|  50|0x00000000c3200000, 0x00000000c3300000, 0x00000000c3300000|100%| O|  |TAMS 0x00000000c3300000| PB 0x00000000c3300000| Untracked 
|  51|0x00000000c3300000, 0x00000000c3400000, 0x00000000c3400000|100%| O|  |TAMS 0x00000000c3300000| PB 0x00000000c3300000| Untracked 
|  52|0x00000000c3400000, 0x00000000c3500000, 0x00000000c3500000|100%| O|  |TAMS 0x00000000c3400000| PB 0x00000000c3400000| Untracked 
|  53|0x00000000c3500000, 0x00000000c3600000, 0x00000000c3600000|100%| O|  |TAMS 0x00000000c3600000| PB 0x00000000c3600000| Untracked 
|  54|0x00000000c3600000, 0x00000000c3700000, 0x00000000c3700000|100%| O|  |TAMS 0x00000000c3700000| PB 0x00000000c3700000| Untracked 
|  55|0x00000000c3700000, 0x00000000c3800000, 0x00000000c3800000|100%| O|  |TAMS 0x00000000c3800000| PB 0x00000000c3800000| Untracked 
|  56|0x00000000c3800000, 0x00000000c3900000, 0x00000000c3900000|100%| O|  |TAMS 0x00000000c3900000| PB 0x00000000c3900000| Untracked 
|  57|0x00000000c3900000, 0x00000000c3a00000, 0x00000000c3a00000|100%| O|  |TAMS 0x00000000c3a00000| PB 0x00000000c3a00000| Untracked 
|  58|0x00000000c3a00000, 0x00000000c3b00000, 0x00000000c3b00000|100%| O|  |TAMS 0x00000000c3b00000| PB 0x00000000c3b00000| Untracked 
|  59|0x00000000c3b00000, 0x00000000c3c00000, 0x00000000c3c00000|100%| O|  |TAMS 0x00000000c3c00000| PB 0x00000000c3c00000| Untracked 
|  60|0x00000000c3c00000, 0x00000000c3d00000, 0x00000000c3d00000|100%| O|  |TAMS 0x00000000c3d00000| PB 0x00000000c3d00000| Untracked 
|  61|0x00000000c3d00000, 0x00000000c3e00000, 0x00000000c3e00000|100%| O|  |TAMS 0x00000000c3e00000| PB 0x00000000c3e00000| Updating 
|  62|0x00000000c3e00000, 0x00000000c3f00000, 0x00000000c3f00000|100%| O|  |TAMS 0x00000000c3f00000| PB 0x00000000c3f00000| Untracked 
|  63|0x00000000c3f00000, 0x00000000c4000000, 0x00000000c4000000|100%| O|  |TAMS 0x00000000c4000000| PB 0x00000000c4000000| Updating 
|  64|0x00000000c4000000, 0x00000000c4100000, 0x00000000c4100000|100%| O|  |TAMS 0x00000000c4100000| PB 0x00000000c4100000| Updating 
|  65|0x00000000c4100000, 0x00000000c4200000, 0x00000000c4200000|100%| O|  |TAMS 0x00000000c4200000| PB 0x00000000c4200000| Untracked 
|  66|0x00000000c4200000, 0x00000000c4300000, 0x00000000c4300000|100%| O|  |TAMS 0x00000000c4300000| PB 0x00000000c4300000| Untracked 
|  67|0x00000000c4300000, 0x00000000c4400000, 0x00000000c4400000|100%| O|  |TAMS 0x00000000c4400000| PB 0x00000000c4400000| Untracked 
|  68|0x00000000c4400000, 0x00000000c4500000, 0x00000000c4500000|100%| O|  |TAMS 0x00000000c4500000| PB 0x00000000c4500000| Untracked 
|  69|0x00000000c4500000, 0x00000000c4600000, 0x00000000c4600000|100%| O|  |TAMS 0x00000000c4600000| PB 0x00000000c4600000| Untracked 
|  70|0x00000000c4600000, 0x00000000c4700000, 0x00000000c4700000|100%| O|  |TAMS 0x00000000c4700000| PB 0x00000000c4700000| Untracked 
|  71|0x00000000c4700000, 0x00000000c4800000, 0x00000000c4800000|100%| O|  |TAMS 0x00000000c4800000| PB 0x00000000c4800000| Updating 
|  72|0x00000000c4800000, 0x00000000c4900000, 0x00000000c4900000|100%| O|  |TAMS 0x00000000c4900000| PB 0x00000000c4900000| Updating 
|  73|0x00000000c4900000, 0x00000000c4a00000, 0x00000000c4a00000|100%| O|  |TAMS 0x00000000c4a00000| PB 0x00000000c4a00000| Untracked 
|  74|0x00000000c4a00000, 0x00000000c4b00000, 0x00000000c4b00000|100%| O|  |TAMS 0x00000000c4b00000| PB 0x00000000c4b00000| Untracked 
|  75|0x00000000c4b00000, 0x00000000c4c00000, 0x00000000c4c00000|100%|HS|  |TAMS 0x00000000c4c00000| PB 0x00000000c4b00000| Complete 
|  76|0x00000000c4c00000, 0x00000000c4d00000, 0x00000000c4d00000|100%| O|  |TAMS 0x00000000c4d00000| PB 0x00000000c4d00000| Untracked 
|  77|0x00000000c4d00000, 0x00000000c4e00000, 0x00000000c4e00000|100%| O|  |TAMS 0x00000000c4e00000| PB 0x00000000c4e00000| Updating 
|  78|0x00000000c4e00000, 0x00000000c4f00000, 0x00000000c4f00000|100%| O|  |TAMS 0x00000000c4f00000| PB 0x00000000c4f00000| Untracked 
|  79|0x00000000c4f00000, 0x00000000c5000000, 0x00000000c5000000|100%| O|  |TAMS 0x00000000c5000000| PB 0x00000000c5000000| Untracked 
|  80|0x00000000c5000000, 0x00000000c5100000, 0x00000000c5100000|100%| O|  |TAMS 0x00000000c5100000| PB 0x00000000c5100000| Updating 
|  81|0x00000000c5100000, 0x00000000c5200000, 0x00000000c5200000|100%| O|  |TAMS 0x00000000c5200000| PB 0x00000000c5200000| Untracked 
|  82|0x00000000c5200000, 0x00000000c5300000, 0x00000000c5300000|100%| O|  |TAMS 0x00000000c5300000| PB 0x00000000c5300000| Untracked 
|  83|0x00000000c5300000, 0x00000000c5400000, 0x00000000c5400000|100%| O|  |TAMS 0x00000000c5400000| PB 0x00000000c5400000| Untracked 
|  84|0x00000000c5400000, 0x00000000c5500000, 0x00000000c5500000|100%| O|  |TAMS 0x00000000c5500000| PB 0x00000000c5500000| Untracked 
|  85|0x00000000c5500000, 0x00000000c5600000, 0x00000000c5600000|100%| O|  |TAMS 0x00000000c5600000| PB 0x00000000c5600000| Untracked 
|  86|0x00000000c5600000, 0x00000000c5700000, 0x00000000c5700000|100%| O|  |TAMS 0x00000000c5700000| PB 0x00000000c5700000| Untracked 
|  87|0x00000000c5700000, 0x00000000c5800000, 0x00000000c5800000|100%| O|  |TAMS 0x00000000c5800000| PB 0x00000000c5800000| Untracked 
|  88|0x00000000c5800000, 0x00000000c5900000, 0x00000000c5900000|100%| O|  |TAMS 0x00000000c5900000| PB 0x00000000c5900000| Untracked 
|  89|0x00000000c5900000, 0x00000000c5a00000, 0x00000000c5a00000|100%| O|  |TAMS 0x00000000c5a00000| PB 0x00000000c5a00000| Untracked 
|  90|0x00000000c5a00000, 0x00000000c5b00000, 0x00000000c5b00000|100%|HS|  |TAMS 0x00000000c5b00000| PB 0x00000000c5a00000| Complete 
|  91|0x00000000c5b00000, 0x00000000c5c00000, 0x00000000c5c00000|100%| O|  |TAMS 0x00000000c5c00000| PB 0x00000000c5c00000| Untracked 
|  92|0x00000000c5c00000, 0x00000000c5d00000, 0x00000000c5d00000|100%|HS|  |TAMS 0x00000000c5d00000| PB 0x00000000c5c00000| Complete 
|  93|0x00000000c5d00000, 0x00000000c5e00000, 0x00000000c5e00000|100%| O|  |TAMS 0x00000000c5e00000| PB 0x00000000c5e00000| Untracked 
|  94|0x00000000c5e00000, 0x00000000c5f00000, 0x00000000c5f00000|100%|HS|  |TAMS 0x00000000c5f00000| PB 0x00000000c5e00000| Complete 
|  95|0x00000000c5f00000, 0x00000000c6000000, 0x00000000c6000000|100%|HS|  |TAMS 0x00000000c6000000| PB 0x00000000c5f00000| Complete 
|  96|0x00000000c6000000, 0x00000000c6100000, 0x00000000c6100000|100%| O|  |TAMS 0x00000000c6100000| PB 0x00000000c6100000| Untracked 
|  97|0x00000000c6100000, 0x00000000c6200000, 0x00000000c6200000|100%|HS|  |TAMS 0x00000000c6200000| PB 0x00000000c6100000| Complete 
|  98|0x00000000c6200000, 0x00000000c6300000, 0x00000000c6300000|100%| O|  |TAMS 0x00000000c6300000| PB 0x00000000c6300000| Untracked 
|  99|0x00000000c6300000, 0x00000000c6400000, 0x00000000c6400000|100%|HS|  |TAMS 0x00000000c6400000| PB 0x00000000c6300000| Complete 
| 100|0x00000000c6400000, 0x00000000c6500000, 0x00000000c6500000|100%| O|  |TAMS 0x00000000c6500000| PB 0x00000000c6500000| Untracked 
| 101|0x00000000c6500000, 0x00000000c6600000, 0x00000000c6600000|100%| O|  |TAMS 0x00000000c6600000| PB 0x00000000c6600000| Untracked 
| 102|0x00000000c6600000, 0x00000000c6700000, 0x00000000c6700000|100%|HS|  |TAMS 0x00000000c6700000| PB 0x00000000c6600000| Complete 
| 103|0x00000000c6700000, 0x00000000c6800000, 0x00000000c6800000|100%| O|  |TAMS 0x00000000c6800000| PB 0x00000000c6800000| Updating 
| 104|0x00000000c6800000, 0x00000000c6900000, 0x00000000c6900000|100%| O|  |TAMS 0x00000000c6900000| PB 0x00000000c6900000| Updating 
| 105|0x00000000c6900000, 0x00000000c6a00000, 0x00000000c6a00000|100%|HS|  |TAMS 0x00000000c6a00000| PB 0x00000000c6900000| Complete 
| 106|0x00000000c6a00000, 0x00000000c6b00000, 0x00000000c6b00000|100%| O|  |TAMS 0x00000000c6b00000| PB 0x00000000c6b00000| Untracked 
| 107|0x00000000c6b00000, 0x00000000c6c00000, 0x00000000c6c00000|100%| O|  |TAMS 0x00000000c6c00000| PB 0x00000000c6c00000| Untracked 
| 108|0x00000000c6c00000, 0x00000000c6d00000, 0x00000000c6d00000|100%|HS|  |TAMS 0x00000000c6d00000| PB 0x00000000c6c00000| Complete 
| 109|0x00000000c6d00000, 0x00000000c6e00000, 0x00000000c6e00000|100%|HS|  |TAMS 0x00000000c6e00000| PB 0x00000000c6d00000| Complete 
| 110|0x00000000c6e00000, 0x00000000c6f00000, 0x00000000c6f00000|100%|HS|  |TAMS 0x00000000c6f00000| PB 0x00000000c6e00000| Complete 
| 111|0x00000000c6f00000, 0x00000000c7000000, 0x00000000c7000000|100%| O|  |TAMS 0x00000000c7000000| PB 0x00000000c7000000| Untracked 
| 112|0x00000000c7000000, 0x00000000c7100000, 0x00000000c7100000|100%|HS|  |TAMS 0x00000000c7100000| PB 0x00000000c7000000| Complete 
| 113|0x00000000c7100000, 0x00000000c7200000, 0x00000000c7200000|100%| O|  |TAMS 0x00000000c7200000| PB 0x00000000c7200000| Untracked 
| 114|0x00000000c7200000, 0x00000000c7300000, 0x00000000c7300000|100%| O|  |TAMS 0x00000000c7300000| PB 0x00000000c7300000| Untracked 
| 115|0x00000000c7300000, 0x00000000c7400000, 0x00000000c7400000|100%|HS|  |TAMS 0x00000000c7400000| PB 0x00000000c7300000| Complete 
| 116|0x00000000c7400000, 0x00000000c7500000, 0x00000000c7500000|100%| O|  |TAMS 0x00000000c7500000| PB 0x00000000c7500000| Untracked 
| 117|0x00000000c7500000, 0x00000000c7600000, 0x00000000c7600000|100%|HS|  |TAMS 0x00000000c7600000| PB 0x00000000c7500000| Complete 
| 118|0x00000000c7600000, 0x00000000c7700000, 0x00000000c7700000|100%|HS|  |TAMS 0x00000000c7700000| PB 0x00000000c7600000| Complete 
| 119|0x00000000c7700000, 0x00000000c7800000, 0x00000000c7800000|100%| O|  |TAMS 0x00000000c7800000| PB 0x00000000c7800000| Untracked 
| 120|0x00000000c7800000, 0x00000000c7900000, 0x00000000c7900000|100%|HS|  |TAMS 0x00000000c7900000| PB 0x00000000c7800000| Complete 
| 121|0x00000000c7900000, 0x00000000c7a00000, 0x00000000c7a00000|100%| O|  |TAMS 0x00000000c7a00000| PB 0x00000000c7a00000| Untracked 
| 122|0x00000000c7a00000, 0x00000000c7b00000, 0x00000000c7b00000|100%| O|  |TAMS 0x00000000c7b00000| PB 0x00000000c7b00000| Untracked 
| 123|0x00000000c7b00000, 0x00000000c7c00000, 0x00000000c7c00000|100%| O|  |TAMS 0x00000000c7c00000| PB 0x00000000c7c00000| Untracked 
| 124|0x00000000c7c00000, 0x00000000c7d00000, 0x00000000c7d00000|100%| O|  |TAMS 0x00000000c7d00000| PB 0x00000000c7d00000| Untracked 
| 125|0x00000000c7d00000, 0x00000000c7e00000, 0x00000000c7e00000|100%| O|  |TAMS 0x00000000c7e00000| PB 0x00000000c7e00000| Untracked 
| 126|0x00000000c7e00000, 0x00000000c7f00000, 0x00000000c7f00000|100%|HS|  |TAMS 0x00000000c7f00000| PB 0x00000000c7e00000| Complete 
| 127|0x00000000c7f00000, 0x00000000c8000000, 0x00000000c8000000|100%| O|  |TAMS 0x00000000c8000000| PB 0x00000000c8000000| Untracked 
| 128|0x00000000c8000000, 0x00000000c8100000, 0x00000000c8100000|100%| O|  |TAMS 0x00000000c8100000| PB 0x00000000c8100000| Untracked 
| 129|0x00000000c8100000, 0x00000000c8200000, 0x00000000c8200000|100%| O|  |TAMS 0x00000000c8200000| PB 0x00000000c8200000| Untracked 
| 130|0x00000000c8200000, 0x00000000c8300000, 0x00000000c8300000|100%|HS|  |TAMS 0x00000000c8300000| PB 0x00000000c8200000| Complete 
| 131|0x00000000c8300000, 0x00000000c8400000, 0x00000000c8400000|100%| O|  |TAMS 0x00000000c8400000| PB 0x00000000c8400000| Untracked 
| 132|0x00000000c8400000, 0x00000000c8500000, 0x00000000c8500000|100%| O|  |TAMS 0x00000000c8500000| PB 0x00000000c8500000| Untracked 
| 133|0x00000000c8500000, 0x00000000c8600000, 0x00000000c8600000|100%|HS|  |TAMS 0x00000000c8600000| PB 0x00000000c8500000| Complete 
| 134|0x00000000c8600000, 0x00000000c8700000, 0x00000000c8700000|100%|HS|  |TAMS 0x00000000c8700000| PB 0x00000000c8600000| Complete 
| 135|0x00000000c8700000, 0x00000000c8800000, 0x00000000c8800000|100%|HS|  |TAMS 0x00000000c8800000| PB 0x00000000c8700000| Complete 
| 136|0x00000000c8800000, 0x00000000c8900000, 0x00000000c8900000|100%| O|  |TAMS 0x00000000c8900000| PB 0x00000000c8900000| Untracked 
| 137|0x00000000c8900000, 0x00000000c8a00000, 0x00000000c8a00000|100%| O|  |TAMS 0x00000000c8a00000| PB 0x00000000c8a00000| Untracked 
| 138|0x00000000c8a00000, 0x00000000c8b00000, 0x00000000c8b00000|100%| O|  |TAMS 0x00000000c8b00000| PB 0x00000000c8b00000| Untracked 
| 139|0x00000000c8b00000, 0x00000000c8c00000, 0x00000000c8c00000|100%| O|  |TAMS 0x00000000c8c00000| PB 0x00000000c8c00000| Untracked 
| 140|0x00000000c8c00000, 0x00000000c8d00000, 0x00000000c8d00000|100%| O|  |TAMS 0x00000000c8d00000| PB 0x00000000c8d00000| Untracked 
| 141|0x00000000c8d00000, 0x00000000c8e00000, 0x00000000c8e00000|100%| O|  |TAMS 0x00000000c8e00000| PB 0x00000000c8e00000| Untracked 
| 142|0x00000000c8e00000, 0x00000000c8f00000, 0x00000000c8f00000|100%|HS|  |TAMS 0x00000000c8f00000| PB 0x00000000c8e00000| Complete 
| 143|0x00000000c8f00000, 0x00000000c9000000, 0x00000000c9000000|100%|HS|  |TAMS 0x00000000c9000000| PB 0x00000000c8f00000| Complete 
| 144|0x00000000c9000000, 0x00000000c9100000, 0x00000000c9100000|100%| O|  |TAMS 0x00000000c9100000| PB 0x00000000c9100000| Untracked 
| 145|0x00000000c9100000, 0x00000000c9200000, 0x00000000c9200000|100%| O|  |TAMS 0x00000000c9200000| PB 0x00000000c9200000| Untracked 
| 146|0x00000000c9200000, 0x00000000c9300000, 0x00000000c9300000|100%| O|  |TAMS 0x00000000c9300000| PB 0x00000000c9300000| Untracked 
| 147|0x00000000c9300000, 0x00000000c9400000, 0x00000000c9400000|100%| O|  |TAMS 0x00000000c9400000| PB 0x00000000c9400000| Untracked 
| 148|0x00000000c9400000, 0x00000000c9500000, 0x00000000c9500000|100%| O|  |TAMS 0x00000000c9500000| PB 0x00000000c9500000| Untracked 
| 149|0x00000000c9500000, 0x00000000c9600000, 0x00000000c9600000|100%| O|  |TAMS 0x00000000c9600000| PB 0x00000000c9600000| Untracked 
| 150|0x00000000c9600000, 0x00000000c9700000, 0x00000000c9700000|100%| O|  |TAMS 0x00000000c9700000| PB 0x00000000c9700000| Untracked 
| 151|0x00000000c9700000, 0x00000000c9800000, 0x00000000c9800000|100%| O|  |TAMS 0x00000000c9800000| PB 0x00000000c9800000| Untracked 
| 152|0x00000000c9800000, 0x00000000c9900000, 0x00000000c9900000|100%| O|  |TAMS 0x00000000c9900000| PB 0x00000000c9900000| Untracked 
| 153|0x00000000c9900000, 0x00000000c9a00000, 0x00000000c9a00000|100%| O|  |TAMS 0x00000000c9a00000| PB 0x00000000c9a00000| Untracked 
| 154|0x00000000c9a00000, 0x00000000c9b00000, 0x00000000c9b00000|100%| O|  |TAMS 0x00000000c9b00000| PB 0x00000000c9b00000| Untracked 
| 155|0x00000000c9b00000, 0x00000000c9c00000, 0x00000000c9c00000|100%| O|  |TAMS 0x00000000c9c00000| PB 0x00000000c9c00000| Untracked 
| 156|0x00000000c9c00000, 0x00000000c9d00000, 0x00000000c9d00000|100%| O|  |TAMS 0x00000000c9d00000| PB 0x00000000c9d00000| Updating 
| 157|0x00000000c9d00000, 0x00000000c9e00000, 0x00000000c9e00000|100%| O|  |TAMS 0x00000000c9e00000| PB 0x00000000c9e00000| Untracked 
| 158|0x00000000c9e00000, 0x00000000c9f00000, 0x00000000c9f00000|100%| O|  |TAMS 0x00000000c9f00000| PB 0x00000000c9f00000| Untracked 
| 159|0x00000000c9f00000, 0x00000000ca000000, 0x00000000ca000000|100%| O|  |TAMS 0x00000000ca000000| PB 0x00000000ca000000| Updating 
| 160|0x00000000ca000000, 0x00000000ca100000, 0x00000000ca100000|100%| O|  |TAMS 0x00000000ca100000| PB 0x00000000ca100000| Untracked 
| 161|0x00000000ca100000, 0x00000000ca200000, 0x00000000ca200000|100%| O|  |TAMS 0x00000000ca200000| PB 0x00000000ca200000| Untracked 
| 162|0x00000000ca200000, 0x00000000ca300000, 0x00000000ca300000|100%| O|  |TAMS 0x00000000ca300000| PB 0x00000000ca300000| Untracked 
| 163|0x00000000ca300000, 0x00000000ca400000, 0x00000000ca400000|100%| O|  |TAMS 0x00000000ca400000| PB 0x00000000ca400000| Untracked 
| 164|0x00000000ca400000, 0x00000000ca500000, 0x00000000ca500000|100%| O|  |TAMS 0x00000000ca500000| PB 0x00000000ca500000| Untracked 
| 165|0x00000000ca500000, 0x00000000ca600000, 0x00000000ca600000|100%| O|  |TAMS 0x00000000ca600000| PB 0x00000000ca600000| Untracked 
| 166|0x00000000ca600000, 0x00000000ca700000, 0x00000000ca700000|100%| O|  |TAMS 0x00000000ca700000| PB 0x00000000ca700000| Untracked 
| 167|0x00000000ca700000, 0x00000000ca800000, 0x00000000ca800000|100%| O|  |TAMS 0x00000000ca800000| PB 0x00000000ca800000| Untracked 
| 168|0x00000000ca800000, 0x00000000ca900000, 0x00000000ca900000|100%|HS|  |TAMS 0x00000000ca900000| PB 0x00000000ca800000| Complete 
| 169|0x00000000ca900000, 0x00000000caa00000, 0x00000000caa00000|100%| O|  |TAMS 0x00000000caa00000| PB 0x00000000caa00000| Untracked 
| 170|0x00000000caa00000, 0x00000000cab00000, 0x00000000cab00000|100%| O|  |TAMS 0x00000000cab00000| PB 0x00000000cab00000| Untracked 
| 171|0x00000000cab00000, 0x00000000cac00000, 0x00000000cac00000|100%|HS|  |TAMS 0x00000000cac00000| PB 0x00000000cab00000| Complete 
| 172|0x00000000cac00000, 0x00000000cad00000, 0x00000000cad00000|100%|HS|  |TAMS 0x00000000cad00000| PB 0x00000000cac00000| Complete 
| 173|0x00000000cad00000, 0x00000000cae00000, 0x00000000cae00000|100%| O|  |TAMS 0x00000000cae00000| PB 0x00000000cae00000| Untracked 
| 174|0x00000000cae00000, 0x00000000caf00000, 0x00000000caf00000|100%| O|  |TAMS 0x00000000caf00000| PB 0x00000000caf00000| Untracked 
| 175|0x00000000caf00000, 0x00000000cb000000, 0x00000000cb000000|100%| O|  |TAMS 0x00000000cb000000| PB 0x00000000cb000000| Updating 
| 176|0x00000000cb000000, 0x00000000cb100000, 0x00000000cb100000|100%| O|  |TAMS 0x00000000cb100000| PB 0x00000000cb100000| Untracked 
| 177|0x00000000cb100000, 0x00000000cb200000, 0x00000000cb200000|100%|HS|  |TAMS 0x00000000cb200000| PB 0x00000000cb100000| Complete 
| 178|0x00000000cb200000, 0x00000000cb300000, 0x00000000cb300000|100%| O|  |TAMS 0x00000000cb300000| PB 0x00000000cb300000| Untracked 
| 179|0x00000000cb300000, 0x00000000cb400000, 0x00000000cb400000|100%| O|  |TAMS 0x00000000cb400000| PB 0x00000000cb400000| Untracked 
| 180|0x00000000cb400000, 0x00000000cb500000, 0x00000000cb500000|100%| O|  |TAMS 0x00000000cb500000| PB 0x00000000cb500000| Untracked 
| 181|0x00000000cb500000, 0x00000000cb600000, 0x00000000cb600000|100%| O|  |TAMS 0x00000000cb600000| PB 0x00000000cb600000| Untracked 
| 182|0x00000000cb600000, 0x00000000cb700000, 0x00000000cb700000|100%| O|  |TAMS 0x00000000cb700000| PB 0x00000000cb700000| Untracked 
| 183|0x00000000cb700000, 0x00000000cb800000, 0x00000000cb800000|100%|HS|  |TAMS 0x00000000cb800000| PB 0x00000000cb700000| Complete 
| 184|0x00000000cb800000, 0x00000000cb900000, 0x00000000cb900000|100%|HS|  |TAMS 0x00000000cb900000| PB 0x00000000cb800000| Complete 
| 185|0x00000000cb900000, 0x00000000cba00000, 0x00000000cba00000|100%| O|  |TAMS 0x00000000cba00000| PB 0x00000000cba00000| Untracked 
| 186|0x00000000cba00000, 0x00000000cbb00000, 0x00000000cbb00000|100%| O|  |TAMS 0x00000000cbb00000| PB 0x00000000cbb00000| Untracked 
| 187|0x00000000cbb00000, 0x00000000cbc00000, 0x00000000cbc00000|100%|HS|  |TAMS 0x00000000cbc00000| PB 0x00000000cbb00000| Complete 
| 188|0x00000000cbc00000, 0x00000000cbd00000, 0x00000000cbd00000|100%| O|  |TAMS 0x00000000cbd00000| PB 0x00000000cbd00000| Updating 
| 189|0x00000000cbd00000, 0x00000000cbe00000, 0x00000000cbe00000|100%| O|  |TAMS 0x00000000cbe00000| PB 0x00000000cbe00000| Untracked 
| 190|0x00000000cbe00000, 0x00000000cbf00000, 0x00000000cbf00000|100%|HS|  |TAMS 0x00000000cbf00000| PB 0x00000000cbe00000| Complete 
| 191|0x00000000cbf00000, 0x00000000cc000000, 0x00000000cc000000|100%| O|  |TAMS 0x00000000cc000000| PB 0x00000000cc000000| Untracked 
| 192|0x00000000cc000000, 0x00000000cc100000, 0x00000000cc100000|100%| O|  |TAMS 0x00000000cc100000| PB 0x00000000cc100000| Untracked 
| 193|0x00000000cc100000, 0x00000000cc200000, 0x00000000cc200000|100%| O|  |TAMS 0x00000000cc200000| PB 0x00000000cc200000| Untracked 
| 194|0x00000000cc200000, 0x00000000cc300000, 0x00000000cc300000|100%| O|  |TAMS 0x00000000cc300000| PB 0x00000000cc300000| Untracked 
| 195|0x00000000cc300000, 0x00000000cc400000, 0x00000000cc400000|100%| O|  |TAMS 0x00000000cc400000| PB 0x00000000cc400000| Untracked 
| 196|0x00000000cc400000, 0x00000000cc500000, 0x00000000cc500000|100%|HS|  |TAMS 0x00000000cc500000| PB 0x00000000cc400000| Complete 
| 197|0x00000000cc500000, 0x00000000cc600000, 0x00000000cc600000|100%| O|  |TAMS 0x00000000cc600000| PB 0x00000000cc600000| Untracked 
| 198|0x00000000cc600000, 0x00000000cc700000, 0x00000000cc700000|100%| O|  |TAMS 0x00000000cc700000| PB 0x00000000cc700000| Untracked 
| 199|0x00000000cc700000, 0x00000000cc800000, 0x00000000cc800000|100%| O|  |TAMS 0x00000000cc800000| PB 0x00000000cc800000| Untracked 
| 200|0x00000000cc800000, 0x00000000cc900000, 0x00000000cc900000|100%| O|  |TAMS 0x00000000cc900000| PB 0x00000000cc900000| Untracked 
| 201|0x00000000cc900000, 0x00000000cca00000, 0x00000000cca00000|100%| O|  |TAMS 0x00000000cca00000| PB 0x00000000cca00000| Untracked 
| 202|0x00000000cca00000, 0x00000000ccb00000, 0x00000000ccb00000|100%| O|  |TAMS 0x00000000ccb00000| PB 0x00000000ccb00000| Untracked 
| 203|0x00000000ccb00000, 0x00000000ccc00000, 0x00000000ccc00000|100%| O|  |TAMS 0x00000000ccc00000| PB 0x00000000ccc00000| Updating 
| 204|0x00000000ccc00000, 0x00000000ccd00000, 0x00000000ccd00000|100%| O|  |TAMS 0x00000000ccd00000| PB 0x00000000ccd00000| Updating 
| 205|0x00000000ccd00000, 0x00000000cce00000, 0x00000000cce00000|100%| O|  |TAMS 0x00000000cce00000| PB 0x00000000cce00000| Untracked 
| 206|0x00000000cce00000, 0x00000000ccf00000, 0x00000000ccf00000|100%| O|  |TAMS 0x00000000ccf00000| PB 0x00000000ccf00000| Untracked 
| 207|0x00000000ccf00000, 0x00000000cd000000, 0x00000000cd000000|100%| O|  |TAMS 0x00000000cd000000| PB 0x00000000cd000000| Untracked 
| 208|0x00000000cd000000, 0x00000000cd100000, 0x00000000cd100000|100%| O|  |TAMS 0x00000000cd100000| PB 0x00000000cd100000| Untracked 
| 209|0x00000000cd100000, 0x00000000cd200000, 0x00000000cd200000|100%| O|  |TAMS 0x00000000cd200000| PB 0x00000000cd200000| Untracked 
| 210|0x00000000cd200000, 0x00000000cd300000, 0x00000000cd300000|100%| O|  |TAMS 0x00000000cd300000| PB 0x00000000cd300000| Untracked 
| 211|0x00000000cd300000, 0x00000000cd400000, 0x00000000cd400000|100%| O|  |TAMS 0x00000000cd400000| PB 0x00000000cd400000| Untracked 
| 212|0x00000000cd400000, 0x00000000cd500000, 0x00000000cd500000|100%| O|  |TAMS 0x00000000cd500000| PB 0x00000000cd500000| Untracked 
| 213|0x00000000cd500000, 0x00000000cd600000, 0x00000000cd600000|100%| O|  |TAMS 0x00000000cd600000| PB 0x00000000cd600000| Untracked 
| 214|0x00000000cd600000, 0x00000000cd700000, 0x00000000cd700000|100%| O|  |TAMS 0x00000000cd700000| PB 0x00000000cd700000| Untracked 
| 215|0x00000000cd700000, 0x00000000cd800000, 0x00000000cd800000|100%| O|  |TAMS 0x00000000cd800000| PB 0x00000000cd800000| Untracked 
| 216|0x00000000cd800000, 0x00000000cd900000, 0x00000000cd900000|100%| O|  |TAMS 0x00000000cd900000| PB 0x00000000cd900000| Untracked 
| 217|0x00000000cd900000, 0x00000000cda00000, 0x00000000cda00000|100%| O|  |TAMS 0x00000000cda00000| PB 0x00000000cda00000| Untracked 
| 218|0x00000000cda00000, 0x00000000cdb00000, 0x00000000cdb00000|100%| O|  |TAMS 0x00000000cdb00000| PB 0x00000000cdb00000| Untracked 
| 219|0x00000000cdb00000, 0x00000000cdc00000, 0x00000000cdc00000|100%| O|  |TAMS 0x00000000cdc00000| PB 0x00000000cdc00000| Untracked 
| 220|0x00000000cdc00000, 0x00000000cdd00000, 0x00000000cdd00000|100%|HS|  |TAMS 0x00000000cdd00000| PB 0x00000000cdc00000| Complete 
| 221|0x00000000cdd00000, 0x00000000cde00000, 0x00000000cde00000|100%|HS|  |TAMS 0x00000000cde00000| PB 0x00000000cdd00000| Complete 
| 222|0x00000000cde00000, 0x00000000cdf00000, 0x00000000cdf00000|100%|HS|  |TAMS 0x00000000cdf00000| PB 0x00000000cde00000| Complete 
| 223|0x00000000cdf00000, 0x00000000ce000000, 0x00000000ce000000|100%| O|  |TAMS 0x00000000ce000000| PB 0x00000000ce000000| Untracked 
| 224|0x00000000ce000000, 0x00000000ce100000, 0x00000000ce100000|100%| O|  |TAMS 0x00000000ce100000| PB 0x00000000ce100000| Untracked 
| 225|0x00000000ce100000, 0x00000000ce200000, 0x00000000ce200000|100%|HS|  |TAMS 0x00000000ce200000| PB 0x00000000ce100000| Complete 
| 226|0x00000000ce200000, 0x00000000ce300000, 0x00000000ce300000|100%| O|  |TAMS 0x00000000ce300000| PB 0x00000000ce300000| Untracked 
| 227|0x00000000ce300000, 0x00000000ce400000, 0x00000000ce400000|100%|HS|  |TAMS 0x00000000ce400000| PB 0x00000000ce300000| Complete 
| 228|0x00000000ce400000, 0x00000000ce500000, 0x00000000ce500000|100%| O|  |TAMS 0x00000000ce500000| PB 0x00000000ce500000| Untracked 
| 229|0x00000000ce500000, 0x00000000ce600000, 0x00000000ce600000|100%|HS|  |TAMS 0x00000000ce600000| PB 0x00000000ce500000| Complete 
| 230|0x00000000ce600000, 0x00000000ce700000, 0x00000000ce700000|100%|HS|  |TAMS 0x00000000ce700000| PB 0x00000000ce600000| Complete 
| 231|0x00000000ce700000, 0x00000000ce800000, 0x00000000ce800000|100%| O|  |TAMS 0x00000000ce800000| PB 0x00000000ce800000| Untracked 
| 232|0x00000000ce800000, 0x00000000ce900000, 0x00000000ce900000|100%| O|  |TAMS 0x00000000ce900000| PB 0x00000000ce900000| Untracked 
| 233|0x00000000ce900000, 0x00000000cea00000, 0x00000000cea00000|100%|HS|  |TAMS 0x00000000cea00000| PB 0x00000000ce900000| Complete 
| 234|0x00000000cea00000, 0x00000000ceb00000, 0x00000000ceb00000|100%| O|  |TAMS 0x00000000ceb00000| PB 0x00000000ceb00000| Untracked 
| 235|0x00000000ceb00000, 0x00000000cec00000, 0x00000000cec00000|100%| O|  |TAMS 0x00000000cec00000| PB 0x00000000cec00000| Untracked 
| 236|0x00000000cec00000, 0x00000000ced00000, 0x00000000ced00000|100%| O|  |TAMS 0x00000000ced00000| PB 0x00000000ced00000| Untracked 
| 237|0x00000000ced00000, 0x00000000cee00000, 0x00000000cee00000|100%| O|  |TAMS 0x00000000cee00000| PB 0x00000000cee00000| Updating 
| 238|0x00000000cee00000, 0x00000000cef00000, 0x00000000cef00000|100%| O|  |TAMS 0x00000000cef00000| PB 0x00000000cef00000| Untracked 
| 239|0x00000000cef00000, 0x00000000cf000000, 0x00000000cf000000|100%| O|  |TAMS 0x00000000cf000000| PB 0x00000000cf000000| Untracked 
| 240|0x00000000cf000000, 0x00000000cf100000, 0x00000000cf100000|100%| O|  |TAMS 0x00000000cf100000| PB 0x00000000cf100000| Untracked 
| 241|0x00000000cf100000, 0x00000000cf200000, 0x00000000cf200000|100%|HS|  |TAMS 0x00000000cf200000| PB 0x00000000cf100000| Complete 
| 242|0x00000000cf200000, 0x00000000cf300000, 0x00000000cf300000|100%| O|  |TAMS 0x00000000cf300000| PB 0x00000000cf300000| Untracked 
| 243|0x00000000cf300000, 0x00000000cf400000, 0x00000000cf400000|100%| O|  |TAMS 0x00000000cf400000| PB 0x00000000cf400000| Untracked 
| 244|0x00000000cf400000, 0x00000000cf500000, 0x00000000cf500000|100%| O|  |TAMS 0x00000000cf500000| PB 0x00000000cf500000| Untracked 
| 245|0x00000000cf500000, 0x00000000cf600000, 0x00000000cf600000|100%| O|  |TAMS 0x00000000cf600000| PB 0x00000000cf600000| Untracked 
| 246|0x00000000cf600000, 0x00000000cf700000, 0x00000000cf700000|100%| O|  |TAMS 0x00000000cf700000| PB 0x00000000cf700000| Untracked 
| 247|0x00000000cf700000, 0x00000000cf800000, 0x00000000cf800000|100%| O|  |TAMS 0x00000000cf800000| PB 0x00000000cf800000| Untracked 
| 248|0x00000000cf800000, 0x00000000cf900000, 0x00000000cf900000|100%| O|  |TAMS 0x00000000cf900000| PB 0x00000000cf900000| Untracked 
| 249|0x00000000cf900000, 0x00000000cfa00000, 0x00000000cfa00000|100%| O|  |TAMS 0x00000000cfa00000| PB 0x00000000cfa00000| Untracked 
| 250|0x00000000cfa00000, 0x00000000cfb00000, 0x00000000cfb00000|100%| O|  |TAMS 0x00000000cfb00000| PB 0x00000000cfb00000| Untracked 
| 251|0x00000000cfb00000, 0x00000000cfc00000, 0x00000000cfc00000|100%| O|  |TAMS 0x00000000cfc00000| PB 0x00000000cfc00000| Untracked 
| 252|0x00000000cfc00000, 0x00000000cfd00000, 0x00000000cfd00000|100%| O|  |TAMS 0x00000000cfd00000| PB 0x00000000cfd00000| Untracked 
| 253|0x00000000cfd00000, 0x00000000cfe00000, 0x00000000cfe00000|100%| O|  |TAMS 0x00000000cfe00000| PB 0x00000000cfe00000| Untracked 
| 254|0x00000000cfe00000, 0x00000000cff00000, 0x00000000cff00000|100%| O|  |TAMS 0x00000000cff00000| PB 0x00000000cff00000| Untracked 
| 255|0x00000000cff00000, 0x00000000d0000000, 0x00000000d0000000|100%| O|  |TAMS 0x00000000d0000000| PB 0x00000000d0000000| Untracked 
| 256|0x00000000d0000000, 0x00000000d0100000, 0x00000000d0100000|100%| O|  |TAMS 0x00000000d0100000| PB 0x00000000d0100000| Untracked 
| 257|0x00000000d0100000, 0x00000000d0200000, 0x00000000d0200000|100%| O|  |TAMS 0x00000000d0200000| PB 0x00000000d0200000| Untracked 
| 258|0x00000000d0200000, 0x00000000d0300000, 0x00000000d0300000|100%| O|  |TAMS 0x00000000d0300000| PB 0x00000000d0300000| Untracked 
| 259|0x00000000d0300000, 0x00000000d0400000, 0x00000000d0400000|100%| O|  |TAMS 0x00000000d0400000| PB 0x00000000d0400000| Untracked 
| 260|0x00000000d0400000, 0x00000000d0500000, 0x00000000d0500000|100%| O|  |TAMS 0x00000000d0500000| PB 0x00000000d0500000| Untracked 
| 261|0x00000000d0500000, 0x00000000d0600000, 0x00000000d0600000|100%| O|  |TAMS 0x00000000d0600000| PB 0x00000000d0600000| Untracked 
| 262|0x00000000d0600000, 0x00000000d0700000, 0x00000000d0700000|100%| O|  |TAMS 0x00000000d0700000| PB 0x00000000d0700000| Untracked 
| 263|0x00000000d0700000, 0x00000000d0800000, 0x00000000d0800000|100%| O|  |TAMS 0x00000000d0800000| PB 0x00000000d0800000| Untracked 
| 264|0x00000000d0800000, 0x00000000d0900000, 0x00000000d0900000|100%| O|  |TAMS 0x00000000d0900000| PB 0x00000000d0900000| Untracked 
| 265|0x00000000d0900000, 0x00000000d0a00000, 0x00000000d0a00000|100%| O|  |TAMS 0x00000000d0a00000| PB 0x00000000d0a00000| Updating 
| 266|0x00000000d0a00000, 0x00000000d0b00000, 0x00000000d0b00000|100%| O|  |TAMS 0x00000000d0b00000| PB 0x00000000d0b00000| Untracked 
| 267|0x00000000d0b00000, 0x00000000d0c00000, 0x00000000d0c00000|100%| O|  |TAMS 0x00000000d0c00000| PB 0x00000000d0c00000| Untracked 
| 268|0x00000000d0c00000, 0x00000000d0d00000, 0x00000000d0d00000|100%| O|  |TAMS 0x00000000d0d00000| PB 0x00000000d0d00000| Untracked 
| 269|0x00000000d0d00000, 0x00000000d0e00000, 0x00000000d0e00000|100%| O|  |TAMS 0x00000000d0e00000| PB 0x00000000d0e00000| Untracked 
| 270|0x00000000d0e00000, 0x00000000d0f00000, 0x00000000d0f00000|100%| O|  |TAMS 0x00000000d0f00000| PB 0x00000000d0f00000| Untracked 
| 271|0x00000000d0f00000, 0x00000000d1000000, 0x00000000d1000000|100%| O|  |TAMS 0x00000000d1000000| PB 0x00000000d1000000| Untracked 
| 272|0x00000000d1000000, 0x00000000d1100000, 0x00000000d1100000|100%| O|  |TAMS 0x00000000d1000000| PB 0x00000000d1000000| Untracked 
| 273|0x00000000d1100000, 0x00000000d1200000, 0x00000000d1200000|100%| O|  |TAMS 0x00000000d1200000| PB 0x00000000d1200000| Updating 
| 274|0x00000000d1200000, 0x00000000d1300000, 0x00000000d1300000|100%| O|  |TAMS 0x00000000d1300000| PB 0x00000000d1300000| Untracked 
| 275|0x00000000d1300000, 0x00000000d1400000, 0x00000000d1400000|100%| O|  |TAMS 0x00000000d1400000| PB 0x00000000d1400000| Untracked 
| 276|0x00000000d1400000, 0x00000000d1500000, 0x00000000d1500000|100%| O|  |TAMS 0x00000000d1500000| PB 0x00000000d1500000| Untracked 
| 277|0x00000000d1500000, 0x00000000d1600000, 0x00000000d1600000|100%| O|  |TAMS 0x00000000d1600000| PB 0x00000000d1600000| Untracked 
| 278|0x00000000d1600000, 0x00000000d1700000, 0x00000000d1700000|100%| O|  |TAMS 0x00000000d1700000| PB 0x00000000d1700000| Untracked 
| 279|0x00000000d1700000, 0x00000000d1800000, 0x00000000d1800000|100%| O|  |TAMS 0x00000000d1800000| PB 0x00000000d1800000| Untracked 
| 280|0x00000000d1800000, 0x00000000d1900000, 0x00000000d1900000|100%| O|  |TAMS 0x00000000d1900000| PB 0x00000000d1900000| Untracked 
| 281|0x00000000d1900000, 0x00000000d1a00000, 0x00000000d1a00000|100%| O|  |TAMS 0x00000000d1a00000| PB 0x00000000d1a00000| Untracked 
| 282|0x00000000d1a00000, 0x00000000d1b00000, 0x00000000d1b00000|100%| O|  |TAMS 0x00000000d1b00000| PB 0x00000000d1b00000| Untracked 
| 283|0x00000000d1b00000, 0x00000000d1c00000, 0x00000000d1c00000|100%| O|  |TAMS 0x00000000d1c00000| PB 0x00000000d1c00000| Untracked 
| 284|0x00000000d1c00000, 0x00000000d1d00000, 0x00000000d1d00000|100%| O|  |TAMS 0x00000000d1c00000| PB 0x00000000d1c00000| Untracked 
| 285|0x00000000d1d00000, 0x00000000d1e00000, 0x00000000d1e00000|100%| O|  |TAMS 0x00000000d1e00000| PB 0x00000000d1e00000| Untracked 
| 286|0x00000000d1e00000, 0x00000000d1f00000, 0x00000000d1f00000|100%| O|  |TAMS 0x00000000d1f00000| PB 0x00000000d1f00000| Untracked 
| 287|0x00000000d1f00000, 0x00000000d2000000, 0x00000000d2000000|100%|HS|  |TAMS 0x00000000d2000000| PB 0x00000000d1f00000| Complete 
| 288|0x00000000d2000000, 0x00000000d2100000, 0x00000000d2100000|100%|HS|  |TAMS 0x00000000d2100000| PB 0x00000000d2000000| Complete 
| 289|0x00000000d2100000, 0x00000000d2200000, 0x00000000d2200000|100%| O|  |TAMS 0x00000000d2200000| PB 0x00000000d2200000| Untracked 
| 290|0x00000000d2200000, 0x00000000d2300000, 0x00000000d2300000|100%| O|  |TAMS 0x00000000d2300000| PB 0x00000000d2300000| Updating 
| 291|0x00000000d2300000, 0x00000000d2400000, 0x00000000d2400000|100%| O|  |TAMS 0x00000000d2400000| PB 0x00000000d2400000| Untracked 
| 292|0x00000000d2400000, 0x00000000d2500000, 0x00000000d2500000|100%| O|  |TAMS 0x00000000d2500000| PB 0x00000000d2500000| Untracked 
| 293|0x00000000d2500000, 0x00000000d2600000, 0x00000000d2600000|100%| O|  |TAMS 0x00000000d2600000| PB 0x00000000d2600000| Untracked 
| 294|0x00000000d2600000, 0x00000000d2700000, 0x00000000d2700000|100%| O|  |TAMS 0x00000000d2700000| PB 0x00000000d2700000| Untracked 
| 295|0x00000000d2700000, 0x00000000d2800000, 0x00000000d2800000|100%| O|  |TAMS 0x00000000d2800000| PB 0x00000000d2800000| Untracked 
| 296|0x00000000d2800000, 0x00000000d2900000, 0x00000000d2900000|100%| O|  |TAMS 0x00000000d2900000| PB 0x00000000d2900000| Untracked 
| 297|0x00000000d2900000, 0x00000000d2a00000, 0x00000000d2a00000|100%| O|  |TAMS 0x00000000d2a00000| PB 0x00000000d2a00000| Untracked 
| 298|0x00000000d2a00000, 0x00000000d2b00000, 0x00000000d2b00000|100%| O|  |TAMS 0x00000000d2b00000| PB 0x00000000d2b00000| Untracked 
| 299|0x00000000d2b00000, 0x00000000d2c00000, 0x00000000d2c00000|100%|HS|  |TAMS 0x00000000d2c00000| PB 0x00000000d2b00000| Complete 
| 300|0x00000000d2c00000, 0x00000000d2d00000, 0x00000000d2d00000|100%| O|  |TAMS 0x00000000d2d00000| PB 0x00000000d2d00000| Untracked 
| 301|0x00000000d2d00000, 0x00000000d2e00000, 0x00000000d2e00000|100%| O|  |TAMS 0x00000000d2e00000| PB 0x00000000d2e00000| Untracked 
| 302|0x00000000d2e00000, 0x00000000d2f00000, 0x00000000d2f00000|100%| O|  |TAMS 0x00000000d2f00000| PB 0x00000000d2f00000| Untracked 
| 303|0x00000000d2f00000, 0x00000000d3000000, 0x00000000d3000000|100%| O|  |TAMS 0x00000000d3000000| PB 0x00000000d3000000| Untracked 
| 304|0x00000000d3000000, 0x00000000d3100000, 0x00000000d3100000|100%| O|  |TAMS 0x00000000d3100000| PB 0x00000000d3100000| Untracked 
| 305|0x00000000d3100000, 0x00000000d3200000, 0x00000000d3200000|100%| O|  |TAMS 0x00000000d3200000| PB 0x00000000d3200000| Untracked 
| 306|0x00000000d3200000, 0x00000000d3300000, 0x00000000d3300000|100%| O|  |TAMS 0x00000000d3300000| PB 0x00000000d3300000| Untracked 
| 307|0x00000000d3300000, 0x00000000d3400000, 0x00000000d3400000|100%| O|  |TAMS 0x00000000d3400000| PB 0x00000000d3400000| Untracked 
| 308|0x00000000d3400000, 0x00000000d3500000, 0x00000000d3500000|100%| O|  |TAMS 0x00000000d3500000| PB 0x00000000d3500000| Updating 
| 309|0x00000000d3500000, 0x00000000d3600000, 0x00000000d3600000|100%| O|  |TAMS 0x00000000d3600000| PB 0x00000000d3600000| Untracked 
| 310|0x00000000d3600000, 0x00000000d3700000, 0x00000000d3700000|100%| O|  |TAMS 0x00000000d3700000| PB 0x00000000d3700000| Untracked 
| 311|0x00000000d3700000, 0x00000000d3800000, 0x00000000d3800000|100%| O|  |TAMS 0x00000000d3800000| PB 0x00000000d3800000| Untracked 
| 312|0x00000000d3800000, 0x00000000d3900000, 0x00000000d3900000|100%| O|  |TAMS 0x00000000d3900000| PB 0x00000000d3900000| Updating 
| 313|0x00000000d3900000, 0x00000000d3a00000, 0x00000000d3a00000|100%| O|  |TAMS 0x00000000d3a00000| PB 0x00000000d3a00000| Updating 
| 314|0x00000000d3a00000, 0x00000000d3b00000, 0x00000000d3b00000|100%| O|  |TAMS 0x00000000d3b00000| PB 0x00000000d3b00000| Untracked 
| 315|0x00000000d3b00000, 0x00000000d3c00000, 0x00000000d3c00000|100%| O|  |TAMS 0x00000000d3c00000| PB 0x00000000d3c00000| Untracked 
| 316|0x00000000d3c00000, 0x00000000d3d00000, 0x00000000d3d00000|100%| O|  |TAMS 0x00000000d3d00000| PB 0x00000000d3d00000| Untracked 
| 317|0x00000000d3d00000, 0x00000000d3e00000, 0x00000000d3e00000|100%| O|  |TAMS 0x00000000d3e00000| PB 0x00000000d3e00000| Untracked 
| 318|0x00000000d3e00000, 0x00000000d3f00000, 0x00000000d3f00000|100%| O|  |TAMS 0x00000000d3e285b8| PB 0x00000000d3e285b8| Untracked 
| 319|0x00000000d3f00000, 0x00000000d4000000, 0x00000000d4000000|100%| O|  |TAMS 0x00000000d3f00000| PB 0x00000000d3f00000| Untracked 
| 320|0x00000000d4000000, 0x00000000d4100000, 0x00000000d4100000|100%| O|  |TAMS 0x00000000d4000000| PB 0x00000000d4000000| Untracked 
| 321|0x00000000d4100000, 0x00000000d4200000, 0x00000000d4200000|100%| O|  |TAMS 0x00000000d4100000| PB 0x00000000d4100000| Untracked 
| 322|0x00000000d4200000, 0x00000000d4300000, 0x00000000d4300000|100%| O|  |TAMS 0x00000000d4200000| PB 0x00000000d4200000| Untracked 
| 323|0x00000000d4300000, 0x00000000d4400000, 0x00000000d4400000|100%| O|  |TAMS 0x00000000d4300000| PB 0x00000000d4300000| Untracked 
| 324|0x00000000d4400000, 0x00000000d4500000, 0x00000000d4500000|100%| O|  |TAMS 0x00000000d4400000| PB 0x00000000d4400000| Untracked 
| 325|0x00000000d4500000, 0x00000000d4600000, 0x00000000d4600000|100%| O|  |TAMS 0x00000000d4600000| PB 0x00000000d4600000| Untracked 
| 326|0x00000000d4600000, 0x00000000d4700000, 0x00000000d4700000|100%| O|  |TAMS 0x00000000d4700000| PB 0x00000000d4700000| Untracked 
| 327|0x00000000d4700000, 0x00000000d4800000, 0x00000000d4800000|100%| O|  |TAMS 0x00000000d4800000| PB 0x00000000d4800000| Untracked 
| 328|0x00000000d4800000, 0x00000000d4900000, 0x00000000d4900000|100%| O|  |TAMS 0x00000000d4900000| PB 0x00000000d4900000| Untracked 
| 329|0x00000000d4900000, 0x00000000d4a00000, 0x00000000d4a00000|100%| O|  |TAMS 0x00000000d4a00000| PB 0x00000000d4a00000| Untracked 
| 330|0x00000000d4a00000, 0x00000000d4b00000, 0x00000000d4b00000|100%| O|  |TAMS 0x00000000d4b00000| PB 0x00000000d4b00000| Updating 
| 331|0x00000000d4b00000, 0x00000000d4c00000, 0x00000000d4c00000|100%| O|  |TAMS 0x00000000d4b00000| PB 0x00000000d4b00000| Untracked 
| 332|0x00000000d4c00000, 0x00000000d4d00000, 0x00000000d4d00000|100%| O|  |TAMS 0x00000000d4c00000| PB 0x00000000d4c00000| Untracked 
| 333|0x00000000d4d00000, 0x00000000d4e00000, 0x00000000d4e00000|100%| O|  |TAMS 0x00000000d4d00000| PB 0x00000000d4d00000| Untracked 
| 334|0x00000000d4e00000, 0x00000000d4f00000, 0x00000000d4f00000|100%| O|  |TAMS 0x00000000d4e00000| PB 0x00000000d4e00000| Untracked 
| 335|0x00000000d4f00000, 0x00000000d5000000, 0x00000000d5000000|100%| O|  |TAMS 0x00000000d4f00000| PB 0x00000000d4f00000| Untracked 
| 336|0x00000000d5000000, 0x00000000d5100000, 0x00000000d5100000|100%| O|  |TAMS 0x00000000d5000000| PB 0x00000000d5000000| Untracked 
| 337|0x00000000d5100000, 0x00000000d5100000, 0x00000000d5200000|  0%| F|  |TAMS 0x00000000d5100000| PB 0x00000000d5100000| Untracked 
| 338|0x00000000d5200000, 0x00000000d5200000, 0x00000000d5300000|  0%| F|  |TAMS 0x00000000d5200000| PB 0x00000000d5200000| Untracked 
| 339|0x00000000d5300000, 0x00000000d5300000, 0x00000000d5400000|  0%| F|  |TAMS 0x00000000d5300000| PB 0x00000000d5300000| Untracked 
| 340|0x00000000d5400000, 0x00000000d5400000, 0x00000000d5500000|  0%| F|  |TAMS 0x00000000d5400000| PB 0x00000000d5400000| Untracked 
| 341|0x00000000d5500000, 0x00000000d5500000, 0x00000000d5600000|  0%| F|  |TAMS 0x00000000d5500000| PB 0x00000000d5500000| Untracked 
| 342|0x00000000d5600000, 0x00000000d5600000, 0x00000000d5700000|  0%| F|  |TAMS 0x00000000d5600000| PB 0x00000000d5600000| Untracked 
| 343|0x00000000d5700000, 0x00000000d5700000, 0x00000000d5800000|  0%| F|  |TAMS 0x00000000d5700000| PB 0x00000000d5700000| Untracked 
| 344|0x00000000d5800000, 0x00000000d5800000, 0x00000000d5900000|  0%| F|  |TAMS 0x00000000d5800000| PB 0x00000000d5800000| Untracked 
| 345|0x00000000d5900000, 0x00000000d5900000, 0x00000000d5a00000|  0%| F|  |TAMS 0x00000000d5900000| PB 0x00000000d5900000| Untracked 
| 346|0x00000000d5a00000, 0x00000000d5a00000, 0x00000000d5b00000|  0%| F|  |TAMS 0x00000000d5a00000| PB 0x00000000d5a00000| Untracked 
| 347|0x00000000d5b00000, 0x00000000d5b00000, 0x00000000d5c00000|  0%| F|  |TAMS 0x00000000d5b00000| PB 0x00000000d5b00000| Untracked 
| 348|0x00000000d5c00000, 0x00000000d5c00000, 0x00000000d5d00000|  0%| F|  |TAMS 0x00000000d5c00000| PB 0x00000000d5c00000| Untracked 
| 349|0x00000000d5d00000, 0x00000000d5d00000, 0x00000000d5e00000|  0%| F|  |TAMS 0x00000000d5d00000| PB 0x00000000d5d00000| Untracked 
| 350|0x00000000d5e00000, 0x00000000d5e00000, 0x00000000d5f00000|  0%| F|  |TAMS 0x00000000d5e00000| PB 0x00000000d5e00000| Untracked 
| 351|0x00000000d5f00000, 0x00000000d5f00000, 0x00000000d6000000|  0%| F|  |TAMS 0x00000000d5f00000| PB 0x00000000d5f00000| Untracked 
| 352|0x00000000d6000000, 0x00000000d6000000, 0x00000000d6100000|  0%| F|  |TAMS 0x00000000d6000000| PB 0x00000000d6000000| Untracked 
| 353|0x00000000d6100000, 0x00000000d6100000, 0x00000000d6200000|  0%| F|  |TAMS 0x00000000d6100000| PB 0x00000000d6100000| Untracked 
| 354|0x00000000d6200000, 0x00000000d6200000, 0x00000000d6300000|  0%| F|  |TAMS 0x00000000d6200000| PB 0x00000000d6200000| Untracked 
| 355|0x00000000d6300000, 0x00000000d6300000, 0x00000000d6400000|  0%| F|  |TAMS 0x00000000d6300000| PB 0x00000000d6300000| Untracked 
| 356|0x00000000d6400000, 0x00000000d6400000, 0x00000000d6500000|  0%| F|  |TAMS 0x00000000d6400000| PB 0x00000000d6400000| Untracked 
| 357|0x00000000d6500000, 0x00000000d6500000, 0x00000000d6600000|  0%| F|  |TAMS 0x00000000d6500000| PB 0x00000000d6500000| Untracked 
| 358|0x00000000d6600000, 0x00000000d6600000, 0x00000000d6700000|  0%| F|  |TAMS 0x00000000d6600000| PB 0x00000000d6600000| Untracked 
| 359|0x00000000d6700000, 0x00000000d6700000, 0x00000000d6800000|  0%| F|  |TAMS 0x00000000d6700000| PB 0x00000000d6700000| Untracked 
| 360|0x00000000d6800000, 0x00000000d6800000, 0x00000000d6900000|  0%| F|  |TAMS 0x00000000d6800000| PB 0x00000000d6800000| Untracked 
| 361|0x00000000d6900000, 0x00000000d6a00000, 0x00000000d6a00000|100%| O|  |TAMS 0x00000000d6900000| PB 0x00000000d6900000| Untracked 
| 362|0x00000000d6a00000, 0x00000000d6b00000, 0x00000000d6b00000|100%| O|  |TAMS 0x00000000d6a00000| PB 0x00000000d6a00000| Untracked 
| 363|0x00000000d6b00000, 0x00000000d6c00000, 0x00000000d6c00000|100%| O|  |TAMS 0x00000000d6b00000| PB 0x00000000d6b00000| Untracked 
| 364|0x00000000d6c00000, 0x00000000d6d00000, 0x00000000d6d00000|100%| O|  |TAMS 0x00000000d6c00000| PB 0x00000000d6c00000| Untracked 
| 365|0x00000000d6d00000, 0x00000000d6e00000, 0x00000000d6e00000|100%| O|  |TAMS 0x00000000d6d00000| PB 0x00000000d6d00000| Untracked 
| 366|0x00000000d6e00000, 0x00000000d6ef4d40, 0x00000000d6f00000| 95%| O|  |TAMS 0x00000000d6e00000| PB 0x00000000d6e00000| Untracked 
| 367|0x00000000d6f00000, 0x00000000d6f00000, 0x00000000d7000000|  0%| F|  |TAMS 0x00000000d6f00000| PB 0x00000000d6f00000| Untracked 
| 368|0x00000000d7000000, 0x00000000d7000000, 0x00000000d7100000|  0%| F|  |TAMS 0x00000000d7000000| PB 0x00000000d7000000| Untracked 
| 369|0x00000000d7100000, 0x00000000d7100000, 0x00000000d7200000|  0%| F|  |TAMS 0x00000000d7100000| PB 0x00000000d7100000| Untracked 
| 370|0x00000000d7200000, 0x00000000d7200000, 0x00000000d7300000|  0%| F|  |TAMS 0x00000000d7200000| PB 0x00000000d7200000| Untracked 
| 371|0x00000000d7300000, 0x00000000d7300000, 0x00000000d7400000|  0%| F|  |TAMS 0x00000000d7300000| PB 0x00000000d7300000| Untracked 
| 372|0x00000000d7400000, 0x00000000d7400000, 0x00000000d7500000|  0%| F|  |TAMS 0x00000000d7400000| PB 0x00000000d7400000| Untracked 
| 373|0x00000000d7500000, 0x00000000d7500000, 0x00000000d7600000|  0%| F|  |TAMS 0x00000000d7500000| PB 0x00000000d7500000| Untracked 
| 374|0x00000000d7600000, 0x00000000d7600000, 0x00000000d7700000|  0%| F|  |TAMS 0x00000000d7600000| PB 0x00000000d7600000| Untracked 
| 375|0x00000000d7700000, 0x00000000d7700000, 0x00000000d7800000|  0%| F|  |TAMS 0x00000000d7700000| PB 0x00000000d7700000| Untracked 
| 376|0x00000000d7800000, 0x00000000d7800000, 0x00000000d7900000|  0%| F|  |TAMS 0x00000000d7800000| PB 0x00000000d7800000| Untracked 
| 377|0x00000000d7900000, 0x00000000d7900000, 0x00000000d7a00000|  0%| F|  |TAMS 0x00000000d7900000| PB 0x00000000d7900000| Untracked 
| 378|0x00000000d7a00000, 0x00000000d7a00000, 0x00000000d7b00000|  0%| F|  |TAMS 0x00000000d7a00000| PB 0x00000000d7a00000| Untracked 
| 379|0x00000000d7b00000, 0x00000000d7b00000, 0x00000000d7c00000|  0%| F|  |TAMS 0x00000000d7b00000| PB 0x00000000d7b00000| Untracked 
| 380|0x00000000d7c00000, 0x00000000d7c00000, 0x00000000d7d00000|  0%| F|  |TAMS 0x00000000d7c00000| PB 0x00000000d7c00000| Untracked 
| 381|0x00000000d7d00000, 0x00000000d7d00000, 0x00000000d7e00000|  0%| F|  |TAMS 0x00000000d7d00000| PB 0x00000000d7d00000| Untracked 
| 382|0x00000000d7e00000, 0x00000000d7e47670, 0x00000000d7f00000| 27%| S|CS|TAMS 0x00000000d7e00000| PB 0x00000000d7e00000| Complete 
| 383|0x00000000d7f00000, 0x00000000d8000000, 0x00000000d8000000|100%| S|CS|TAMS 0x00000000d7f00000| PB 0x00000000d7f00000| Complete 
| 384|0x00000000d8000000, 0x00000000d8100000, 0x00000000d8100000|100%| S|CS|TAMS 0x00000000d8000000| PB 0x00000000d8000000| Complete 
| 385|0x00000000d8100000, 0x00000000d8200000, 0x00000000d8200000|100%| S|CS|TAMS 0x00000000d8100000| PB 0x00000000d8100000| Complete 
| 386|0x00000000d8200000, 0x00000000d8300000, 0x00000000d8300000|100%| S|CS|TAMS 0x00000000d8200000| PB 0x00000000d8200000| Complete 
| 387|0x00000000d8300000, 0x00000000d8400000, 0x00000000d8400000|100%| S|CS|TAMS 0x00000000d8300000| PB 0x00000000d8300000| Complete 
| 388|0x00000000d8400000, 0x00000000d8500000, 0x00000000d8500000|100%| S|CS|TAMS 0x00000000d8400000| PB 0x00000000d8400000| Complete 
| 389|0x00000000d8500000, 0x00000000d8600000, 0x00000000d8600000|100%| S|CS|TAMS 0x00000000d8500000| PB 0x00000000d8500000| Complete 
| 390|0x00000000d8600000, 0x00000000d8700000, 0x00000000d8700000|100%| S|CS|TAMS 0x00000000d8600000| PB 0x00000000d8600000| Complete 
| 391|0x00000000d8700000, 0x00000000d8800000, 0x00000000d8800000|100%| S|CS|TAMS 0x00000000d8700000| PB 0x00000000d8700000| Complete 
| 392|0x00000000d8800000, 0x00000000d8900000, 0x00000000d8900000|100%| S|CS|TAMS 0x00000000d8800000| PB 0x00000000d8800000| Complete 
| 393|0x00000000d8900000, 0x00000000d8a00000, 0x00000000d8a00000|100%| S|CS|TAMS 0x00000000d8900000| PB 0x00000000d8900000| Complete 
| 394|0x00000000d8a00000, 0x00000000d8b00000, 0x00000000d8b00000|100%| S|CS|TAMS 0x00000000d8a00000| PB 0x00000000d8a00000| Complete 
| 395|0x00000000d8b00000, 0x00000000d8c00000, 0x00000000d8c00000|100%| S|CS|TAMS 0x00000000d8b00000| PB 0x00000000d8b00000| Complete 
| 396|0x00000000d8c00000, 0x00000000d8d00000, 0x00000000d8d00000|100%| S|CS|TAMS 0x00000000d8c00000| PB 0x00000000d8c00000| Complete 
| 397|0x00000000d8d00000, 0x00000000d8d00000, 0x00000000d8e00000|  0%| F|  |TAMS 0x00000000d8d00000| PB 0x00000000d8d00000| Untracked 
| 398|0x00000000d8e00000, 0x00000000d8e00000, 0x00000000d8f00000|  0%| F|  |TAMS 0x00000000d8e00000| PB 0x00000000d8e00000| Untracked 
| 399|0x00000000d8f00000, 0x00000000d8f00000, 0x00000000d9000000|  0%| F|  |TAMS 0x00000000d8f00000| PB 0x00000000d8f00000| Untracked 
| 400|0x00000000d9000000, 0x00000000d9000000, 0x00000000d9100000|  0%| F|  |TAMS 0x00000000d9000000| PB 0x00000000d9000000| Untracked 
| 401|0x00000000d9100000, 0x00000000d9100000, 0x00000000d9200000|  0%| F|  |TAMS 0x00000000d9100000| PB 0x00000000d9100000| Untracked 
| 402|0x00000000d9200000, 0x00000000d9200000, 0x00000000d9300000|  0%| F|  |TAMS 0x00000000d9200000| PB 0x00000000d9200000| Untracked 
| 403|0x00000000d9300000, 0x00000000d9300000, 0x00000000d9400000|  0%| F|  |TAMS 0x00000000d9300000| PB 0x00000000d9300000| Untracked 
| 404|0x00000000d9400000, 0x00000000d9400000, 0x00000000d9500000|  0%| F|  |TAMS 0x00000000d9400000| PB 0x00000000d9400000| Untracked 
| 405|0x00000000d9500000, 0x00000000d9500000, 0x00000000d9600000|  0%| F|  |TAMS 0x00000000d9500000| PB 0x00000000d9500000| Untracked 
| 406|0x00000000d9600000, 0x00000000d9600000, 0x00000000d9700000|  0%| F|  |TAMS 0x00000000d9600000| PB 0x00000000d9600000| Untracked 
| 407|0x00000000d9700000, 0x00000000d9700000, 0x00000000d9800000|  0%| F|  |TAMS 0x00000000d9700000| PB 0x00000000d9700000| Untracked 
| 408|0x00000000d9800000, 0x00000000d9800000, 0x00000000d9900000|  0%| F|  |TAMS 0x00000000d9800000| PB 0x00000000d9800000| Untracked 
| 409|0x00000000d9900000, 0x00000000d9900000, 0x00000000d9a00000|  0%| F|  |TAMS 0x00000000d9900000| PB 0x00000000d9900000| Untracked 
| 410|0x00000000d9a00000, 0x00000000d9a00000, 0x00000000d9b00000|  0%| F|  |TAMS 0x00000000d9a00000| PB 0x00000000d9a00000| Untracked 
| 411|0x00000000d9b00000, 0x00000000d9b00000, 0x00000000d9c00000|  0%| F|  |TAMS 0x00000000d9b00000| PB 0x00000000d9b00000| Untracked 
| 412|0x00000000d9c00000, 0x00000000d9c00000, 0x00000000d9d00000|  0%| F|  |TAMS 0x00000000d9c00000| PB 0x00000000d9c00000| Untracked 
| 413|0x00000000d9d00000, 0x00000000d9d00000, 0x00000000d9e00000|  0%| F|  |TAMS 0x00000000d9d00000| PB 0x00000000d9d00000| Untracked 
| 414|0x00000000d9e00000, 0x00000000d9e00000, 0x00000000d9f00000|  0%| F|  |TAMS 0x00000000d9e00000| PB 0x00000000d9e00000| Untracked 
| 415|0x00000000d9f00000, 0x00000000d9f00000, 0x00000000da000000|  0%| F|  |TAMS 0x00000000d9f00000| PB 0x00000000d9f00000| Untracked 
| 416|0x00000000da000000, 0x00000000da000000, 0x00000000da100000|  0%| F|  |TAMS 0x00000000da000000| PB 0x00000000da000000| Untracked 
| 417|0x00000000da100000, 0x00000000da100000, 0x00000000da200000|  0%| F|  |TAMS 0x00000000da100000| PB 0x00000000da100000| Untracked 
| 418|0x00000000da200000, 0x00000000da200000, 0x00000000da300000|  0%| F|  |TAMS 0x00000000da200000| PB 0x00000000da200000| Untracked 
| 419|0x00000000da300000, 0x00000000da300000, 0x00000000da400000|  0%| F|  |TAMS 0x00000000da300000| PB 0x00000000da300000| Untracked 
| 420|0x00000000da400000, 0x00000000da400000, 0x00000000da500000|  0%| F|  |TAMS 0x00000000da400000| PB 0x00000000da400000| Untracked 
| 421|0x00000000da500000, 0x00000000da500000, 0x00000000da600000|  0%| F|  |TAMS 0x00000000da500000| PB 0x00000000da500000| Untracked 
| 422|0x00000000da600000, 0x00000000da600000, 0x00000000da700000|  0%| F|  |TAMS 0x00000000da600000| PB 0x00000000da600000| Untracked 
| 423|0x00000000da700000, 0x00000000da700000, 0x00000000da800000|  0%| F|  |TAMS 0x00000000da700000| PB 0x00000000da700000| Untracked 
| 424|0x00000000da800000, 0x00000000da800000, 0x00000000da900000|  0%| F|  |TAMS 0x00000000da800000| PB 0x00000000da800000| Untracked 
| 425|0x00000000da900000, 0x00000000da900000, 0x00000000daa00000|  0%| F|  |TAMS 0x00000000da900000| PB 0x00000000da900000| Untracked 
| 426|0x00000000daa00000, 0x00000000daa00000, 0x00000000dab00000|  0%| F|  |TAMS 0x00000000daa00000| PB 0x00000000daa00000| Untracked 
| 427|0x00000000dab00000, 0x00000000dab00000, 0x00000000dac00000|  0%| F|  |TAMS 0x00000000dab00000| PB 0x00000000dab00000| Untracked 
| 428|0x00000000dac00000, 0x00000000dac00000, 0x00000000dad00000|  0%| F|  |TAMS 0x00000000dac00000| PB 0x00000000dac00000| Untracked 
| 429|0x00000000dad00000, 0x00000000dad00000, 0x00000000dae00000|  0%| F|  |TAMS 0x00000000dad00000| PB 0x00000000dad00000| Untracked 
| 430|0x00000000dae00000, 0x00000000dae00000, 0x00000000daf00000|  0%| F|  |TAMS 0x00000000dae00000| PB 0x00000000dae00000| Untracked 
| 431|0x00000000daf00000, 0x00000000daf00000, 0x00000000db000000|  0%| F|  |TAMS 0x00000000daf00000| PB 0x00000000daf00000| Untracked 
| 432|0x00000000db000000, 0x00000000db000000, 0x00000000db100000|  0%| F|  |TAMS 0x00000000db000000| PB 0x00000000db000000| Untracked 
| 433|0x00000000db100000, 0x00000000db100000, 0x00000000db200000|  0%| F|  |TAMS 0x00000000db100000| PB 0x00000000db100000| Untracked 
| 434|0x00000000db200000, 0x00000000db200000, 0x00000000db300000|  0%| F|  |TAMS 0x00000000db200000| PB 0x00000000db200000| Untracked 
| 435|0x00000000db300000, 0x00000000db300000, 0x00000000db400000|  0%| F|  |TAMS 0x00000000db300000| PB 0x00000000db300000| Untracked 
| 436|0x00000000db400000, 0x00000000db400000, 0x00000000db500000|  0%| F|  |TAMS 0x00000000db400000| PB 0x00000000db400000| Untracked 
| 437|0x00000000db500000, 0x00000000db500000, 0x00000000db600000|  0%| F|  |TAMS 0x00000000db500000| PB 0x00000000db500000| Untracked 
| 438|0x00000000db600000, 0x00000000db600000, 0x00000000db700000|  0%| F|  |TAMS 0x00000000db600000| PB 0x00000000db600000| Untracked 
| 439|0x00000000db700000, 0x00000000db700000, 0x00000000db800000|  0%| F|  |TAMS 0x00000000db700000| PB 0x00000000db700000| Untracked 
| 440|0x00000000db800000, 0x00000000db800000, 0x00000000db900000|  0%| F|  |TAMS 0x00000000db800000| PB 0x00000000db800000| Untracked 
| 441|0x00000000db900000, 0x00000000db900000, 0x00000000dba00000|  0%| F|  |TAMS 0x00000000db900000| PB 0x00000000db900000| Untracked 
| 442|0x00000000dba00000, 0x00000000dba00000, 0x00000000dbb00000|  0%| F|  |TAMS 0x00000000dba00000| PB 0x00000000dba00000| Untracked 
| 443|0x00000000dbb00000, 0x00000000dbb00000, 0x00000000dbc00000|  0%| F|  |TAMS 0x00000000dbb00000| PB 0x00000000dbb00000| Untracked 
| 444|0x00000000dbc00000, 0x00000000dbc00000, 0x00000000dbd00000|  0%| F|  |TAMS 0x00000000dbc00000| PB 0x00000000dbc00000| Untracked 
| 445|0x00000000dbd00000, 0x00000000dbd00000, 0x00000000dbe00000|  0%| F|  |TAMS 0x00000000dbd00000| PB 0x00000000dbd00000| Untracked 
| 446|0x00000000dbe00000, 0x00000000dbe00000, 0x00000000dbf00000|  0%| F|  |TAMS 0x00000000dbe00000| PB 0x00000000dbe00000| Untracked 
| 447|0x00000000dbf00000, 0x00000000dbf00000, 0x00000000dc000000|  0%| F|  |TAMS 0x00000000dbf00000| PB 0x00000000dbf00000| Untracked 
| 448|0x00000000dc000000, 0x00000000dc000000, 0x00000000dc100000|  0%| F|  |TAMS 0x00000000dc000000| PB 0x00000000dc000000| Untracked 
| 449|0x00000000dc100000, 0x00000000dc100000, 0x00000000dc200000|  0%| F|  |TAMS 0x00000000dc100000| PB 0x00000000dc100000| Untracked 
| 450|0x00000000dc200000, 0x00000000dc200000, 0x00000000dc300000|  0%| F|  |TAMS 0x00000000dc200000| PB 0x00000000dc200000| Untracked 
| 451|0x00000000dc300000, 0x00000000dc300000, 0x00000000dc400000|  0%| F|  |TAMS 0x00000000dc300000| PB 0x00000000dc300000| Untracked 
| 452|0x00000000dc400000, 0x00000000dc400000, 0x00000000dc500000|  0%| F|  |TAMS 0x00000000dc400000| PB 0x00000000dc400000| Untracked 
| 453|0x00000000dc500000, 0x00000000dc500000, 0x00000000dc600000|  0%| F|  |TAMS 0x00000000dc500000| PB 0x00000000dc500000| Untracked 
| 454|0x00000000dc600000, 0x00000000dc600000, 0x00000000dc700000|  0%| F|  |TAMS 0x00000000dc600000| PB 0x00000000dc600000| Untracked 
| 455|0x00000000dc700000, 0x00000000dc700000, 0x00000000dc800000|  0%| F|  |TAMS 0x00000000dc700000| PB 0x00000000dc700000| Untracked 
| 456|0x00000000dc800000, 0x00000000dc800000, 0x00000000dc900000|  0%| F|  |TAMS 0x00000000dc800000| PB 0x00000000dc800000| Untracked 
| 457|0x00000000dc900000, 0x00000000dc900000, 0x00000000dca00000|  0%| F|  |TAMS 0x00000000dc900000| PB 0x00000000dc900000| Untracked 
| 458|0x00000000dca00000, 0x00000000dca00000, 0x00000000dcb00000|  0%| F|  |TAMS 0x00000000dca00000| PB 0x00000000dca00000| Untracked 
| 459|0x00000000dcb00000, 0x00000000dcb00000, 0x00000000dcc00000|  0%| F|  |TAMS 0x00000000dcb00000| PB 0x00000000dcb00000| Untracked 
| 460|0x00000000dcc00000, 0x00000000dcc00000, 0x00000000dcd00000|  0%| F|  |TAMS 0x00000000dcc00000| PB 0x00000000dcc00000| Untracked 
| 461|0x00000000dcd00000, 0x00000000dcd00000, 0x00000000dce00000|  0%| F|  |TAMS 0x00000000dcd00000| PB 0x00000000dcd00000| Untracked 
| 462|0x00000000dce00000, 0x00000000dce00000, 0x00000000dcf00000|  0%| F|  |TAMS 0x00000000dce00000| PB 0x00000000dce00000| Untracked 
| 463|0x00000000dcf00000, 0x00000000dcf00000, 0x00000000dd000000|  0%| F|  |TAMS 0x00000000dcf00000| PB 0x00000000dcf00000| Untracked 
| 464|0x00000000dd000000, 0x00000000dd000000, 0x00000000dd100000|  0%| F|  |TAMS 0x00000000dd000000| PB 0x00000000dd000000| Untracked 
| 465|0x00000000dd100000, 0x00000000dd100000, 0x00000000dd200000|  0%| F|  |TAMS 0x00000000dd100000| PB 0x00000000dd100000| Untracked 
| 466|0x00000000dd200000, 0x00000000dd200000, 0x00000000dd300000|  0%| F|  |TAMS 0x00000000dd200000| PB 0x00000000dd200000| Untracked 
| 467|0x00000000dd300000, 0x00000000dd300000, 0x00000000dd400000|  0%| F|  |TAMS 0x00000000dd300000| PB 0x00000000dd300000| Untracked 
| 468|0x00000000dd400000, 0x00000000dd400000, 0x00000000dd500000|  0%| F|  |TAMS 0x00000000dd400000| PB 0x00000000dd400000| Untracked 
| 469|0x00000000dd500000, 0x00000000dd500000, 0x00000000dd600000|  0%| F|  |TAMS 0x00000000dd500000| PB 0x00000000dd500000| Untracked 
| 470|0x00000000dd600000, 0x00000000dd600000, 0x00000000dd700000|  0%| F|  |TAMS 0x00000000dd600000| PB 0x00000000dd600000| Untracked 
| 471|0x00000000dd700000, 0x00000000dd700000, 0x00000000dd800000|  0%| F|  |TAMS 0x00000000dd700000| PB 0x00000000dd700000| Untracked 
| 472|0x00000000dd800000, 0x00000000dd800000, 0x00000000dd900000|  0%| F|  |TAMS 0x00000000dd800000| PB 0x00000000dd800000| Untracked 
| 473|0x00000000dd900000, 0x00000000dd900000, 0x00000000dda00000|  0%| F|  |TAMS 0x00000000dd900000| PB 0x00000000dd900000| Untracked 
| 474|0x00000000dda00000, 0x00000000dda00000, 0x00000000ddb00000|  0%| F|  |TAMS 0x00000000dda00000| PB 0x00000000dda00000| Untracked 
| 475|0x00000000ddb00000, 0x00000000ddb00000, 0x00000000ddc00000|  0%| F|  |TAMS 0x00000000ddb00000| PB 0x00000000ddb00000| Untracked 
| 476|0x00000000ddc00000, 0x00000000ddc00000, 0x00000000ddd00000|  0%| F|  |TAMS 0x00000000ddc00000| PB 0x00000000ddc00000| Untracked 
| 477|0x00000000ddd00000, 0x00000000ddd00000, 0x00000000dde00000|  0%| F|  |TAMS 0x00000000ddd00000| PB 0x00000000ddd00000| Untracked 
| 478|0x00000000dde00000, 0x00000000dde00000, 0x00000000ddf00000|  0%| F|  |TAMS 0x00000000dde00000| PB 0x00000000dde00000| Untracked 
| 479|0x00000000ddf00000, 0x00000000ddf00000, 0x00000000de000000|  0%| F|  |TAMS 0x00000000ddf00000| PB 0x00000000ddf00000| Untracked 
| 480|0x00000000de000000, 0x00000000de000000, 0x00000000de100000|  0%| F|  |TAMS 0x00000000de000000| PB 0x00000000de000000| Untracked 
| 481|0x00000000de100000, 0x00000000de100000, 0x00000000de200000|  0%| F|  |TAMS 0x00000000de100000| PB 0x00000000de100000| Untracked 
| 482|0x00000000de200000, 0x00000000de200000, 0x00000000de300000|  0%| F|  |TAMS 0x00000000de200000| PB 0x00000000de200000| Untracked 
| 483|0x00000000de300000, 0x00000000de300000, 0x00000000de400000|  0%| F|  |TAMS 0x00000000de300000| PB 0x00000000de300000| Untracked 
| 484|0x00000000de400000, 0x00000000de400000, 0x00000000de500000|  0%| F|  |TAMS 0x00000000de400000| PB 0x00000000de400000| Untracked 
| 485|0x00000000de500000, 0x00000000de500000, 0x00000000de600000|  0%| F|  |TAMS 0x00000000de500000| PB 0x00000000de500000| Untracked 
| 486|0x00000000de600000, 0x00000000de600000, 0x00000000de700000|  0%| F|  |TAMS 0x00000000de600000| PB 0x00000000de600000| Untracked 
| 487|0x00000000de700000, 0x00000000de700000, 0x00000000de800000|  0%| F|  |TAMS 0x00000000de700000| PB 0x00000000de700000| Untracked 
| 488|0x00000000de800000, 0x00000000de800000, 0x00000000de900000|  0%| F|  |TAMS 0x00000000de800000| PB 0x00000000de800000| Untracked 
| 489|0x00000000de900000, 0x00000000de900000, 0x00000000dea00000|  0%| F|  |TAMS 0x00000000de900000| PB 0x00000000de900000| Untracked 
| 490|0x00000000dea00000, 0x00000000dea00000, 0x00000000deb00000|  0%| F|  |TAMS 0x00000000dea00000| PB 0x00000000dea00000| Untracked 
| 491|0x00000000deb00000, 0x00000000deb00000, 0x00000000dec00000|  0%| F|  |TAMS 0x00000000deb00000| PB 0x00000000deb00000| Untracked 
| 492|0x00000000dec00000, 0x00000000dec00000, 0x00000000ded00000|  0%| F|  |TAMS 0x00000000dec00000| PB 0x00000000dec00000| Untracked 
| 493|0x00000000ded00000, 0x00000000ded00000, 0x00000000dee00000|  0%| F|  |TAMS 0x00000000ded00000| PB 0x00000000ded00000| Untracked 
| 494|0x00000000dee00000, 0x00000000dee00000, 0x00000000def00000|  0%| F|  |TAMS 0x00000000dee00000| PB 0x00000000dee00000| Untracked 
| 495|0x00000000def00000, 0x00000000def00000, 0x00000000df000000|  0%| F|  |TAMS 0x00000000def00000| PB 0x00000000def00000| Untracked 
| 496|0x00000000df000000, 0x00000000df000000, 0x00000000df100000|  0%| F|  |TAMS 0x00000000df000000| PB 0x00000000df000000| Untracked 
| 497|0x00000000df100000, 0x00000000df100000, 0x00000000df200000|  0%| F|  |TAMS 0x00000000df100000| PB 0x00000000df100000| Untracked 
| 498|0x00000000df200000, 0x00000000df200000, 0x00000000df300000|  0%| F|  |TAMS 0x00000000df200000| PB 0x00000000df200000| Untracked 
| 499|0x00000000df300000, 0x00000000df300000, 0x00000000df400000|  0%| F|  |TAMS 0x00000000df300000| PB 0x00000000df300000| Untracked 
| 500|0x00000000df400000, 0x00000000df400000, 0x00000000df500000|  0%| F|  |TAMS 0x00000000df400000| PB 0x00000000df400000| Untracked 
| 501|0x00000000df500000, 0x00000000df500000, 0x00000000df600000|  0%| F|  |TAMS 0x00000000df500000| PB 0x00000000df500000| Untracked 
| 502|0x00000000df600000, 0x00000000df600000, 0x00000000df700000|  0%| F|  |TAMS 0x00000000df600000| PB 0x00000000df600000| Untracked 
| 503|0x00000000df700000, 0x00000000df700000, 0x00000000df800000|  0%| F|  |TAMS 0x00000000df700000| PB 0x00000000df700000| Untracked 
| 504|0x00000000df800000, 0x00000000df800000, 0x00000000df900000|  0%| F|  |TAMS 0x00000000df800000| PB 0x00000000df800000| Untracked 
| 505|0x00000000df900000, 0x00000000df900000, 0x00000000dfa00000|  0%| F|  |TAMS 0x00000000df900000| PB 0x00000000df900000| Untracked 
| 506|0x00000000dfa00000, 0x00000000dfa00000, 0x00000000dfb00000|  0%| F|  |TAMS 0x00000000dfa00000| PB 0x00000000dfa00000| Untracked 
| 507|0x00000000dfb00000, 0x00000000dfb00000, 0x00000000dfc00000|  0%| F|  |TAMS 0x00000000dfb00000| PB 0x00000000dfb00000| Untracked 
| 508|0x00000000dfc00000, 0x00000000dfc00000, 0x00000000dfd00000|  0%| F|  |TAMS 0x00000000dfc00000| PB 0x00000000dfc00000| Untracked 
| 509|0x00000000dfd00000, 0x00000000dfd00000, 0x00000000dfe00000|  0%| F|  |TAMS 0x00000000dfd00000| PB 0x00000000dfd00000| Untracked 
| 510|0x00000000dfe00000, 0x00000000dfe00000, 0x00000000dff00000|  0%| F|  |TAMS 0x00000000dfe00000| PB 0x00000000dfe00000| Untracked 
| 511|0x00000000dff00000, 0x00000000dff00000, 0x00000000e0000000|  0%| F|  |TAMS 0x00000000dff00000| PB 0x00000000dff00000| Untracked 
| 512|0x00000000e0000000, 0x00000000e0000000, 0x00000000e0100000|  0%| F|  |TAMS 0x00000000e0000000| PB 0x00000000e0000000| Untracked 
| 513|0x00000000e0100000, 0x00000000e0100000, 0x00000000e0200000|  0%| F|  |TAMS 0x00000000e0100000| PB 0x00000000e0100000| Untracked 
| 514|0x00000000e0200000, 0x00000000e0200000, 0x00000000e0300000|  0%| F|  |TAMS 0x00000000e0200000| PB 0x00000000e0200000| Untracked 
| 515|0x00000000e0300000, 0x00000000e0300000, 0x00000000e0400000|  0%| F|  |TAMS 0x00000000e0300000| PB 0x00000000e0300000| Untracked 
| 516|0x00000000e0400000, 0x00000000e0400000, 0x00000000e0500000|  0%| F|  |TAMS 0x00000000e0400000| PB 0x00000000e0400000| Untracked 
| 517|0x00000000e0500000, 0x00000000e0500000, 0x00000000e0600000|  0%| F|  |TAMS 0x00000000e0500000| PB 0x00000000e0500000| Untracked 
| 518|0x00000000e0600000, 0x00000000e0600000, 0x00000000e0700000|  0%| F|  |TAMS 0x00000000e0600000| PB 0x00000000e0600000| Untracked 
| 519|0x00000000e0700000, 0x00000000e0700000, 0x00000000e0800000|  0%| F|  |TAMS 0x00000000e0700000| PB 0x00000000e0700000| Untracked 
| 520|0x00000000e0800000, 0x00000000e0800000, 0x00000000e0900000|  0%| F|  |TAMS 0x00000000e0800000| PB 0x00000000e0800000| Untracked 
| 521|0x00000000e0900000, 0x00000000e0900000, 0x00000000e0a00000|  0%| F|  |TAMS 0x00000000e0900000| PB 0x00000000e0900000| Untracked 
| 522|0x00000000e0a00000, 0x00000000e0a00000, 0x00000000e0b00000|  0%| F|  |TAMS 0x00000000e0a00000| PB 0x00000000e0a00000| Untracked 
| 523|0x00000000e0b00000, 0x00000000e0b00000, 0x00000000e0c00000|  0%| F|  |TAMS 0x00000000e0b00000| PB 0x00000000e0b00000| Untracked 
| 524|0x00000000e0c00000, 0x00000000e0c00000, 0x00000000e0d00000|  0%| F|  |TAMS 0x00000000e0c00000| PB 0x00000000e0c00000| Untracked 
| 525|0x00000000e0d00000, 0x00000000e0d00000, 0x00000000e0e00000|  0%| F|  |TAMS 0x00000000e0d00000| PB 0x00000000e0d00000| Untracked 
| 526|0x00000000e0e00000, 0x00000000e0e00000, 0x00000000e0f00000|  0%| F|  |TAMS 0x00000000e0e00000| PB 0x00000000e0e00000| Untracked 
| 527|0x00000000e0f00000, 0x00000000e0f00000, 0x00000000e1000000|  0%| F|  |TAMS 0x00000000e0f00000| PB 0x00000000e0f00000| Untracked 
| 528|0x00000000e1000000, 0x00000000e1000000, 0x00000000e1100000|  0%| F|  |TAMS 0x00000000e1000000| PB 0x00000000e1000000| Untracked 
| 529|0x00000000e1100000, 0x00000000e1100000, 0x00000000e1200000|  0%| F|  |TAMS 0x00000000e1100000| PB 0x00000000e1100000| Untracked 
| 530|0x00000000e1200000, 0x00000000e1200000, 0x00000000e1300000|  0%| F|  |TAMS 0x00000000e1200000| PB 0x00000000e1200000| Untracked 
| 531|0x00000000e1300000, 0x00000000e1300000, 0x00000000e1400000|  0%| F|  |TAMS 0x00000000e1300000| PB 0x00000000e1300000| Untracked 
| 532|0x00000000e1400000, 0x00000000e1400000, 0x00000000e1500000|  0%| F|  |TAMS 0x00000000e1400000| PB 0x00000000e1400000| Untracked 
| 533|0x00000000e1500000, 0x00000000e1500000, 0x00000000e1600000|  0%| F|  |TAMS 0x00000000e1500000| PB 0x00000000e1500000| Untracked 
| 534|0x00000000e1600000, 0x00000000e1600000, 0x00000000e1700000|  0%| F|  |TAMS 0x00000000e1600000| PB 0x00000000e1600000| Untracked 
| 535|0x00000000e1700000, 0x00000000e1700000, 0x00000000e1800000|  0%| F|  |TAMS 0x00000000e1700000| PB 0x00000000e1700000| Untracked 
| 536|0x00000000e1800000, 0x00000000e1820c58, 0x00000000e1900000| 12%| E|  |TAMS 0x00000000e1800000| PB 0x00000000e1800000| Complete 
| 537|0x00000000e1900000, 0x00000000e1a00000, 0x00000000e1a00000|100%| E|CS|TAMS 0x00000000e1900000| PB 0x00000000e1900000| Complete 
| 538|0x00000000e1a00000, 0x00000000e1b00000, 0x00000000e1b00000|100%| E|CS|TAMS 0x00000000e1a00000| PB 0x00000000e1a00000| Complete 
| 539|0x00000000e1b00000, 0x00000000e1c00000, 0x00000000e1c00000|100%| E|CS|TAMS 0x00000000e1b00000| PB 0x00000000e1b00000| Complete 
| 540|0x00000000e1c00000, 0x00000000e1d00000, 0x00000000e1d00000|100%| E|CS|TAMS 0x00000000e1c00000| PB 0x00000000e1c00000| Complete 
| 541|0x00000000e1d00000, 0x00000000e1e00000, 0x00000000e1e00000|100%| E|CS|TAMS 0x00000000e1d00000| PB 0x00000000e1d00000| Complete 
| 542|0x00000000e1e00000, 0x00000000e1f00000, 0x00000000e1f00000|100%| E|CS|TAMS 0x00000000e1e00000| PB 0x00000000e1e00000| Complete 
| 543|0x00000000e1f00000, 0x00000000e2000000, 0x00000000e2000000|100%| E|CS|TAMS 0x00000000e1f00000| PB 0x00000000e1f00000| Complete 
| 544|0x00000000e2000000, 0x00000000e2100000, 0x00000000e2100000|100%| E|CS|TAMS 0x00000000e2000000| PB 0x00000000e2000000| Complete 
|1000|0x00000000fe800000, 0x00000000fe900000, 0x00000000fe900000|100%| O|  |TAMS 0x00000000fe900000| PB 0x00000000fe900000| Updating 
|1001|0x00000000fe900000, 0x00000000fea00000, 0x00000000fea00000|100%| O|  |TAMS 0x00000000fea00000| PB 0x00000000fea00000| Untracked 
|1002|0x00000000fea00000, 0x00000000feb00000, 0x00000000feb00000|100%| O|  |TAMS 0x00000000feb00000| PB 0x00000000feb00000| Untracked 
|1003|0x00000000feb00000, 0x00000000fec00000, 0x00000000fec00000|100%| O|  |TAMS 0x00000000fec00000| PB 0x00000000fec00000| Untracked 
|1004|0x00000000fec00000, 0x00000000fed00000, 0x00000000fed00000|100%| O|  |TAMS 0x00000000fed00000| PB 0x00000000fed00000| Untracked 
|1005|0x00000000fed00000, 0x00000000fee00000, 0x00000000fee00000|100%| O|  |TAMS 0x00000000fee00000| PB 0x00000000fee00000| Untracked 
|1006|0x00000000fee00000, 0x00000000fef00000, 0x00000000fef00000|100%| O|  |TAMS 0x00000000fef00000| PB 0x00000000fef00000| Untracked 
|1007|0x00000000fef00000, 0x00000000ff000000, 0x00000000ff000000|100%| O|  |TAMS 0x00000000ff000000| PB 0x00000000ff000000| Untracked 
|1008|0x00000000ff000000, 0x00000000ff100000, 0x00000000ff100000|100%| O|  |TAMS 0x00000000ff100000| PB 0x00000000ff100000| Updating 
|1009|0x00000000ff100000, 0x00000000ff200000, 0x00000000ff200000|100%| O|  |TAMS 0x00000000ff200000| PB 0x00000000ff200000| Untracked 
|1010|0x00000000ff200000, 0x00000000ff300000, 0x00000000ff300000|100%| O|  |TAMS 0x00000000ff300000| PB 0x00000000ff300000| Untracked 
|1011|0x00000000ff300000, 0x00000000ff400000, 0x00000000ff400000|100%| O|  |TAMS 0x00000000ff400000| PB 0x00000000ff400000| Untracked 
|1012|0x00000000ff400000, 0x00000000ff500000, 0x00000000ff500000|100%| O|  |TAMS 0x00000000ff500000| PB 0x00000000ff500000| Updating 
|1013|0x00000000ff500000, 0x00000000ff600000, 0x00000000ff600000|100%| O|  |TAMS 0x00000000ff600000| PB 0x00000000ff600000| Untracked 
|1014|0x00000000ff600000, 0x00000000ff700000, 0x00000000ff700000|100%| O|  |TAMS 0x00000000ff700000| PB 0x00000000ff700000| Untracked 
|1015|0x00000000ff700000, 0x00000000ff800000, 0x00000000ff800000|100%| O|  |TAMS 0x00000000ff800000| PB 0x00000000ff800000| Untracked 
|1016|0x00000000ff800000, 0x00000000ff900000, 0x00000000ff900000|100%| O|  |TAMS 0x00000000ff900000| PB 0x00000000ff900000| Untracked 
|1017|0x00000000ff900000, 0x00000000ffa00000, 0x00000000ffa00000|100%| O|  |TAMS 0x00000000ffa00000| PB 0x00000000ffa00000| Untracked 
|1018|0x00000000ffa00000, 0x00000000ffb00000, 0x00000000ffb00000|100%| E|CS|TAMS 0x00000000ffa00000| PB 0x00000000ffa00000| Complete 
|1019|0x00000000ffb00000, 0x00000000ffc00000, 0x00000000ffc00000|100%| E|CS|TAMS 0x00000000ffb00000| PB 0x00000000ffb00000| Complete 
|1020|0x00000000ffc00000, 0x00000000ffd00000, 0x00000000ffd00000|100%| E|CS|TAMS 0x00000000ffc00000| PB 0x00000000ffc00000| Complete 
|1021|0x00000000ffd00000, 0x00000000ffe00000, 0x00000000ffe00000|100%| O|  |TAMS 0x00000000ffe00000| PB 0x00000000ffe00000| Untracked 
|1022|0x00000000ffe00000, 0x00000000fff00000, 0x00000000fff00000|100%| E|CS|TAMS 0x00000000ffe00000| PB 0x00000000ffe00000| Complete 
|1023|0x00000000fff00000, 0x0000000100000000, 0x0000000100000000|100%| O|  |TAMS 0x0000000100000000| PB 0x0000000100000000| Untracked 

Card table byte_map: [0x00000181998c0000,0x0000018199ac0000] _byte_map_base: 0x00000181992c0000

Marking Bits: (CMBitMap*) 0x000001818099ee20
 Bits: [0x0000018199ac0000, 0x000001819aac0000)

Polling page: 0x0000018180120000

Metaspace:

Usage:
  Non-class:     93.68 MB used.
      Class:     12.13 MB used.
       Both:    105.82 MB used.

Virtual space:
  Non-class space:      128.00 MB reserved,      95.25 MB ( 74%) committed,  2 nodes.
      Class space:        1.00 GB reserved,      13.25 MB (  1%) committed,  1 nodes.
             Both:        1.12 GB reserved,     108.50 MB (  9%) committed. 

Chunk freelists:
   Non-Class:  368.00 KB
       Class:  2.69 MB
        Both:  3.05 MB

MaxMetaspaceSize: unlimited
CompressedClassSpaceSize: 1.00 GB
Initial GC threshold: 21.00 MB
Current GC threshold: 180.62 MB
CDS: off
 - commit_granule_bytes: 65536.
 - commit_granule_words: 8192.
 - virtual_space_node_default_size: 8388608.
 - enlarge_chunks_in_place: 1.
 - use_allocation_guard: 0.


Internal statistics:

num_allocs_failed_limit: 18.
num_arena_births: 1556.
num_arena_deaths: 2.
num_vsnodes_births: 3.
num_vsnodes_deaths: 0.
num_space_committed: 1735.
num_space_uncommitted: 0.
num_chunks_returned_to_freelist: 21.
num_chunks_taken_from_freelist: 6234.
num_chunk_merges: 18.
num_chunk_splits: 3838.
num_chunks_enlarged: 2117.
num_inconsistent_stats: 0.

CodeHeap 'non-profiled nmethods': size=119168Kb used=8361Kb max_used=11047Kb free=110806Kb
 bounds [0x00000181917c0000, 0x00000181922a0000, 0x0000018198c20000]
CodeHeap 'profiled nmethods': size=119104Kb used=16893Kb max_used=30138Kb free=102210Kb
 bounds [0x0000018189c20000, 0x000001818b9c0000, 0x0000018191070000]
CodeHeap 'non-nmethods': size=7488Kb used=2101Kb max_used=3889Kb free=5386Kb
 bounds [0x0000018191070000, 0x0000018191450000, 0x00000181917c0000]
CodeCache: size=245760Kb, used=27355Kb, max_used=45074Kb, free=218402Kb
 total_blobs=9363, nmethods=8309, adapters=956, full_count=0
Compilation: enabled, stopped_count=0, restarted_count=0

Compilation events (20 events):
Event: 110.267 Thread 0x000001819dde7ef0 18785   !   3       jdk.internal.net.http.Http1HeaderParser::readStatusLineFeed (233 bytes)
Event: 110.271 Thread 0x000001819dde7ef0 nmethod 18785 0x000001818a51f610 code [0x000001818a51fd40, 0x000001818a523d00]
Event: 110.271 Thread 0x000001819dde7ef0 18786       3       jdk.internal.net.http.Http1HeaderParser::maybeStartHeaders (114 bytes)
Event: 110.272 Thread 0x000001819dde7ef0 nmethod 18786 0x0000018189e0f010 code [0x0000018189e0f240, 0x0000018189e0f830]
Event: 110.272 Thread 0x000001819dde7ef0 18787       3       jdk.internal.net.http.Http1HeaderParser::resumeOrEndHeaders (85 bytes)
Event: 110.273 Thread 0x000001819dde7ef0 nmethod 18787 0x0000018189e35310 code [0x0000018189e35620, 0x0000018189e36680]
Event: 110.464 Thread 0x000001819dde7ef0 18788   !   3       java.lang.Integer::getInteger (23 bytes)
Event: 110.465 Thread 0x000001819dde7ef0 nmethod 18788 0x0000018189e92e90 code [0x0000018189e93080, 0x0000018189e934c0]
Event: 110.528 Thread 0x000001819dde7ef0 18789       3       sun.security.ssl.SSLEngineInputRecord::estimateFragmentSize (18 bytes)
Event: 110.528 Thread 0x000001819dde7ef0 nmethod 18789 0x0000018189c66e90 code [0x0000018189c67040, 0x0000018189c67270]
Event: 110.528 Thread 0x000001819dde7ef0 18790       3       sun.security.ssl.SSLCipher$T13GcmReadCipherGenerator$GcmReadCipher::estimateFragmentSize (9 bytes)
Event: 110.528 Thread 0x000001819dde7ef0 nmethod 18790 0x0000018189d08610 code [0x0000018189d087a0, 0x0000018189d088b8]
Event: 110.530 Thread 0x000001819dde7ef0 18791       3       java.net.URI::join (167 bytes)
Event: 110.531 Thread 0x000001819dde7ef0 nmethod 18791 0x000001818a00be90 code [0x000001818a00c080, 0x000001818a00c708]
Event: 110.532 Thread 0x000001819ddd9a40 18792       4       java.net.URI::hashCode (123 bytes)
Event: 110.536 Thread 0x000001819dde7ef0 18793       3       java.lang.NumberFormatException::forInputString (65 bytes)
Event: 110.537 Thread 0x000001819dde7ef0 nmethod 18793 0x0000018189c34910 code [0x0000018189c34c00, 0x0000018189c35860]
Event: 110.537 Thread 0x000001819dde7ef0 18794       3       sun.security.ssl.OutputRecord::calculateFragmentSize (37 bytes)
Event: 110.537 Thread 0x000001819dde7ef0 nmethod 18794 0x0000018189d25a90 code [0x0000018189d25c60, 0x0000018189d25ee8]
Event: 110.540 Thread 0x000001819ddd9a40 nmethod 18792 0x0000018191b02b10 code [0x0000018191b02da0, 0x0000018191b03a28]

GC Heap History (20 events):
Event: 80.345 GC heap before
{Heap before GC invocations=57 (full 0):
 garbage-first heap   total 473088K, used 433952K [0x00000000c0000000, 0x0000000100000000)
  region size 1024K, 174 young (178176K), 13 survivors (13312K)
 Metaspace       used 108164K, committed 110848K, reserved 1179648K
  class space    used 12423K, committed 13568K, reserved 1048576K
}
Event: 80.385 GC heap after
{Heap after GC invocations=58 (full 0):
 garbage-first heap   total 473088K, used 281995K [0x00000000c0000000, 0x0000000100000000)
  region size 1024K, 14 young (14336K), 14 survivors (14336K)
 Metaspace       used 108164K, committed 110848K, reserved 1179648K
  class space    used 12423K, committed 13568K, reserved 1048576K
}
Event: 85.869 GC heap before
{Heap before GC invocations=59 (full 0):
 garbage-first heap   total 473088K, used 432523K [0x00000000c0000000, 0x0000000100000000)
  region size 1024K, 161 young (164864K), 14 survivors (14336K)
 Metaspace       used 108193K, committed 110848K, reserved 1179648K
  class space    used 12423K, committed 13568K, reserved 1048576K
}
Event: 85.897 GC heap after
{Heap after GC invocations=60 (full 0):
 garbage-first heap   total 473088K, used 294579K [0x00000000c0000000, 0x0000000100000000)
  region size 1024K, 13 young (13312K), 13 survivors (13312K)
 Metaspace       used 108193K, committed 110848K, reserved 1179648K
  class space    used 12423K, committed 13568K, reserved 1048576K
}
Event: 86.533 GC heap before
{Heap before GC invocations=60 (full 0):
 garbage-first heap   total 473088K, used 434867K [0x00000000c0000000, 0x0000000100000000)
  region size 1024K, 150 young (153600K), 13 survivors (13312K)
 Metaspace       used 108193K, committed 110848K, reserved 1179648K
  class space    used 12423K, committed 13568K, reserved 1048576K
}
Event: 86.553 GC heap after
{Heap after GC invocations=61 (full 0):
 garbage-first heap   total 473088K, used 304794K [0x00000000c0000000, 0x0000000100000000)
  region size 1024K, 12 young (12288K), 12 survivors (12288K)
 Metaspace       used 108193K, committed 110848K, reserved 1179648K
  class space    used 12423K, committed 13568K, reserved 1048576K
}
Event: 89.760 GC heap before
{Heap before GC invocations=61 (full 0):
 garbage-first heap   total 473088K, used 435866K [0x00000000c0000000, 0x0000000100000000)
  region size 1024K, 140 young (143360K), 12 survivors (12288K)
 Metaspace       used 108212K, committed 110848K, reserved 1179648K
  class space    used 12423K, committed 13568K, reserved 1048576K
}
Event: 89.780 GC heap after
{Heap after GC invocations=62 (full 0):
 garbage-first heap   total 473088K, used 316928K [0x00000000c0000000, 0x0000000100000000)
  region size 1024K, 12 young (12288K), 12 survivors (12288K)
 Metaspace       used 108212K, committed 110848K, reserved 1179648K
  class space    used 12423K, committed 13568K, reserved 1048576K
}
Event: 92.882 GC heap before
{Heap before GC invocations=63 (full 0):
 garbage-first heap   total 529408K, used 432640K [0x00000000c0000000, 0x0000000100000000)
  region size 1024K, 125 young (128000K), 12 survivors (12288K)
 Metaspace       used 108295K, committed 110976K, reserved 1179648K
  class space    used 12423K, committed 13568K, reserved 1048576K
}
Event: 92.915 GC heap after
{Heap after GC invocations=64 (full 0):
 garbage-first heap   total 529408K, used 325587K [0x00000000c0000000, 0x0000000100000000)
  region size 1024K, 10 young (10240K), 10 survivors (10240K)
 Metaspace       used 108295K, committed 110976K, reserved 1179648K
  class space    used 12423K, committed 13568K, reserved 1048576K
}
Event: 96.049 GC heap before
{Heap before GC invocations=64 (full 0):
 garbage-first heap   total 529408K, used 490451K [0x00000000c0000000, 0x0000000100000000)
  region size 1024K, 171 young (175104K), 10 survivors (10240K)
 Metaspace       used 108303K, committed 110976K, reserved 1179648K
  class space    used 12423K, committed 13568K, reserved 1048576K
}
Event: 96.076 GC heap after
{Heap after GC invocations=65 (full 0):
 garbage-first heap   total 529408K, used 337193K [0x00000000c0000000, 0x0000000100000000)
  region size 1024K, 22 young (22528K), 22 survivors (22528K)
 Metaspace       used 108303K, committed 110976K, reserved 1179648K
  class space    used 12423K, committed 13568K, reserved 1048576K
}
Event: 99.380 GC heap before
{Heap before GC invocations=65 (full 0):
 garbage-first heap   total 529408K, used 478505K [0x00000000c0000000, 0x0000000100000000)
  region size 1024K, 160 young (163840K), 22 survivors (22528K)
 Metaspace       used 108313K, committed 110976K, reserved 1179648K
  class space    used 12423K, committed 13568K, reserved 1048576K
}
Event: 99.422 GC heap after
{Heap after GC invocations=66 (full 0):
 garbage-first heap   total 529408K, used 348664K [0x00000000c0000000, 0x0000000100000000)
  region size 1024K, 12 young (12288K), 12 survivors (12288K)
 Metaspace       used 108313K, committed 110976K, reserved 1179648K
  class space    used 12423K, committed 13568K, reserved 1048576K
}
Event: 101.753 GC heap before
{Heap before GC invocations=67 (full 0):
 garbage-first heap   total 582656K, used 486904K [0x00000000c0000000, 0x0000000100000000)
  region size 1024K, 147 young (150528K), 12 survivors (12288K)
 Metaspace       used 108313K, committed 110976K, reserved 1179648K
  class space    used 12423K, committed 13568K, reserved 1048576K
}
Event: 101.782 GC heap after
{Heap after GC invocations=68 (full 0):
 garbage-first heap   total 582656K, used 360360K [0x00000000c0000000, 0x0000000100000000)
  region size 1024K, 12 young (12288K), 12 survivors (12288K)
 Metaspace       used 108313K, committed 110976K, reserved 1179648K
  class space    used 12423K, committed 13568K, reserved 1048576K
}
Event: 106.107 GC heap before
{Heap before GC invocations=68 (full 0):
 garbage-first heap   total 582656K, used 540584K [0x00000000c0000000, 0x0000000100000000)
  region size 1024K, 188 young (192512K), 12 survivors (12288K)
 Metaspace       used 108326K, committed 110976K, reserved 1179648K
  class space    used 12423K, committed 13568K, reserved 1048576K
}
Event: 106.141 GC heap after
{Heap after GC invocations=69 (full 0):
 garbage-first heap   total 582656K, used 371873K [0x00000000c0000000, 0x0000000100000000)
  region size 1024K, 24 young (24576K), 24 survivors (24576K)
 Metaspace       used 108326K, committed 110976K, reserved 1179648K
  class space    used 12423K, committed 13568K, reserved 1048576K
}
Event: 110.320 GC heap before
{Heap before GC invocations=69 (full 0):
 garbage-first heap   total 582656K, used 527521K [0x00000000c0000000, 0x0000000100000000)
  region size 1024K, 176 young (180224K), 24 survivors (24576K)
 Metaspace       used 108353K, committed 111104K, reserved 1179648K
  class space    used 12423K, committed 13568K, reserved 1048576K
}
Event: 110.365 GC heap after
{Heap after GC invocations=70 (full 0):
 garbage-first heap   total 582656K, used 386288K [0x00000000c0000000, 0x0000000100000000)
  region size 1024K, 15 young (15360K), 15 survivors (15360K)
 Metaspace       used 108353K, committed 111104K, reserved 1179648K
  class space    used 12423K, committed 13568K, reserved 1048576K
}

Dll operation events (17 events):
Event: 0.007 Loaded shared library C:\ST\STM32CubeIDE_1.16.0\STM32CubeIDE\plugins\com.st.stm32cube.ide.jre.win64_3.4.100.202508201254\jre\bin\java.dll
Event: 0.053 Loaded shared library C:\ST\STM32CubeIDE_1.16.0\STM32CubeIDE\plugins\com.st.stm32cube.ide.jre.win64_3.4.100.202508201254\jre\bin\jsvml.dll
Event: 0.092 Loaded shared library C:\ST\STM32CubeIDE_1.16.0\STM32CubeIDE\plugins\com.st.stm32cube.ide.jre.win64_3.4.100.202508201254\jre\bin\net.dll
Event: 0.094 Loaded shared library C:\ST\STM32CubeIDE_1.16.0\STM32CubeIDE\plugins\com.st.stm32cube.ide.jre.win64_3.4.100.202508201254\jre\bin\nio.dll
Event: 0.100 Loaded shared library C:\ST\STM32CubeIDE_1.16.0\STM32CubeIDE\plugins\com.st.stm32cube.ide.jre.win64_3.4.100.202508201254\jre\bin\zip.dll
Event: 0.219 Loaded shared library C:\ST\STM32CubeIDE_1.16.0\STM32CubeIDE\plugins\com.st.stm32cube.ide.jre.win64_3.4.100.202508201254\jre\bin\jimage.dll
Event: 2.618 Loaded shared library C:\ST\STM32CubeIDE_1.16.0\STM32CubeIDE\configuration\org.eclipse.osgi\767\0\.cp\swt-win32-4966r5.dll
Event: 3.236 Loaded shared library C:\Users\smpet\AppData\Local\Temp\jna-109563013\jna4219590762459468050.dll
Event: 6.110 Loaded shared library C:\ST\STM32CubeIDE_1.16.0\STM32CubeIDE\plugins\com.st.stm32cube.ide.jre.win64_3.4.100.202508201254\jre\bin\verify.dll
Event: 6.460 Loaded shared library C:\ST\STM32CubeIDE_1.16.0\STM32CubeIDE\configuration\org.eclipse.osgi\767\0\.cp\swt-gdip-win32-4966r5.dll
Event: 8.377 Loaded shared library C:\ST\STM32CubeIDE_1.16.0\STM32CubeIDE\plugins\com.st.stm32cube.ide.jre.win64_3.4.100.202508201254\jre\bin\management.dll
Event: 8.381 Loaded shared library C:\ST\STM32CubeIDE_1.16.0\STM32CubeIDE\plugins\com.st.stm32cube.ide.jre.win64_3.4.100.202508201254\jre\bin\management_ext.dll
Event: 14.069 Loaded shared library C:\ST\STM32CubeIDE_1.16.0\STM32CubeIDE\plugins\com.st.stm32cube.ide.jre.win64_3.4.100.202508201254\jre\bin\prefs.dll
Event: 15.463 Loaded shared library C:\ST\STM32CubeIDE_1.16.0\STM32CubeIDE\plugins\com.st.stm32cube.ide.jre.win64_3.4.100.202508201254\jre\bin\sunmscapi.dll
Event: 16.053 Loaded shared library C:\ST\STM32CubeIDE_1.16.0\STM32CubeIDE\plugins\com.st.stm32cube.ide.jre.win64_3.4.100.202508201254\jre\bin\extnet.dll
Event: 18.361 Loaded shared library C:\ST\STM32CubeIDE_1.16.0\STM32CubeIDE\plugins\com.st.stm32cube.ide.jre.win64_3.4.100.202508201254\jre\bin\rmi.dll
Event: 20.260 Loaded shared library C:\ST\STM32CubeIDE_1.16.0\STM32CubeIDE\configuration\org.eclipse.osgi\609\0\.cp\os\win32\x86_64\serial.dll

Deoptimization events (20 events):
Event: 82.165 Thread 0x000001819e2ea890 Uncommon trap: trap_request=0xffffffde fr.pc=0x0000018191855200 relative=0x0000000000000220
Event: 82.165 Thread 0x000001819e2ea890 Uncommon trap: reason=class_check action=maybe_recompile pc=0x0000018191855200 method=org.eclipse.equinox.internal.p2.metadata.expression.NAry.equals(Ljava/lang/Object;)Z @ 13 c2
Event: 82.165 Thread 0x000001819e2ea890 DEOPT PACKING pc=0x0000018191855200 sp=0x00000060042fd490
Event: 82.165 Thread 0x000001819e2ea890 DEOPT UNPACKING pc=0x00000181910c46a2 sp=0x00000060042fd428 mode 2
Event: 82.220 Thread 0x000001819e2ea890 Uncommon trap: trap_request=0xffffffde fr.pc=0x0000018191855200 relative=0x0000000000000220
Event: 82.220 Thread 0x000001819e2ea890 Uncommon trap: reason=class_check action=maybe_recompile pc=0x0000018191855200 method=org.eclipse.equinox.internal.p2.metadata.expression.NAry.equals(Ljava/lang/Object;)Z @ 13 c2
Event: 82.220 Thread 0x000001819e2ea890 DEOPT PACKING pc=0x0000018191855200 sp=0x00000060042fd490
Event: 82.220 Thread 0x000001819e2ea890 DEOPT UNPACKING pc=0x00000181910c46a2 sp=0x00000060042fd428 mode 2
Event: 86.099 Thread 0x000001819e2ea890 Uncommon trap: trap_request=0xffffffde fr.pc=0x0000018191855200 relative=0x0000000000000220
Event: 86.099 Thread 0x000001819e2ea890 Uncommon trap: reason=class_check action=maybe_recompile pc=0x0000018191855200 method=org.eclipse.equinox.internal.p2.metadata.expression.NAry.equals(Ljava/lang/Object;)Z @ 13 c2
Event: 86.099 Thread 0x000001819e2ea890 DEOPT PACKING pc=0x0000018191855200 sp=0x00000060042fda00
Event: 86.099 Thread 0x000001819e2ea890 DEOPT UNPACKING pc=0x00000181910c46a2 sp=0x00000060042fd998 mode 2
Event: 94.940 Thread 0x00000181a4fcc9e0 Uncommon trap: trap_request=0xfffffff4 fr.pc=0x0000018191d51b3c relative=0x00000000000036bc
Event: 94.940 Thread 0x00000181a4fcc9e0 Uncommon trap: reason=null_check action=make_not_entrant pc=0x0000018191d51b3c method=com.sun.jna.DefaultTypeMapper.lookupConverter(Ljava/lang/Class;Ljava/util/Collection;)Ljava/lang/Object; @ 33 c2
Event: 94.940 Thread 0x00000181a4fcc9e0 DEOPT PACKING pc=0x0000018191d51b3c sp=0x00000060021fe9a0
Event: 94.940 Thread 0x00000181a4fcc9e0 DEOPT UNPACKING pc=0x00000181910c46a2 sp=0x00000060021fe880 mode 2
Event: 96.076 Thread 0x000001819e2ea890 Uncommon trap: trap_request=0xffffff45 fr.pc=0x0000018191d2e134 relative=0x0000000000001214
Event: 96.076 Thread 0x000001819e2ea890 Uncommon trap: reason=unstable_if action=reinterpret pc=0x0000018191d2e134 method=java.util.concurrent.locks.AbstractQueuedSynchronizer.acquire(Ljava/util/concurrent/locks/AbstractQueuedSynchronizer$Node;IZZZJ)I @ 83 c2
Event: 96.076 Thread 0x000001819e2ea890 DEOPT PACKING pc=0x0000018191d2e134 sp=0x00000060042fd4a0
Event: 96.077 Thread 0x000001819e2ea890 DEOPT UNPACKING pc=0x00000181910c46a2 sp=0x00000060042fd448 mode 2

Classes loaded (20 events):
Event: 41.878 Loading class java/util/TreeMap$AscendingSubMap$AscendingEntrySetView
Event: 41.878 Loading class java/util/TreeMap$NavigableSubMap$EntrySetView
Event: 41.878 Loading class java/util/TreeMap$NavigableSubMap$EntrySetView done
Event: 41.878 Loading class java/util/TreeMap$AscendingSubMap$AscendingEntrySetView done
Event: 41.878 Loading class java/util/TreeMap$NavigableSubMap$SubMapEntryIterator
Event: 41.878 Loading class java/util/TreeMap$NavigableSubMap$SubMapIterator
Event: 41.878 Loading class java/util/TreeMap$NavigableSubMap$SubMapIterator done
Event: 41.878 Loading class java/util/TreeMap$NavigableSubMap$SubMapEntryIterator done
Event: 41.885 Loading class java/util/jar/JarInputStream
Event: 41.885 Loading class java/util/jar/JarInputStream done
Event: 41.888 Loading class java/util/jar/JarOutputStream
Event: 41.888 Loading class java/util/jar/JarOutputStream done
Event: 78.441 Loading class sun/security/ssl/PreSharedKeyExtension$PskIdentity
Event: 78.441 Loading class sun/security/ssl/PreSharedKeyExtension$PskIdentity done
Event: 78.441 Loading class sun/security/ssl/PreSharedKeyExtension$CHPreSharedKeySpec
Event: 78.442 Loading class sun/security/ssl/PreSharedKeyExtension$CHPreSharedKeySpec done
Event: 78.442 Loading class sun/security/ssl/PreSharedKeyExtension$PartialClientHelloMessage
Event: 78.442 Loading class sun/security/ssl/PreSharedKeyExtension$PartialClientHelloMessage done
Event: 78.450 Loading class sun/security/ssl/PreSharedKeyExtension$SHPreSharedKeySpec
Event: 78.450 Loading class sun/security/ssl/PreSharedKeyExtension$SHPreSharedKeySpec done

Classes unloaded (1 events):
Event: 22.967 Thread 0x000001819dc484d0 Unloading class 0x0000000100a61c00 'java/lang/invoke/LambdaForm$DMH+0x0000000100a61c00'

Classes redefined (0 events):
No events

Internal exceptions (20 events):
Event: 103.864 Thread 0x000001819e2ea890 Exception <a 'com/sun/jna/LastErrorException'{0x00000000dfeecb60}: [12180] (null)> (0x00000000dfeecb60) 
thrown [s\src\hotspot\share\prims\jni.cpp, line 539]
Event: 103.930 Thread 0x00000181a5604790 Exception <a 'com/sun/jna/LastErrorException'{0x00000000dfd16dc8}: [12180] (null)> (0x00000000dfd16dc8) 
thrown [s\src\hotspot\share\prims\jni.cpp, line 539]
Event: 104.453 Thread 0x00000181a5606860 Exception <a 'com/sun/jna/LastErrorException'{0x00000000dfd37c08}: [12180] (null)> (0x00000000dfd37c08) 
thrown [s\src\hotspot\share\prims\jni.cpp, line 539]
Event: 104.624 Thread 0x000001819e2ea890 Exception <a 'com/sun/jna/LastErrorException'{0x00000000dfd56160}: [12180] (null)> (0x00000000dfd56160) 
thrown [s\src\hotspot\share\prims\jni.cpp, line 539]
Event: 105.435 Thread 0x00000181a5601310 Exception <a 'java/lang/InterruptedException'{0x00000000e10919e8}: sleep interrupted> (0x00000000e10919e8) 
thrown [s\src\hotspot\share\prims\jvm.cpp, line 3074]
Event: 105.441 Thread 0x00000181a5606860 Exception <a 'com/sun/jna/LastErrorException'{0x00000000dfdddc88}: [12180] (null)> (0x00000000dfdddc88) 
thrown [s\src\hotspot\share\prims\jni.cpp, line 539]
Event: 106.510 Thread 0x000001819e2ea890 Exception <a 'com/sun/jna/LastErrorException'{0x00000000dce04fb8}: [12180] (null)> (0x00000000dce04fb8) 
thrown [s\src\hotspot\share\prims\jni.cpp, line 539]
Event: 106.580 Thread 0x00000181a5604e20 Exception <a 'com/sun/jna/LastErrorException'{0x00000000dce9b5a0}: [12180] (null)> (0x00000000dce9b5a0) 
thrown [s\src\hotspot\share\prims\jni.cpp, line 539]
Event: 107.337 Thread 0x00000181a4fceab0 Exception <a 'com/sun/jna/LastErrorException'{0x00000000dcebcdb8}: [12180] (null)> (0x00000000dcebcdb8) 
thrown [s\src\hotspot\share\prims\jni.cpp, line 539]
Event: 107.400 Thread 0x000001819e2ea890 Exception <a 'com/sun/jna/LastErrorException'{0x00000000dce24ee8}: [12180] (null)> (0x00000000dce24ee8) 
thrown [s\src\hotspot\share\prims\jni.cpp, line 539]
Event: 108.153 Thread 0x00000181a4fceab0 Exception <a 'java/lang/InterruptedException'{0x00000000dced5238}: sleep interrupted> (0x00000000dced5238) 
thrown [s\src\hotspot\share\prims\jvm.cpp, line 3074]
Event: 108.161 Thread 0x00000181a4fceab0 Exception <a 'com/sun/jna/LastErrorException'{0x00000000dcee23b8}: [12180] (null)> (0x00000000dcee23b8) 
thrown [s\src\hotspot\share\prims\jni.cpp, line 539]
Event: 108.406 Thread 0x000001819e2ea890 Exception <a 'com/sun/jna/LastErrorException'{0x00000000da566a68}: [12180] (null)> (0x00000000da566a68) 
thrown [s\src\hotspot\share\prims\jni.cpp, line 539]
Event: 109.278 Thread 0x00000181a5601310 Exception <a 'java/lang/InterruptedException'{0x00000000dceca238}: sleep interrupted> (0x00000000dceca238) 
thrown [s\src\hotspot\share\prims\jvm.cpp, line 3074]
Event: 109.284 Thread 0x00000181a56019a0 Exception <a 'com/sun/jna/LastErrorException'{0x00000000da58c368}: [12180] (null)> (0x00000000da58c368) 
thrown [s\src\hotspot\share\prims\jni.cpp, line 539]
Event: 109.653 Thread 0x000001819e2ea890 Exception <a 'com/sun/jna/LastErrorException'{0x00000000d960a330}: [12180] (null)> (0x00000000d960a330) 
thrown [s\src\hotspot\share\prims\jni.cpp, line 539]
Event: 110.198 Thread 0x00000181a5604100 Exception <a 'java/lang/InterruptedException'{0x00000000d9681c80}: sleep interrupted> (0x00000000d9681c80) 
thrown [s\src\hotspot\share\prims\jvm.cpp, line 3074]
Event: 110.205 Thread 0x00000181a5606860 Exception <a 'com/sun/jna/LastErrorException'{0x00000000d9691da0}: [12180] (null)> (0x00000000d9691da0) 
thrown [s\src\hotspot\share\prims\jni.cpp, line 539]
Event: 110.464 Thread 0x000001819e2ea890 Exception <a 'com/sun/jna/LastErrorException'{0x00000000e19f2130}: [12180] (null)> (0x00000000e19f2130) 
thrown [s\src\hotspot\share\prims\jni.cpp, line 539]
Event: 110.536 Thread 0x00000181a56054b0 Exception <a 'com/sun/jna/LastErrorException'{0x00000000e1818498}: [12180] (null)> (0x00000000e1818498) 
thrown [s\src\hotspot\share\prims\jni.cpp, line 539]

ZGC Phase Switch (0 events):
No events

VM Operations (20 events):
Event: 99.587 Executing VM operation: G1PauseRemark done
Event: 99.747 Executing VM operation: G1PauseCleanup
Event: 99.748 Executing VM operation: G1PauseCleanup done
Event: 101.748 Executing VM operation: Cleanup
Event: 101.748 Executing VM operation: Cleanup done
Event: 101.753 Executing VM operation: G1CollectForAllocation (G1 Evacuation Pause)
Event: 101.782 Executing VM operation: G1CollectForAllocation (G1 Evacuation Pause) done
Event: 103.782 Executing VM operation: Cleanup
Event: 103.783 Executing VM operation: Cleanup done
Event: 105.783 Executing VM operation: Cleanup
Event: 105.783 Executing VM operation: Cleanup done
Event: 106.107 Executing VM operation: G1CollectForAllocation (G1 Evacuation Pause)
Event: 106.141 Executing VM operation: G1CollectForAllocation (G1 Evacuation Pause) done
Event: 107.141 Executing VM operation: Cleanup
Event: 107.142 Executing VM operation: Cleanup done
Event: 109.142 Executing VM operation: Cleanup
Event: 109.142 Executing VM operation: Cleanup done
Event: 110.320 Executing VM operation: G1CollectForAllocation (G1 Evacuation Pause)
Event: 110.365 Executing VM operation: G1CollectForAllocation (G1 Evacuation Pause) done
Event: 110.551 Executing VM operation: G1PauseRemark

Memory protections (0 events):
No events

Nmethod flushes (20 events):
Event: 99.569 Thread 0x000001819dc484d0 flushing  nmethod 0x000001818b83cb10
Event: 99.569 Thread 0x000001819dc484d0 flushing  nmethod 0x000001818b843690
Event: 99.569 Thread 0x000001819dc484d0 flushing  nmethod 0x000001818b847c90
Event: 99.569 Thread 0x000001819dc484d0 flushing  nmethod 0x000001818b849990
Event: 110.563 Thread 0x000001819dc484d0 flushing  nmethod 0x0000018189ee8590
Event: 110.563 Thread 0x000001819dc484d0 flushing  nmethod 0x000001818a07b810
Event: 110.563 Thread 0x000001819dc484d0 flushing  nmethod 0x000001818a0b6f90
Event: 110.563 Thread 0x000001819dc484d0 flushing  nmethod 0x000001818a41e510
Event: 110.563 Thread 0x000001819dc484d0 flushing osr nmethod 0x000001818a6d8b90
Event: 110.563 Thread 0x000001819dc484d0 flushing  nmethod 0x000001818a918090
Event: 110.563 Thread 0x000001819dc484d0 flushing  nmethod 0x0000018189ec4890
Event: 110.563 Thread 0x000001819dc484d0 flushing osr nmethod 0x0000018189f3c110
Event: 110.563 Thread 0x000001819dc484d0 flushing osr nmethod 0x0000018189fcc690
Event: 110.563 Thread 0x000001819dc484d0 flushing  nmethod 0x000001818b0ed190
Event: 110.563 Thread 0x000001819dc484d0 flushing  nmethod 0x0000018191d2cc90
Event: 110.563 Thread 0x000001819dc484d0 flushing  nmethod 0x0000018191d4de10
Event: 110.563 Thread 0x000001819dc484d0 flushing  nmethod 0x0000018189cc2690
Event: 110.563 Thread 0x000001819dc484d0 flushing  nmethod 0x0000018189c2fc10
Event: 110.563 Thread 0x000001819dc484d0 flushing  nmethod 0x000001818adb7f90
Event: 110.563 Thread 0x000001819dc484d0 flushing  nmethod 0x0000018189c9c910

Events (20 events):
Event: 56.346 Thread 0x000001819dde7ef0 Thread added: 0x00000181ac418470
Event: 56.425 Thread 0x000001819dde7ef0 Thread added: 0x00000181ac418b40
Event: 56.640 Thread 0x00000181ac418470 Thread exited: 0x00000181ac418470
Event: 56.978 Thread 0x000001819dde7ef0 Thread added: 0x00000181ac415b90
Event: 58.023 Thread 0x00000181ac415b90 Thread exited: 0x00000181ac415b90
Event: 62.227 Thread 0x000001819ddd9a40 Thread added: 0x00000181ac41a680
Event: 62.726 Thread 0x00000181ac41a680 Thread exited: 0x00000181ac41a680
Event: 68.285 Thread 0x000001819dde7ef0 Thread added: 0x00000181ac41a680
Event: 78.052 Thread 0x00000181ac41a680 Thread exited: 0x00000181ac41a680
Event: 80.127 Thread 0x00000181ac418b40 Thread exited: 0x00000181ac418b40
Event: 82.105 Thread 0x000001819dde7ef0 Thread added: 0x00000181ac418b40
Event: 82.109 Thread 0x00000181ac418b40 Thread added: 0x00000181ac416260
Event: 82.109 Thread 0x00000181ac418b40 Thread added: 0x00000181ac41a680
Event: 83.741 Thread 0x00000181ac41a680 Thread exited: 0x00000181ac41a680
Event: 83.769 Thread 0x00000181ac416260 Thread exited: 0x00000181ac416260
Event: 84.807 Thread 0x00000181ac418b40 Thread exited: 0x00000181ac418b40
Event: 90.639 Thread 0x000001819dde7ef0 Thread added: 0x00000181ac417000
Event: 90.640 Thread 0x000001819dde7ef0 Thread added: 0x00000181ac418b40
Event: 92.380 Thread 0x00000181ac418b40 Thread exited: 0x00000181ac418b40
Event: 92.390 Thread 0x00000181ac417000 Thread exited: 0x00000181ac417000


Dynamic libraries:
0x00007ff7bae60000 - 0x00007ff7baee9000 	C:\ST\STM32CubeIDE_1.16.0\STM32CubeIDE\stm32cubeide.exe
0x00007ffbe6c00000 - 0x00007ffbe6e67000 	C:\WINDOWS\SYSTEM32\ntdll.dll
0x00007ffbe57e0000 - 0x00007ffbe58a9000 	C:\WINDOWS\System32\KERNEL32.DLL
0x00007ffbe36f0000 - 0x00007ffbe3ae1000 	C:\WINDOWS\System32\KERNELBASE.dll
0x00007ffbe4f70000 - 0x00007ffbe5135000 	C:\WINDOWS\System32\USER32.dll
0x00007ffbe36c0000 - 0x00007ffbe36e7000 	C:\WINDOWS\System32\win32u.dll
0x00007ffbe61a0000 - 0x00007ffbe61cb000 	C:\WINDOWS\System32\GDI32.dll
0x00007ffbe34e0000 - 0x00007ffbe360b000 	C:\WINDOWS\System32\gdi32full.dll
0x00007ffbe3c70000 - 0x00007ffbe3d13000 	C:\WINDOWS\System32\msvcp_win.dll
0x00007ffbe4850000 - 0x00007ffbe499b000 	C:\WINDOWS\System32\ucrtbase.dll
0x00007ffbc2b50000 - 0x00007ffbc2de3000 	C:\WINDOWS\WinSxS\amd64_microsoft.windows.common-controls_6595b64144ccf1df_6.0.26100.8037_none_3e092faae333b53b\COMCTL32.dll
0x00007ffbe4eb0000 - 0x00007ffbe4f59000 	C:\WINDOWS\System32\msvcrt.dll
0x00007ffbe4db0000 - 0x00007ffbe4de1000 	C:\WINDOWS\System32\IMM32.DLL
0x00007ffbab310000 - 0x00007ffbab355000 	C:\ST\STM32CubeIDE_1.16.0\STM32CubeIDE\plugins\org.eclipse.equinox.launcher.win32.win32.x86_64_1.2.1100.v20240722-2106\eclipse_11904.dll
0x00007ffbe58d0000 - 0x00007ffbe598b000 	C:\WINDOWS\System32\ADVAPI32.dll
0x00007ffbe4df0000 - 0x00007ffbe4e97000 	C:\WINDOWS\System32\sechost.dll
0x00007ffbe6250000 - 0x00007ffbe6368000 	C:\WINDOWS\System32\RPCRT4.dll
0x00007ffbe5d90000 - 0x00007ffbe5f25000 	C:\WINDOWS\System32\ole32.dll
0x00007ffbe5a00000 - 0x00007ffbe5d82000 	C:\WINDOWS\System32\combase.dll
0x00007ffbe1e10000 - 0x00007ffbe1e1b000 	C:\WINDOWS\SYSTEM32\VERSION.dll
0x00007ffaddc50000 - 0x00007ffade9e7000 	C:\ST\STM32CubeIDE_1.16.0\STM32CubeIDE\plugins\com.st.stm32cube.ide.jre.win64_3.4.100.202508201254\jre\bin\server\jvm.dll
0x00007ffbe61d0000 - 0x00007ffbe6244000 	C:\WINDOWS\System32\WS2_32.dll
0x00007ffbe3340000 - 0x00007ffbe339e000 	C:\WINDOWS\SYSTEM32\POWRPROF.dll
0x00007ffbbee70000 - 0x00007ffbbee7b000 	C:\WINDOWS\SYSTEM32\VCRUNTIME140_1.dll
0x00007ffbd9cd0000 - 0x00007ffbd9d05000 	C:\WINDOWS\SYSTEM32\WINMM.dll
0x00007ffbbeee0000 - 0x00007ffbbeefe000 	C:\WINDOWS\SYSTEM32\VCRUNTIME140.dll
0x00007ffbe3320000 - 0x00007ffbe3334000 	C:\WINDOWS\SYSTEM32\UMPDC.dll
0x00007ffbdbfd0000 - 0x00007ffbdbfda000 	C:\ST\STM32CubeIDE_1.16.0\STM32CubeIDE\plugins\com.st.stm32cube.ide.jre.win64_3.4.100.202508201254\jre\bin\jimage.dll
0x00007ffbe0720000 - 0x00007ffbe0962000 	C:\WINDOWS\SYSTEM32\DBGHELP.DLL
0x00007ffbe6370000 - 0x00007ffbe6447000 	C:\WINDOWS\System32\OLEAUT32.dll
0x00007ffbb4a90000 - 0x00007ffbb4acb000 	C:\WINDOWS\SYSTEM32\dbgcore.DLL
0x00007ffbe3610000 - 0x00007ffbe36b5000 	C:\WINDOWS\System32\bcryptPrimitives.dll
0x00007ffbc0e20000 - 0x00007ffbc0e3f000 	C:\ST\STM32CubeIDE_1.16.0\STM32CubeIDE\plugins\com.st.stm32cube.ide.jre.win64_3.4.100.202508201254\jre\bin\java.dll
0x00007ffbe2270000 - 0x00007ffbe228b000 	C:\WINDOWS\SYSTEM32\kernel.appcore.dll
0x00007ffbe6450000 - 0x00007ffbe6baf000 	C:\WINDOWS\System32\SHELL32.dll
0x00007ffbe46e0000 - 0x00007ffbe484a000 	C:\WINDOWS\System32\wintypes.dll
0x00007ffbe3e70000 - 0x00007ffbe46d4000 	C:\WINDOWS\System32\windows.storage.dll
0x00007ffbe5140000 - 0x00007ffbe5237000 	C:\WINDOWS\System32\SHCORE.dll
0x00007ffbe4d40000 - 0x00007ffbe4da7000 	C:\WINDOWS\System32\shlwapi.dll
0x00007ffbe3400000 - 0x00007ffbe3429000 	C:\WINDOWS\SYSTEM32\profapi.dll
0x00007ffbaace0000 - 0x00007ffbaadb7000 	C:\ST\STM32CubeIDE_1.16.0\STM32CubeIDE\plugins\com.st.stm32cube.ide.jre.win64_3.4.100.202508201254\jre\bin\jsvml.dll
0x00007ffbe03b0000 - 0x00007ffbe03c0000 	C:\ST\STM32CubeIDE_1.16.0\STM32CubeIDE\plugins\com.st.stm32cube.ide.jre.win64_3.4.100.202508201254\jre\bin\net.dll
0x00007ffbdc270000 - 0x00007ffbdc397000 	C:\WINDOWS\SYSTEM32\WINHTTP.dll
0x00007ffbe27e0000 - 0x00007ffbe284b000 	C:\WINDOWS\system32\mswsock.dll
0x00007ffbcbca0000 - 0x00007ffbcbcb6000 	C:\ST\STM32CubeIDE_1.16.0\STM32CubeIDE\plugins\com.st.stm32cube.ide.jre.win64_3.4.100.202508201254\jre\bin\nio.dll
0x00007ffbc38e0000 - 0x00007ffbc38f8000 	C:\ST\STM32CubeIDE_1.16.0\STM32CubeIDE\plugins\com.st.stm32cube.ide.jre.win64_3.4.100.202508201254\jre\bin\zip.dll
0x00007ffbe0670000 - 0x00007ffbe071a000 	C:\WINDOWS\system32\uxtheme.dll
0x00007ffbe4be0000 - 0x00007ffbe4d3d000 	C:\WINDOWS\System32\MSCTF.dll
0x00007ffbe4b20000 - 0x00007ffbe4bce000 	C:\WINDOWS\System32\clbcatq.dll
0x00007ffbcf2c0000 - 0x00007ffbcf408000 	C:\WINDOWS\SYSTEM32\textinputframework.dll
0x00007ffbe00b0000 - 0x00007ffbe01d7000 	C:\WINDOWS\SYSTEM32\CoreMessaging.dll
0x00007ffbdc670000 - 0x00007ffbdc952000 	C:\WINDOWS\SYSTEM32\CoreUIComponents.dll
0x00007ffbe2ae0000 - 0x00007ffbe2aec000 	C:\WINDOWS\SYSTEM32\CRYPTBASE.DLL
0x00007ffbce730000 - 0x00007ffbce7a6000 	C:\WINDOWS\system32\Oleacc.dll
0x00007ffbaa8e0000 - 0x00007ffbaa9aa000 	C:\ST\STM32CubeIDE_1.16.0\STM32CubeIDE\configuration\org.eclipse.osgi\767\0\.cp\swt-win32-4966r5.dll
0x00007ffbe49a0000 - 0x00007ffbe4a8e000 	C:\WINDOWS\System32\COMDLG32.dll
0x00007ffb26530000 - 0x00007ffb26549000 	C:\WINDOWS\SYSTEM32\USP10.dll
0x00007ffbcfb20000 - 0x00007ffbcfbcf000 	C:\WINDOWS\SYSTEM32\WINSPOOL.DRV
0x00007ffbc0ec0000 - 0x00007ffbc1148000 	C:\WINDOWS\SYSTEM32\WININET.dll
0x00007ffbde480000 - 0x00007ffbde583000 	C:\WINDOWS\SYSTEM32\PROPSYS.dll
0x00007ffbcfc30000 - 0x00007ffbcfc38000 	C:\WINDOWS\SYSTEM32\MSIMG32.dll
0x00007ffbc7510000 - 0x00007ffbc76ed000 	C:\WINDOWS\SYSTEM32\urlmon.dll
0x00007ffbe0f10000 - 0x00007ffbe0f3e000 	C:\WINDOWS\SYSTEM32\dwmapi.dll
0x00007ffbe30b0000 - 0x00007ffbe3107000 	C:\WINDOWS\SYSTEM32\cfgmgr32.dll
0x00007ffbc7240000 - 0x00007ffbc7504000 	C:\WINDOWS\SYSTEM32\iertutil.dll
0x00007ffbc6fd0000 - 0x00007ffbc6ff9000 	C:\WINDOWS\SYSTEM32\srvcli.dll
0x00007ffbe1d90000 - 0x00007ffbe1d9d000 	C:\WINDOWS\SYSTEM32\netutils.dll
0x00007ffbe2ac0000 - 0x00007ffbe2adb000 	C:\WINDOWS\SYSTEM32\CRYPTSP.dll
0x00007ffbe21d0000 - 0x00007ffbe2209000 	C:\WINDOWS\system32\rsaenh.dll
0x00007ffbe2890000 - 0x00007ffbe28c2000 	C:\WINDOWS\SYSTEM32\USERENV.dll
0x00007ffbe33d0000 - 0x00007ffbe33fa000 	C:\WINDOWS\SYSTEM32\bcrypt.dll
0x00007ffbe1ad0000 - 0x00007ffbe1b03000 	C:\WINDOWS\SYSTEM32\IPHLPAPI.DLL
0x00007ffbe5750000 - 0x00007ffbe575a000 	C:\WINDOWS\System32\NSI.dll
0x00007ffbab3a0000 - 0x00007ffbab3e9000 	C:\Users\smpet\AppData\Local\Temp\jna-109563013\jna4219590762459468050.dll
0x00007ffbe4ea0000 - 0x00007ffbe4ea8000 	C:\WINDOWS\System32\PSAPI.DLL
0x00007ffbc4730000 - 0x00007ffbc47e3000 	C:\WINDOWS\SYSTEM32\TextShaping.dll
0x00007ffbdcd10000 - 0x00007ffbdcd2d000 	C:\WINDOWS\SYSTEM32\dhcpcsvc6.DLL
0x00007ffbdcbe0000 - 0x00007ffbdcc03000 	C:\WINDOWS\SYSTEM32\dhcpcsvc.DLL
0x00007ffbde380000 - 0x00007ffbde390000 	C:\ST\STM32CubeIDE_1.16.0\STM32CubeIDE\plugins\com.st.stm32cube.ide.jre.win64_3.4.100.202508201254\jre\bin\verify.dll
0x00007ffbab770000 - 0x00007ffbab79c000 	C:\ST\STM32CubeIDE_1.16.0\STM32CubeIDE\configuration\org.eclipse.osgi\767\0\.cp\swt-gdip-win32-4966r5.dll
0x00007ffbcdfc0000 - 0x00007ffbce198000 	C:\WINDOWS\WinSxS\amd64_microsoft.windows.gdiplus_6595b64144ccf1df_1.1.26100.8036_none_6ef439583dc61568\gdiplus.dll
0x00007ffbdecc0000 - 0x00007ffbdeeed000 	C:\WINDOWS\SYSTEM32\WindowsCodecs.dll
0x00007ffbdc960000 - 0x00007ffbdc96a000 	C:\ST\STM32CubeIDE_1.16.0\STM32CubeIDE\plugins\com.st.stm32cube.ide.jre.win64_3.4.100.202508201254\jre\bin\management.dll
0x00007ffbcbc90000 - 0x00007ffbcbc9b000 	C:\ST\STM32CubeIDE_1.16.0\STM32CubeIDE\plugins\com.st.stm32cube.ide.jre.win64_3.4.100.202508201254\jre\bin\management_ext.dll
0x00007ffbb5010000 - 0x00007ffbb5028000 	C:\WINDOWS\system32\napinsp.dll
0x00007ffbe1b10000 - 0x00007ffbe1c3a000 	C:\WINDOWS\SYSTEM32\DNSAPI.dll
0x00007ffbb5030000 - 0x00007ffbb5042000 	C:\WINDOWS\System32\winrnr.dll
0x00007ffbb4fe0000 - 0x00007ffbb5002000 	C:\WINDOWS\system32\nlansp_c.dll
0x00007ffbd97f0000 - 0x00007ffbd9806000 	C:\WINDOWS\system32\wshbth.dll
0x00007ffbdbfe0000 - 0x00007ffbdbfeb000 	C:\Windows\System32\rasadhlp.dll
0x00007ffbdcd70000 - 0x00007ffbdcdf6000 	C:\WINDOWS\System32\fwpuclnt.dll
0x00007ffb8e520000 - 0x00007ffb8e57a000 	C:\WINDOWS\system32\dataexchange.dll
0x00007ffbd8c10000 - 0x00007ffbd8e54000 	C:\WINDOWS\system32\twinapi.appcore.dll
0x00007ffba2cf0000 - 0x00007ffba2d19000 	C:\WINDOWS\SYSTEM32\edputil.dll
0x00007ffb9a220000 - 0x00007ffb9a397000 	C:\Windows\System32\Windows.System.Launcher.dll
0x00007ffbcb690000 - 0x00007ffbcb6aa000 	C:\WINDOWS\SYSTEM32\windows.staterepositorycore.dll
0x00007ffb836e0000 - 0x00007ffb8374f000 	C:\Windows\System32\thumbcache.dll
0x00007ffbde750000 - 0x00007ffbde804000 	C:\WINDOWS\SYSTEM32\policymanager.dll
0x00007ffbd9820000 - 0x00007ffbd9864000 	C:\WINDOWS\system32\mlang.dll
0x00007ffbdf530000 - 0x00007ffbdf797000 	C:\WINDOWS\SYSTEM32\DWrite.dll
0x00007ffb85140000 - 0x00007ffb85418000 	C:\WINDOWS\system32\explorerframe.dll
0x00007ffbc38d0000 - 0x00007ffbc38d9000 	C:\ST\STM32CubeIDE_1.16.0\STM32CubeIDE\plugins\com.st.stm32cube.ide.jre.win64_3.4.100.202508201254\jre\bin\prefs.dll
0x00007ffbe3270000 - 0x00007ffbe3312000 	C:\WINDOWS\SYSTEM32\sxs.dll
0x00007ffbc38c0000 - 0x00007ffbc38ce000 	C:\ST\STM32CubeIDE_1.16.0\STM32CubeIDE\plugins\com.st.stm32cube.ide.jre.win64_3.4.100.202508201254\jre\bin\sunmscapi.dll
0x00007ffbe3af0000 - 0x00007ffbe3c67000 	C:\WINDOWS\System32\CRYPT32.dll
0x00007ffbe2d50000 - 0x00007ffbe2d80000 	C:\WINDOWS\SYSTEM32\ncrypt.dll
0x00007ffbe2d00000 - 0x00007ffbe2d3f000 	C:\WINDOWS\SYSTEM32\NTASN1.dll
0x00007ffbe2b30000 - 0x00007ffbe2b43000 	C:\WINDOWS\SYSTEM32\MSASN1.dll
0x00007ffbe2850000 - 0x00007ffbe2880000 	C:\WINDOWS\SYSTEM32\gpapi.dll
0x00007ffbc0e50000 - 0x00007ffbc0e59000 	C:\ST\STM32CubeIDE_1.16.0\STM32CubeIDE\plugins\com.st.stm32cube.ide.jre.win64_3.4.100.202508201254\jre\bin\extnet.dll
0x00007ffbc0e40000 - 0x00007ffbc0e47000 	C:\ST\STM32CubeIDE_1.16.0\STM32CubeIDE\plugins\com.st.stm32cube.ide.jre.win64_3.4.100.202508201254\jre\bin\rmi.dll
0x0000000056900000 - 0x0000000056963000 	C:\ST\STM32CubeIDE_1.16.0\STM32CubeIDE\configuration\org.eclipse.osgi\609\0\.cp\os\win32\x86_64\serial.dll
0x00007ffbad8d0000 - 0x00007ffbad8d8000 	C:\WINDOWS\system32\wshunix.dll

JVMTI agents: none

dbghelp: loaded successfully - version: 4.0.5 - missing functions: none
symbol engine: initialized successfully - sym options: 0x614 - pdb path: .;C:\ST\STM32CubeIDE_1.16.0\STM32CubeIDE;C:\WINDOWS\SYSTEM32;C:\WINDOWS\WinSxS\amd64_microsoft.windows.common-controls_6595b64144ccf1df_6.0.26100.8037_none_3e092faae333b53b;C:\ST\STM32CubeIDE_1.16.0\STM32CubeIDE\plugins\org.eclipse.equinox.launcher.win32.win32.x86_64_1.2.1100.v20240722-2106;C:\ST\STM32CubeIDE_1.16.0\STM32CubeIDE\plugins\com.st.stm32cube.ide.jre.win64_3.4.100.202508201254\jre\bin\server;C:\ST\STM32CubeIDE_1.16.0\STM32CubeIDE\plugins\com.st.stm32cube.ide.jre.win64_3.4.100.202508201254\jre\bin;C:\ST\STM32CubeIDE_1.16.0\STM32CubeIDE\configuration\org.eclipse.osgi\767\0\.cp;C:\Users\smpet\AppData\Local\Temp\jna-109563013;C:\WINDOWS\WinSxS\amd64_microsoft.windows.gdiplus_6595b64144ccf1df_1.1.26100.8036_none_6ef439583dc61568;C:\ST\STM32CubeIDE_1.16.0\STM32CubeIDE\configuration\org.eclipse.osgi\609\0\.cp\os\win32\x86_64

VM Arguments:
jvm_args: -Dosgi.requiredJavaVersion=1.8 -Dosgi.instance.area.default=@user.home/STM32CubeIDE/workspace_2.0.0 -Declipse.buildId=Version 2.0.0 -DproductMaturityGrade=mm -Djdk.http.auth.tunneling.disabledSchemes= -XX:+UseG1GC -XX:+UseStringDeduplication -Xms256m -Xmx1024m -Djavax.net.ssl.trustStoreType=WINDOWS-ROOT 
java_command: <unknown>
java_class_path (initial): C:\ST\STM32CubeIDE_1.16.0\STM32CubeIDE\\plugins/org.eclipse.equinox.launcher_1.6.900.v20240613-2009.jar
Launcher Type: generic

[Global flags]
     intx CICompilerCount                          = 12                                        {product} {ergonomic}
     uint ConcGCThreads                            = 4                                         {product} {ergonomic}
     uint G1ConcRefinementThreads                  = 15                                        {product} {ergonomic}
   size_t G1HeapRegionSize                         = 1048576                                   {product} {ergonomic}
    uintx GCDrainStackTargetSize                   = 64                                        {product} {ergonomic}
   size_t InitialHeapSize                          = 268435456                                 {product} {command line}
   size_t MarkStackSize                            = 4194304                                   {product} {ergonomic}
   size_t MaxHeapSize                              = 1073741824                                {product} {command line}
   size_t MaxNewSize                               = 643825664                                 {product} {ergonomic}
   size_t MinHeapDeltaBytes                        = 1048576                                   {product} {ergonomic}
   size_t MinHeapSize                              = 268435456                                 {product} {command line}
    uintx NonNMethodCodeHeapSize                   = 7602480                                {pd product} {ergonomic}
    uintx NonProfiledCodeHeapSize                  = 122027880                              {pd product} {ergonomic}
    uintx ProfiledCodeHeapSize                     = 122027880                              {pd product} {ergonomic}
    uintx ReservedCodeCacheSize                    = 251658240                              {pd product} {ergonomic}
     bool SegmentedCodeCache                       = true                                      {product} {ergonomic}
   size_t SoftMaxHeapSize                          = 1073741824                             {manageable} {ergonomic}
     bool UseCompressedOops                        = true                           {product lp64_product} {ergonomic}
     bool UseG1GC                                  = true                                      {product} {command line}
     bool UseLargePagesIndividualAllocation        = false                                  {pd product} {ergonomic}
     bool UseStringDeduplication                   = true                                      {product} {command line}

Logging:
Log output configuration:
 #0: stdout all=warning uptime,level,tags foldmultilines=false
 #1: stderr all=off uptime,level,tags foldmultilines=false

Environment Variables:
PATH=C:\Program Files (x86)\NVIDIA Corporation\PhysX\Common;C:\Program Files (x86)\Common Files\Oracle\Java\java8path;C:\Program Files (x86)\Common Files\Oracle\Java\javapath;C:\Windows\system32;C:\Windows;C:\Windows\System32\Wbem;C:\Windows\System32\WindowsPowerShell\v1.0\;C:\Windows\System32\OpenSSH\;C:\Program Files\dotnet\;C:\Program Files\NVIDIA Corporation\NVIDIA NvDLISR;C:\Program Files\MATLAB\R2024a\bin;C:\Program Files\Microsoft SQL Server\Client SDK\ODBC\130\Tools\Binn\;C:\Program Files (x86)\Microsoft SQL Server\140\Tools\Binn\;C:\Program Files\Microsoft SQL Server\140\Tools\Binn\;C:\Program Files\Microsoft SQL Server\140\DTS\Binn\;C:\Program Files (x86)\Windows Kits\8.1\Windows Performance Toolkit\;C:\WINDOWS\system32;C:\WINDOWS;C:\WINDOWS\System32\Wbem;C:\WINDOWS\System32\WindowsPowerShell\v1.0\;C:\WINDOWS\System32\OpenSSH\;C:\Program Files\usbipd-win\;C:\Program Files\CMake\bin;C:\Program Files\Git\cmd;C:\Program Files (x86)\Windows Kits\10\Windows Performance Toolkit\;C:\Users\smpet\AppData\Local\Programs\Python\Launcher\;C:\Users\smpet\AppData\Local\Microsoft\WindowsApps;C:\Users\smpet\AppData\Local\Programs\Microsoft VS Code\bin;C:\msys64\usr\bin;C:\Program Files\Arm\GNU Toolchain mingw-w64-x86_64-arm-none-eabi\bin;
USERNAME=smpet
OS=Windows_NT
PROCESSOR_IDENTIFIER=Intel64 Family 6 Model 186 Stepping 2, GenuineIntel
TMP=C:\Users\smpet\AppData\Local\Temp
TEMP=C:\Users\smpet\AppData\Local\Temp




Periodic native trim disabled

---------------  S Y S T E M  ---------------

OS:
 Windows 11 , 64 bit Build 26100 (10.0.26100.7920)
OS uptime: 7 days 20:23 hours
Hyper-V role detected

CPU: total 20 (initial active 20) (10 cores per cpu, 2 threads per core) family 6 model 186 stepping 2 microcode 0x6134, cx8, cmov, fxsr, ht, mmx, 3dnowpref, sse, sse2, sse3, ssse3, sse4.1, sse4.2, popcnt, lzcnt, tsc, tscinvbit, avx, avx2, aes, erms, clmul, bmi1, bmi2, adx, sha, fma, vzeroupper, clflush, clflushopt, clwb, hv, serialize, rdtscp, rdpid, fsrm, f16c, cet_ibt, cet_ss
Processor Information for processor 0
  Max Mhz: 2400, Current Mhz: 1520, Mhz Limit: 2400
Processor Information for processor 1
  Max Mhz: 2400, Current Mhz: 2400, Mhz Limit: 2400
Processor Information for processor 2
  Max Mhz: 2400, Current Mhz: 2400, Mhz Limit: 2400
Processor Information for processor 3
  Max Mhz: 2400, Current Mhz: 2400, Mhz Limit: 2400
Processor Information for processor 4
  Max Mhz: 2400, Current Mhz: 1520, Mhz Limit: 2400
Processor Information for processor 5
  Max Mhz: 2400, Current Mhz: 2400, Mhz Limit: 2400
Processor Information for processor 6
  Max Mhz: 2400, Current Mhz: 2400, Mhz Limit: 2400
Processor Information for processor 7
  Max Mhz: 2400, Current Mhz: 2400, Mhz Limit: 2400
Processor Information for processor 8
  Max Mhz: 2400, Current Mhz: 2400, Mhz Limit: 2400
Processor Information for processor 9
  Max Mhz: 2400, Current Mhz: 2400, Mhz Limit: 2400
Processor Information for processor 10
  Max Mhz: 2400, Current Mhz: 1520, Mhz Limit: 2400
Processor Information for processor 11
  Max Mhz: 2400, Current Mhz: 1520, Mhz Limit: 2400
Processor Information for processor 12
  Max Mhz: 2400, Current Mhz: 2400, Mhz Limit: 2400
Processor Information for processor 13
  Max Mhz: 2400, Current Mhz: 2400, Mhz Limit: 2400
Processor Information for processor 14
  Max Mhz: 2400, Current Mhz: 2400, Mhz Limit: 2400
Processor Information for processor 15
  Max Mhz: 2400, Current Mhz: 2400, Mhz Limit: 2400
Processor Information for processor 16
  Max Mhz: 2400, Current Mhz: 2400, Mhz Limit: 2400
Processor Information for processor 17
  Max Mhz: 2400, Current Mhz: 2400, Mhz Limit: 2400
Processor Information for processor 18
  Max Mhz: 2400, Current Mhz: 2400, Mhz Limit: 2400
Processor Information for processor 19
  Max Mhz: 2400, Current Mhz: 1466, Mhz Limit: 2400

Memory: 4k page, system-wide physical 16055M (1763M free)
TotalPageFile size 45477M (AvailPageFile size 27M)
current process WorkingSet (physical memory assigned to process): 924M, peak: 924M
current process commit charge ("private bytes"): 956M, peak: 1017M

vm_info: OpenJDK 64-Bit Server VM (21.0.8+9-LTS) for windows-amd64 JRE (21.0.8+9-LTS), built on 2025-07-15T00:00:00Z by "admin" with MS VC++ 17.7 (VS2022)

END.
