#
# There is insufficient memory for the Java Runtime Environment to continue.
# Native memory allocation (mmap) failed to map 48234496 bytes. Error detail: G1 virtual space
# Possible reasons:
#   The system is out of physical RAM or swap space
#   This process is running with CompressedOops enabled, and the Java Heap may be blocking the growth of the native heap
# Possible solutions:
#   Reduce memory load on the system
#   Increase physical memory or swap space
#   Check if swap backing store is full
#   Decrease Java heap size (-Xmx/-Xms)
#   Decrease number of Java threads
#   Decrease Java thread stack sizes (-Xss)
#   Set larger code cache with -XX:ReservedCodeCacheSize=
#   JVM is running with Unscaled Compressed Oops mode in which the Java heap is
#     placed in the first 4GB address space. The Java Heap base address is the
#     maximum limit for the native heap growth. Please use -XX:HeapBaseMinAddress
#     to set the Java Heap base and to place the Java Heap above 4GB virtual address.
# This output file may be truncated or incomplete.
#
#  Out of Memory Error (os_windows.cpp:3713), pid=37816, tid=14508
#
# JRE version: OpenJDK Runtime Environment Temurin-21.0.8+9 (21.0.8+9) (build 21.0.8+9-LTS)
# Java VM: OpenJDK 64-Bit Server VM Temurin-21.0.8+9 (21.0.8+9-LTS, mixed mode, tiered, compressed oops, compressed class ptrs, g1 gc, windows-amd64)
# No core dump will be written. Minidumps are not enabled by default on client versions of Windows
#

---------------  S U M M A R Y ------------

Command Line: -Dosgi.requiredJavaVersion=1.8 -Dosgi.instance.area.default=@user.home/STM32CubeIDE/workspace_2.0.0 -Declipse.buildId=Version 2.0.0 -DproductMaturityGrade=mm -Djdk.http.auth.tunneling.disabledSchemes= -XX:+UseG1GC -XX:+UseStringDeduplication -Xms256m -Xmx1024m -Djavax.net.ssl.trustStoreType=WINDOWS-ROOT 

Host: 13th Gen Intel(R) Core(TM) i7-13700H, 20 cores, 15G,  Windows 11 , 64 bit Build 26100 (10.0.26100.8246)
Time: Tue May 26 14:48:18 2026 W. Australia Standard Time elapsed time: 147.744694 seconds (0d 0h 2m 27s)

---------------  T H R E A D  ---------------

Current thread (0x000001c611095df0):  VMThread "VM Thread"          [id=14508, stack(0x0000009a45f00000,0x0000009a46000000) (1024K)]

Stack: [0x0000009a45f00000,0x0000009a46000000]
Native frames: (J=compiled Java code, j=interpreted, Vv=VM code, C=native code)
V  [jvm.dll+0x6d2449]
V  [jvm.dll+0x8ae341]
V  [jvm.dll+0x8b08be]
V  [jvm.dll+0x8b0fa3]
V  [jvm.dll+0x280c96]
V  [jvm.dll+0x6cec15]
V  [jvm.dll+0x6c2c3a]
V  [jvm.dll+0x35867a]
V  [jvm.dll+0x360246]
V  [jvm.dll+0x3b1f9e]
V  [jvm.dll+0x3b2248]
V  [jvm.dll+0x32c8fc]
V  [jvm.dll+0x32f0e6]
V  [jvm.dll+0x339258]
V  [jvm.dll+0x36e81f]
V  [jvm.dll+0x8b6cbf]
V  [jvm.dll+0x8b8044]
V  [jvm.dll+0x8b8580]
V  [jvm.dll+0x8b8823]
V  [jvm.dll+0x857e6b]
V  [jvm.dll+0x6d0b0d]
C  [ucrtbase.dll+0x37b0]
C  [KERNEL32.DLL+0x2e8d7]
C  [ntdll.dll+0x8c3fc]

VM_Operation (0x0000009a45affb00): G1PauseRemark, mode: safepoint, requested by thread 0x000001c673a36d20


---------------  P R O C E S S  ---------------

Threads class SMR info:
_java_thread_list=0x000001c6178b3420, length=50, elements={
0x000001c6739f55c0, 0x000001c611118ef0, 0x000001c611119940, 0x000001c611126eb0,
0x000001c611128910, 0x000001c61111e7a0, 0x000001c61111f1f0, 0x000001c611122af0,
0x000001c611145460, 0x000001c611167c80, 0x000001c611315760, 0x000001c61131fa30,
0x000001c616d7df40, 0x000001c617136750, 0x000001c617135e50, 0x000001c61710b0e0,
0x000001c6113dcc60, 0x000001c6113db8b0, 0x000001c6113dbf40, 0x000001c6113dd980,
0x000001c6113dd2f0, 0x000001c6113db220, 0x000001c6113dab90, 0x000001c6175f3810,
0x000001c6175f2af0, 0x000001c6175f1740, 0x000001c6175f0390, 0x000001c6175f3180,
0x000001c6175f58e0, 0x000001c6175f2460, 0x000001c6175f6600, 0x000001c6175f3ea0,
0x000001c6175f5f70, 0x000001c6175f79b0, 0x000001c6175f6c90, 0x000001c6175f7320,
0x000001c6175f4530, 0x000001c6175f4bc0, 0x000001c6113de010, 0x000001c616ca7b60,
0x000001c616ca5a90, 0x000001c616ca6120, 0x000001c6218e7110, 0x000001c6218e4320,
0x000001c6218e56d0, 0x000001c6218e2f70, 0x000001c619151d30, 0x000001c623193c50,
0x000001c621f39620, 0x000001c6219f5640
}

Java Threads: ( => current thread )
  0x000001c6739f55c0 JavaThread "main"                              [_thread_in_native, id=10584, stack(0x0000009a45240000,0x0000009a45340000) (1024K)]
  0x000001c611118ef0 JavaThread "Reference Handler"          daemon [_thread_blocked, id=5792, stack(0x0000009a46000000,0x0000009a46100000) (1024K)]
  0x000001c611119940 JavaThread "Finalizer"                  daemon [_thread_blocked, id=21468, stack(0x0000009a46100000,0x0000009a46200000) (1024K)]
  0x000001c611126eb0 JavaThread "Signal Dispatcher"          daemon [_thread_blocked, id=30580, stack(0x0000009a46200000,0x0000009a46300000) (1024K)]
  0x000001c611128910 JavaThread "Attach Listener"            daemon [_thread_blocked, id=22132, stack(0x0000009a46300000,0x0000009a46400000) (1024K)]
  0x000001c61111e7a0 JavaThread "Service Thread"             daemon [_thread_blocked, id=35364, stack(0x0000009a46400000,0x0000009a46500000) (1024K)]
  0x000001c61111f1f0 JavaThread "Monitor Deflation Thread"   daemon [_thread_blocked, id=26992, stack(0x0000009a46500000,0x0000009a46600000) (1024K)]
  0x000001c611122af0 JavaThread "C2 CompilerThread0"         daemon [_thread_blocked, id=15948, stack(0x0000009a46600000,0x0000009a46700000) (1024K)]
  0x000001c611145460 JavaThread "C1 CompilerThread0"         daemon [_thread_blocked, id=24820, stack(0x0000009a46700000,0x0000009a46800000) (1024K)]
  0x000001c611167c80 JavaThread "StringDedupThread"          daemon [_thread_blocked, id=19352, stack(0x0000009a46800000,0x0000009a46900000) (1024K)]
  0x000001c611315760 JavaThread "Notification Thread"        daemon [_thread_blocked, id=36668, stack(0x0000009a46b00000,0x0000009a46c00000) (1024K)]
  0x000001c61131fa30 JavaThread "Common-Cleaner"             daemon [_thread_blocked, id=39568, stack(0x0000009a46c00000,0x0000009a46d00000) (1024K)]
  0x000001c616d7df40 JavaThread "Active Thread: Equinox Container: 09e49663-7d79-4cf8-990a-645ca9a47088"        [_thread_blocked, id=24256, stack(0x0000009a48300000,0x0000009a48400000) (1024K)]
  0x000001c617136750 JavaThread "Framework Event Dispatcher: Equinox Container: 09e49663-7d79-4cf8-990a-645ca9a47088" daemon [_thread_blocked, id=17764, stack(0x0000009a47300000,0x0000009a47400000) (1024K)]
  0x000001c617135e50 JavaThread "Start Level: Equinox Container: 09e49663-7d79-4cf8-990a-645ca9a47088" daemon [_thread_blocked, id=36616, stack(0x0000009a47400000,0x0000009a47500000) (1024K)]
  0x000001c61710b0e0 JavaThread "SCR Component Actor"        daemon [_thread_blocked, id=18048, stack(0x0000009a48400000,0x0000009a48500000) (1024K)]
  0x000001c6113dcc60 JavaThread "EMF Reference Cleaner"      daemon [_thread_blocked, id=27440, stack(0x0000009a46f00000,0x0000009a47000000) (1024K)]
  0x000001c6113db8b0 JavaThread "Worker-JM"                         [_thread_blocked, id=37508, stack(0x0000009a48600000,0x0000009a48700000) (1024K)]
  0x000001c6113dbf40 JavaThread "Gogo shell"                        [_thread_blocked, id=27368, stack(0x0000009a48700000,0x0000009a48800000) (1024K)]
  0x000001c6113dd980 JavaThread "JNA Cleaner"                daemon [_thread_blocked, id=31208, stack(0x0000009a48800000,0x0000009a48900000) (1024K)]
  0x000001c6113dd2f0 JavaThread "Worker-0"                          [_thread_blocked, id=6380, stack(0x0000009a48900000,0x0000009a48a00000) (1024K)]
  0x000001c6113db220 JavaThread "Bundle File Closer"         daemon [_thread_blocked, id=38592, stack(0x0000009a46a00000,0x0000009a46b00000) (1024K)]
  0x000001c6113dab90 JavaThread "Worker-1"                          [_thread_blocked, id=17308, stack(0x0000009a48d00000,0x0000009a48e00000) (1024K)]
  0x000001c6175f3810 JavaThread "ForkJoinPool.commonPool-worker-1" daemon [_thread_blocked, id=20152, stack(0x0000009a49100000,0x0000009a49200000) (1024K)]
  0x000001c6175f2af0 JavaThread "org.eclipse.cdt.internal.ui.text.CReconciler" daemon [_thread_blocked, id=568, stack(0x0000009a48b00000,0x0000009a48c00000) (1024K)]
  0x000001c6175f1740 JavaThread "EventAdmin Async Event Dispatcher Thread" daemon [_thread_blocked, id=19800, stack(0x0000009a48e00000,0x0000009a48f00000) (1024K)]
  0x000001c6175f0390 JavaThread "Worker-2"                          [_thread_blocked, id=38068, stack(0x0000009a48f00000,0x0000009a49000000) (1024K)]
  0x000001c6175f3180 JavaThread "Worker-3"                          [_thread_blocked, id=31956, stack(0x0000009a49400000,0x0000009a49500000) (1024K)]
  0x000001c6175f58e0 JavaThread "Worker-4"                          [_thread_blocked, id=34020, stack(0x0000009a49500000,0x0000009a49600000) (1024K)]
  0x000001c6175f2460 JavaThread "Worker-5"                          [_thread_blocked, id=36596, stack(0x0000009a49600000,0x0000009a49700000) (1024K)]
  0x000001c6175f6600 JavaThread "Worker-6"                          [_thread_blocked, id=30284, stack(0x0000009a49700000,0x0000009a49800000) (1024K)]
  0x000001c6175f3ea0 JavaThread "Worker-7"                          [_thread_blocked, id=30076, stack(0x0000009a49800000,0x0000009a49900000) (1024K)]
  0x000001c6175f5f70 JavaThread "Worker-8"                          [_thread_blocked, id=18848, stack(0x0000009a49900000,0x0000009a49a00000) (1024K)]
  0x000001c6175f79b0 JavaThread "Worker-9"                          [_thread_blocked, id=34588, stack(0x0000009a49a00000,0x0000009a49b00000) (1024K)]
  0x000001c6175f6c90 JavaThread "Worker-10"                         [_thread_blocked, id=17848, stack(0x0000009a49b00000,0x0000009a49c00000) (1024K)]
  0x000001c6175f7320 JavaThread "Worker-11"                         [_thread_blocked, id=37624, stack(0x0000009a49c00000,0x0000009a49d00000) (1024K)]
  0x000001c6175f4530 JavaThread "Worker-12: https://sw-center.st.com/stm32cubeide/toolchains/9-2020-q2-update/1.7.0/p2.index"        [_thread_blocked, id=16832, stack(0x0000009a49d00000,0x0000009a49e00000) (1024K)]
  0x000001c6175f4bc0 JavaThread "pool-2-thread-1"                   [_thread_blocked, id=24932, stack(0x0000009a4a200000,0x0000009a4a300000) (1024K)]
  0x000001c6113de010 JavaThread "pool-3-thread-1"                   [_thread_blocked, id=35980, stack(0x0000009a4a300000,0x0000009a4a400000) (1024K)]
  0x000001c616ca7b60 JavaThread "RMI TCP Accept-41337"       daemon [_thread_in_native, id=30724, stack(0x0000009a4a900000,0x0000009a4aa00000) (1024K)]
  0x000001c616ca5a90 JavaThread "RMI Reaper"                        [_thread_blocked, id=20212, stack(0x0000009a4aa00000,0x0000009a4ab00000) (1024K)]
  0x000001c616ca6120 JavaThread "RMI GC Daemon"              daemon [_thread_blocked, id=36076, stack(0x0000009a4ab00000,0x0000009a4ac00000) (1024K)]
  0x000001c6218e7110 JavaThread "org.eclipse.ui.internal.genericeditor.DefaultWordHighlightReconciler" daemon [_thread_blocked, id=32984, stack(0x0000009a49000000,0x0000009a49100000) (1024K)]
  0x000001c6218e4320 JavaThread "org.eclipse.ui.internal.genericeditor.folding.DefaultFoldingReconciler" daemon [_thread_blocked, id=18216, stack(0x0000009a4a700000,0x0000009a4a800000) (1024K)]
  0x000001c6218e56d0 JavaThread "Serial Ports Filter"        daemon [_thread_in_native, id=33084, stack(0x0000009a4a400000,0x0000009a4a500000) (1024K)]
  0x000001c6218e2f70 JavaThread "org.eclipse.cdt.internal.ui.text.CReconciler" daemon [_thread_blocked, id=31788, stack(0x0000009a4af00000,0x0000009a4b000000) (1024K)]
  0x000001c619151d30 JavaThread "Thread-17"                         [_thread_blocked, id=34892, stack(0x0000009a4ae00000,0x0000009a4af00000) (1024K)]
  0x000001c623193c50 JavaThread "HttpClient-1-SelectorManager" daemon [_thread_in_native, id=25216, stack(0x0000009a49e00000,0x0000009a49f00000) (1024K)]
  0x000001c621f39620 JavaThread "HttpClient-1-Worker-0"      daemon [_thread_blocked, id=30296, stack(0x0000009a4a500000,0x0000009a4a600000) (1024K)]
  0x000001c6219f5640 JavaThread "Provisioning Event Dispatcher" daemon [_thread_blocked, id=36592, stack(0x0000009a4a000000,0x0000009a4a100000) (1024K)]
Total: 50

Other Threads:
=>0x000001c611095df0 VMThread "VM Thread"                           [id=14508, stack(0x0000009a45f00000,0x0000009a46000000) (1024K)]
  0x000001c6110809d0 WatcherThread "VM Periodic Task Thread"        [id=36800, stack(0x0000009a45e00000,0x0000009a45f00000) (1024K)]
  0x000001c673a2dd40 WorkerThread "GC Thread#0"                     [id=32712, stack(0x0000009a45900000,0x0000009a45a00000) (1024K)]
  0x000001c617603ca0 WorkerThread "GC Thread#1"                     [id=27504, stack(0x0000009a47500000,0x0000009a47600000) (1024K)]
  0x000001c616f8eb90 WorkerThread "GC Thread#2"                     [id=4920, stack(0x0000009a47600000,0x0000009a47700000) (1024K)]
  0x000001c616f8ef30 WorkerThread "GC Thread#3"                     [id=37664, stack(0x0000009a47700000,0x0000009a47800000) (1024K)]
  0x000001c61736e600 WorkerThread "GC Thread#4"                     [id=10396, stack(0x0000009a47800000,0x0000009a47900000) (1024K)]
  0x000001c616ed7010 WorkerThread "GC Thread#5"                     [id=37756, stack(0x0000009a47900000,0x0000009a47a00000) (1024K)]
  0x000001c616c73fa0 WorkerThread "GC Thread#6"                     [id=25820, stack(0x0000009a47a00000,0x0000009a47b00000) (1024K)]
  0x000001c6119a2250 WorkerThread "GC Thread#7"                     [id=12380, stack(0x0000009a47b00000,0x0000009a47c00000) (1024K)]
  0x000001c617041840 WorkerThread "GC Thread#8"                     [id=23540, stack(0x0000009a47c00000,0x0000009a47d00000) (1024K)]
  0x000001c617310310 WorkerThread "GC Thread#9"                     [id=2492, stack(0x0000009a47d00000,0x0000009a47e00000) (1024K)]
  0x000001c617041be0 WorkerThread "GC Thread#10"                    [id=33352, stack(0x0000009a47e00000,0x0000009a47f00000) (1024K)]
  0x000001c611a57bd0 WorkerThread "GC Thread#11"                    [id=7452, stack(0x0000009a47f00000,0x0000009a48000000) (1024K)]
  0x000001c611a57f70 WorkerThread "GC Thread#12"                    [id=33200, stack(0x0000009a48000000,0x0000009a48100000) (1024K)]
  0x000001c611a59530 WorkerThread "GC Thread#13"                    [id=39672, stack(0x0000009a48100000,0x0000009a48200000) (1024K)]
  0x000001c611a58df0 WorkerThread "GC Thread#14"                    [id=16036, stack(0x0000009a48200000,0x0000009a48300000) (1024K)]
  0x000001c673a36d20 ConcurrentGCThread "G1 Main Marker"            [id=3088, stack(0x0000009a45a00000,0x0000009a45b00000) (1024K)]
  0x000001c673a37820 WorkerThread "G1 Conc#0"                       [id=13572, stack(0x0000009a45b00000,0x0000009a45c00000) (1024K)]
  0x000001c611a586b0 WorkerThread "G1 Conc#1"                       [id=22612, stack(0x0000009a47000000,0x0000009a47100000) (1024K)]
  0x000001c611a59190 WorkerThread "G1 Conc#2"                       [id=2848, stack(0x0000009a47200000,0x0000009a47300000) (1024K)]
  0x000001c611a58a50 WorkerThread "G1 Conc#3"                       [id=27324, stack(0x0000009a48500000,0x0000009a48600000) (1024K)]
  0x000001c67fc48a90 ConcurrentGCThread "G1 Refine#0"               [id=16964, stack(0x0000009a45c00000,0x0000009a45d00000) (1024K)]
  0x000001c67fc4c2d0 ConcurrentGCThread "G1 Service"                [id=39436, stack(0x0000009a45d00000,0x0000009a45e00000) (1024K)]
Total: 24

Threads with active compile tasks:
Total: 0

VM state: at safepoint (normal execution)

VM Mutex/Monitor currently owned by a thread:  ([mutex/lock_event])
[0x00007ffd849c5458] Threads_lock - owner thread: 0x000001c611095df0
[0x00007ffd849c5558] Heap_lock - owner thread: 0x000001c673a36d20

Heap address: 0x00000000c0000000, size: 1024 MB, Compressed Oops mode: 32-bit

CDS archive(s) not mapped
Compressed class space mapped at: 0x0000000100000000-0x0000000140000000, reserved size: 1073741824
Narrow klass base: 0x0000000000000000, Narrow klass shift: 3, Narrow klass range: 0x140000000

GC Precious Log:
 CardTable entry size: 512
 Card Set container configuration: InlinePtr #cards 5 size 8 Array Of Cards #cards 12 size 40 Howl #buckets 4 coarsen threshold 1843 Howl Bitmap #cards 512 size 80 coarsen threshold 460 Card regions per heap region 1 cards per card region 2048
 CPUs: 20 total, 20 available
 Memory: 16055M
 Large Page Support: Disabled
 NUMA Support: Disabled
 Compressed Oops: Enabled (32-bit)
 Heap Region Size: 1M
 Heap Min Capacity: 256M
 Heap Initial Capacity: 256M
 Heap Max Capacity: 1G
 Pre-touch: Disabled
 Parallel Workers: 15
 Concurrent Workers: 4
 Concurrent Refinement Workers: 15
 Periodic GC: Disabled
 String Deduplication is enabled

Heap:
 garbage-first heap   total 643072K, used 413687K [0x00000000c0000000, 0x0000000100000000)
  region size 1024K, 3 young (3072K), 2 survivors (2048K)
 Metaspace       used 109094K, committed 111744K, reserved 1179648K
  class space    used 12464K, committed 13568K, reserved 1048576K

Heap Regions: E=young(eden), S=young(survivor), O=old, HS=humongous(starts), HC=humongous(continues), CS=collection set, F=free, TAMS=top-at-mark-start, PB=parsable bottom
|   0|0x00000000c0000000, 0x00000000c0100000, 0x00000000c0100000|100%| O|  |TAMS 0x00000000c0100000| PB 0x00000000c0100000| Updating 
|   1|0x00000000c0100000, 0x00000000c0200000, 0x00000000c0200000|100%| O|  |TAMS 0x00000000c0200000| PB 0x00000000c0200000| Untracked 
|   2|0x00000000c0200000, 0x00000000c0300000, 0x00000000c0300000|100%| O|  |TAMS 0x00000000c0300000| PB 0x00000000c0300000| Untracked 
|   3|0x00000000c0300000, 0x00000000c0400000, 0x00000000c0400000|100%|HS|  |TAMS 0x00000000c0400000| PB 0x00000000c0300000| Complete 
|   4|0x00000000c0400000, 0x00000000c0500000, 0x00000000c0500000|100%| O|  |TAMS 0x00000000c0500000| PB 0x00000000c0500000| Untracked 
|   5|0x00000000c0500000, 0x00000000c0600000, 0x00000000c0600000|100%| O|  |TAMS 0x00000000c0600000| PB 0x00000000c0600000| Updating 
|   6|0x00000000c0600000, 0x00000000c0700000, 0x00000000c0700000|100%| O|  |TAMS 0x00000000c0700000| PB 0x00000000c0700000| Untracked 
|   7|0x00000000c0700000, 0x00000000c0800000, 0x00000000c0800000|100%| O|  |TAMS 0x00000000c0800000| PB 0x00000000c0800000| Updating 
|   8|0x00000000c0800000, 0x00000000c0900000, 0x00000000c0900000|100%| O|  |TAMS 0x00000000c0900000| PB 0x00000000c0900000| Untracked 
|   9|0x00000000c0900000, 0x00000000c0a00000, 0x00000000c0a00000|100%| O|  |TAMS 0x00000000c0a00000| PB 0x00000000c0a00000| Updating 
|  10|0x00000000c0a00000, 0x00000000c0b00000, 0x00000000c0b00000|100%| O|  |TAMS 0x00000000c0b00000| PB 0x00000000c0b00000| Untracked 
|  11|0x00000000c0b00000, 0x00000000c0c00000, 0x00000000c0c00000|100%| O|  |TAMS 0x00000000c0c00000| PB 0x00000000c0c00000| Updating 
|  12|0x00000000c0c00000, 0x00000000c0d00000, 0x00000000c0d00000|100%| O|  |TAMS 0x00000000c0d00000| PB 0x00000000c0d00000| Untracked 
|  13|0x00000000c0d00000, 0x00000000c0e00000, 0x00000000c0e00000|100%| O|  |TAMS 0x00000000c0e00000| PB 0x00000000c0e00000| Untracked 
|  14|0x00000000c0e00000, 0x00000000c0f00000, 0x00000000c0f00000|100%| O|  |TAMS 0x00000000c0f00000| PB 0x00000000c0f00000| Untracked 
|  15|0x00000000c0f00000, 0x00000000c1000000, 0x00000000c1000000|100%| O|  |TAMS 0x00000000c1000000| PB 0x00000000c1000000| Untracked 
|  16|0x00000000c1000000, 0x00000000c1100000, 0x00000000c1100000|100%| O|  |TAMS 0x00000000c1100000| PB 0x00000000c1100000| Untracked 
|  17|0x00000000c1100000, 0x00000000c1200000, 0x00000000c1200000|100%| O|  |TAMS 0x00000000c1200000| PB 0x00000000c1200000| Updating 
|  18|0x00000000c1200000, 0x00000000c1300000, 0x00000000c1300000|100%| O|  |TAMS 0x00000000c1300000| PB 0x00000000c1300000| Untracked 
|  19|0x00000000c1300000, 0x00000000c1400000, 0x00000000c1400000|100%| O|  |TAMS 0x00000000c1400000| PB 0x00000000c1400000| Untracked 
|  20|0x00000000c1400000, 0x00000000c1500000, 0x00000000c1500000|100%| O|  |TAMS 0x00000000c1500000| PB 0x00000000c1500000| Untracked 
|  21|0x00000000c1500000, 0x00000000c1600000, 0x00000000c1600000|100%| O|  |TAMS 0x00000000c1600000| PB 0x00000000c1600000| Untracked 
|  22|0x00000000c1600000, 0x00000000c1700000, 0x00000000c1700000|100%| O|  |TAMS 0x00000000c1700000| PB 0x00000000c1700000| Updating 
|  23|0x00000000c1700000, 0x00000000c1800000, 0x00000000c1800000|100%| O|  |TAMS 0x00000000c1800000| PB 0x00000000c1800000| Updating 
|  24|0x00000000c1800000, 0x00000000c1900000, 0x00000000c1900000|100%| O|  |TAMS 0x00000000c1900000| PB 0x00000000c1900000| Updating 
|  25|0x00000000c1900000, 0x00000000c1a00000, 0x00000000c1a00000|100%| O|  |TAMS 0x00000000c1a00000| PB 0x00000000c1a00000| Updating 
|  26|0x00000000c1a00000, 0x00000000c1b00000, 0x00000000c1b00000|100%| O|  |TAMS 0x00000000c1b00000| PB 0x00000000c1b00000| Untracked 
|  27|0x00000000c1b00000, 0x00000000c1c00000, 0x00000000c1c00000|100%| O|  |TAMS 0x00000000c1c00000| PB 0x00000000c1c00000| Untracked 
|  28|0x00000000c1c00000, 0x00000000c1d00000, 0x00000000c1d00000|100%| O|  |TAMS 0x00000000c1d00000| PB 0x00000000c1d00000| Untracked 
|  29|0x00000000c1d00000, 0x00000000c1e00000, 0x00000000c1e00000|100%| O|  |TAMS 0x00000000c1e00000| PB 0x00000000c1e00000| Untracked 
|  30|0x00000000c1e00000, 0x00000000c1f00000, 0x00000000c1f00000|100%| O|  |TAMS 0x00000000c1f00000| PB 0x00000000c1f00000| Untracked 
|  31|0x00000000c1f00000, 0x00000000c2000000, 0x00000000c2000000|100%| O|  |TAMS 0x00000000c2000000| PB 0x00000000c2000000| Untracked 
|  32|0x00000000c2000000, 0x00000000c2100000, 0x00000000c2100000|100%| O|  |TAMS 0x00000000c2100000| PB 0x00000000c2100000| Untracked 
|  33|0x00000000c2100000, 0x00000000c2200000, 0x00000000c2200000|100%| O|  |TAMS 0x00000000c2200000| PB 0x00000000c2200000| Untracked 
|  34|0x00000000c2200000, 0x00000000c2300000, 0x00000000c2300000|100%| O|  |TAMS 0x00000000c2300000| PB 0x00000000c2300000| Untracked 
|  35|0x00000000c2300000, 0x00000000c2400000, 0x00000000c2400000|100%| O|  |TAMS 0x00000000c2400000| PB 0x00000000c2400000| Untracked 
|  36|0x00000000c2400000, 0x00000000c2500000, 0x00000000c2500000|100%| O|  |TAMS 0x00000000c2500000| PB 0x00000000c2500000| Untracked 
|  37|0x00000000c2500000, 0x00000000c2600000, 0x00000000c2600000|100%| O|  |TAMS 0x00000000c2600000| PB 0x00000000c2600000| Updating 
|  38|0x00000000c2600000, 0x00000000c2700000, 0x00000000c2700000|100%| O|  |TAMS 0x00000000c2700000| PB 0x00000000c2700000| Updating 
|  39|0x00000000c2700000, 0x00000000c2800000, 0x00000000c2800000|100%| O|  |TAMS 0x00000000c2800000| PB 0x00000000c2800000| Untracked 
|  40|0x00000000c2800000, 0x00000000c2900000, 0x00000000c2900000|100%| O|  |TAMS 0x00000000c2900000| PB 0x00000000c2900000| Updating 
|  41|0x00000000c2900000, 0x00000000c2a00000, 0x00000000c2a00000|100%| O|  |TAMS 0x00000000c2a00000| PB 0x00000000c2a00000| Untracked 
|  42|0x00000000c2a00000, 0x00000000c2b00000, 0x00000000c2b00000|100%| O|  |TAMS 0x00000000c2b00000| PB 0x00000000c2b00000| Untracked 
|  43|0x00000000c2b00000, 0x00000000c2c00000, 0x00000000c2c00000|100%| O|  |TAMS 0x00000000c2c00000| PB 0x00000000c2c00000| Untracked 
|  44|0x00000000c2c00000, 0x00000000c2d00000, 0x00000000c2d00000|100%| O|  |TAMS 0x00000000c2d00000| PB 0x00000000c2d00000| Untracked 
|  45|0x00000000c2d00000, 0x00000000c2e00000, 0x00000000c2e00000|100%| O|  |TAMS 0x00000000c2e00000| PB 0x00000000c2e00000| Untracked 
|  46|0x00000000c2e00000, 0x00000000c2f00000, 0x00000000c2f00000|100%| O|  |TAMS 0x00000000c2f00000| PB 0x00000000c2f00000| Untracked 
|  47|0x00000000c2f00000, 0x00000000c3000000, 0x00000000c3000000|100%| O|  |TAMS 0x00000000c3000000| PB 0x00000000c3000000| Updating 
|  48|0x00000000c3000000, 0x00000000c3100000, 0x00000000c3100000|100%| O|  |TAMS 0x00000000c3100000| PB 0x00000000c3100000| Updating 
|  49|0x00000000c3100000, 0x00000000c3200000, 0x00000000c3200000|100%| O|  |TAMS 0x00000000c3200000| PB 0x00000000c3200000| Untracked 
|  50|0x00000000c3200000, 0x00000000c3300000, 0x00000000c3300000|100%| O|  |TAMS 0x00000000c3300000| PB 0x00000000c3300000| Updating 
|  51|0x00000000c3300000, 0x00000000c3400000, 0x00000000c3400000|100%| O|  |TAMS 0x00000000c3400000| PB 0x00000000c3400000| Untracked 
|  52|0x00000000c3400000, 0x00000000c3500000, 0x00000000c3500000|100%| O|  |TAMS 0x00000000c3500000| PB 0x00000000c3500000| Updating 
|  53|0x00000000c3500000, 0x00000000c3600000, 0x00000000c3600000|100%|HS|  |TAMS 0x00000000c3600000| PB 0x00000000c3500000| Complete 
|  54|0x00000000c3600000, 0x00000000c3700000, 0x00000000c3700000|100%| O|  |TAMS 0x00000000c3700000| PB 0x00000000c3700000| Untracked 
|  55|0x00000000c3700000, 0x00000000c3800000, 0x00000000c3800000|100%| O|  |TAMS 0x00000000c3800000| PB 0x00000000c3800000| Updating 
|  56|0x00000000c3800000, 0x00000000c3900000, 0x00000000c3900000|100%| O|  |TAMS 0x00000000c3900000| PB 0x00000000c3900000| Untracked 
|  57|0x00000000c3900000, 0x00000000c3a00000, 0x00000000c3a00000|100%| O|  |TAMS 0x00000000c3a00000| PB 0x00000000c3a00000| Untracked 
|  58|0x00000000c3a00000, 0x00000000c3b00000, 0x00000000c3b00000|100%| O|  |TAMS 0x00000000c3b00000| PB 0x00000000c3b00000| Updating 
|  59|0x00000000c3b00000, 0x00000000c3c00000, 0x00000000c3c00000|100%|HS|  |TAMS 0x00000000c3c00000| PB 0x00000000c3b00000| Complete 
|  60|0x00000000c3c00000, 0x00000000c3d00000, 0x00000000c3d00000|100%|HS|  |TAMS 0x00000000c3d00000| PB 0x00000000c3c00000| Complete 
|  61|0x00000000c3d00000, 0x00000000c3e00000, 0x00000000c3e00000|100%|HS|  |TAMS 0x00000000c3e00000| PB 0x00000000c3d00000| Complete 
|  62|0x00000000c3e00000, 0x00000000c3f00000, 0x00000000c3f00000|100%| O|  |TAMS 0x00000000c3f00000| PB 0x00000000c3f00000| Updating 
|  63|0x00000000c3f00000, 0x00000000c4000000, 0x00000000c4000000|100%| O|  |TAMS 0x00000000c4000000| PB 0x00000000c4000000| Updating 
|  64|0x00000000c4000000, 0x00000000c4100000, 0x00000000c4100000|100%| O|  |TAMS 0x00000000c4100000| PB 0x00000000c4100000| Updating 
|  65|0x00000000c4100000, 0x00000000c4200000, 0x00000000c4200000|100%| O|  |TAMS 0x00000000c4200000| PB 0x00000000c4200000| Updating 
|  66|0x00000000c4200000, 0x00000000c4300000, 0x00000000c4300000|100%| O|  |TAMS 0x00000000c4300000| PB 0x00000000c4300000| Untracked 
|  67|0x00000000c4300000, 0x00000000c4400000, 0x00000000c4400000|100%| O|  |TAMS 0x00000000c4400000| PB 0x00000000c4400000| Untracked 
|  68|0x00000000c4400000, 0x00000000c4500000, 0x00000000c4500000|100%| O|  |TAMS 0x00000000c4500000| PB 0x00000000c4500000| Untracked 
|  69|0x00000000c4500000, 0x00000000c4600000, 0x00000000c4600000|100%| O|  |TAMS 0x00000000c4600000| PB 0x00000000c4600000| Untracked 
|  70|0x00000000c4600000, 0x00000000c4700000, 0x00000000c4700000|100%| O|  |TAMS 0x00000000c4700000| PB 0x00000000c4700000| Updating 
|  71|0x00000000c4700000, 0x00000000c4800000, 0x00000000c4800000|100%| O|  |TAMS 0x00000000c4800000| PB 0x00000000c4800000| Updating 
|  72|0x00000000c4800000, 0x00000000c4900000, 0x00000000c4900000|100%| O|  |TAMS 0x00000000c4900000| PB 0x00000000c4900000| Untracked 
|  73|0x00000000c4900000, 0x00000000c4a00000, 0x00000000c4a00000|100%| O|  |TAMS 0x00000000c4a00000| PB 0x00000000c4a00000| Untracked 
|  74|0x00000000c4a00000, 0x00000000c4b00000, 0x00000000c4b00000|100%| O|  |TAMS 0x00000000c4b00000| PB 0x00000000c4b00000| Untracked 
|  75|0x00000000c4b00000, 0x00000000c4c00000, 0x00000000c4c00000|100%|HS|  |TAMS 0x00000000c4c00000| PB 0x00000000c4b00000| Complete 
|  76|0x00000000c4c00000, 0x00000000c4d00000, 0x00000000c4d00000|100%| O|  |TAMS 0x00000000c4d00000| PB 0x00000000c4d00000| Untracked 
|  77|0x00000000c4d00000, 0x00000000c4e00000, 0x00000000c4e00000|100%| O|  |TAMS 0x00000000c4e00000| PB 0x00000000c4e00000| Untracked 
|  78|0x00000000c4e00000, 0x00000000c4f00000, 0x00000000c4f00000|100%| O|  |TAMS 0x00000000c4f00000| PB 0x00000000c4f00000| Untracked 
|  79|0x00000000c4f00000, 0x00000000c5000000, 0x00000000c5000000|100%| O|  |TAMS 0x00000000c5000000| PB 0x00000000c5000000| Untracked 
|  80|0x00000000c5000000, 0x00000000c5100000, 0x00000000c5100000|100%| O|  |TAMS 0x00000000c5100000| PB 0x00000000c5100000| Untracked 
|  81|0x00000000c5100000, 0x00000000c5200000, 0x00000000c5200000|100%| O|  |TAMS 0x00000000c5200000| PB 0x00000000c5200000| Untracked 
|  82|0x00000000c5200000, 0x00000000c5300000, 0x00000000c5300000|100%| O|  |TAMS 0x00000000c5300000| PB 0x00000000c5300000| Untracked 
|  83|0x00000000c5300000, 0x00000000c5400000, 0x00000000c5400000|100%| O|  |TAMS 0x00000000c5400000| PB 0x00000000c5400000| Untracked 
|  84|0x00000000c5400000, 0x00000000c5500000, 0x00000000c5500000|100%| O|  |TAMS 0x00000000c5500000| PB 0x00000000c5500000| Updating 
|  85|0x00000000c5500000, 0x00000000c5600000, 0x00000000c5600000|100%|HS|  |TAMS 0x00000000c5600000| PB 0x00000000c5500000| Complete 
|  86|0x00000000c5600000, 0x00000000c5700000, 0x00000000c5700000|100%|HS|  |TAMS 0x00000000c5700000| PB 0x00000000c5600000| Complete 
|  87|0x00000000c5700000, 0x00000000c5800000, 0x00000000c5800000|100%|HS|  |TAMS 0x00000000c5800000| PB 0x00000000c5700000| Complete 
|  88|0x00000000c5800000, 0x00000000c5900000, 0x00000000c5900000|100%|HS|  |TAMS 0x00000000c5900000| PB 0x00000000c5800000| Complete 
|  89|0x00000000c5900000, 0x00000000c5a00000, 0x00000000c5a00000|100%| O|  |TAMS 0x00000000c5a00000| PB 0x00000000c5a00000| Updating 
|  90|0x00000000c5a00000, 0x00000000c5b00000, 0x00000000c5b00000|100%| O|  |TAMS 0x00000000c5b00000| PB 0x00000000c5b00000| Untracked 
|  91|0x00000000c5b00000, 0x00000000c5c00000, 0x00000000c5c00000|100%| O|  |TAMS 0x00000000c5c00000| PB 0x00000000c5c00000| Untracked 
|  92|0x00000000c5c00000, 0x00000000c5d00000, 0x00000000c5d00000|100%|HS|  |TAMS 0x00000000c5d00000| PB 0x00000000c5c00000| Complete 
|  93|0x00000000c5d00000, 0x00000000c5e00000, 0x00000000c5e00000|100%|HS|  |TAMS 0x00000000c5e00000| PB 0x00000000c5d00000| Complete 
|  94|0x00000000c5e00000, 0x00000000c5f00000, 0x00000000c5f00000|100%|HS|  |TAMS 0x00000000c5f00000| PB 0x00000000c5e00000| Complete 
|  95|0x00000000c5f00000, 0x00000000c6000000, 0x00000000c6000000|100%|HS|  |TAMS 0x00000000c6000000| PB 0x00000000c5f00000| Complete 
|  96|0x00000000c6000000, 0x00000000c6100000, 0x00000000c6100000|100%| O|  |TAMS 0x00000000c6100000| PB 0x00000000c6100000| Untracked 
|  97|0x00000000c6100000, 0x00000000c6200000, 0x00000000c6200000|100%| O|  |TAMS 0x00000000c6200000| PB 0x00000000c6200000| Untracked 
|  98|0x00000000c6200000, 0x00000000c6300000, 0x00000000c6300000|100%|HS|  |TAMS 0x00000000c6300000| PB 0x00000000c6200000| Complete 
|  99|0x00000000c6300000, 0x00000000c6400000, 0x00000000c6400000|100%| O|  |TAMS 0x00000000c6400000| PB 0x00000000c6400000| Untracked 
| 100|0x00000000c6400000, 0x00000000c6500000, 0x00000000c6500000|100%| O|  |TAMS 0x00000000c6500000| PB 0x00000000c6500000| Untracked 
| 101|0x00000000c6500000, 0x00000000c6600000, 0x00000000c6600000|100%|HS|  |TAMS 0x00000000c6600000| PB 0x00000000c6500000| Complete 
| 102|0x00000000c6600000, 0x00000000c6700000, 0x00000000c6700000|100%|HS|  |TAMS 0x00000000c6700000| PB 0x00000000c6600000| Complete 
| 103|0x00000000c6700000, 0x00000000c6800000, 0x00000000c6800000|100%| O|  |TAMS 0x00000000c6800000| PB 0x00000000c6800000| Untracked 
| 104|0x00000000c6800000, 0x00000000c6900000, 0x00000000c6900000|100%| O|  |TAMS 0x00000000c6900000| PB 0x00000000c6900000| Untracked 
| 105|0x00000000c6900000, 0x00000000c6a00000, 0x00000000c6a00000|100%|HS|  |TAMS 0x00000000c6a00000| PB 0x00000000c6900000| Complete 
| 106|0x00000000c6a00000, 0x00000000c6b00000, 0x00000000c6b00000|100%|HS|  |TAMS 0x00000000c6b00000| PB 0x00000000c6a00000| Complete 
| 107|0x00000000c6b00000, 0x00000000c6c00000, 0x00000000c6c00000|100%| O|  |TAMS 0x00000000c6c00000| PB 0x00000000c6c00000| Untracked 
| 108|0x00000000c6c00000, 0x00000000c6d00000, 0x00000000c6d00000|100%|HS|  |TAMS 0x00000000c6d00000| PB 0x00000000c6c00000| Complete 
| 109|0x00000000c6d00000, 0x00000000c6e00000, 0x00000000c6e00000|100%|HS|  |TAMS 0x00000000c6e00000| PB 0x00000000c6d00000| Complete 
| 110|0x00000000c6e00000, 0x00000000c6f00000, 0x00000000c6f00000|100%| O|  |TAMS 0x00000000c6f00000| PB 0x00000000c6f00000| Untracked 
| 111|0x00000000c6f00000, 0x00000000c7000000, 0x00000000c7000000|100%|HS|  |TAMS 0x00000000c7000000| PB 0x00000000c6f00000| Complete 
| 112|0x00000000c7000000, 0x00000000c7100000, 0x00000000c7100000|100%| O|  |TAMS 0x00000000c7100000| PB 0x00000000c7100000| Untracked 
| 113|0x00000000c7100000, 0x00000000c7200000, 0x00000000c7200000|100%|HS|  |TAMS 0x00000000c7200000| PB 0x00000000c7100000| Complete 
| 114|0x00000000c7200000, 0x00000000c7300000, 0x00000000c7300000|100%| O|  |TAMS 0x00000000c7300000| PB 0x00000000c7300000| Untracked 
| 115|0x00000000c7300000, 0x00000000c7400000, 0x00000000c7400000|100%|HS|  |TAMS 0x00000000c7400000| PB 0x00000000c7300000| Complete 
| 116|0x00000000c7400000, 0x00000000c7500000, 0x00000000c7500000|100%| O|  |TAMS 0x00000000c7500000| PB 0x00000000c7500000| Untracked 
| 117|0x00000000c7500000, 0x00000000c7600000, 0x00000000c7600000|100%| O|  |TAMS 0x00000000c7600000| PB 0x00000000c7600000| Updating 
| 118|0x00000000c7600000, 0x00000000c7700000, 0x00000000c7700000|100%| O|  |TAMS 0x00000000c7700000| PB 0x00000000c7700000| Updating 
| 119|0x00000000c7700000, 0x00000000c7800000, 0x00000000c7800000|100%| O|  |TAMS 0x00000000c7800000| PB 0x00000000c7800000| Updating 
| 120|0x00000000c7800000, 0x00000000c7900000, 0x00000000c7900000|100%| O|  |TAMS 0x00000000c7900000| PB 0x00000000c7900000| Untracked 
| 121|0x00000000c7900000, 0x00000000c7a00000, 0x00000000c7a00000|100%|HS|  |TAMS 0x00000000c7a00000| PB 0x00000000c7900000| Complete 
| 122|0x00000000c7a00000, 0x00000000c7b00000, 0x00000000c7b00000|100%| O|  |TAMS 0x00000000c7b00000| PB 0x00000000c7b00000| Untracked 
| 123|0x00000000c7b00000, 0x00000000c7c00000, 0x00000000c7c00000|100%| O|  |TAMS 0x00000000c7c00000| PB 0x00000000c7c00000| Updating 
| 124|0x00000000c7c00000, 0x00000000c7d00000, 0x00000000c7d00000|100%| O|  |TAMS 0x00000000c7d00000| PB 0x00000000c7d00000| Untracked 
| 125|0x00000000c7d00000, 0x00000000c7e00000, 0x00000000c7e00000|100%|HS|  |TAMS 0x00000000c7e00000| PB 0x00000000c7d00000| Complete 
| 126|0x00000000c7e00000, 0x00000000c7f00000, 0x00000000c7f00000|100%| O|  |TAMS 0x00000000c7f00000| PB 0x00000000c7f00000| Untracked 
| 127|0x00000000c7f00000, 0x00000000c8000000, 0x00000000c8000000|100%| O|  |TAMS 0x00000000c8000000| PB 0x00000000c8000000| Untracked 
| 128|0x00000000c8000000, 0x00000000c8100000, 0x00000000c8100000|100%| O|  |TAMS 0x00000000c8100000| PB 0x00000000c8100000| Untracked 
| 129|0x00000000c8100000, 0x00000000c8200000, 0x00000000c8200000|100%| O|  |TAMS 0x00000000c8200000| PB 0x00000000c8200000| Untracked 
| 130|0x00000000c8200000, 0x00000000c8300000, 0x00000000c8300000|100%| O|  |TAMS 0x00000000c8300000| PB 0x00000000c8300000| Untracked 
| 131|0x00000000c8300000, 0x00000000c8400000, 0x00000000c8400000|100%| O|  |TAMS 0x00000000c8400000| PB 0x00000000c8400000| Untracked 
| 132|0x00000000c8400000, 0x00000000c8500000, 0x00000000c8500000|100%| O|  |TAMS 0x00000000c8500000| PB 0x00000000c8500000| Untracked 
| 133|0x00000000c8500000, 0x00000000c8600000, 0x00000000c8600000|100%| O|  |TAMS 0x00000000c8600000| PB 0x00000000c8600000| Untracked 
| 134|0x00000000c8600000, 0x00000000c8700000, 0x00000000c8700000|100%| O|  |TAMS 0x00000000c8700000| PB 0x00000000c8700000| Updating 
| 135|0x00000000c8700000, 0x00000000c8800000, 0x00000000c8800000|100%| O|  |TAMS 0x00000000c8800000| PB 0x00000000c8800000| Updating 
| 136|0x00000000c8800000, 0x00000000c8900000, 0x00000000c8900000|100%| O|  |TAMS 0x00000000c8900000| PB 0x00000000c8900000| Updating 
| 137|0x00000000c8900000, 0x00000000c8a00000, 0x00000000c8a00000|100%| O|  |TAMS 0x00000000c8a00000| PB 0x00000000c8a00000| Untracked 
| 138|0x00000000c8a00000, 0x00000000c8b00000, 0x00000000c8b00000|100%| O|  |TAMS 0x00000000c8b00000| PB 0x00000000c8b00000| Untracked 
| 139|0x00000000c8b00000, 0x00000000c8c00000, 0x00000000c8c00000|100%| O|  |TAMS 0x00000000c8c00000| PB 0x00000000c8c00000| Untracked 
| 140|0x00000000c8c00000, 0x00000000c8d00000, 0x00000000c8d00000|100%| O|  |TAMS 0x00000000c8d00000| PB 0x00000000c8d00000| Untracked 
| 141|0x00000000c8d00000, 0x00000000c8e00000, 0x00000000c8e00000|100%| O|  |TAMS 0x00000000c8e00000| PB 0x00000000c8e00000| Untracked 
| 142|0x00000000c8e00000, 0x00000000c8f00000, 0x00000000c8f00000|100%|HS|  |TAMS 0x00000000c8f00000| PB 0x00000000c8e00000| Complete 
| 143|0x00000000c8f00000, 0x00000000c9000000, 0x00000000c9000000|100%|HS|  |TAMS 0x00000000c9000000| PB 0x00000000c8f00000| Complete 
| 144|0x00000000c9000000, 0x00000000c9100000, 0x00000000c9100000|100%| O|  |TAMS 0x00000000c9100000| PB 0x00000000c9100000| Untracked 
| 145|0x00000000c9100000, 0x00000000c9200000, 0x00000000c9200000|100%| O|  |TAMS 0x00000000c9200000| PB 0x00000000c9200000| Untracked 
| 146|0x00000000c9200000, 0x00000000c9300000, 0x00000000c9300000|100%|HS|  |TAMS 0x00000000c9300000| PB 0x00000000c9200000| Complete 
| 147|0x00000000c9300000, 0x00000000c9400000, 0x00000000c9400000|100%| O|  |TAMS 0x00000000c9400000| PB 0x00000000c9400000| Updating 
| 148|0x00000000c9400000, 0x00000000c9500000, 0x00000000c9500000|100%| O|  |TAMS 0x00000000c9500000| PB 0x00000000c9500000| Updating 
| 149|0x00000000c9500000, 0x00000000c9600000, 0x00000000c9600000|100%| O|  |TAMS 0x00000000c9600000| PB 0x00000000c9600000| Untracked 
| 150|0x00000000c9600000, 0x00000000c9700000, 0x00000000c9700000|100%| O|  |TAMS 0x00000000c9700000| PB 0x00000000c9700000| Untracked 
| 151|0x00000000c9700000, 0x00000000c9800000, 0x00000000c9800000|100%| O|  |TAMS 0x00000000c9800000| PB 0x00000000c9800000| Untracked 
| 152|0x00000000c9800000, 0x00000000c9900000, 0x00000000c9900000|100%| O|  |TAMS 0x00000000c9900000| PB 0x00000000c9900000| Untracked 
| 153|0x00000000c9900000, 0x00000000c9a00000, 0x00000000c9a00000|100%| O|  |TAMS 0x00000000c9a00000| PB 0x00000000c9a00000| Untracked 
| 154|0x00000000c9a00000, 0x00000000c9b00000, 0x00000000c9b00000|100%| O|  |TAMS 0x00000000c9b00000| PB 0x00000000c9b00000| Untracked 
| 155|0x00000000c9b00000, 0x00000000c9c00000, 0x00000000c9c00000|100%| O|  |TAMS 0x00000000c9c00000| PB 0x00000000c9c00000| Untracked 
| 156|0x00000000c9c00000, 0x00000000c9d00000, 0x00000000c9d00000|100%| O|  |TAMS 0x00000000c9d00000| PB 0x00000000c9d00000| Untracked 
| 157|0x00000000c9d00000, 0x00000000c9e00000, 0x00000000c9e00000|100%| O|  |TAMS 0x00000000c9e00000| PB 0x00000000c9e00000| Untracked 
| 158|0x00000000c9e00000, 0x00000000c9f00000, 0x00000000c9f00000|100%| O|  |TAMS 0x00000000c9f00000| PB 0x00000000c9f00000| Untracked 
| 159|0x00000000c9f00000, 0x00000000ca000000, 0x00000000ca000000|100%| O|  |TAMS 0x00000000ca000000| PB 0x00000000ca000000| Untracked 
| 160|0x00000000ca000000, 0x00000000ca100000, 0x00000000ca100000|100%| O|  |TAMS 0x00000000ca100000| PB 0x00000000ca100000| Untracked 
| 161|0x00000000ca100000, 0x00000000ca200000, 0x00000000ca200000|100%| O|  |TAMS 0x00000000ca200000| PB 0x00000000ca200000| Untracked 
| 162|0x00000000ca200000, 0x00000000ca300000, 0x00000000ca300000|100%|HS|  |TAMS 0x00000000ca300000| PB 0x00000000ca200000| Complete 
| 163|0x00000000ca300000, 0x00000000ca400000, 0x00000000ca400000|100%| O|  |TAMS 0x00000000ca400000| PB 0x00000000ca400000| Untracked 
| 164|0x00000000ca400000, 0x00000000ca500000, 0x00000000ca500000|100%| O|  |TAMS 0x00000000ca500000| PB 0x00000000ca500000| Untracked 
| 165|0x00000000ca500000, 0x00000000ca600000, 0x00000000ca600000|100%| O|  |TAMS 0x00000000ca600000| PB 0x00000000ca600000| Untracked 
| 166|0x00000000ca600000, 0x00000000ca700000, 0x00000000ca700000|100%| O|  |TAMS 0x00000000ca700000| PB 0x00000000ca700000| Updating 
| 167|0x00000000ca700000, 0x00000000ca800000, 0x00000000ca800000|100%| O|  |TAMS 0x00000000ca800000| PB 0x00000000ca800000| Untracked 
| 168|0x00000000ca800000, 0x00000000ca900000, 0x00000000ca900000|100%| O|  |TAMS 0x00000000ca900000| PB 0x00000000ca900000| Updating 
| 169|0x00000000ca900000, 0x00000000caa00000, 0x00000000caa00000|100%| O|  |TAMS 0x00000000ca900000| PB 0x00000000ca900000| Untracked 
| 170|0x00000000caa00000, 0x00000000cab00000, 0x00000000cab00000|100%| O|  |TAMS 0x00000000cab00000| PB 0x00000000cab00000| Untracked 
| 171|0x00000000cab00000, 0x00000000cac00000, 0x00000000cac00000|100%| O|  |TAMS 0x00000000cac00000| PB 0x00000000cac00000| Untracked 
| 172|0x00000000cac00000, 0x00000000cad00000, 0x00000000cad00000|100%| O|  |TAMS 0x00000000cad00000| PB 0x00000000cad00000| Untracked 
| 173|0x00000000cad00000, 0x00000000cae00000, 0x00000000cae00000|100%| O|  |TAMS 0x00000000cae00000| PB 0x00000000cae00000| Untracked 
| 174|0x00000000cae00000, 0x00000000caf00000, 0x00000000caf00000|100%| O|  |TAMS 0x00000000caf00000| PB 0x00000000caf00000| Untracked 
| 175|0x00000000caf00000, 0x00000000cb000000, 0x00000000cb000000|100%| O|  |TAMS 0x00000000cb000000| PB 0x00000000cb000000| Untracked 
| 176|0x00000000cb000000, 0x00000000cb100000, 0x00000000cb100000|100%| O|  |TAMS 0x00000000cb100000| PB 0x00000000cb100000| Untracked 
| 177|0x00000000cb100000, 0x00000000cb200000, 0x00000000cb200000|100%|HS|  |TAMS 0x00000000cb200000| PB 0x00000000cb100000| Complete 
| 178|0x00000000cb200000, 0x00000000cb300000, 0x00000000cb300000|100%| O|  |TAMS 0x00000000cb300000| PB 0x00000000cb300000| Untracked 
| 179|0x00000000cb300000, 0x00000000cb400000, 0x00000000cb400000|100%|HS|  |TAMS 0x00000000cb400000| PB 0x00000000cb300000| Complete 
| 180|0x00000000cb400000, 0x00000000cb500000, 0x00000000cb500000|100%| O|  |TAMS 0x00000000cb500000| PB 0x00000000cb500000| Untracked 
| 181|0x00000000cb500000, 0x00000000cb600000, 0x00000000cb600000|100%| O|  |TAMS 0x00000000cb600000| PB 0x00000000cb600000| Untracked 
| 182|0x00000000cb600000, 0x00000000cb700000, 0x00000000cb700000|100%|HS|  |TAMS 0x00000000cb700000| PB 0x00000000cb600000| Complete 
| 183|0x00000000cb700000, 0x00000000cb800000, 0x00000000cb800000|100%| O|  |TAMS 0x00000000cb800000| PB 0x00000000cb800000| Untracked 
| 184|0x00000000cb800000, 0x00000000cb900000, 0x00000000cb900000|100%| O|  |TAMS 0x00000000cb900000| PB 0x00000000cb900000| Untracked 
| 185|0x00000000cb900000, 0x00000000cba00000, 0x00000000cba00000|100%| O|  |TAMS 0x00000000cba00000| PB 0x00000000cba00000| Untracked 
| 186|0x00000000cba00000, 0x00000000cbb00000, 0x00000000cbb00000|100%|HS|  |TAMS 0x00000000cbb00000| PB 0x00000000cba00000| Complete 
| 187|0x00000000cbb00000, 0x00000000cbc00000, 0x00000000cbc00000|100%| O|  |TAMS 0x00000000cbc00000| PB 0x00000000cbc00000| Untracked 
| 188|0x00000000cbc00000, 0x00000000cbd00000, 0x00000000cbd00000|100%| O|  |TAMS 0x00000000cbd00000| PB 0x00000000cbd00000| Untracked 
| 189|0x00000000cbd00000, 0x00000000cbe00000, 0x00000000cbe00000|100%| O|  |TAMS 0x00000000cbe00000| PB 0x00000000cbe00000| Untracked 
| 190|0x00000000cbe00000, 0x00000000cbf00000, 0x00000000cbf00000|100%|HS|  |TAMS 0x00000000cbf00000| PB 0x00000000cbe00000| Complete 
| 191|0x00000000cbf00000, 0x00000000cc000000, 0x00000000cc000000|100%| O|  |TAMS 0x00000000cc000000| PB 0x00000000cc000000| Updating 
| 192|0x00000000cc000000, 0x00000000cc100000, 0x00000000cc100000|100%| O|  |TAMS 0x00000000cc100000| PB 0x00000000cc100000| Untracked 
| 193|0x00000000cc100000, 0x00000000cc200000, 0x00000000cc200000|100%| O|  |TAMS 0x00000000cc200000| PB 0x00000000cc200000| Untracked 
| 194|0x00000000cc200000, 0x00000000cc300000, 0x00000000cc300000|100%| O|  |TAMS 0x00000000cc300000| PB 0x00000000cc300000| Untracked 
| 195|0x00000000cc300000, 0x00000000cc400000, 0x00000000cc400000|100%| O|  |TAMS 0x00000000cc400000| PB 0x00000000cc400000| Untracked 
| 196|0x00000000cc400000, 0x00000000cc500000, 0x00000000cc500000|100%| O|  |TAMS 0x00000000cc500000| PB 0x00000000cc500000| Untracked 
| 197|0x00000000cc500000, 0x00000000cc600000, 0x00000000cc600000|100%| O|  |TAMS 0x00000000cc600000| PB 0x00000000cc600000| Untracked 
| 198|0x00000000cc600000, 0x00000000cc700000, 0x00000000cc700000|100%| O|  |TAMS 0x00000000cc700000| PB 0x00000000cc700000| Untracked 
| 199|0x00000000cc700000, 0x00000000cc800000, 0x00000000cc800000|100%| O|  |TAMS 0x00000000cc800000| PB 0x00000000cc800000| Untracked 
| 200|0x00000000cc800000, 0x00000000cc900000, 0x00000000cc900000|100%| O|  |TAMS 0x00000000cc900000| PB 0x00000000cc900000| Untracked 
| 201|0x00000000cc900000, 0x00000000cca00000, 0x00000000cca00000|100%|HS|  |TAMS 0x00000000cca00000| PB 0x00000000cc900000| Complete 
| 202|0x00000000cca00000, 0x00000000ccb00000, 0x00000000ccb00000|100%| O|  |TAMS 0x00000000ccb00000| PB 0x00000000ccb00000| Untracked 
| 203|0x00000000ccb00000, 0x00000000ccc00000, 0x00000000ccc00000|100%| O|  |TAMS 0x00000000ccc00000| PB 0x00000000ccc00000| Untracked 
| 204|0x00000000ccc00000, 0x00000000ccd00000, 0x00000000ccd00000|100%|HS|  |TAMS 0x00000000ccd00000| PB 0x00000000ccc00000| Complete 
| 205|0x00000000ccd00000, 0x00000000cce00000, 0x00000000cce00000|100%| O|  |TAMS 0x00000000cce00000| PB 0x00000000cce00000| Untracked 
| 206|0x00000000cce00000, 0x00000000ccf00000, 0x00000000ccf00000|100%| O|  |TAMS 0x00000000ccf00000| PB 0x00000000ccf00000| Untracked 
| 207|0x00000000ccf00000, 0x00000000cd000000, 0x00000000cd000000|100%| O|  |TAMS 0x00000000cd000000| PB 0x00000000cd000000| Untracked 
| 208|0x00000000cd000000, 0x00000000cd100000, 0x00000000cd100000|100%| O|  |TAMS 0x00000000cd100000| PB 0x00000000cd100000| Untracked 
| 209|0x00000000cd100000, 0x00000000cd200000, 0x00000000cd200000|100%| O|  |TAMS 0x00000000cd200000| PB 0x00000000cd200000| Untracked 
| 210|0x00000000cd200000, 0x00000000cd300000, 0x00000000cd300000|100%| O|  |TAMS 0x00000000cd300000| PB 0x00000000cd300000| Untracked 
| 211|0x00000000cd300000, 0x00000000cd400000, 0x00000000cd400000|100%| O|  |TAMS 0x00000000cd400000| PB 0x00000000cd400000| Updating 
| 212|0x00000000cd400000, 0x00000000cd500000, 0x00000000cd500000|100%| O|  |TAMS 0x00000000cd500000| PB 0x00000000cd500000| Untracked 
| 213|0x00000000cd500000, 0x00000000cd600000, 0x00000000cd600000|100%| O|  |TAMS 0x00000000cd600000| PB 0x00000000cd600000| Untracked 
| 214|0x00000000cd600000, 0x00000000cd700000, 0x00000000cd700000|100%| O|  |TAMS 0x00000000cd700000| PB 0x00000000cd700000| Untracked 
| 215|0x00000000cd700000, 0x00000000cd800000, 0x00000000cd800000|100%| O|  |TAMS 0x00000000cd800000| PB 0x00000000cd800000| Untracked 
| 216|0x00000000cd800000, 0x00000000cd900000, 0x00000000cd900000|100%| O|  |TAMS 0x00000000cd900000| PB 0x00000000cd900000| Untracked 
| 217|0x00000000cd900000, 0x00000000cda00000, 0x00000000cda00000|100%| O|  |TAMS 0x00000000cda00000| PB 0x00000000cda00000| Untracked 
| 218|0x00000000cda00000, 0x00000000cdb00000, 0x00000000cdb00000|100%| O|  |TAMS 0x00000000cdb00000| PB 0x00000000cdb00000| Untracked 
| 219|0x00000000cdb00000, 0x00000000cdc00000, 0x00000000cdc00000|100%| O|  |TAMS 0x00000000cdc00000| PB 0x00000000cdc00000| Untracked 
| 220|0x00000000cdc00000, 0x00000000cdd00000, 0x00000000cdd00000|100%| O|  |TAMS 0x00000000cdd00000| PB 0x00000000cdd00000| Untracked 
| 221|0x00000000cdd00000, 0x00000000cde00000, 0x00000000cde00000|100%| O|  |TAMS 0x00000000cde00000| PB 0x00000000cde00000| Updating 
| 222|0x00000000cde00000, 0x00000000cdf00000, 0x00000000cdf00000|100%| O|  |TAMS 0x00000000cdf00000| PB 0x00000000cdf00000| Untracked 
| 223|0x00000000cdf00000, 0x00000000ce000000, 0x00000000ce000000|100%| O|  |TAMS 0x00000000ce000000| PB 0x00000000ce000000| Untracked 
| 224|0x00000000ce000000, 0x00000000ce100000, 0x00000000ce100000|100%| O|  |TAMS 0x00000000ce100000| PB 0x00000000ce100000| Untracked 
| 225|0x00000000ce100000, 0x00000000ce200000, 0x00000000ce200000|100%| O|  |TAMS 0x00000000ce200000| PB 0x00000000ce200000| Untracked 
| 226|0x00000000ce200000, 0x00000000ce300000, 0x00000000ce300000|100%| O|  |TAMS 0x00000000ce300000| PB 0x00000000ce300000| Untracked 
| 227|0x00000000ce300000, 0x00000000ce400000, 0x00000000ce400000|100%| O|  |TAMS 0x00000000ce400000| PB 0x00000000ce400000| Untracked 
| 228|0x00000000ce400000, 0x00000000ce500000, 0x00000000ce500000|100%| O|  |TAMS 0x00000000ce500000| PB 0x00000000ce500000| Untracked 
| 229|0x00000000ce500000, 0x00000000ce600000, 0x00000000ce600000|100%| O|  |TAMS 0x00000000ce600000| PB 0x00000000ce600000| Untracked 
| 230|0x00000000ce600000, 0x00000000ce700000, 0x00000000ce700000|100%| O|  |TAMS 0x00000000ce700000| PB 0x00000000ce700000| Untracked 
| 231|0x00000000ce700000, 0x00000000ce800000, 0x00000000ce800000|100%| O|  |TAMS 0x00000000ce800000| PB 0x00000000ce800000| Untracked 
| 232|0x00000000ce800000, 0x00000000ce900000, 0x00000000ce900000|100%| O|  |TAMS 0x00000000ce900000| PB 0x00000000ce900000| Untracked 
| 233|0x00000000ce900000, 0x00000000cea00000, 0x00000000cea00000|100%| O|  |TAMS 0x00000000cea00000| PB 0x00000000cea00000| Untracked 
| 234|0x00000000cea00000, 0x00000000ceb00000, 0x00000000ceb00000|100%|HS|  |TAMS 0x00000000ceb00000| PB 0x00000000cea00000| Complete 
| 235|0x00000000ceb00000, 0x00000000cec00000, 0x00000000cec00000|100%|HS|  |TAMS 0x00000000cec00000| PB 0x00000000ceb00000| Complete 
| 236|0x00000000cec00000, 0x00000000ced00000, 0x00000000ced00000|100%| O|  |TAMS 0x00000000ced00000| PB 0x00000000ced00000| Untracked 
| 237|0x00000000ced00000, 0x00000000cee00000, 0x00000000cee00000|100%| O|  |TAMS 0x00000000cee00000| PB 0x00000000cee00000| Untracked 
| 238|0x00000000cee00000, 0x00000000cef00000, 0x00000000cef00000|100%|HS|  |TAMS 0x00000000cef00000| PB 0x00000000cee00000| Complete 
| 239|0x00000000cef00000, 0x00000000cf000000, 0x00000000cf000000|100%| O|  |TAMS 0x00000000cf000000| PB 0x00000000cf000000| Untracked 
| 240|0x00000000cf000000, 0x00000000cf100000, 0x00000000cf100000|100%| O|  |TAMS 0x00000000cf100000| PB 0x00000000cf100000| Untracked 
| 241|0x00000000cf100000, 0x00000000cf200000, 0x00000000cf200000|100%|HS|  |TAMS 0x00000000cf200000| PB 0x00000000cf100000| Complete 
| 242|0x00000000cf200000, 0x00000000cf300000, 0x00000000cf300000|100%| O|  |TAMS 0x00000000cf300000| PB 0x00000000cf300000| Untracked 
| 243|0x00000000cf300000, 0x00000000cf400000, 0x00000000cf400000|100%| O|  |TAMS 0x00000000cf400000| PB 0x00000000cf400000| Untracked 
| 244|0x00000000cf400000, 0x00000000cf500000, 0x00000000cf500000|100%| O|  |TAMS 0x00000000cf500000| PB 0x00000000cf500000| Untracked 
| 245|0x00000000cf500000, 0x00000000cf600000, 0x00000000cf600000|100%| O|  |TAMS 0x00000000cf600000| PB 0x00000000cf600000| Untracked 
| 246|0x00000000cf600000, 0x00000000cf700000, 0x00000000cf700000|100%| O|  |TAMS 0x00000000cf700000| PB 0x00000000cf700000| Untracked 
| 247|0x00000000cf700000, 0x00000000cf800000, 0x00000000cf800000|100%| O|  |TAMS 0x00000000cf800000| PB 0x00000000cf800000| Untracked 
| 248|0x00000000cf800000, 0x00000000cf900000, 0x00000000cf900000|100%| O|  |TAMS 0x00000000cf900000| PB 0x00000000cf900000| Untracked 
| 249|0x00000000cf900000, 0x00000000cfa00000, 0x00000000cfa00000|100%| O|  |TAMS 0x00000000cfa00000| PB 0x00000000cfa00000| Untracked 
| 250|0x00000000cfa00000, 0x00000000cfb00000, 0x00000000cfb00000|100%| O|  |TAMS 0x00000000cfb00000| PB 0x00000000cfb00000| Untracked 
| 251|0x00000000cfb00000, 0x00000000cfc00000, 0x00000000cfc00000|100%| O|  |TAMS 0x00000000cfc00000| PB 0x00000000cfc00000| Untracked 
| 252|0x00000000cfc00000, 0x00000000cfd00000, 0x00000000cfd00000|100%| O|  |TAMS 0x00000000cfd00000| PB 0x00000000cfd00000| Untracked 
| 253|0x00000000cfd00000, 0x00000000cfe00000, 0x00000000cfe00000|100%| O|  |TAMS 0x00000000cfd00000| PB 0x00000000cfd00000| Untracked 
| 254|0x00000000cfe00000, 0x00000000cff00000, 0x00000000cff00000|100%| O|  |TAMS 0x00000000cff00000| PB 0x00000000cff00000| Untracked 
| 255|0x00000000cff00000, 0x00000000d0000000, 0x00000000d0000000|100%| O|  |TAMS 0x00000000d0000000| PB 0x00000000d0000000| Untracked 
| 256|0x00000000d0000000, 0x00000000d0100000, 0x00000000d0100000|100%|HS|  |TAMS 0x00000000d0100000| PB 0x00000000d0000000| Complete 
| 257|0x00000000d0100000, 0x00000000d0200000, 0x00000000d0200000|100%| O|  |TAMS 0x00000000d0200000| PB 0x00000000d0200000| Untracked 
| 258|0x00000000d0200000, 0x00000000d0300000, 0x00000000d0300000|100%| O|  |TAMS 0x00000000d0300000| PB 0x00000000d0300000| Untracked 
| 259|0x00000000d0300000, 0x00000000d0400000, 0x00000000d0400000|100%|HS|  |TAMS 0x00000000d0400000| PB 0x00000000d0300000| Complete 
| 260|0x00000000d0400000, 0x00000000d0500000, 0x00000000d0500000|100%| O|  |TAMS 0x00000000d0500000| PB 0x00000000d0500000| Untracked 
| 261|0x00000000d0500000, 0x00000000d0600000, 0x00000000d0600000|100%| O|  |TAMS 0x00000000d0600000| PB 0x00000000d0600000| Untracked 
| 262|0x00000000d0600000, 0x00000000d0700000, 0x00000000d0700000|100%| O|  |TAMS 0x00000000d0700000| PB 0x00000000d0700000| Untracked 
| 263|0x00000000d0700000, 0x00000000d0800000, 0x00000000d0800000|100%| O|  |TAMS 0x00000000d0800000| PB 0x00000000d0800000| Untracked 
| 264|0x00000000d0800000, 0x00000000d0900000, 0x00000000d0900000|100%|HS|  |TAMS 0x00000000d0900000| PB 0x00000000d0800000| Complete 
| 265|0x00000000d0900000, 0x00000000d0a00000, 0x00000000d0a00000|100%| O|  |TAMS 0x00000000d0a00000| PB 0x00000000d0a00000| Updating 
| 266|0x00000000d0a00000, 0x00000000d0b00000, 0x00000000d0b00000|100%| O|  |TAMS 0x00000000d0b00000| PB 0x00000000d0b00000| Untracked 
| 267|0x00000000d0b00000, 0x00000000d0c00000, 0x00000000d0c00000|100%| O|  |TAMS 0x00000000d0c00000| PB 0x00000000d0c00000| Untracked 
| 268|0x00000000d0c00000, 0x00000000d0d00000, 0x00000000d0d00000|100%| O|  |TAMS 0x00000000d0d00000| PB 0x00000000d0d00000| Untracked 
| 269|0x00000000d0d00000, 0x00000000d0e00000, 0x00000000d0e00000|100%| O|  |TAMS 0x00000000d0e00000| PB 0x00000000d0e00000| Untracked 
| 270|0x00000000d0e00000, 0x00000000d0f00000, 0x00000000d0f00000|100%| O|  |TAMS 0x00000000d0f00000| PB 0x00000000d0f00000| Untracked 
| 271|0x00000000d0f00000, 0x00000000d1000000, 0x00000000d1000000|100%| O|  |TAMS 0x00000000d1000000| PB 0x00000000d1000000| Untracked 
| 272|0x00000000d1000000, 0x00000000d1100000, 0x00000000d1100000|100%| O|  |TAMS 0x00000000d1100000| PB 0x00000000d1100000| Untracked 
| 273|0x00000000d1100000, 0x00000000d1200000, 0x00000000d1200000|100%| O|  |TAMS 0x00000000d1100000| PB 0x00000000d1100000| Untracked 
| 274|0x00000000d1200000, 0x00000000d1300000, 0x00000000d1300000|100%| O|  |TAMS 0x00000000d1200000| PB 0x00000000d1200000| Untracked 
| 275|0x00000000d1300000, 0x00000000d1400000, 0x00000000d1400000|100%| O|  |TAMS 0x00000000d1300000| PB 0x00000000d1300000| Untracked 
| 276|0x00000000d1400000, 0x00000000d1500000, 0x00000000d1500000|100%| O|  |TAMS 0x00000000d1500000| PB 0x00000000d1500000| Untracked 
| 277|0x00000000d1500000, 0x00000000d1600000, 0x00000000d1600000|100%| O|  |TAMS 0x00000000d1600000| PB 0x00000000d1600000| Untracked 
| 278|0x00000000d1600000, 0x00000000d1700000, 0x00000000d1700000|100%| O|  |TAMS 0x00000000d1700000| PB 0x00000000d1700000| Untracked 
| 279|0x00000000d1700000, 0x00000000d1800000, 0x00000000d1800000|100%| O|  |TAMS 0x00000000d1800000| PB 0x00000000d1800000| Untracked 
| 280|0x00000000d1800000, 0x00000000d1900000, 0x00000000d1900000|100%| O|  |TAMS 0x00000000d1900000| PB 0x00000000d1900000| Untracked 
| 281|0x00000000d1900000, 0x00000000d1a00000, 0x00000000d1a00000|100%|HS|  |TAMS 0x00000000d1a00000| PB 0x00000000d1900000| Complete 
| 282|0x00000000d1a00000, 0x00000000d1b00000, 0x00000000d1b00000|100%| O|  |TAMS 0x00000000d1b00000| PB 0x00000000d1b00000| Untracked 
| 283|0x00000000d1b00000, 0x00000000d1c00000, 0x00000000d1c00000|100%| O|  |TAMS 0x00000000d1c00000| PB 0x00000000d1c00000| Untracked 
| 284|0x00000000d1c00000, 0x00000000d1d00000, 0x00000000d1d00000|100%| O|  |TAMS 0x00000000d1d00000| PB 0x00000000d1d00000| Untracked 
| 285|0x00000000d1d00000, 0x00000000d1e00000, 0x00000000d1e00000|100%| O|  |TAMS 0x00000000d1e00000| PB 0x00000000d1e00000| Untracked 
| 286|0x00000000d1e00000, 0x00000000d1f00000, 0x00000000d1f00000|100%| O|  |TAMS 0x00000000d1f00000| PB 0x00000000d1f00000| Untracked 
| 287|0x00000000d1f00000, 0x00000000d2000000, 0x00000000d2000000|100%| O|  |TAMS 0x00000000d1f00000| PB 0x00000000d1f00000| Untracked 
| 288|0x00000000d2000000, 0x00000000d2100000, 0x00000000d2100000|100%| O|  |TAMS 0x00000000d2000000| PB 0x00000000d2000000| Untracked 
| 289|0x00000000d2100000, 0x00000000d2200000, 0x00000000d2200000|100%| O|  |TAMS 0x00000000d2200000| PB 0x00000000d2200000| Untracked 
| 290|0x00000000d2200000, 0x00000000d2300000, 0x00000000d2300000|100%| O|  |TAMS 0x00000000d2300000| PB 0x00000000d2300000| Untracked 
| 291|0x00000000d2300000, 0x00000000d2400000, 0x00000000d2400000|100%| O|  |TAMS 0x00000000d2400000| PB 0x00000000d2400000| Updating 
| 292|0x00000000d2400000, 0x00000000d2500000, 0x00000000d2500000|100%| O|  |TAMS 0x00000000d2500000| PB 0x00000000d2500000| Updating 
| 293|0x00000000d2500000, 0x00000000d2600000, 0x00000000d2600000|100%| O|  |TAMS 0x00000000d2500000| PB 0x00000000d2500000| Untracked 
| 294|0x00000000d2600000, 0x00000000d2700000, 0x00000000d2700000|100%| O|  |TAMS 0x00000000d2700000| PB 0x00000000d2700000| Untracked 
| 295|0x00000000d2700000, 0x00000000d2800000, 0x00000000d2800000|100%| O|  |TAMS 0x00000000d2800000| PB 0x00000000d2800000| Untracked 
| 296|0x00000000d2800000, 0x00000000d2900000, 0x00000000d2900000|100%| O|  |TAMS 0x00000000d2900000| PB 0x00000000d2900000| Untracked 
| 297|0x00000000d2900000, 0x00000000d2a00000, 0x00000000d2a00000|100%| O|  |TAMS 0x00000000d2a00000| PB 0x00000000d2a00000| Untracked 
| 298|0x00000000d2a00000, 0x00000000d2b00000, 0x00000000d2b00000|100%| O|  |TAMS 0x00000000d2b00000| PB 0x00000000d2b00000| Untracked 
| 299|0x00000000d2b00000, 0x00000000d2c00000, 0x00000000d2c00000|100%| O|  |TAMS 0x00000000d2c00000| PB 0x00000000d2c00000| Untracked 
| 300|0x00000000d2c00000, 0x00000000d2d00000, 0x00000000d2d00000|100%| O|  |TAMS 0x00000000d2d00000| PB 0x00000000d2d00000| Untracked 
| 301|0x00000000d2d00000, 0x00000000d2e00000, 0x00000000d2e00000|100%| O|  |TAMS 0x00000000d2e00000| PB 0x00000000d2e00000| Untracked 
| 302|0x00000000d2e00000, 0x00000000d2f00000, 0x00000000d2f00000|100%| O|  |TAMS 0x00000000d2f00000| PB 0x00000000d2f00000| Untracked 
| 303|0x00000000d2f00000, 0x00000000d3000000, 0x00000000d3000000|100%| O|  |TAMS 0x00000000d3000000| PB 0x00000000d3000000| Untracked 
| 304|0x00000000d3000000, 0x00000000d3100000, 0x00000000d3100000|100%| O|  |TAMS 0x00000000d3100000| PB 0x00000000d3100000| Untracked 
| 305|0x00000000d3100000, 0x00000000d3200000, 0x00000000d3200000|100%| O|  |TAMS 0x00000000d3200000| PB 0x00000000d3200000| Untracked 
| 306|0x00000000d3200000, 0x00000000d3300000, 0x00000000d3300000|100%| O|  |TAMS 0x00000000d3300000| PB 0x00000000d3300000| Updating 
| 307|0x00000000d3300000, 0x00000000d3400000, 0x00000000d3400000|100%| O|  |TAMS 0x00000000d3400000| PB 0x00000000d3400000| Updating 
| 308|0x00000000d3400000, 0x00000000d3500000, 0x00000000d3500000|100%| O|  |TAMS 0x00000000d3500000| PB 0x00000000d3500000| Updating 
| 309|0x00000000d3500000, 0x00000000d3600000, 0x00000000d3600000|100%| O|  |TAMS 0x00000000d3600000| PB 0x00000000d3600000| Updating 
| 310|0x00000000d3600000, 0x00000000d3700000, 0x00000000d3700000|100%| O|  |TAMS 0x00000000d3700000| PB 0x00000000d3700000| Untracked 
| 311|0x00000000d3700000, 0x00000000d3800000, 0x00000000d3800000|100%| O|  |TAMS 0x00000000d3800000| PB 0x00000000d3800000| Untracked 
| 312|0x00000000d3800000, 0x00000000d3900000, 0x00000000d3900000|100%| O|  |TAMS 0x00000000d3900000| PB 0x00000000d3900000| Untracked 
| 313|0x00000000d3900000, 0x00000000d3a00000, 0x00000000d3a00000|100%| O|  |TAMS 0x00000000d3a00000| PB 0x00000000d3a00000| Untracked 
| 314|0x00000000d3a00000, 0x00000000d3b00000, 0x00000000d3b00000|100%| O|  |TAMS 0x00000000d3b00000| PB 0x00000000d3b00000| Untracked 
| 315|0x00000000d3b00000, 0x00000000d3c00000, 0x00000000d3c00000|100%| O|  |TAMS 0x00000000d3c00000| PB 0x00000000d3c00000| Untracked 
| 316|0x00000000d3c00000, 0x00000000d3d00000, 0x00000000d3d00000|100%| O|  |TAMS 0x00000000d3d00000| PB 0x00000000d3d00000| Updating 
| 317|0x00000000d3d00000, 0x00000000d3e00000, 0x00000000d3e00000|100%| O|  |TAMS 0x00000000d3e00000| PB 0x00000000d3e00000| Updating 
| 318|0x00000000d3e00000, 0x00000000d3f00000, 0x00000000d3f00000|100%| O|  |TAMS 0x00000000d3f00000| PB 0x00000000d3f00000| Untracked 
| 319|0x00000000d3f00000, 0x00000000d4000000, 0x00000000d4000000|100%| O|  |TAMS 0x00000000d4000000| PB 0x00000000d4000000| Untracked 
| 320|0x00000000d4000000, 0x00000000d4100000, 0x00000000d4100000|100%| O|  |TAMS 0x00000000d4100000| PB 0x00000000d4100000| Updating 
| 321|0x00000000d4100000, 0x00000000d4200000, 0x00000000d4200000|100%| O|  |TAMS 0x00000000d4200000| PB 0x00000000d4200000| Updating 
| 322|0x00000000d4200000, 0x00000000d4300000, 0x00000000d4300000|100%| O|  |TAMS 0x00000000d4300000| PB 0x00000000d4300000| Updating 
| 323|0x00000000d4300000, 0x00000000d4400000, 0x00000000d4400000|100%| O|  |TAMS 0x00000000d4300000| PB 0x00000000d4300000| Untracked 
| 324|0x00000000d4400000, 0x00000000d4500000, 0x00000000d4500000|100%| O|  |TAMS 0x00000000d4400000| PB 0x00000000d4400000| Untracked 
| 325|0x00000000d4500000, 0x00000000d4600000, 0x00000000d4600000|100%| O|  |TAMS 0x00000000d4500000| PB 0x00000000d4500000| Untracked 
| 326|0x00000000d4600000, 0x00000000d4700000, 0x00000000d4700000|100%| O|  |TAMS 0x00000000d4600000| PB 0x00000000d4600000| Untracked 
| 327|0x00000000d4700000, 0x00000000d4800000, 0x00000000d4800000|100%| O|  |TAMS 0x00000000d4700000| PB 0x00000000d4700000| Untracked 
| 328|0x00000000d4800000, 0x00000000d4900000, 0x00000000d4900000|100%| O|  |TAMS 0x00000000d4800000| PB 0x00000000d4800000| Untracked 
| 329|0x00000000d4900000, 0x00000000d4a00000, 0x00000000d4a00000|100%| O|  |TAMS 0x00000000d4900000| PB 0x00000000d4900000| Untracked 
| 330|0x00000000d4a00000, 0x00000000d4b00000, 0x00000000d4b00000|100%| O|  |TAMS 0x00000000d4a00000| PB 0x00000000d4a00000| Untracked 
| 331|0x00000000d4b00000, 0x00000000d4c00000, 0x00000000d4c00000|100%| O|  |TAMS 0x00000000d4c00000| PB 0x00000000d4c00000| Updating 
| 332|0x00000000d4c00000, 0x00000000d4d00000, 0x00000000d4d00000|100%| O|  |TAMS 0x00000000d4d00000| PB 0x00000000d4d00000| Updating 
| 333|0x00000000d4d00000, 0x00000000d4e00000, 0x00000000d4e00000|100%| O|  |TAMS 0x00000000d4d00000| PB 0x00000000d4d00000| Untracked 
| 334|0x00000000d4e00000, 0x00000000d4f00000, 0x00000000d4f00000|100%| O|  |TAMS 0x00000000d4e00000| PB 0x00000000d4e00000| Untracked 
| 335|0x00000000d4f00000, 0x00000000d5000000, 0x00000000d5000000|100%| O|  |TAMS 0x00000000d4f00000| PB 0x00000000d4f00000| Untracked 
| 336|0x00000000d5000000, 0x00000000d5100000, 0x00000000d5100000|100%| O|  |TAMS 0x00000000d5000000| PB 0x00000000d5000000| Untracked 
| 337|0x00000000d5100000, 0x00000000d5200000, 0x00000000d5200000|100%| O|  |TAMS 0x00000000d5100000| PB 0x00000000d5100000| Untracked 
| 338|0x00000000d5200000, 0x00000000d5300000, 0x00000000d5300000|100%|HS|  |TAMS 0x00000000d5300000| PB 0x00000000d5200000| Complete 
| 339|0x00000000d5300000, 0x00000000d5400000, 0x00000000d5400000|100%|HC|  |TAMS 0x00000000d5400000| PB 0x00000000d5300000| Complete 
| 340|0x00000000d5400000, 0x00000000d5500000, 0x00000000d5500000|100%|HC|  |TAMS 0x00000000d5500000| PB 0x00000000d5400000| Complete 
| 341|0x00000000d5500000, 0x00000000d5600000, 0x00000000d5600000|100%|HC|  |TAMS 0x00000000d5600000| PB 0x00000000d5500000| Complete 
| 342|0x00000000d5600000, 0x00000000d5700000, 0x00000000d5700000|100%| O|  |TAMS 0x00000000d5600000| PB 0x00000000d5600000| Untracked 
| 343|0x00000000d5700000, 0x00000000d5800000, 0x00000000d5800000|100%| O|  |TAMS 0x00000000d5700000| PB 0x00000000d5700000| Untracked 
| 344|0x00000000d5800000, 0x00000000d5900000, 0x00000000d5900000|100%|HS|  |TAMS 0x00000000d5900000| PB 0x00000000d5800000| Complete 
| 345|0x00000000d5900000, 0x00000000d5a00000, 0x00000000d5a00000|100%| O|  |TAMS 0x00000000d5900000| PB 0x00000000d5900000| Untracked 
| 346|0x00000000d5a00000, 0x00000000d5b00000, 0x00000000d5b00000|100%| O|  |TAMS 0x00000000d5a00000| PB 0x00000000d5a00000| Untracked 
| 347|0x00000000d5b00000, 0x00000000d5c00000, 0x00000000d5c00000|100%| O|  |TAMS 0x00000000d5b00000| PB 0x00000000d5b00000| Untracked 
| 348|0x00000000d5c00000, 0x00000000d5cfded0, 0x00000000d5d00000| 99%| O|  |TAMS 0x00000000d5c00000| PB 0x00000000d5c00000| Untracked 
| 349|0x00000000d5d00000, 0x00000000d5e00000, 0x00000000d5e00000|100%|HS|  |TAMS 0x00000000d5d00000| PB 0x00000000d5d00000| Complete 
| 350|0x00000000d5e00000, 0x00000000d5f00000, 0x00000000d5f00000|100%|HS|  |TAMS 0x00000000d5e00000| PB 0x00000000d5e00000| Complete 
| 351|0x00000000d5f00000, 0x00000000d6000000, 0x00000000d6000000|100%| O|  |TAMS 0x00000000d6000000| PB 0x00000000d6000000| Updating 
| 352|0x00000000d6000000, 0x00000000d6100000, 0x00000000d6100000|100%| O|  |TAMS 0x00000000d6100000| PB 0x00000000d6100000| Updating 
| 353|0x00000000d6100000, 0x00000000d6200000, 0x00000000d6200000|100%| O|  |TAMS 0x00000000d6200000| PB 0x00000000d6200000| Untracked 
| 354|0x00000000d6200000, 0x00000000d6300000, 0x00000000d6300000|100%| O|  |TAMS 0x00000000d6300000| PB 0x00000000d6300000| Untracked 
| 355|0x00000000d6300000, 0x00000000d6400000, 0x00000000d6400000|100%| O|  |TAMS 0x00000000d6400000| PB 0x00000000d6400000| Untracked 
| 356|0x00000000d6400000, 0x00000000d6500000, 0x00000000d6500000|100%| O|  |TAMS 0x00000000d6500000| PB 0x00000000d6500000| Updating 
| 357|0x00000000d6500000, 0x00000000d6600000, 0x00000000d6600000|100%|HS|  |TAMS 0x00000000d6500000| PB 0x00000000d6500000| Complete 
| 358|0x00000000d6600000, 0x00000000d6600000, 0x00000000d6700000|  0%| F|  |TAMS 0x00000000d6600000| PB 0x00000000d6600000| Untracked 
| 359|0x00000000d6700000, 0x00000000d6700000, 0x00000000d6800000|  0%| F|  |TAMS 0x00000000d6700000| PB 0x00000000d6700000| Untracked 
| 360|0x00000000d6800000, 0x00000000d6800000, 0x00000000d6900000|  0%| F|  |TAMS 0x00000000d6800000| PB 0x00000000d6800000| Untracked 
| 361|0x00000000d6900000, 0x00000000d6900000, 0x00000000d6a00000|  0%| F|  |TAMS 0x00000000d6900000| PB 0x00000000d6900000| Untracked 
| 362|0x00000000d6a00000, 0x00000000d6a00000, 0x00000000d6b00000|  0%| F|  |TAMS 0x00000000d6a00000| PB 0x00000000d6a00000| Untracked 
| 363|0x00000000d6b00000, 0x00000000d6b00000, 0x00000000d6c00000|  0%| F|  |TAMS 0x00000000d6b00000| PB 0x00000000d6b00000| Untracked 
| 364|0x00000000d6c00000, 0x00000000d6c00000, 0x00000000d6d00000|  0%| F|  |TAMS 0x00000000d6c00000| PB 0x00000000d6c00000| Untracked 
| 365|0x00000000d6d00000, 0x00000000d6d00000, 0x00000000d6e00000|  0%| F|  |TAMS 0x00000000d6d00000| PB 0x00000000d6d00000| Untracked 
| 366|0x00000000d6e00000, 0x00000000d6e00000, 0x00000000d6f00000|  0%| F|  |TAMS 0x00000000d6e00000| PB 0x00000000d6e00000| Untracked 
| 367|0x00000000d6f00000, 0x00000000d6f00000, 0x00000000d7000000|  0%| F|  |TAMS 0x00000000d6f00000| PB 0x00000000d6f00000| Untracked 
| 368|0x00000000d7000000, 0x00000000d7000000, 0x00000000d7100000|  0%| F|  |TAMS 0x00000000d7000000| PB 0x00000000d7000000| Untracked 
| 369|0x00000000d7100000, 0x00000000d7100000, 0x00000000d7200000|  0%| F|  |TAMS 0x00000000d7100000| PB 0x00000000d7100000| Untracked 
| 370|0x00000000d7200000, 0x00000000d7200000, 0x00000000d7300000|  0%| F|  |TAMS 0x00000000d7200000| PB 0x00000000d7200000| Untracked 
| 371|0x00000000d7300000, 0x00000000d7300000, 0x00000000d7400000|  0%| F|  |TAMS 0x00000000d7300000| PB 0x00000000d7300000| Untracked 
| 372|0x00000000d7400000, 0x00000000d7400000, 0x00000000d7500000|  0%| F|  |TAMS 0x00000000d7400000| PB 0x00000000d7400000| Untracked 
| 373|0x00000000d7500000, 0x00000000d7500000, 0x00000000d7600000|  0%| F|  |TAMS 0x00000000d7500000| PB 0x00000000d7500000| Untracked 
| 374|0x00000000d7600000, 0x00000000d7600000, 0x00000000d7700000|  0%| F|  |TAMS 0x00000000d7600000| PB 0x00000000d7600000| Untracked 
| 375|0x00000000d7700000, 0x00000000d7700000, 0x00000000d7800000|  0%| F|  |TAMS 0x00000000d7700000| PB 0x00000000d7700000| Untracked 
| 376|0x00000000d7800000, 0x00000000d7800000, 0x00000000d7900000|  0%| F|  |TAMS 0x00000000d7800000| PB 0x00000000d7800000| Untracked 
| 377|0x00000000d7900000, 0x00000000d7900000, 0x00000000d7a00000|  0%| F|  |TAMS 0x00000000d7900000| PB 0x00000000d7900000| Untracked 
| 378|0x00000000d7a00000, 0x00000000d7a00000, 0x00000000d7b00000|  0%| F|  |TAMS 0x00000000d7a00000| PB 0x00000000d7a00000| Untracked 
| 379|0x00000000d7b00000, 0x00000000d7b00000, 0x00000000d7c00000|  0%| F|  |TAMS 0x00000000d7b00000| PB 0x00000000d7b00000| Untracked 
| 380|0x00000000d7c00000, 0x00000000d7c00000, 0x00000000d7d00000|  0%| F|  |TAMS 0x00000000d7c00000| PB 0x00000000d7c00000| Untracked 
| 381|0x00000000d7d00000, 0x00000000d7d00000, 0x00000000d7e00000|  0%| F|  |TAMS 0x00000000d7d00000| PB 0x00000000d7d00000| Untracked 
| 382|0x00000000d7e00000, 0x00000000d7e00000, 0x00000000d7f00000|  0%| F|  |TAMS 0x00000000d7e00000| PB 0x00000000d7e00000| Untracked 
| 383|0x00000000d7f00000, 0x00000000d7f00000, 0x00000000d8000000|  0%| F|  |TAMS 0x00000000d7f00000| PB 0x00000000d7f00000| Untracked 
| 384|0x00000000d8000000, 0x00000000d8000000, 0x00000000d8100000|  0%| F|  |TAMS 0x00000000d8000000| PB 0x00000000d8000000| Untracked 
| 385|0x00000000d8100000, 0x00000000d8100000, 0x00000000d8200000|  0%| F|  |TAMS 0x00000000d8100000| PB 0x00000000d8100000| Untracked 
| 386|0x00000000d8200000, 0x00000000d8200000, 0x00000000d8300000|  0%| F|  |TAMS 0x00000000d8200000| PB 0x00000000d8200000| Untracked 
| 387|0x00000000d8300000, 0x00000000d8300000, 0x00000000d8400000|  0%| F|  |TAMS 0x00000000d8300000| PB 0x00000000d8300000| Untracked 
| 388|0x00000000d8400000, 0x00000000d8400000, 0x00000000d8500000|  0%| F|  |TAMS 0x00000000d8400000| PB 0x00000000d8400000| Untracked 
| 389|0x00000000d8500000, 0x00000000d8500000, 0x00000000d8600000|  0%| F|  |TAMS 0x00000000d8500000| PB 0x00000000d8500000| Untracked 
| 390|0x00000000d8600000, 0x00000000d8600000, 0x00000000d8700000|  0%| F|  |TAMS 0x00000000d8600000| PB 0x00000000d8600000| Untracked 
| 391|0x00000000d8700000, 0x00000000d8700000, 0x00000000d8800000|  0%| F|  |TAMS 0x00000000d8700000| PB 0x00000000d8700000| Untracked 
| 392|0x00000000d8800000, 0x00000000d8800000, 0x00000000d8900000|  0%| F|  |TAMS 0x00000000d8800000| PB 0x00000000d8800000| Untracked 
| 393|0x00000000d8900000, 0x00000000d8900000, 0x00000000d8a00000|  0%| F|  |TAMS 0x00000000d8900000| PB 0x00000000d8900000| Untracked 
| 394|0x00000000d8a00000, 0x00000000d8a00000, 0x00000000d8b00000|  0%| F|  |TAMS 0x00000000d8a00000| PB 0x00000000d8a00000| Untracked 
| 395|0x00000000d8b00000, 0x00000000d8b00000, 0x00000000d8c00000|  0%| F|  |TAMS 0x00000000d8b00000| PB 0x00000000d8b00000| Untracked 
| 396|0x00000000d8c00000, 0x00000000d8c00000, 0x00000000d8d00000|  0%| F|  |TAMS 0x00000000d8c00000| PB 0x00000000d8c00000| Untracked 
| 397|0x00000000d8d00000, 0x00000000d8d00000, 0x00000000d8e00000|  0%| F|  |TAMS 0x00000000d8d00000| PB 0x00000000d8d00000| Untracked 
| 398|0x00000000d8e00000, 0x00000000d8e00000, 0x00000000d8f00000|  0%| F|  |TAMS 0x00000000d8e00000| PB 0x00000000d8e00000| Untracked 
| 399|0x00000000d8f00000, 0x00000000d8f00000, 0x00000000d9000000|  0%| F|  |TAMS 0x00000000d8f00000| PB 0x00000000d8f00000| Untracked 
| 400|0x00000000d9000000, 0x00000000d9000000, 0x00000000d9100000|  0%| F|  |TAMS 0x00000000d9000000| PB 0x00000000d9000000| Untracked 
| 401|0x00000000d9100000, 0x00000000d9100000, 0x00000000d9200000|  0%| F|  |TAMS 0x00000000d9100000| PB 0x00000000d9100000| Untracked 
| 402|0x00000000d9200000, 0x00000000d9200000, 0x00000000d9300000|  0%| F|  |TAMS 0x00000000d9200000| PB 0x00000000d9200000| Untracked 
| 403|0x00000000d9300000, 0x00000000d9300000, 0x00000000d9400000|  0%| F|  |TAMS 0x00000000d9300000| PB 0x00000000d9300000| Untracked 
| 404|0x00000000d9400000, 0x00000000d9500000, 0x00000000d9500000|100%|HS|  |TAMS 0x00000000d9500000| PB 0x00000000d9400000| Complete 
| 405|0x00000000d9500000, 0x00000000d9500000, 0x00000000d9600000|  0%| F|  |TAMS 0x00000000d9500000| PB 0x00000000d9500000| Untracked 
| 406|0x00000000d9600000, 0x00000000d9600000, 0x00000000d9700000|  0%| F|  |TAMS 0x00000000d9600000| PB 0x00000000d9600000| Untracked 
| 407|0x00000000d9700000, 0x00000000d9700000, 0x00000000d9800000|  0%| F|  |TAMS 0x00000000d9700000| PB 0x00000000d9700000| Untracked 
| 408|0x00000000d9800000, 0x00000000d9800000, 0x00000000d9900000|  0%| F|  |TAMS 0x00000000d9800000| PB 0x00000000d9800000| Untracked 
| 409|0x00000000d9900000, 0x00000000d9900000, 0x00000000d9a00000|  0%| F|  |TAMS 0x00000000d9900000| PB 0x00000000d9900000| Untracked 
| 410|0x00000000d9a00000, 0x00000000d9a00000, 0x00000000d9b00000|  0%| F|  |TAMS 0x00000000d9a00000| PB 0x00000000d9a00000| Untracked 
| 411|0x00000000d9b00000, 0x00000000d9b00000, 0x00000000d9c00000|  0%| F|  |TAMS 0x00000000d9b00000| PB 0x00000000d9b00000| Untracked 
| 412|0x00000000d9c00000, 0x00000000d9c00000, 0x00000000d9d00000|  0%| F|  |TAMS 0x00000000d9c00000| PB 0x00000000d9c00000| Untracked 
| 413|0x00000000d9d00000, 0x00000000d9d00000, 0x00000000d9e00000|  0%| F|  |TAMS 0x00000000d9d00000| PB 0x00000000d9d00000| Untracked 
| 414|0x00000000d9e00000, 0x00000000d9e00000, 0x00000000d9f00000|  0%| F|  |TAMS 0x00000000d9e00000| PB 0x00000000d9e00000| Untracked 
| 415|0x00000000d9f00000, 0x00000000d9f00000, 0x00000000da000000|  0%| F|  |TAMS 0x00000000d9f00000| PB 0x00000000d9f00000| Untracked 
| 416|0x00000000da000000, 0x00000000da000000, 0x00000000da100000|  0%| F|  |TAMS 0x00000000da000000| PB 0x00000000da000000| Untracked 
| 417|0x00000000da100000, 0x00000000da100000, 0x00000000da200000|  0%| F|  |TAMS 0x00000000da100000| PB 0x00000000da100000| Untracked 
| 418|0x00000000da200000, 0x00000000da200000, 0x00000000da300000|  0%| F|  |TAMS 0x00000000da200000| PB 0x00000000da200000| Untracked 
| 419|0x00000000da300000, 0x00000000da300000, 0x00000000da400000|  0%| F|  |TAMS 0x00000000da300000| PB 0x00000000da300000| Untracked 
| 420|0x00000000da400000, 0x00000000da400000, 0x00000000da500000|  0%| F|  |TAMS 0x00000000da400000| PB 0x00000000da400000| Untracked 
| 421|0x00000000da500000, 0x00000000da500000, 0x00000000da600000|  0%| F|  |TAMS 0x00000000da500000| PB 0x00000000da500000| Untracked 
| 422|0x00000000da600000, 0x00000000da600000, 0x00000000da700000|  0%| F|  |TAMS 0x00000000da600000| PB 0x00000000da600000| Untracked 
| 423|0x00000000da700000, 0x00000000da700000, 0x00000000da800000|  0%| F|  |TAMS 0x00000000da700000| PB 0x00000000da700000| Untracked 
| 424|0x00000000da800000, 0x00000000da800000, 0x00000000da900000|  0%| F|  |TAMS 0x00000000da800000| PB 0x00000000da800000| Untracked 
| 425|0x00000000da900000, 0x00000000da900000, 0x00000000daa00000|  0%| F|  |TAMS 0x00000000da900000| PB 0x00000000da900000| Untracked 
| 426|0x00000000daa00000, 0x00000000daa00000, 0x00000000dab00000|  0%| F|  |TAMS 0x00000000daa00000| PB 0x00000000daa00000| Untracked 
| 427|0x00000000dab00000, 0x00000000dab00000, 0x00000000dac00000|  0%| F|  |TAMS 0x00000000dab00000| PB 0x00000000dab00000| Untracked 
| 428|0x00000000dac00000, 0x00000000dac00000, 0x00000000dad00000|  0%| F|  |TAMS 0x00000000dac00000| PB 0x00000000dac00000| Untracked 
| 429|0x00000000dad00000, 0x00000000dad00000, 0x00000000dae00000|  0%| F|  |TAMS 0x00000000dad00000| PB 0x00000000dad00000| Untracked 
| 430|0x00000000dae00000, 0x00000000dae00000, 0x00000000daf00000|  0%| F|  |TAMS 0x00000000dae00000| PB 0x00000000dae00000| Untracked 
| 431|0x00000000daf00000, 0x00000000daf00000, 0x00000000db000000|  0%| F|  |TAMS 0x00000000daf00000| PB 0x00000000daf00000| Untracked 
| 432|0x00000000db000000, 0x00000000db000000, 0x00000000db100000|  0%| F|  |TAMS 0x00000000db000000| PB 0x00000000db000000| Untracked 
| 433|0x00000000db100000, 0x00000000db100000, 0x00000000db200000|  0%| F|  |TAMS 0x00000000db100000| PB 0x00000000db100000| Untracked 
| 434|0x00000000db200000, 0x00000000db200000, 0x00000000db300000|  0%| F|  |TAMS 0x00000000db200000| PB 0x00000000db200000| Untracked 
| 435|0x00000000db300000, 0x00000000db300000, 0x00000000db400000|  0%| F|  |TAMS 0x00000000db300000| PB 0x00000000db300000| Untracked 
| 436|0x00000000db400000, 0x00000000db400000, 0x00000000db500000|  0%| F|  |TAMS 0x00000000db400000| PB 0x00000000db400000| Untracked 
| 437|0x00000000db500000, 0x00000000db500000, 0x00000000db600000|  0%| F|  |TAMS 0x00000000db500000| PB 0x00000000db500000| Untracked 
| 438|0x00000000db600000, 0x00000000db600000, 0x00000000db700000|  0%| F|  |TAMS 0x00000000db600000| PB 0x00000000db600000| Untracked 
| 439|0x00000000db700000, 0x00000000db700000, 0x00000000db800000|  0%| F|  |TAMS 0x00000000db700000| PB 0x00000000db700000| Untracked 
| 440|0x00000000db800000, 0x00000000db800000, 0x00000000db900000|  0%| F|  |TAMS 0x00000000db800000| PB 0x00000000db800000| Untracked 
| 441|0x00000000db900000, 0x00000000db900000, 0x00000000dba00000|  0%| F|  |TAMS 0x00000000db900000| PB 0x00000000db900000| Untracked 
| 442|0x00000000dba00000, 0x00000000dba00000, 0x00000000dbb00000|  0%| F|  |TAMS 0x00000000dba00000| PB 0x00000000dba00000| Untracked 
| 443|0x00000000dbb00000, 0x00000000dbb00000, 0x00000000dbc00000|  0%| F|  |TAMS 0x00000000dbb00000| PB 0x00000000dbb00000| Untracked 
| 444|0x00000000dbc00000, 0x00000000dbc00000, 0x00000000dbd00000|  0%| F|  |TAMS 0x00000000dbc00000| PB 0x00000000dbc00000| Untracked 
| 445|0x00000000dbd00000, 0x00000000dbd00000, 0x00000000dbe00000|  0%| F|  |TAMS 0x00000000dbd00000| PB 0x00000000dbd00000| Untracked 
| 446|0x00000000dbe00000, 0x00000000dbe00000, 0x00000000dbf00000|  0%| F|  |TAMS 0x00000000dbe00000| PB 0x00000000dbe00000| Untracked 
| 447|0x00000000dbf00000, 0x00000000dbf00000, 0x00000000dc000000|  0%| F|  |TAMS 0x00000000dbf00000| PB 0x00000000dbf00000| Untracked 
| 448|0x00000000dc000000, 0x00000000dc000000, 0x00000000dc100000|  0%| F|  |TAMS 0x00000000dc000000| PB 0x00000000dc000000| Untracked 
| 449|0x00000000dc100000, 0x00000000dc100000, 0x00000000dc200000|  0%| F|  |TAMS 0x00000000dc100000| PB 0x00000000dc100000| Untracked 
| 450|0x00000000dc200000, 0x00000000dc200000, 0x00000000dc300000|  0%| F|  |TAMS 0x00000000dc200000| PB 0x00000000dc200000| Untracked 
| 451|0x00000000dc300000, 0x00000000dc300000, 0x00000000dc400000|  0%| F|  |TAMS 0x00000000dc300000| PB 0x00000000dc300000| Untracked 
| 452|0x00000000dc400000, 0x00000000dc400000, 0x00000000dc500000|  0%| F|  |TAMS 0x00000000dc400000| PB 0x00000000dc400000| Untracked 
| 453|0x00000000dc500000, 0x00000000dc500000, 0x00000000dc600000|  0%| F|  |TAMS 0x00000000dc500000| PB 0x00000000dc500000| Untracked 
| 454|0x00000000dc600000, 0x00000000dc600000, 0x00000000dc700000|  0%| F|  |TAMS 0x00000000dc600000| PB 0x00000000dc600000| Untracked 
| 455|0x00000000dc700000, 0x00000000dc700000, 0x00000000dc800000|  0%| F|  |TAMS 0x00000000dc700000| PB 0x00000000dc700000| Untracked 
| 456|0x00000000dc800000, 0x00000000dc800000, 0x00000000dc900000|  0%| F|  |TAMS 0x00000000dc800000| PB 0x00000000dc800000| Untracked 
| 457|0x00000000dc900000, 0x00000000dc900000, 0x00000000dca00000|  0%| F|  |TAMS 0x00000000dc900000| PB 0x00000000dc900000| Untracked 
| 458|0x00000000dca00000, 0x00000000dca00000, 0x00000000dcb00000|  0%| F|  |TAMS 0x00000000dca00000| PB 0x00000000dca00000| Untracked 
| 459|0x00000000dcb00000, 0x00000000dcb00000, 0x00000000dcc00000|  0%| F|  |TAMS 0x00000000dcb00000| PB 0x00000000dcb00000| Untracked 
| 460|0x00000000dcc00000, 0x00000000dcc00000, 0x00000000dcd00000|  0%| F|  |TAMS 0x00000000dcc00000| PB 0x00000000dcc00000| Untracked 
| 461|0x00000000dcd00000, 0x00000000dcd00000, 0x00000000dce00000|  0%| F|  |TAMS 0x00000000dcd00000| PB 0x00000000dcd00000| Untracked 
| 462|0x00000000dce00000, 0x00000000dce00000, 0x00000000dcf00000|  0%| F|  |TAMS 0x00000000dce00000| PB 0x00000000dce00000| Untracked 
| 463|0x00000000dcf00000, 0x00000000dcf00000, 0x00000000dd000000|  0%| F|  |TAMS 0x00000000dcf00000| PB 0x00000000dcf00000| Untracked 
| 464|0x00000000dd000000, 0x00000000dd000000, 0x00000000dd100000|  0%| F|  |TAMS 0x00000000dd000000| PB 0x00000000dd000000| Untracked 
| 465|0x00000000dd100000, 0x00000000dd100000, 0x00000000dd200000|  0%| F|  |TAMS 0x00000000dd100000| PB 0x00000000dd100000| Untracked 
| 466|0x00000000dd200000, 0x00000000dd200000, 0x00000000dd300000|  0%| F|  |TAMS 0x00000000dd200000| PB 0x00000000dd200000| Untracked 
| 467|0x00000000dd300000, 0x00000000dd300000, 0x00000000dd400000|  0%| F|  |TAMS 0x00000000dd300000| PB 0x00000000dd300000| Untracked 
| 468|0x00000000dd400000, 0x00000000dd400000, 0x00000000dd500000|  0%| F|  |TAMS 0x00000000dd400000| PB 0x00000000dd400000| Untracked 
| 469|0x00000000dd500000, 0x00000000dd500000, 0x00000000dd600000|  0%| F|  |TAMS 0x00000000dd500000| PB 0x00000000dd500000| Untracked 
| 470|0x00000000dd600000, 0x00000000dd600000, 0x00000000dd700000|  0%| F|  |TAMS 0x00000000dd600000| PB 0x00000000dd600000| Untracked 
| 471|0x00000000dd700000, 0x00000000dd700000, 0x00000000dd800000|  0%| F|  |TAMS 0x00000000dd700000| PB 0x00000000dd700000| Untracked 
| 472|0x00000000dd800000, 0x00000000dd800000, 0x00000000dd900000|  0%| F|  |TAMS 0x00000000dd800000| PB 0x00000000dd800000| Untracked 
| 473|0x00000000dd900000, 0x00000000dd900000, 0x00000000dda00000|  0%| F|  |TAMS 0x00000000dd900000| PB 0x00000000dd900000| Untracked 
| 474|0x00000000dda00000, 0x00000000dda00000, 0x00000000ddb00000|  0%| F|  |TAMS 0x00000000dda00000| PB 0x00000000dda00000| Untracked 
| 475|0x00000000ddb00000, 0x00000000ddb00000, 0x00000000ddc00000|  0%| F|  |TAMS 0x00000000ddb00000| PB 0x00000000ddb00000| Untracked 
| 476|0x00000000ddc00000, 0x00000000ddc00000, 0x00000000ddd00000|  0%| F|  |TAMS 0x00000000ddc00000| PB 0x00000000ddc00000| Untracked 
| 477|0x00000000ddd00000, 0x00000000ddd00000, 0x00000000dde00000|  0%| F|  |TAMS 0x00000000ddd00000| PB 0x00000000ddd00000| Untracked 
| 478|0x00000000dde00000, 0x00000000dde00000, 0x00000000ddf00000|  0%| F|  |TAMS 0x00000000dde00000| PB 0x00000000dde00000| Untracked 
| 479|0x00000000ddf00000, 0x00000000ddf00000, 0x00000000de000000|  0%| F|  |TAMS 0x00000000ddf00000| PB 0x00000000ddf00000| Untracked 
| 480|0x00000000de000000, 0x00000000de000000, 0x00000000de100000|  0%| F|  |TAMS 0x00000000de000000| PB 0x00000000de000000| Untracked 
| 481|0x00000000de100000, 0x00000000de100000, 0x00000000de200000|  0%| F|  |TAMS 0x00000000de100000| PB 0x00000000de100000| Untracked 
| 482|0x00000000de200000, 0x00000000de200000, 0x00000000de300000|  0%| F|  |TAMS 0x00000000de200000| PB 0x00000000de200000| Untracked 
| 483|0x00000000de300000, 0x00000000de300000, 0x00000000de400000|  0%| F|  |TAMS 0x00000000de300000| PB 0x00000000de300000| Untracked 
| 484|0x00000000de400000, 0x00000000de400000, 0x00000000de500000|  0%| F|  |TAMS 0x00000000de400000| PB 0x00000000de400000| Untracked 
| 485|0x00000000de500000, 0x00000000de500000, 0x00000000de600000|  0%| F|  |TAMS 0x00000000de500000| PB 0x00000000de500000| Untracked 
| 486|0x00000000de600000, 0x00000000de600000, 0x00000000de700000|  0%| F|  |TAMS 0x00000000de600000| PB 0x00000000de600000| Untracked 
| 487|0x00000000de700000, 0x00000000de700000, 0x00000000de800000|  0%| F|  |TAMS 0x00000000de700000| PB 0x00000000de700000| Untracked 
| 488|0x00000000de800000, 0x00000000de800000, 0x00000000de900000|  0%| F|  |TAMS 0x00000000de800000| PB 0x00000000de800000| Untracked 
| 489|0x00000000de900000, 0x00000000de900000, 0x00000000dea00000|  0%| F|  |TAMS 0x00000000de900000| PB 0x00000000de900000| Untracked 
| 490|0x00000000dea00000, 0x00000000dea00000, 0x00000000deb00000|  0%| F|  |TAMS 0x00000000dea00000| PB 0x00000000dea00000| Untracked 
| 491|0x00000000deb00000, 0x00000000deb00000, 0x00000000dec00000|  0%| F|  |TAMS 0x00000000deb00000| PB 0x00000000deb00000| Untracked 
| 492|0x00000000dec00000, 0x00000000dec00000, 0x00000000ded00000|  0%| F|  |TAMS 0x00000000dec00000| PB 0x00000000dec00000| Untracked 
| 493|0x00000000ded00000, 0x00000000ded00000, 0x00000000dee00000|  0%| F|  |TAMS 0x00000000ded00000| PB 0x00000000ded00000| Untracked 
| 494|0x00000000dee00000, 0x00000000dee00000, 0x00000000def00000|  0%| F|  |TAMS 0x00000000dee00000| PB 0x00000000dee00000| Untracked 
| 495|0x00000000def00000, 0x00000000def00000, 0x00000000df000000|  0%| F|  |TAMS 0x00000000def00000| PB 0x00000000def00000| Untracked 
| 496|0x00000000df000000, 0x00000000df000000, 0x00000000df100000|  0%| F|  |TAMS 0x00000000df000000| PB 0x00000000df000000| Untracked 
| 497|0x00000000df100000, 0x00000000df100000, 0x00000000df200000|  0%| F|  |TAMS 0x00000000df100000| PB 0x00000000df100000| Untracked 
| 498|0x00000000df200000, 0x00000000df200000, 0x00000000df300000|  0%| F|  |TAMS 0x00000000df200000| PB 0x00000000df200000| Untracked 
| 499|0x00000000df300000, 0x00000000df300000, 0x00000000df400000|  0%| F|  |TAMS 0x00000000df300000| PB 0x00000000df300000| Untracked 
| 500|0x00000000df400000, 0x00000000df400000, 0x00000000df500000|  0%| F|  |TAMS 0x00000000df400000| PB 0x00000000df400000| Untracked 
| 501|0x00000000df500000, 0x00000000df500000, 0x00000000df600000|  0%| F|  |TAMS 0x00000000df500000| PB 0x00000000df500000| Untracked 
| 502|0x00000000df600000, 0x00000000df600000, 0x00000000df700000|  0%| F|  |TAMS 0x00000000df600000| PB 0x00000000df600000| Untracked 
| 503|0x00000000df700000, 0x00000000df700000, 0x00000000df800000|  0%| F|  |TAMS 0x00000000df700000| PB 0x00000000df700000| Untracked 
| 504|0x00000000df800000, 0x00000000df800000, 0x00000000df900000|  0%| F|  |TAMS 0x00000000df800000| PB 0x00000000df800000| Untracked 
| 505|0x00000000df900000, 0x00000000df900000, 0x00000000dfa00000|  0%| F|  |TAMS 0x00000000df900000| PB 0x00000000df900000| Untracked 
| 506|0x00000000dfa00000, 0x00000000dfa00000, 0x00000000dfb00000|  0%| F|  |TAMS 0x00000000dfa00000| PB 0x00000000dfa00000| Untracked 
| 507|0x00000000dfb00000, 0x00000000dfb00000, 0x00000000dfc00000|  0%| F|  |TAMS 0x00000000dfb00000| PB 0x00000000dfb00000| Untracked 
| 508|0x00000000dfc00000, 0x00000000dfc00000, 0x00000000dfd00000|  0%| F|  |TAMS 0x00000000dfc00000| PB 0x00000000dfc00000| Untracked 
| 509|0x00000000dfd00000, 0x00000000dfd00000, 0x00000000dfe00000|  0%| F|  |TAMS 0x00000000dfd00000| PB 0x00000000dfd00000| Untracked 
| 510|0x00000000dfe00000, 0x00000000dfe00000, 0x00000000dff00000|  0%| F|  |TAMS 0x00000000dfe00000| PB 0x00000000dfe00000| Untracked 
| 511|0x00000000dff00000, 0x00000000dff00000, 0x00000000e0000000|  0%| F|  |TAMS 0x00000000dff00000| PB 0x00000000dff00000| Untracked 
| 512|0x00000000e0000000, 0x00000000e0000000, 0x00000000e0100000|  0%| F|  |TAMS 0x00000000e0000000| PB 0x00000000e0000000| Untracked 
| 513|0x00000000e0100000, 0x00000000e0100000, 0x00000000e0200000|  0%| F|  |TAMS 0x00000000e0100000| PB 0x00000000e0100000| Untracked 
| 514|0x00000000e0200000, 0x00000000e0200000, 0x00000000e0300000|  0%| F|  |TAMS 0x00000000e0200000| PB 0x00000000e0200000| Untracked 
| 515|0x00000000e0300000, 0x00000000e0300000, 0x00000000e0400000|  0%| F|  |TAMS 0x00000000e0300000| PB 0x00000000e0300000| Untracked 
| 516|0x00000000e0400000, 0x00000000e0400000, 0x00000000e0500000|  0%| F|  |TAMS 0x00000000e0400000| PB 0x00000000e0400000| Untracked 
| 517|0x00000000e0500000, 0x00000000e0500000, 0x00000000e0600000|  0%| F|  |TAMS 0x00000000e0500000| PB 0x00000000e0500000| Untracked 
| 518|0x00000000e0600000, 0x00000000e0600000, 0x00000000e0700000|  0%| F|  |TAMS 0x00000000e0600000| PB 0x00000000e0600000| Untracked 
| 519|0x00000000e0700000, 0x00000000e0700000, 0x00000000e0800000|  0%| F|  |TAMS 0x00000000e0700000| PB 0x00000000e0700000| Untracked 
| 520|0x00000000e0800000, 0x00000000e0800000, 0x00000000e0900000|  0%| F|  |TAMS 0x00000000e0800000| PB 0x00000000e0800000| Untracked 
| 521|0x00000000e0900000, 0x00000000e0900000, 0x00000000e0a00000|  0%| F|  |TAMS 0x00000000e0900000| PB 0x00000000e0900000| Untracked 
| 522|0x00000000e0a00000, 0x00000000e0a00000, 0x00000000e0b00000|  0%| F|  |TAMS 0x00000000e0a00000| PB 0x00000000e0a00000| Untracked 
| 523|0x00000000e0b00000, 0x00000000e0b00000, 0x00000000e0c00000|  0%| F|  |TAMS 0x00000000e0b00000| PB 0x00000000e0b00000| Untracked 
| 524|0x00000000e0c00000, 0x00000000e0c00000, 0x00000000e0d00000|  0%| F|  |TAMS 0x00000000e0c00000| PB 0x00000000e0c00000| Untracked 
| 525|0x00000000e0d00000, 0x00000000e0d00000, 0x00000000e0e00000|  0%| F|  |TAMS 0x00000000e0d00000| PB 0x00000000e0d00000| Untracked 
| 526|0x00000000e0e00000, 0x00000000e0e00000, 0x00000000e0f00000|  0%| F|  |TAMS 0x00000000e0e00000| PB 0x00000000e0e00000| Untracked 
| 527|0x00000000e0f00000, 0x00000000e0f00000, 0x00000000e1000000|  0%| F|  |TAMS 0x00000000e0f00000| PB 0x00000000e0f00000| Untracked 
| 528|0x00000000e1000000, 0x00000000e1000000, 0x00000000e1100000|  0%| F|  |TAMS 0x00000000e1000000| PB 0x00000000e1000000| Untracked 
| 529|0x00000000e1100000, 0x00000000e1100000, 0x00000000e1200000|  0%| F|  |TAMS 0x00000000e1100000| PB 0x00000000e1100000| Untracked 
| 530|0x00000000e1200000, 0x00000000e1200000, 0x00000000e1300000|  0%| F|  |TAMS 0x00000000e1200000| PB 0x00000000e1200000| Untracked 
| 531|0x00000000e1300000, 0x00000000e1300000, 0x00000000e1400000|  0%| F|  |TAMS 0x00000000e1300000| PB 0x00000000e1300000| Untracked 
| 532|0x00000000e1400000, 0x00000000e1400000, 0x00000000e1500000|  0%| F|  |TAMS 0x00000000e1400000| PB 0x00000000e1400000| Untracked 
| 533|0x00000000e1500000, 0x00000000e1500000, 0x00000000e1600000|  0%| F|  |TAMS 0x00000000e1500000| PB 0x00000000e1500000| Untracked 
| 534|0x00000000e1600000, 0x00000000e1600000, 0x00000000e1700000|  0%| F|  |TAMS 0x00000000e1600000| PB 0x00000000e1600000| Untracked 
| 535|0x00000000e1700000, 0x00000000e1700000, 0x00000000e1800000|  0%| F|  |TAMS 0x00000000e1700000| PB 0x00000000e1700000| Untracked 
| 536|0x00000000e1800000, 0x00000000e1800000, 0x00000000e1900000|  0%| F|  |TAMS 0x00000000e1800000| PB 0x00000000e1800000| Untracked 
| 537|0x00000000e1900000, 0x00000000e1900000, 0x00000000e1a00000|  0%| F|  |TAMS 0x00000000e1900000| PB 0x00000000e1900000| Untracked 
| 538|0x00000000e1a00000, 0x00000000e1a00000, 0x00000000e1b00000|  0%| F|  |TAMS 0x00000000e1a00000| PB 0x00000000e1a00000| Untracked 
| 539|0x00000000e1b00000, 0x00000000e1b00000, 0x00000000e1c00000|  0%| F|  |TAMS 0x00000000e1b00000| PB 0x00000000e1b00000| Untracked 
| 540|0x00000000e1c00000, 0x00000000e1c00000, 0x00000000e1d00000|  0%| F|  |TAMS 0x00000000e1c00000| PB 0x00000000e1c00000| Untracked 
| 541|0x00000000e1d00000, 0x00000000e1d00000, 0x00000000e1e00000|  0%| F|  |TAMS 0x00000000e1d00000| PB 0x00000000e1d00000| Untracked 
| 542|0x00000000e1e00000, 0x00000000e1e00000, 0x00000000e1f00000|  0%| F|  |TAMS 0x00000000e1e00000| PB 0x00000000e1e00000| Untracked 
| 543|0x00000000e1f00000, 0x00000000e1f00000, 0x00000000e2000000|  0%| F|  |TAMS 0x00000000e1f00000| PB 0x00000000e1f00000| Untracked 
| 544|0x00000000e2000000, 0x00000000e2000000, 0x00000000e2100000|  0%| F|  |TAMS 0x00000000e2000000| PB 0x00000000e2000000| Untracked 
| 545|0x00000000e2100000, 0x00000000e2100000, 0x00000000e2200000|  0%| F|  |TAMS 0x00000000e2100000| PB 0x00000000e2100000| Untracked 
| 546|0x00000000e2200000, 0x00000000e2200000, 0x00000000e2300000|  0%| F|  |TAMS 0x00000000e2200000| PB 0x00000000e2200000| Untracked 
| 547|0x00000000e2300000, 0x00000000e2300000, 0x00000000e2400000|  0%| F|  |TAMS 0x00000000e2300000| PB 0x00000000e2300000| Untracked 
| 548|0x00000000e2400000, 0x00000000e2400000, 0x00000000e2500000|  0%| F|  |TAMS 0x00000000e2400000| PB 0x00000000e2400000| Untracked 
| 549|0x00000000e2500000, 0x00000000e2500000, 0x00000000e2600000|  0%| F|  |TAMS 0x00000000e2500000| PB 0x00000000e2500000| Untracked 
| 550|0x00000000e2600000, 0x00000000e2600000, 0x00000000e2700000|  0%| F|  |TAMS 0x00000000e2600000| PB 0x00000000e2600000| Untracked 
| 551|0x00000000e2700000, 0x00000000e2700000, 0x00000000e2800000|  0%| F|  |TAMS 0x00000000e2700000| PB 0x00000000e2700000| Untracked 
| 552|0x00000000e2800000, 0x00000000e2800000, 0x00000000e2900000|  0%| F|  |TAMS 0x00000000e2800000| PB 0x00000000e2800000| Untracked 
| 553|0x00000000e2900000, 0x00000000e2900000, 0x00000000e2a00000|  0%| F|  |TAMS 0x00000000e2900000| PB 0x00000000e2900000| Untracked 
| 554|0x00000000e2a00000, 0x00000000e2a00000, 0x00000000e2b00000|  0%| F|  |TAMS 0x00000000e2a00000| PB 0x00000000e2a00000| Untracked 
| 555|0x00000000e2b00000, 0x00000000e2b00000, 0x00000000e2c00000|  0%| F|  |TAMS 0x00000000e2b00000| PB 0x00000000e2b00000| Untracked 
| 556|0x00000000e2c00000, 0x00000000e2c00000, 0x00000000e2d00000|  0%| F|  |TAMS 0x00000000e2c00000| PB 0x00000000e2c00000| Untracked 
| 557|0x00000000e2d00000, 0x00000000e2d00000, 0x00000000e2e00000|  0%| F|  |TAMS 0x00000000e2d00000| PB 0x00000000e2d00000| Untracked 
| 558|0x00000000e2e00000, 0x00000000e2e00000, 0x00000000e2f00000|  0%| F|  |TAMS 0x00000000e2e00000| PB 0x00000000e2e00000| Untracked 
| 559|0x00000000e2f00000, 0x00000000e2f00000, 0x00000000e3000000|  0%| F|  |TAMS 0x00000000e2f00000| PB 0x00000000e2f00000| Untracked 
| 560|0x00000000e3000000, 0x00000000e3000000, 0x00000000e3100000|  0%| F|  |TAMS 0x00000000e3000000| PB 0x00000000e3000000| Untracked 
| 561|0x00000000e3100000, 0x00000000e3100000, 0x00000000e3200000|  0%| F|  |TAMS 0x00000000e3100000| PB 0x00000000e3100000| Untracked 
| 562|0x00000000e3200000, 0x00000000e3200000, 0x00000000e3300000|  0%| F|  |TAMS 0x00000000e3200000| PB 0x00000000e3200000| Untracked 
| 563|0x00000000e3300000, 0x00000000e3300000, 0x00000000e3400000|  0%| F|  |TAMS 0x00000000e3300000| PB 0x00000000e3300000| Untracked 
| 564|0x00000000e3400000, 0x00000000e3400000, 0x00000000e3500000|  0%| F|  |TAMS 0x00000000e3400000| PB 0x00000000e3400000| Untracked 
| 565|0x00000000e3500000, 0x00000000e3500000, 0x00000000e3600000|  0%| F|  |TAMS 0x00000000e3500000| PB 0x00000000e3500000| Untracked 
| 566|0x00000000e3600000, 0x00000000e3600000, 0x00000000e3700000|  0%| F|  |TAMS 0x00000000e3600000| PB 0x00000000e3600000| Untracked 
| 567|0x00000000e3700000, 0x00000000e3700000, 0x00000000e3800000|  0%| F|  |TAMS 0x00000000e3700000| PB 0x00000000e3700000| Untracked 
| 568|0x00000000e3800000, 0x00000000e3800000, 0x00000000e3900000|  0%| F|  |TAMS 0x00000000e3800000| PB 0x00000000e3800000| Untracked 
| 569|0x00000000e3900000, 0x00000000e3900000, 0x00000000e3a00000|  0%| F|  |TAMS 0x00000000e3900000| PB 0x00000000e3900000| Untracked 
| 570|0x00000000e3a00000, 0x00000000e3a00000, 0x00000000e3b00000|  0%| F|  |TAMS 0x00000000e3a00000| PB 0x00000000e3a00000| Untracked 
| 571|0x00000000e3b00000, 0x00000000e3b00000, 0x00000000e3c00000|  0%| F|  |TAMS 0x00000000e3b00000| PB 0x00000000e3b00000| Untracked 
| 572|0x00000000e3c00000, 0x00000000e3c00000, 0x00000000e3d00000|  0%| F|  |TAMS 0x00000000e3c00000| PB 0x00000000e3c00000| Untracked 
| 573|0x00000000e3d00000, 0x00000000e3d00000, 0x00000000e3e00000|  0%| F|  |TAMS 0x00000000e3d00000| PB 0x00000000e3d00000| Untracked 
| 574|0x00000000e3e00000, 0x00000000e3e00000, 0x00000000e3f00000|  0%| F|  |TAMS 0x00000000e3e00000| PB 0x00000000e3e00000| Untracked 
| 575|0x00000000e3f00000, 0x00000000e3f00000, 0x00000000e4000000|  0%| F|  |TAMS 0x00000000e3f00000| PB 0x00000000e3f00000| Untracked 
| 576|0x00000000e4000000, 0x00000000e4000000, 0x00000000e4100000|  0%| F|  |TAMS 0x00000000e4000000| PB 0x00000000e4000000| Untracked 
| 577|0x00000000e4100000, 0x00000000e4100000, 0x00000000e4200000|  0%| F|  |TAMS 0x00000000e4100000| PB 0x00000000e4100000| Untracked 
| 578|0x00000000e4200000, 0x00000000e4200000, 0x00000000e4300000|  0%| F|  |TAMS 0x00000000e4200000| PB 0x00000000e4200000| Untracked 
| 975|0x00000000fcf00000, 0x00000000fd000000, 0x00000000fd000000|100%| O|  |TAMS 0x00000000fcfbd200| PB 0x00000000fcfbd200| Updating 
| 976|0x00000000fd000000, 0x00000000fd000000, 0x00000000fd100000|  0%| F|  |TAMS 0x00000000fd000000| PB 0x00000000fd000000| Untracked 
| 977|0x00000000fd100000, 0x00000000fd200000, 0x00000000fd200000|100%| O|  |TAMS 0x00000000fd200000| PB 0x00000000fd200000| Untracked 
| 978|0x00000000fd200000, 0x00000000fd300000, 0x00000000fd300000|100%| O|  |TAMS 0x00000000fd300000| PB 0x00000000fd300000| Untracked 
| 979|0x00000000fd300000, 0x00000000fd400000, 0x00000000fd400000|100%| O|  |TAMS 0x00000000fd400000| PB 0x00000000fd400000| Untracked 
| 980|0x00000000fd400000, 0x00000000fd500000, 0x00000000fd500000|100%| O|  |TAMS 0x00000000fd500000| PB 0x00000000fd500000| Untracked 
| 981|0x00000000fd500000, 0x00000000fd600000, 0x00000000fd600000|100%| O|  |TAMS 0x00000000fd600000| PB 0x00000000fd600000| Updating 
| 982|0x00000000fd600000, 0x00000000fd700000, 0x00000000fd700000|100%| O|  |TAMS 0x00000000fd700000| PB 0x00000000fd700000| Untracked 
| 983|0x00000000fd700000, 0x00000000fd800000, 0x00000000fd800000|100%| O|  |TAMS 0x00000000fd800000| PB 0x00000000fd800000| Untracked 
| 984|0x00000000fd800000, 0x00000000fd900000, 0x00000000fd900000|100%| O|  |TAMS 0x00000000fd900000| PB 0x00000000fd900000| Untracked 
| 985|0x00000000fd900000, 0x00000000fda00000, 0x00000000fda00000|100%| O|  |TAMS 0x00000000fda00000| PB 0x00000000fda00000| Untracked 
| 986|0x00000000fda00000, 0x00000000fdb00000, 0x00000000fdb00000|100%| O|  |TAMS 0x00000000fdb00000| PB 0x00000000fdb00000| Untracked 
| 987|0x00000000fdb00000, 0x00000000fdc00000, 0x00000000fdc00000|100%| O|  |TAMS 0x00000000fdc00000| PB 0x00000000fdc00000| Untracked 
| 988|0x00000000fdc00000, 0x00000000fdd00000, 0x00000000fdd00000|100%| O|  |TAMS 0x00000000fdd00000| PB 0x00000000fdd00000| Untracked 
| 989|0x00000000fdd00000, 0x00000000fde00000, 0x00000000fde00000|100%| O|  |TAMS 0x00000000fde00000| PB 0x00000000fde00000| Updating 
| 990|0x00000000fde00000, 0x00000000fdf00000, 0x00000000fdf00000|100%| O|  |TAMS 0x00000000fdf00000| PB 0x00000000fdf00000| Updating 
| 991|0x00000000fdf00000, 0x00000000fe000000, 0x00000000fe000000|100%| O|  |TAMS 0x00000000fe000000| PB 0x00000000fe000000| Untracked 
| 992|0x00000000fe000000, 0x00000000fe100000, 0x00000000fe100000|100%| O|  |TAMS 0x00000000fe100000| PB 0x00000000fe100000| Untracked 
| 993|0x00000000fe100000, 0x00000000fe200000, 0x00000000fe200000|100%| O|  |TAMS 0x00000000fe200000| PB 0x00000000fe200000| Updating 
| 994|0x00000000fe200000, 0x00000000fe300000, 0x00000000fe300000|100%| O|  |TAMS 0x00000000fe300000| PB 0x00000000fe300000| Untracked 
| 995|0x00000000fe300000, 0x00000000fe400000, 0x00000000fe400000|100%| O|  |TAMS 0x00000000fe400000| PB 0x00000000fe400000| Updating 
| 996|0x00000000fe400000, 0x00000000fe500000, 0x00000000fe500000|100%| O|  |TAMS 0x00000000fe500000| PB 0x00000000fe500000| Untracked 
| 997|0x00000000fe500000, 0x00000000fe600000, 0x00000000fe600000|100%| O|  |TAMS 0x00000000fe600000| PB 0x00000000fe600000| Untracked 
| 998|0x00000000fe600000, 0x00000000fe700000, 0x00000000fe700000|100%| O|  |TAMS 0x00000000fe700000| PB 0x00000000fe700000| Untracked 
| 999|0x00000000fe700000, 0x00000000fe800000, 0x00000000fe800000|100%| O|  |TAMS 0x00000000fe800000| PB 0x00000000fe800000| Untracked 
|1000|0x00000000fe800000, 0x00000000fe900000, 0x00000000fe900000|100%| O|  |TAMS 0x00000000fe900000| PB 0x00000000fe900000| Untracked 
|1001|0x00000000fe900000, 0x00000000fea00000, 0x00000000fea00000|100%| O|  |TAMS 0x00000000fea00000| PB 0x00000000fea00000| Updating 
|1002|0x00000000fea00000, 0x00000000feb00000, 0x00000000feb00000|100%| O|  |TAMS 0x00000000feb00000| PB 0x00000000feb00000| Updating 
|1003|0x00000000feb00000, 0x00000000fec00000, 0x00000000fec00000|100%| O|  |TAMS 0x00000000fec00000| PB 0x00000000fec00000| Updating 
|1004|0x00000000fec00000, 0x00000000fec00000, 0x00000000fed00000|  0%| F|  |TAMS 0x00000000fec00000| PB 0x00000000fec00000| Untracked 
|1005|0x00000000fed00000, 0x00000000fee00000, 0x00000000fee00000|100%| S|CS|TAMS 0x00000000fed00000| PB 0x00000000fed00000| Complete 
|1006|0x00000000fee00000, 0x00000000fef00000, 0x00000000fef00000|100%| S|CS|TAMS 0x00000000fee00000| PB 0x00000000fee00000| Complete 
|1007|0x00000000fef00000, 0x00000000fef00000, 0x00000000ff000000|  0%| F|  |TAMS 0x00000000fef00000| PB 0x00000000fef00000| Untracked 
|1008|0x00000000ff000000, 0x00000000ff08d5f0, 0x00000000ff100000| 55%| E|  |TAMS 0x00000000ff000000| PB 0x00000000ff000000| Complete 
|1009|0x00000000ff100000, 0x00000000ff200000, 0x00000000ff200000|100%| O|  |TAMS 0x00000000ff200000| PB 0x00000000ff200000| Updating 
|1010|0x00000000ff200000, 0x00000000ff300000, 0x00000000ff300000|100%| O|  |TAMS 0x00000000ff300000| PB 0x00000000ff300000| Untracked 
|1011|0x00000000ff300000, 0x00000000ff400000, 0x00000000ff400000|100%| O|  |TAMS 0x00000000ff400000| PB 0x00000000ff400000| Untracked 
|1012|0x00000000ff400000, 0x00000000ff500000, 0x00000000ff500000|100%| O|  |TAMS 0x00000000ff500000| PB 0x00000000ff500000| Untracked 
|1013|0x00000000ff500000, 0x00000000ff600000, 0x00000000ff600000|100%| O|  |TAMS 0x00000000ff600000| PB 0x00000000ff600000| Untracked 
|1014|0x00000000ff600000, 0x00000000ff700000, 0x00000000ff700000|100%| O|  |TAMS 0x00000000ff700000| PB 0x00000000ff700000| Untracked 
|1015|0x00000000ff700000, 0x00000000ff800000, 0x00000000ff800000|100%| O|  |TAMS 0x00000000ff800000| PB 0x00000000ff800000| Untracked 
|1016|0x00000000ff800000, 0x00000000ff900000, 0x00000000ff900000|100%| O|  |TAMS 0x00000000ff900000| PB 0x00000000ff900000| Untracked 
|1017|0x00000000ff900000, 0x00000000ffa00000, 0x00000000ffa00000|100%| O|  |TAMS 0x00000000ffa00000| PB 0x00000000ffa00000| Untracked 
|1018|0x00000000ffa00000, 0x00000000ffb00000, 0x00000000ffb00000|100%| O|  |TAMS 0x00000000ffb00000| PB 0x00000000ffb00000| Untracked 
|1019|0x00000000ffb00000, 0x00000000ffc00000, 0x00000000ffc00000|100%| O|  |TAMS 0x00000000ffc00000| PB 0x00000000ffc00000| Untracked 
|1020|0x00000000ffc00000, 0x00000000ffd00000, 0x00000000ffd00000|100%| O|  |TAMS 0x00000000ffd00000| PB 0x00000000ffd00000| Untracked 
|1021|0x00000000ffd00000, 0x00000000ffe00000, 0x00000000ffe00000|100%| O|  |TAMS 0x00000000ffe00000| PB 0x00000000ffe00000| Untracked 
|1022|0x00000000ffe00000, 0x00000000fff00000, 0x00000000fff00000|100%| O|  |TAMS 0x00000000fff00000| PB 0x00000000fff00000| Untracked 
|1023|0x00000000fff00000, 0x0000000100000000, 0x0000000100000000|100%| O|  |TAMS 0x0000000100000000| PB 0x0000000100000000| Untracked 

Card table byte_map: [0x000001c67d950000,0x000001c67db50000] _byte_map_base: 0x000001c67d350000

Marking Bits: (CMBitMap*) 0x000001c673a2e440
 Bits: [0x000001c67db50000, 0x000001c67eb50000)

Polling page: 0x000001c671740000

Metaspace:

Usage:
  Non-class:     94.37 MB used.
      Class:     12.17 MB used.
       Both:    106.54 MB used.

Virtual space:
  Non-class space:      128.00 MB reserved,      95.88 MB ( 75%) committed,  2 nodes.
      Class space:        1.00 GB reserved,      13.25 MB (  1%) committed,  1 nodes.
             Both:        1.12 GB reserved,     109.12 MB (  9%) committed. 

Chunk freelists:
   Non-Class:  48.00 KB
       Class:  2.80 MB
        Both:  2.85 MB

MaxMetaspaceSize: unlimited
CompressedClassSpaceSize: 1.00 GB
Initial GC threshold: 21.00 MB
Current GC threshold: 181.50 MB
CDS: off
 - commit_granule_bytes: 65536.
 - commit_granule_words: 8192.
 - virtual_space_node_default_size: 8388608.
 - enlarge_chunks_in_place: 1.
 - use_allocation_guard: 0.


Internal statistics:

num_allocs_failed_limit: 18.
num_arena_births: 1570.
num_arena_deaths: 2.
num_vsnodes_births: 3.
num_vsnodes_deaths: 0.
num_space_committed: 1745.
num_space_uncommitted: 0.
num_chunks_returned_to_freelist: 21.
num_chunks_taken_from_freelist: 6260.
num_chunk_merges: 15.
num_chunk_splits: 3843.
num_chunks_enlarged: 2146.
num_inconsistent_stats: 0.

CodeHeap 'non-profiled nmethods': size=119168Kb used=12038Kb max_used=13425Kb free=107129Kb
 bounds [0x000001c607ba0000, 0x000001c6088d0000, 0x000001c60f000000]
CodeHeap 'profiled nmethods': size=119104Kb used=24364Kb max_used=31697Kb free=94739Kb
 bounds [0x000001c600000000, 0x000001c601f10000, 0x000001c607450000]
CodeHeap 'non-nmethods': size=7488Kb used=2101Kb max_used=3872Kb free=5386Kb
 bounds [0x000001c607450000, 0x000001c607830000, 0x000001c607ba0000]
CodeCache: size=245760Kb, used=38503Kb, max_used=48994Kb, free=207254Kb
 total_blobs=12771, nmethods=11714, adapters=957, full_count=0
Compilation: enabled, stopped_count=0, restarted_count=0

Compilation events (20 events):
Event: 147.417 Thread 0x000001c611145460 19790       3       java.util.LinkedList::toArray (81 bytes)
Event: 147.418 Thread 0x000001c611145460 nmethod 19790 0x000001c6006ece90 code [0x000001c6006ed0a0, 0x000001c6006ed878]
Event: 147.570 Thread 0x000001c611122af0 19791       4       org.eclipse.swt.widgets.Shell::findBackgroundControl (21 bytes)
Event: 147.570 Thread 0x000001c611122af0 nmethod 19791 0x000001c607bf2990 code [0x000001c607bf2b20, 0x000001c607bf2bc0]
Event: 147.673 Thread 0x000001c611145460 19794   !   3       org.eclipse.core.internal.jobs.JobManager::join (368 bytes)
Event: 147.673 Thread 0x000001c611122af0 19795       4       java.util.concurrent.CompletableFuture::unipush (44 bytes)
Event: 147.678 Thread 0x000001c611145460 nmethod 19794 0x000001c601a48990 code [0x000001c601a48f20, 0x000001c601a4bb98]
Event: 147.678 Thread 0x000001c611145460 19797   !   3       jdk.internal.net.http.common.SSLFlowDelegate$Writer::processData (427 bytes)
Event: 147.679 Thread 0x000001c611122af0 nmethod 19795 0x000001c607d5ae10 code [0x000001c607d5afa0, 0x000001c607d5b280]
Event: 147.680 Thread 0x000001c611145460 nmethod 19797 0x000001c600961910 code [0x000001c600961f20, 0x000001c600964d50]
Event: 147.680 Thread 0x000001c611145460 19792       3       org.eclipse.core.runtime.jobs.Job::join (5 bytes)
Event: 147.680 Thread 0x000001c611145460 nmethod 19792 0x000001c600285c90 code [0x000001c600285e40, 0x000001c600285f80]
Event: 147.680 Thread 0x000001c611145460 19793       3       org.eclipse.core.internal.jobs.InternalJob::join (11 bytes)
Event: 147.680 Thread 0x000001c611145460 nmethod 19793 0x000001c600309a90 code [0x000001c600309c40, 0x000001c600309db8]
Event: 147.680 Thread 0x000001c611145460 19796       3       jdk.internal.net.http.common.SSLFlowDelegate$Writer$WriterDownstreamPusher::run (8 bytes)
Event: 147.680 Thread 0x000001c611145460 nmethod 19796 0x000001c6004be110 code [0x000001c6004be2c0, 0x000001c6004be400]
Event: 147.680 Thread 0x000001c611145460 19798       3       sun.security.ssl.Authenticator$SSLAuthenticator::seqNumOverflow (85 bytes)
Event: 147.680 Thread 0x000001c611145460 nmethod 19798 0x000001c600ed2f10 code [0x000001c600ed30c0, 0x000001c600ed3450]
Event: 147.680 Thread 0x000001c611145460 19799   !   3       sun.security.ssl.OutputRecord::seqNumIsHuge (55 bytes)
Event: 147.680 Thread 0x000001c611145460 nmethod 19799 0x000001c60127fe10 code [0x000001c601280060, 0x000001c601280a78]

GC Heap History (20 events):
Event: 118.693 GC heap before
{Heap before GC invocations=56 (full 0):
 garbage-first heap   total 519168K, used 474828K [0x00000000c0000000, 0x0000000100000000)
  region size 1024K, 201 young (205824K), 17 survivors (17408K)
 Metaspace       used 108897K, committed 111488K, reserved 1179648K
  class space    used 12464K, committed 13568K, reserved 1048576K
}
Event: 118.700 GC heap after
{Heap after GC invocations=57 (full 0):
 garbage-first heap   total 519168K, used 303309K [0x00000000c0000000, 0x0000000100000000)
  region size 1024K, 18 young (18432K), 18 survivors (18432K)
 Metaspace       used 108897K, committed 111488K, reserved 1179648K
  class space    used 12464K, committed 13568K, reserved 1048576K
}
Event: 122.748 GC heap before
{Heap before GC invocations=58 (full 0):
 garbage-first heap   total 519168K, used 473293K [0x00000000c0000000, 0x0000000100000000)
  region size 1024K, 184 young (188416K), 18 survivors (18432K)
 Metaspace       used 108902K, committed 111488K, reserved 1179648K
  class space    used 12464K, committed 13568K, reserved 1048576K
}
Event: 122.755 GC heap after
{Heap after GC invocations=59 (full 0):
 garbage-first heap   total 519168K, used 317651K [0x00000000c0000000, 0x0000000100000000)
  region size 1024K, 15 young (15360K), 15 survivors (15360K)
 Metaspace       used 108902K, committed 111488K, reserved 1179648K
  class space    used 12464K, committed 13568K, reserved 1048576K
}
Event: 125.270 GC heap before
{Heap before GC invocations=59 (full 0):
 garbage-first heap   total 519168K, used 476371K [0x00000000c0000000, 0x0000000100000000)
  region size 1024K, 170 young (174080K), 15 survivors (15360K)
 Metaspace       used 108928K, committed 111552K, reserved 1179648K
  class space    used 12464K, committed 13568K, reserved 1048576K
}
Event: 125.277 GC heap after
{Heap after GC invocations=60 (full 0):
 garbage-first heap   total 519168K, used 328704K [0x00000000c0000000, 0x0000000100000000)
  region size 1024K, 15 young (15360K), 15 survivors (15360K)
 Metaspace       used 108928K, committed 111552K, reserved 1179648K
  class space    used 12464K, committed 13568K, reserved 1048576K
}
Event: 129.306 GC heap before
{Heap before GC invocations=60 (full 0):
 garbage-first heap   total 519168K, used 477184K [0x00000000c0000000, 0x0000000100000000)
  region size 1024K, 160 young (163840K), 15 survivors (15360K)
 Metaspace       used 108969K, committed 111552K, reserved 1179648K
  class space    used 12464K, committed 13568K, reserved 1048576K
}
Event: 129.312 GC heap after
{Heap after GC invocations=61 (full 0):
 garbage-first heap   total 519168K, used 341538K [0x00000000c0000000, 0x0000000100000000)
  region size 1024K, 13 young (13312K), 13 survivors (13312K)
 Metaspace       used 108969K, committed 111552K, reserved 1179648K
  class space    used 12464K, committed 13568K, reserved 1048576K
}
Event: 131.612 GC heap before
{Heap before GC invocations=62 (full 0):
 garbage-first heap   total 570368K, used 475682K [0x00000000c0000000, 0x0000000100000000)
  region size 1024K, 144 young (147456K), 13 survivors (13312K)
 Metaspace       used 108971K, committed 111552K, reserved 1179648K
  class space    used 12464K, committed 13568K, reserved 1048576K
}
Event: 131.619 GC heap after
{Heap after GC invocations=63 (full 0):
 garbage-first heap   total 570368K, used 353633K [0x00000000c0000000, 0x0000000100000000)
  region size 1024K, 13 young (13312K), 13 survivors (13312K)
 Metaspace       used 108971K, committed 111552K, reserved 1179648K
  class space    used 12464K, committed 13568K, reserved 1048576K
}
Event: 135.563 GC heap before
{Heap before GC invocations=63 (full 0):
 garbage-first heap   total 570368K, used 526689K [0x00000000c0000000, 0x0000000100000000)
  region size 1024K, 182 young (186368K), 13 survivors (13312K)
 Metaspace       used 108989K, committed 111552K, reserved 1179648K
  class space    used 12464K, committed 13568K, reserved 1048576K
}
Event: 135.571 GC heap after
{Heap after GC invocations=64 (full 0):
 garbage-first heap   total 570368K, used 361223K [0x00000000c0000000, 0x0000000100000000)
  region size 1024K, 23 young (23552K), 23 survivors (23552K)
 Metaspace       used 108989K, committed 111552K, reserved 1179648K
  class space    used 12464K, committed 13568K, reserved 1048576K
}
Event: 138.041 GC heap before
{Heap before GC invocations=64 (full 0):
 garbage-first heap   total 570368K, used 516871K [0x00000000c0000000, 0x0000000100000000)
  region size 1024K, 175 young (179200K), 23 survivors (23552K)
 Metaspace       used 108994K, committed 111616K, reserved 1179648K
  class space    used 12464K, committed 13568K, reserved 1048576K
}
Event: 138.050 GC heap after
{Heap after GC invocations=65 (full 0):
 garbage-first heap   total 570368K, used 377150K [0x00000000c0000000, 0x0000000100000000)
  region size 1024K, 15 young (15360K), 15 survivors (15360K)
 Metaspace       used 108994K, committed 111616K, reserved 1179648K
  class space    used 12464K, committed 13568K, reserved 1048576K
}
Event: 141.463 GC heap before
{Heap before GC invocations=66 (full 0):
 garbage-first heap   total 629760K, used 521534K [0x00000000c0000000, 0x0000000100000000)
  region size 1024K, 156 young (159744K), 15 survivors (15360K)
 Metaspace       used 109011K, committed 111616K, reserved 1179648K
  class space    used 12464K, committed 13568K, reserved 1048576K
}
Event: 141.470 GC heap after
{Heap after GC invocations=67 (full 0):
 garbage-first heap   total 629760K, used 390885K [0x00000000c0000000, 0x0000000100000000)
  region size 1024K, 13 young (13312K), 13 survivors (13312K)
 Metaspace       used 109011K, committed 111616K, reserved 1179648K
  class space    used 12464K, committed 13568K, reserved 1048576K
}
Event: 147.607 GC heap before
{Heap before GC invocations=67 (full 0):
 garbage-first heap   total 629760K, used 607973K [0x00000000c0000000, 0x0000000100000000)
  region size 1024K, 201 young (205824K), 13 survivors (13312K)
 Metaspace       used 109078K, committed 111680K, reserved 1179648K
  class space    used 12464K, committed 13568K, reserved 1048576K
}
Event: 147.627 GC heap after
{Heap after GC invocations=68 (full 0):
 garbage-first heap   total 643072K, used 407284K [0x00000000c0000000, 0x0000000100000000)
  region size 1024K, 26 young (26624K), 26 survivors (26624K)
 Metaspace       used 109078K, committed 111680K, reserved 1179648K
  class space    used 12464K, committed 13568K, reserved 1048576K
}
Event: 147.657 GC heap before
{Heap before GC invocations=68 (full 0):
 garbage-first heap   total 643072K, used 407284K [0x00000000c0000000, 0x0000000100000000)
  region size 1024K, 28 young (28672K), 26 survivors (26624K)
 Metaspace       used 109078K, committed 111680K, reserved 1179648K
  class space    used 12464K, committed 13568K, reserved 1048576K
}
Event: 147.663 GC heap after
{Heap after GC invocations=69 (full 0):
 garbage-first heap   total 643072K, used 410615K [0x00000000c0000000, 0x0000000100000000)
  region size 1024K, 2 young (2048K), 2 survivors (2048K)
 Metaspace       used 109078K, committed 111680K, reserved 1179648K
  class space    used 12464K, committed 13568K, reserved 1048576K
}

Dll operation events (17 events):
Event: 0.011 Loaded shared library C:\ST\STM32CubeIDE_1.16.0\STM32CubeIDE\plugins\com.st.stm32cube.ide.jre.win64_3.4.100.202508201254\jre\bin\java.dll
Event: 0.054 Loaded shared library C:\ST\STM32CubeIDE_1.16.0\STM32CubeIDE\plugins\com.st.stm32cube.ide.jre.win64_3.4.100.202508201254\jre\bin\jsvml.dll
Event: 0.103 Loaded shared library C:\ST\STM32CubeIDE_1.16.0\STM32CubeIDE\plugins\com.st.stm32cube.ide.jre.win64_3.4.100.202508201254\jre\bin\net.dll
Event: 0.105 Loaded shared library C:\ST\STM32CubeIDE_1.16.0\STM32CubeIDE\plugins\com.st.stm32cube.ide.jre.win64_3.4.100.202508201254\jre\bin\nio.dll
Event: 0.545 Loaded shared library C:\ST\STM32CubeIDE_1.16.0\STM32CubeIDE\plugins\com.st.stm32cube.ide.jre.win64_3.4.100.202508201254\jre\bin\zip.dll
Event: 0.765 Loaded shared library C:\ST\STM32CubeIDE_1.16.0\STM32CubeIDE\plugins\com.st.stm32cube.ide.jre.win64_3.4.100.202508201254\jre\bin\jimage.dll
Event: 8.393 Loaded shared library C:\ST\STM32CubeIDE_1.16.0\STM32CubeIDE\configuration\org.eclipse.osgi\767\0\.cp\swt-win32-4966r5.dll
Event: 9.482 Loaded shared library C:\Users\smpet\AppData\Local\Temp\jna-109563013\jna4578981715810334972.dll
Event: 27.291 Loaded shared library C:\ST\STM32CubeIDE_1.16.0\STM32CubeIDE\plugins\com.st.stm32cube.ide.jre.win64_3.4.100.202508201254\jre\bin\verify.dll
Event: 28.086 Loaded shared library C:\ST\STM32CubeIDE_1.16.0\STM32CubeIDE\configuration\org.eclipse.osgi\767\0\.cp\swt-gdip-win32-4966r5.dll
Event: 30.170 Loaded shared library C:\ST\STM32CubeIDE_1.16.0\STM32CubeIDE\plugins\com.st.stm32cube.ide.jre.win64_3.4.100.202508201254\jre\bin\management.dll
Event: 30.176 Loaded shared library C:\ST\STM32CubeIDE_1.16.0\STM32CubeIDE\plugins\com.st.stm32cube.ide.jre.win64_3.4.100.202508201254\jre\bin\management_ext.dll
Event: 36.385 Loaded shared library C:\ST\STM32CubeIDE_1.16.0\STM32CubeIDE\plugins\com.st.stm32cube.ide.jre.win64_3.4.100.202508201254\jre\bin\prefs.dll
Event: 38.006 Loaded shared library C:\ST\STM32CubeIDE_1.16.0\STM32CubeIDE\plugins\com.st.stm32cube.ide.jre.win64_3.4.100.202508201254\jre\bin\sunmscapi.dll
Event: 39.095 Loaded shared library C:\ST\STM32CubeIDE_1.16.0\STM32CubeIDE\plugins\com.st.stm32cube.ide.jre.win64_3.4.100.202508201254\jre\bin\extnet.dll
Event: 41.079 Loaded shared library C:\ST\STM32CubeIDE_1.16.0\STM32CubeIDE\plugins\com.st.stm32cube.ide.jre.win64_3.4.100.202508201254\jre\bin\rmi.dll
Event: 43.754 Loaded shared library C:\ST\STM32CubeIDE_1.16.0\STM32CubeIDE\configuration\org.eclipse.osgi\609\0\.cp\os\win32\x86_64\serial.dll

Deoptimization events (20 events):
Event: 118.657 Thread 0x000001c619151d30 Uncommon trap: trap_request=0xffffffde fr.pc=0x000001c607f7b9fc relative=0x0000000000000a5c
Event: 118.657 Thread 0x000001c619151d30 Uncommon trap: reason=class_check action=maybe_recompile pc=0x000001c607f7b9fc method=org.eclipse.equinox.internal.p2.metadata.expression.NAry.equals(Ljava/lang/Object;)Z @ 13 c2
Event: 118.657 Thread 0x000001c619151d30 DEOPT PACKING pc=0x000001c607f7b9fc sp=0x0000009a4aefd020
Event: 118.657 Thread 0x000001c619151d30 DEOPT UNPACKING pc=0x000001c6074a46a2 sp=0x0000009a4aefcfd8 mode 2
Event: 118.685 Thread 0x000001c619151d30 Uncommon trap: trap_request=0xffffffc6 fr.pc=0x000001c607f7b91c relative=0x000000000000097c
Event: 118.685 Thread 0x000001c619151d30 Uncommon trap: reason=bimorphic_or_optimized_type_check action=maybe_recompile pc=0x000001c607f7b91c method=org.eclipse.equinox.internal.p2.metadata.expression.Expression.equals([Lorg/eclipse/equinox/internal/p2/metadata/expression/Expression;[Lorg/eclips
Event: 118.685 Thread 0x000001c619151d30 DEOPT PACKING pc=0x000001c607f7b91c sp=0x0000009a4aefd110
Event: 118.685 Thread 0x000001c619151d30 DEOPT UNPACKING pc=0x000001c6074a46a2 sp=0x0000009a4aefd048 mode 2
Event: 118.685 Thread 0x000001c619151d30 Uncommon trap: trap_request=0xffffffde fr.pc=0x000001c607f7b9fc relative=0x0000000000000a5c
Event: 118.685 Thread 0x000001c619151d30 Uncommon trap: reason=class_check action=maybe_recompile pc=0x000001c607f7b9fc method=org.eclipse.equinox.internal.p2.metadata.expression.NAry.equals(Ljava/lang/Object;)Z @ 13 c2
Event: 118.685 Thread 0x000001c619151d30 DEOPT PACKING pc=0x000001c607f7b9fc sp=0x0000009a4aefd020
Event: 118.685 Thread 0x000001c619151d30 DEOPT UNPACKING pc=0x000001c6074a46a2 sp=0x0000009a4aefcfd8 mode 2
Event: 122.683 Thread 0x000001c619151d30 Uncommon trap: trap_request=0xffffffc6 fr.pc=0x000001c607f7b91c relative=0x000000000000097c
Event: 122.683 Thread 0x000001c619151d30 Uncommon trap: reason=bimorphic_or_optimized_type_check action=maybe_recompile pc=0x000001c607f7b91c method=org.eclipse.equinox.internal.p2.metadata.expression.Expression.equals([Lorg/eclipse/equinox/internal/p2/metadata/expression/Expression;[Lorg/eclips
Event: 122.683 Thread 0x000001c619151d30 DEOPT PACKING pc=0x000001c607f7b91c sp=0x0000009a4aefd680
Event: 122.683 Thread 0x000001c619151d30 DEOPT UNPACKING pc=0x000001c6074a46a2 sp=0x0000009a4aefd5b8 mode 2
Event: 131.420 Thread 0x000001c619151d30 Uncommon trap: trap_request=0xffffff6e fr.pc=0x000001c6082bcc90 relative=0x0000000000000630
Event: 131.420 Thread 0x000001c619151d30 Uncommon trap: reason=loop_limit_check action=maybe_recompile pc=0x000001c6082bcc90 method=java.net.URI.needsNormalization(Ljava/lang/String;)I @ 149 c2
Event: 131.420 Thread 0x000001c619151d30 DEOPT PACKING pc=0x000001c6082bcc90 sp=0x0000009a4aefd0c0
Event: 131.420 Thread 0x000001c619151d30 DEOPT UNPACKING pc=0x000001c6074a46a2 sp=0x0000009a4aefd050 mode 2

Classes loaded (20 events):
Event: 64.969 Loading class java/util/TreeMap$AscendingSubMap$AscendingEntrySetView
Event: 64.969 Loading class java/util/TreeMap$NavigableSubMap$EntrySetView
Event: 64.969 Loading class java/util/TreeMap$NavigableSubMap$EntrySetView done
Event: 64.969 Loading class java/util/TreeMap$AscendingSubMap$AscendingEntrySetView done
Event: 64.969 Loading class java/util/TreeMap$NavigableSubMap$SubMapEntryIterator
Event: 64.970 Loading class java/util/TreeMap$NavigableSubMap$SubMapIterator
Event: 64.970 Loading class java/util/TreeMap$NavigableSubMap$SubMapIterator done
Event: 64.970 Loading class java/util/TreeMap$NavigableSubMap$SubMapEntryIterator done
Event: 64.977 Loading class java/util/jar/JarInputStream
Event: 64.977 Loading class java/util/jar/JarInputStream done
Event: 64.981 Loading class java/util/jar/JarOutputStream
Event: 64.981 Loading class java/util/jar/JarOutputStream done
Event: 71.319 Loading class sun/security/ssl/PreSharedKeyExtension$PskIdentity
Event: 71.319 Loading class sun/security/ssl/PreSharedKeyExtension$PskIdentity done
Event: 71.321 Loading class sun/security/ssl/PreSharedKeyExtension$CHPreSharedKeySpec
Event: 71.354 Loading class sun/security/ssl/PreSharedKeyExtension$CHPreSharedKeySpec done
Event: 71.354 Loading class sun/security/ssl/PreSharedKeyExtension$PartialClientHelloMessage
Event: 71.354 Loading class sun/security/ssl/PreSharedKeyExtension$PartialClientHelloMessage done
Event: 71.364 Loading class sun/security/ssl/PreSharedKeyExtension$SHPreSharedKeySpec
Event: 71.364 Loading class sun/security/ssl/PreSharedKeyExtension$SHPreSharedKeySpec done

Classes unloaded (1 events):
Event: 45.874 Thread 0x000001c611095df0 Unloading class 0x0000000100a61800 'java/lang/invoke/LambdaForm$DMH+0x0000000100a61800'

Classes redefined (0 events):
No events

Internal exceptions (20 events):
Event: 142.803 Thread 0x000001c6175f3180 Exception <a 'com/sun/jna/LastErrorException'{0x00000000dd436a10}: [12180] (null)> (0x00000000dd436a10) 
thrown [s\src\hotspot\share\prims\jni.cpp, line 539]
Event: 142.980 Thread 0x000001c619151d30 Exception <a 'com/sun/jna/LastErrorException'{0x00000000dd59e3f0}: [12180] (null)> (0x00000000dd59e3f0) 
thrown [s\src\hotspot\share\prims\jni.cpp, line 539]
Event: 143.612 Thread 0x000001c6113dab90 Exception <a 'java/lang/InterruptedException'{0x00000000dd455510}: sleep interrupted> (0x00000000dd455510) 
thrown [s\src\hotspot\share\prims\jvm.cpp, line 3074]
Event: 143.619 Thread 0x000001c6175f5f70 Exception <a 'com/sun/jna/LastErrorException'{0x00000000dd45fcc0}: [12180] (null)> (0x00000000dd45fcc0) 
thrown [s\src\hotspot\share\prims\jni.cpp, line 539]
Event: 143.789 Thread 0x000001c619151d30 Exception <a 'com/sun/jna/LastErrorException'{0x00000000d9fa1308}: [12180] (null)> (0x00000000d9fa1308) 
thrown [s\src\hotspot\share\prims\jni.cpp, line 539]
Event: 144.659 Thread 0x000001c6175f58e0 Exception <a 'java/lang/InterruptedException'{0x00000000d9e06d48}: sleep interrupted> (0x00000000d9e06d48) 
thrown [s\src\hotspot\share\prims\jvm.cpp, line 3074]
Event: 144.667 Thread 0x000001c6175f3180 Exception <a 'com/sun/jna/LastErrorException'{0x00000000d9e0f970}: [12180] (null)> (0x00000000d9e0f970) 
thrown [s\src\hotspot\share\prims\jni.cpp, line 539]
Event: 144.874 Thread 0x000001c619151d30 Exception <a 'com/sun/jna/LastErrorException'{0x00000000d8f2e558}: [12180] (null)> (0x00000000d8f2e558) 
thrown [s\src\hotspot\share\prims\jni.cpp, line 539]
Event: 145.031 Thread 0x000001c6175f6c90 Exception <a 'com/sun/jna/LastErrorException'{0x00000000d8f8e350}: [12180] (null)> (0x00000000d8f8e350) 
thrown [s\src\hotspot\share\prims\jni.cpp, line 539]
Event: 145.157 Thread 0x000001c619151d30 Exception <a 'com/sun/jna/LastErrorException'{0x00000000d7a887e0}: [12180] (null)> (0x00000000d7a887e0) 
thrown [s\src\hotspot\share\prims\jni.cpp, line 539]
Event: 145.231 Thread 0x000001c6175f79b0 Exception <a 'com/sun/jna/LastErrorException'{0x00000000d7912b10}: [12180] (null)> (0x00000000d7912b10) 
thrown [s\src\hotspot\share\prims\jni.cpp, line 539]
Event: 145.965 Thread 0x000001c6175f6c90 Exception <a 'com/sun/jna/LastErrorException'{0x00000000d79302d0}: [12180] (null)> (0x00000000d79302d0) 
thrown [s\src\hotspot\share\prims\jni.cpp, line 539]
Event: 146.066 Thread 0x000001c619151d30 Exception <a 'com/sun/jna/LastErrorException'{0x00000000d7aa89a8}: [12180] (null)> (0x00000000d7aa89a8) 
thrown [s\src\hotspot\share\prims\jni.cpp, line 539]
Event: 146.171 Thread 0x000001c6175f58e0 Exception <a 'com/sun/jna/LastErrorException'{0x00000000d7952fd8}: [12180] (null)> (0x00000000d7952fd8) 
thrown [s\src\hotspot\share\prims\jni.cpp, line 539]
Event: 146.916 Thread 0x000001c6175f2460 Exception <a 'com/sun/jna/LastErrorException'{0x00000000d796fed8}: [12180] (null)> (0x00000000d796fed8) 
thrown [s\src\hotspot\share\prims\jni.cpp, line 539]
Event: 147.087 Thread 0x000001c619151d30 Exception <a 'com/sun/jna/LastErrorException'{0x00000000d7ac9838}: [12180] (null)> (0x00000000d7ac9838) 
thrown [s\src\hotspot\share\prims\jni.cpp, line 539]
Event: 147.146 Thread 0x000001c6175f3180 Exception <a 'com/sun/jna/LastErrorException'{0x00000000d799d4c8}: [12180] (null)> (0x00000000d799d4c8) 
thrown [s\src\hotspot\share\prims\jni.cpp, line 539]
Event: 147.352 Thread 0x000001c619151d30 Exception <a 'com/sun/jna/LastErrorException'{0x00000000d76f0148}: [12180] (null)> (0x00000000d76f0148) 
thrown [s\src\hotspot\share\prims\jni.cpp, line 539]
Event: 147.417 Thread 0x000001c6113dab90 Exception <a 'com/sun/jna/LastErrorException'{0x00000000d758a6c8}: [12180] (null)> (0x00000000d758a6c8) 
thrown [s\src\hotspot\share\prims\jni.cpp, line 539]
Event: 147.672 Thread 0x000001c619151d30 Exception <a 'com/sun/jna/LastErrorException'{0x00000000ff007b80}: [12180] (null)> (0x00000000ff007b80) 
thrown [s\src\hotspot\share\prims\jni.cpp, line 539]

ZGC Phase Switch (0 events):
No events

VM Operations (20 events):
Event: 138.177 Executing VM operation: G1PauseCleanup done
Event: 140.178 Executing VM operation: Cleanup
Event: 140.178 Executing VM operation: Cleanup done
Event: 141.463 Executing VM operation: G1CollectForAllocation (G1 Evacuation Pause)
Event: 141.470 Executing VM operation: G1CollectForAllocation (G1 Evacuation Pause) done
Event: 143.471 Executing VM operation: Cleanup
Event: 143.471 Executing VM operation: Cleanup done
Event: 144.472 Executing VM operation: Cleanup
Event: 144.472 Executing VM operation: Cleanup done
Event: 145.472 Executing VM operation: Cleanup
Event: 145.472 Executing VM operation: Cleanup done
Event: 146.472 Executing VM operation: Cleanup
Event: 146.472 Executing VM operation: Cleanup done
Event: 147.472 Executing VM operation: Cleanup
Event: 147.473 Executing VM operation: Cleanup done
Event: 147.607 Executing VM operation: G1CollectForAllocation (G1 Evacuation Pause)
Event: 147.627 Executing VM operation: G1CollectForAllocation (G1 Evacuation Pause) done
Event: 147.629 Executing VM operation: G1TryInitiateConcMark (G1 Humongous Allocation)
Event: 147.663 Executing VM operation: G1TryInitiateConcMark (G1 Humongous Allocation) done
Event: 147.735 Executing VM operation: G1PauseRemark

Memory protections (0 events):
No events

Nmethod flushes (20 events):
Event: 147.742 Thread 0x000001c611095df0 flushing  nmethod 0x000001c6003a9790
Event: 147.742 Thread 0x000001c611095df0 flushing  nmethod 0x000001c600e79890
Event: 147.742 Thread 0x000001c611095df0 flushing  nmethod 0x000001c6082bc410
Event: 147.742 Thread 0x000001c611095df0 flushing  nmethod 0x000001c600491e10
Event: 147.742 Thread 0x000001c611095df0 flushing  nmethod 0x000001c6004b7790
Event: 147.742 Thread 0x000001c611095df0 flushing  nmethod 0x000001c600768610
Event: 147.742 Thread 0x000001c611095df0 flushing  nmethod 0x000001c601d8cd10
Event: 147.742 Thread 0x000001c611095df0 flushing  nmethod 0x000001c601d8d610
Event: 147.742 Thread 0x000001c611095df0 flushing  nmethod 0x000001c601d8e190
Event: 147.742 Thread 0x000001c611095df0 flushing  nmethod 0x000001c6006a8310
Event: 147.742 Thread 0x000001c611095df0 flushing  nmethod 0x000001c601ee7210
Event: 147.742 Thread 0x000001c611095df0 flushing  nmethod 0x000001c601ee7b10
Event: 147.742 Thread 0x000001c611095df0 flushing  nmethod 0x000001c601ee8190
Event: 147.742 Thread 0x000001c611095df0 flushing osr nmethod 0x000001c6001f0010
Event: 147.742 Thread 0x000001c611095df0 flushing osr nmethod 0x000001c600aeb590
Event: 147.742 Thread 0x000001c611095df0 flushing  nmethod 0x000001c601d51210
Event: 147.742 Thread 0x000001c611095df0 flushing  nmethod 0x000001c6011ace10
Event: 147.742 Thread 0x000001c611095df0 flushing  nmethod 0x000001c6017bde10
Event: 147.742 Thread 0x000001c611095df0 flushing osr nmethod 0x000001c60019d210
Event: 147.742 Thread 0x000001c611095df0 flushing  nmethod 0x000001c600290c10

Events (20 events):
Event: 108.078 Thread 0x000001c61dd1e2a0 Thread exited: 0x000001c61dd1e2a0
Event: 109.071 Thread 0x000001c61dd21920 Thread exited: 0x000001c61dd21920
Event: 109.184 Thread 0x000001c61dd21250 Thread added: 0x000001c61dd21920
Event: 109.510 Thread 0x000001c61dd21920 Thread exited: 0x000001c61dd21920
Event: 110.796 Thread 0x000001c61dd21250 Thread exited: 0x000001c61dd21250
Event: 116.073 Thread 0x000001c611145460 Thread added: 0x000001c61dd23b30
Event: 116.073 Thread 0x000001c611145460 Thread added: 0x000001c61dd24200
Event: 116.073 Thread 0x000001c611145460 Thread added: 0x000001c61dd21ff0
Event: 119.467 Thread 0x000001c61dd21ff0 Thread exited: 0x000001c61dd21ff0
Event: 121.459 Thread 0x000001c61dd24200 Thread exited: 0x000001c61dd24200
Event: 121.615 Thread 0x000001c61dd23b30 Thread exited: 0x000001c61dd23b30
Event: 125.443 Thread 0x000001c611145460 Thread added: 0x000001c6231887d0
Event: 126.174 Thread 0x000001c6231887d0 Thread exited: 0x000001c6231887d0
Event: 126.390 Thread 0x000001c611145460 Thread added: 0x000001c6231887d0
Event: 126.390 Thread 0x000001c611145460 Thread added: 0x000001c623188100
Event: 126.390 Thread 0x000001c611145460 Thread added: 0x000001c621dd2590
Event: 127.186 Thread 0x000001c621dd2590 Thread exited: 0x000001c621dd2590
Event: 129.130 Thread 0x000001c623188100 Thread exited: 0x000001c623188100
Event: 129.194 Thread 0x000001c6231887d0 Thread exited: 0x000001c6231887d0
Event: 131.318 Thread 0x000001c62b1b1350 Thread exited: 0x000001c62b1b1350


Dynamic libraries:
0x00007ff662850000 - 0x00007ff6628d9000 	C:\ST\STM32CubeIDE_1.16.0\STM32CubeIDE\stm32cubeide.exe
0x00007ffe73760000 - 0x00007ffe739c7000 	C:\WINDOWS\SYSTEM32\ntdll.dll
0x00007ffe72780000 - 0x00007ffe72849000 	C:\WINDOWS\System32\KERNEL32.DLL
0x00007ffe70fc0000 - 0x00007ffe713b4000 	C:\WINDOWS\System32\KERNELBASE.dll
0x00007ffe71630000 - 0x00007ffe717f5000 	C:\WINDOWS\System32\USER32.dll
0x00007ffe70c40000 - 0x00007ffe70c67000 	C:\WINDOWS\System32\win32u.dll
0x00007ffe72710000 - 0x00007ffe7273b000 	C:\WINDOWS\System32\GDI32.dll
0x00007ffe713c0000 - 0x00007ffe714eb000 	C:\WINDOWS\System32\gdi32full.dll
0x00007ffe700f0000 - 0x00007ffe70193000 	C:\WINDOWS\System32\msvcp_win.dll
0x00007ffe70e70000 - 0x00007ffe70fbb000 	C:\WINDOWS\System32\ucrtbase.dll
0x00007ffe4f590000 - 0x00007ffe4f823000 	C:\WINDOWS\WinSxS\amd64_microsoft.windows.common-controls_6595b64144ccf1df_6.0.26100.8115_none_3e075c82e3354f9c\COMCTL32.dll
0x00007ffe72b90000 - 0x00007ffe72c39000 	C:\WINDOWS\System32\msvcrt.dll
0x00007ffe72740000 - 0x00007ffe72772000 	C:\WINDOWS\System32\IMM32.DLL
0x00007ffe29ec0000 - 0x00007ffe29f05000 	C:\ST\STM32CubeIDE_1.16.0\STM32CubeIDE\plugins\org.eclipse.equinox.launcher.win32.win32.x86_64_1.2.1100.v20240722-2106\eclipse_11904.dll
0x00007ffe72650000 - 0x00007ffe72706000 	C:\WINDOWS\System32\ADVAPI32.dll
0x00007ffe72910000 - 0x00007ffe729b7000 	C:\WINDOWS\System32\sechost.dll
0x00007ffe71510000 - 0x00007ffe71628000 	C:\WINDOWS\System32\RPCRT4.dll
0x00007ffe734e0000 - 0x00007ffe73677000 	C:\WINDOWS\System32\ole32.dll
0x00007ffe72c60000 - 0x00007ffe72fe2000 	C:\WINDOWS\System32\combase.dll
0x00007ffe6e960000 - 0x00007ffe6e96b000 	C:\WINDOWS\SYSTEM32\VERSION.dll
0x00007ffd83d10000 - 0x00007ffd84aa7000 	C:\ST\STM32CubeIDE_1.16.0\STM32CubeIDE\plugins\com.st.stm32cube.ide.jre.win64_3.4.100.202508201254\jre\bin\server\jvm.dll
0x00007ffe73680000 - 0x00007ffe73700000 	C:\WINDOWS\System32\WS2_32.dll
0x00007ffe6fe90000 - 0x00007ffe6feee000 	C:\WINDOWS\SYSTEM32\POWRPROF.dll
0x00007ffe4f4a0000 - 0x00007ffe4f4be000 	C:\WINDOWS\SYSTEM32\VCRUNTIME140.dll
0x00007ffe63cf0000 - 0x00007ffe63d26000 	C:\WINDOWS\SYSTEM32\WINMM.dll
0x00007ffe4f490000 - 0x00007ffe4f49b000 	C:\WINDOWS\SYSTEM32\VCRUNTIME140_1.dll
0x00007ffe6fe70000 - 0x00007ffe6fe84000 	C:\WINDOWS\SYSTEM32\UMPDC.dll
0x00007ffe62f70000 - 0x00007ffe62f7a000 	C:\ST\STM32CubeIDE_1.16.0\STM32CubeIDE\plugins\com.st.stm32cube.ide.jre.win64_3.4.100.202508201254\jre\bin\jimage.dll
0x00007ffe6d610000 - 0x00007ffe6d852000 	C:\WINDOWS\SYSTEM32\DBGHELP.DLL
0x00007ffe72080000 - 0x00007ffe72158000 	C:\WINDOWS\System32\OLEAUT32.dll
0x00007ffe3c5e0000 - 0x00007ffe3c61b000 	C:\WINDOWS\SYSTEM32\dbgcore.DLL
0x00007ffe70a10000 - 0x00007ffe70ab5000 	C:\WINDOWS\System32\bcryptPrimitives.dll
0x00007ffe4c0f0000 - 0x00007ffe4c10f000 	C:\ST\STM32CubeIDE_1.16.0\STM32CubeIDE\plugins\com.st.stm32cube.ide.jre.win64_3.4.100.202508201254\jre\bin\java.dll
0x00007ffe6edc0000 - 0x00007ffe6eddb000 	C:\WINDOWS\SYSTEM32\kernel.appcore.dll
0x00007ffe71810000 - 0x00007ffe71f77000 	C:\WINDOWS\System32\SHELL32.dll
0x00007ffe70d00000 - 0x00007ffe70e6a000 	C:\WINDOWS\System32\wintypes.dll
0x00007ffe701a0000 - 0x00007ffe70a08000 	C:\WINDOWS\System32\windows.storage.dll
0x00007ffe71f80000 - 0x00007ffe72078000 	C:\WINDOWS\System32\SHCORE.dll
0x00007ffe72ff0000 - 0x00007ffe73056000 	C:\WINDOWS\System32\shlwapi.dll
0x00007ffe6ff50000 - 0x00007ffe6ff79000 	C:\WINDOWS\SYSTEM32\profapi.dll
0x00007ffe27a20000 - 0x00007ffe27af7000 	C:\ST\STM32CubeIDE_1.16.0\STM32CubeIDE\plugins\com.st.stm32cube.ide.jre.win64_3.4.100.202508201254\jre\bin\jsvml.dll
0x00007ffe5bee0000 - 0x00007ffe5bef0000 	C:\ST\STM32CubeIDE_1.16.0\STM32CubeIDE\plugins\com.st.stm32cube.ide.jre.win64_3.4.100.202508201254\jre\bin\net.dll
0x00007ffe69110000 - 0x00007ffe6923d000 	C:\WINDOWS\SYSTEM32\WINHTTP.dll
0x00007ffe6f330000 - 0x00007ffe6f39c000 	C:\WINDOWS\system32\mswsock.dll
0x00007ffe3a6c0000 - 0x00007ffe3a6d6000 	C:\ST\STM32CubeIDE_1.16.0\STM32CubeIDE\plugins\com.st.stm32cube.ide.jre.win64_3.4.100.202508201254\jre\bin\nio.dll
0x00007ffe3a230000 - 0x00007ffe3a248000 	C:\ST\STM32CubeIDE_1.16.0\STM32CubeIDE\plugins\com.st.stm32cube.ide.jre.win64_3.4.100.202508201254\jre\bin\zip.dll
0x00007ffe6d3e0000 - 0x00007ffe6d489000 	C:\WINDOWS\system32\uxtheme.dll
0x00007ffe73060000 - 0x00007ffe731bc000 	C:\WINDOWS\System32\MSCTF.dll
0x00007ffe73420000 - 0x00007ffe734ce000 	C:\WINDOWS\System32\clbcatq.dll
0x00007ffe47ee0000 - 0x00007ffe48028000 	C:\WINDOWS\SYSTEM32\textinputframework.dll
0x00007ffe6cd30000 - 0x00007ffe6ce57000 	C:\WINDOWS\SYSTEM32\CoreMessaging.dll
0x00007ffe69240000 - 0x00007ffe69522000 	C:\WINDOWS\SYSTEM32\CoreUIComponents.dll
0x00007ffe6f630000 - 0x00007ffe6f63c000 	C:\WINDOWS\SYSTEM32\CRYPTBASE.DLL
0x00007ffe1d0b0000 - 0x00007ffe1d126000 	C:\WINDOWS\system32\Oleacc.dll
0x00007ffe278e0000 - 0x00007ffe279aa000 	C:\ST\STM32CubeIDE_1.16.0\STM32CubeIDE\configuration\org.eclipse.osgi\767\0\.cp\swt-win32-4966r5.dll
0x00007ffe729c0000 - 0x00007ffe72aaf000 	C:\WINDOWS\System32\COMDLG32.dll
0x00007ffdda130000 - 0x00007ffdda149000 	C:\WINDOWS\SYSTEM32\USP10.dll
0x00007ffe4e5e0000 - 0x00007ffe4e875000 	C:\WINDOWS\SYSTEM32\WININET.dll
0x00007ffe21130000 - 0x00007ffe211e1000 	C:\WINDOWS\SYSTEM32\WINSPOOL.DRV
0x00007ffe6a980000 - 0x00007ffe6aa83000 	C:\WINDOWS\SYSTEM32\PROPSYS.dll
0x00007ffe447f0000 - 0x00007ffe449cf000 	C:\WINDOWS\SYSTEM32\urlmon.dll
0x00007ffe4f930000 - 0x00007ffe4f938000 	C:\WINDOWS\SYSTEM32\MSIMG32.dll
0x00007ffe6fc10000 - 0x00007ffe6fc61000 	C:\WINDOWS\SYSTEM32\cfgmgr32.dll
0x00007ffe6d9f0000 - 0x00007ffe6da1f000 	C:\WINDOWS\SYSTEM32\dwmapi.dll
0x00007ffe44520000 - 0x00007ffe447e4000 	C:\WINDOWS\SYSTEM32\iertutil.dll
0x00007ffe6e8e0000 - 0x00007ffe6e8ed000 	C:\WINDOWS\SYSTEM32\netutils.dll
0x00007ffe53bb0000 - 0x00007ffe53bd9000 	C:\WINDOWS\SYSTEM32\srvcli.dll
0x00007ffe6f610000 - 0x00007ffe6f62b000 	C:\WINDOWS\SYSTEM32\CRYPTSP.dll
0x00007ffe6ed20000 - 0x00007ffe6ed59000 	C:\WINDOWS\system32\rsaenh.dll
0x00007ffe6f3e0000 - 0x00007ffe6f413000 	C:\WINDOWS\SYSTEM32\USERENV.dll
0x00007ffe6ff20000 - 0x00007ffe6ff4a000 	C:\WINDOWS\SYSTEM32\bcrypt.dll
0x00007ffe6e570000 - 0x00007ffe6e5a2000 	C:\WINDOWS\SYSTEM32\IPHLPAPI.DLL
0x00007ffe71800000 - 0x00007ffe7180a000 	C:\WINDOWS\System32\NSI.dll
0x00007ffe3b3b0000 - 0x00007ffe3b3f9000 	C:\Users\smpet\AppData\Local\Temp\jna-109563013\jna4578981715810334972.dll
0x00007ffe714f0000 - 0x00007ffe714f8000 	C:\WINDOWS\System32\PSAPI.DLL
0x00007ffe35140000 - 0x00007ffe351f3000 	C:\WINDOWS\SYSTEM32\TextShaping.dll
0x00007ffe698c0000 - 0x00007ffe698dd000 	C:\WINDOWS\SYSTEM32\dhcpcsvc6.DLL
0x00007ffe69610000 - 0x00007ffe69635000 	C:\WINDOWS\SYSTEM32\dhcpcsvc.DLL
0x00007ffe62fa0000 - 0x00007ffe62fb0000 	C:\ST\STM32CubeIDE_1.16.0\STM32CubeIDE\plugins\com.st.stm32cube.ide.jre.win64_3.4.100.202508201254\jre\bin\verify.dll
0x00007ffe5aa80000 - 0x00007ffe5aaac000 	C:\ST\STM32CubeIDE_1.16.0\STM32CubeIDE\configuration\org.eclipse.osgi\767\0\.cp\swt-gdip-win32-4966r5.dll
0x00007ffe1d130000 - 0x00007ffe1d308000 	C:\WINDOWS\WinSxS\amd64_microsoft.windows.gdiplus_6595b64144ccf1df_1.1.26100.8246_none_6ef5395a3dc52f61\gdiplus.dll
0x00007ffe6b960000 - 0x00007ffe6bb8e000 	C:\WINDOWS\SYSTEM32\WindowsCodecs.dll
0x00007ffe62f90000 - 0x00007ffe62f9a000 	C:\ST\STM32CubeIDE_1.16.0\STM32CubeIDE\plugins\com.st.stm32cube.ide.jre.win64_3.4.100.202508201254\jre\bin\management.dll
0x00007ffe5bcf0000 - 0x00007ffe5bcfb000 	C:\ST\STM32CubeIDE_1.16.0\STM32CubeIDE\plugins\com.st.stm32cube.ide.jre.win64_3.4.100.202508201254\jre\bin\management_ext.dll
0x00007ffe3ccd0000 - 0x00007ffe3cce8000 	C:\WINDOWS\system32\napinsp.dll
0x00007ffe6e5b0000 - 0x00007ffe6e6e2000 	C:\WINDOWS\SYSTEM32\DNSAPI.dll
0x00007ffe3ccb0000 - 0x00007ffe3ccc3000 	C:\WINDOWS\System32\winrnr.dll
0x00007ffe3cc60000 - 0x00007ffe3cc82000 	C:\WINDOWS\system32\nlansp_c.dll
0x00007ffe676d0000 - 0x00007ffe676e6000 	C:\WINDOWS\system32\wshbth.dll
0x00007ffe67b60000 - 0x00007ffe67b6b000 	C:\Windows\System32\rasadhlp.dll
0x00007ffe69a90000 - 0x00007ffe69b16000 	C:\WINDOWS\System32\fwpuclnt.dll
0x00007ffe37600000 - 0x00007ffe3765a000 	C:\WINDOWS\system32\dataexchange.dll
0x00007ffe63aa0000 - 0x00007ffe63ced000 	C:\WINDOWS\system32\twinapi.appcore.dll
0x00007ffe2b2e0000 - 0x00007ffe2b309000 	C:\WINDOWS\SYSTEM32\edputil.dll
0x00007ffe2aec0000 - 0x00007ffe2b038000 	C:\Windows\System32\Windows.System.Launcher.dll
0x00007ffe38d00000 - 0x00007ffe38d1d000 	C:\WINDOWS\SYSTEM32\windows.staterepositorycore.dll
0x00007ffe0c500000 - 0x00007ffe0c56f000 	C:\Windows\System32\thumbcache.dll
0x00007ffe63d30000 - 0x00007ffe63d74000 	C:\WINDOWS\system32\mlang.dll
0x00007ffe6c450000 - 0x00007ffe6c6b7000 	C:\WINDOWS\SYSTEM32\DWrite.dll
0x00007ffe0d120000 - 0x00007ffe0d402000 	C:\WINDOWS\system32\explorerframe.dll
0x00007ffe5bc40000 - 0x00007ffe5bc49000 	C:\ST\STM32CubeIDE_1.16.0\STM32CubeIDE\plugins\com.st.stm32cube.ide.jre.win64_3.4.100.202508201254\jre\bin\prefs.dll
0x00007ffe6fdc0000 - 0x00007ffe6fe62000 	C:\WINDOWS\SYSTEM32\sxs.dll
0x00007ffe5bc30000 - 0x00007ffe5bc3e000 	C:\ST\STM32CubeIDE_1.16.0\STM32CubeIDE\plugins\com.st.stm32cube.ide.jre.win64_3.4.100.202508201254\jre\bin\sunmscapi.dll
0x00007ffe70ac0000 - 0x00007ffe70c37000 	C:\WINDOWS\System32\CRYPT32.dll
0x00007ffe6f830000 - 0x00007ffe6f860000 	C:\WINDOWS\SYSTEM32\ncrypt.dll
0x00007ffe6f7e0000 - 0x00007ffe6f81f000 	C:\WINDOWS\SYSTEM32\NTASN1.dll
0x00007ffe6f680000 - 0x00007ffe6f693000 	C:\WINDOWS\SYSTEM32\MSASN1.dll
0x00007ffe6f3a0000 - 0x00007ffe6f3d0000 	C:\WINDOWS\SYSTEM32\gpapi.dll
0x00007ffe15590000 - 0x00007ffe1560b000 	C:\WINDOWS\system32\Ninput.dll
0x00007ffe5bbf0000 - 0x00007ffe5bbf9000 	C:\ST\STM32CubeIDE_1.16.0\STM32CubeIDE\plugins\com.st.stm32cube.ide.jre.win64_3.4.100.202508201254\jre\bin\extnet.dll
0x00007ffe5b3a0000 - 0x00007ffe5b3a7000 	C:\ST\STM32CubeIDE_1.16.0\STM32CubeIDE\plugins\com.st.stm32cube.ide.jre.win64_3.4.100.202508201254\jre\bin\rmi.dll
0x0000000051f00000 - 0x0000000051f63000 	C:\ST\STM32CubeIDE_1.16.0\STM32CubeIDE\configuration\org.eclipse.osgi\609\0\.cp\os\win32\x86_64\serial.dll
0x00007ffe2b1b0000 - 0x00007ffe2b274000 	C:\Windows\System32\Windows.StateRepositoryPS.dll
0x00007ffe6f060000 - 0x00007ffe6f0a9000 	C:\WINDOWS\SYSTEM32\SspiCli.dll
0x00007ffe48a90000 - 0x00007ffe48aa7000 	C:\WINDOWS\SYSTEM32\virtdisk.dll
0x00007ffe6f6f0000 - 0x00007ffe6f758000 	C:\WINDOWS\SYSTEM32\Wldp.dll
0x00007ffe283f0000 - 0x00007ffe28408000 	C:\WINDOWS\SYSTEM32\pcacli.dll
0x00007ffe4fa70000 - 0x00007ffe4fa91000 	C:\WINDOWS\SYSTEM32\MPR.dll
0x00007ffe2a1e0000 - 0x00007ffe2a1ea000 	C:\WINDOWS\System32\sfc_os.dll
0x00007ffe6fcc0000 - 0x00007ffe6fdba000 	C:\WINDOWS\SYSTEM32\ServicingCommon.dll
0x00007ffe721c0000 - 0x00007ffe72647000 	C:\WINDOWS\System32\SETUPAPI.dll
0x00007ffe3f970000 - 0x00007ffe3f978000 	C:\WINDOWS\system32\wshunix.dll

JVMTI agents: none

dbghelp: loaded successfully - version: 4.0.5 - missing functions: none
symbol engine: initialized successfully - sym options: 0x614 - pdb path: .;C:\ST\STM32CubeIDE_1.16.0\STM32CubeIDE;C:\WINDOWS\SYSTEM32;C:\WINDOWS\WinSxS\amd64_microsoft.windows.common-controls_6595b64144ccf1df_6.0.26100.8115_none_3e075c82e3354f9c;C:\ST\STM32CubeIDE_1.16.0\STM32CubeIDE\plugins\org.eclipse.equinox.launcher.win32.win32.x86_64_1.2.1100.v20240722-2106;C:\ST\STM32CubeIDE_1.16.0\STM32CubeIDE\plugins\com.st.stm32cube.ide.jre.win64_3.4.100.202508201254\jre\bin\server;C:\ST\STM32CubeIDE_1.16.0\STM32CubeIDE\plugins\com.st.stm32cube.ide.jre.win64_3.4.100.202508201254\jre\bin;C:\ST\STM32CubeIDE_1.16.0\STM32CubeIDE\configuration\org.eclipse.osgi\767\0\.cp;C:\Users\smpet\AppData\Local\Temp\jna-109563013;C:\WINDOWS\WinSxS\amd64_microsoft.windows.gdiplus_6595b64144ccf1df_1.1.26100.8246_none_6ef5395a3dc52f61;C:\ST\STM32CubeIDE_1.16.0\STM32CubeIDE\configuration\org.eclipse.osgi\609\0\.cp\os\win32\x86_64

VM Arguments:
jvm_args: -Dosgi.requiredJavaVersion=1.8 -Dosgi.instance.area.default=@user.home/STM32CubeIDE/workspace_2.0.0 -Declipse.buildId=Version 2.0.0 -DproductMaturityGrade=mm -Djdk.http.auth.tunneling.disabledSchemes= -XX:+UseG1GC -XX:+UseStringDeduplication -Xms256m -Xmx1024m -Djavax.net.ssl.trustStoreType=WINDOWS-ROOT 
java_command: <unknown>
java_class_path (initial): C:\ST\STM32CubeIDE_1.16.0\STM32CubeIDE\\plugins/org.eclipse.equinox.launcher_1.6.900.v20240613-2009.jar
Launcher Type: generic

[Global flags]
     intx CICompilerCount                          = 12                                        {product} {ergonomic}
     uint ConcGCThreads                            = 4                                         {product} {ergonomic}
     uint G1ConcRefinementThreads                  = 15                                        {product} {ergonomic}
   size_t G1HeapRegionSize                         = 1048576                                   {product} {ergonomic}
    uintx GCDrainStackTargetSize                   = 64                                        {product} {ergonomic}
   size_t InitialHeapSize                          = 268435456                                 {product} {command line}
   size_t MarkStackSize                            = 4194304                                   {product} {ergonomic}
   size_t MaxHeapSize                              = 1073741824                                {product} {command line}
   size_t MaxNewSize                               = 643825664                                 {product} {ergonomic}
   size_t MinHeapDeltaBytes                        = 1048576                                   {product} {ergonomic}
   size_t MinHeapSize                              = 268435456                                 {product} {command line}
    uintx NonNMethodCodeHeapSize                   = 7602480                                {pd product} {ergonomic}
    uintx NonProfiledCodeHeapSize                  = 122027880                              {pd product} {ergonomic}
    uintx ProfiledCodeHeapSize                     = 122027880                              {pd product} {ergonomic}
    uintx ReservedCodeCacheSize                    = 251658240                              {pd product} {ergonomic}
     bool SegmentedCodeCache                       = true                                      {product} {ergonomic}
   size_t SoftMaxHeapSize                          = 1073741824                             {manageable} {ergonomic}
     bool UseCompressedOops                        = true                           {product lp64_product} {ergonomic}
     bool UseG1GC                                  = true                                      {product} {command line}
     bool UseLargePagesIndividualAllocation        = false                                  {pd product} {ergonomic}
     bool UseStringDeduplication                   = true                                      {product} {command line}

Logging:
Log output configuration:
 #0: stdout all=warning uptime,level,tags foldmultilines=false
 #1: stderr all=off uptime,level,tags foldmultilines=false

Environment Variables:
PATH=C:\Program Files (x86)\NVIDIA Corporation\PhysX\Common;C:\Program Files (x86)\Common Files\Oracle\Java\java8path;C:\Program Files (x86)\Common Files\Oracle\Java\javapath;C:\Windows\system32;C:\Windows;C:\Windows\System32\Wbem;C:\Windows\System32\WindowsPowerShell\v1.0\;C:\Windows\System32\OpenSSH\;C:\Program Files\dotnet\;C:\Program Files\NVIDIA Corporation\NVIDIA NvDLISR;C:\Program Files\MATLAB\R2024a\bin;C:\Program Files\Microsoft SQL Server\Client SDK\ODBC\130\Tools\Binn\;C:\Program Files (x86)\Microsoft SQL Server\140\Tools\Binn\;C:\Program Files\Microsoft SQL Server\140\Tools\Binn\;C:\Program Files\Microsoft SQL Server\140\DTS\Binn\;C:\Program Files (x86)\Windows Kits\8.1\Windows Performance Toolkit\;C:\WINDOWS\system32;C:\WINDOWS;C:\WINDOWS\System32\Wbem;C:\WINDOWS\System32\WindowsPowerShell\v1.0\;C:\WINDOWS\System32\OpenSSH\;C:\Program Files\usbipd-win\;C:\Program Files\CMake\bin;C:\Program Files\Git\cmd;C:\Program Files (x86)\Windows Kits\10\Windows Performance Toolkit\;C:\Users\smpet\AppData\Local\Programs\Python\Launcher\;C:\Users\smpet\AppData\Local\Microsoft\WindowsApps;C:\Users\smpet\AppData\Local\Programs\Microsoft VS Code\bin;C:\msys64\usr\bin;C:\Program Files\Arm\GNU Toolchain mingw-w64-x86_64-arm-none-eabi\bin;
USERNAME=smpet
OS=Windows_NT
PROCESSOR_IDENTIFIER=Intel64 Family 6 Model 186 Stepping 2, GenuineIntel
TMP=C:\Users\smpet\AppData\Local\Temp
TEMP=C:\Users\smpet\AppData\Local\Temp




Periodic native trim disabled

---------------  S Y S T E M  ---------------

OS:
 Windows 11 , 64 bit Build 26100 (10.0.26100.8246)
OS uptime: 4 days 1:26 hours
Hyper-V role detected

CPU: total 20 (initial active 20) (10 cores per cpu, 2 threads per core) family 6 model 186 stepping 2 microcode 0x6134, cx8, cmov, fxsr, ht, mmx, 3dnowpref, sse, sse2, sse3, ssse3, sse4.1, sse4.2, popcnt, lzcnt, tsc, tscinvbit, avx, avx2, aes, erms, clmul, bmi1, bmi2, adx, sha, fma, vzeroupper, clflush, clflushopt, clwb, hv, serialize, rdtscp, rdpid, fsrm, f16c, cet_ibt, cet_ss
Processor Information for processor 0
  Max Mhz: 2400, Current Mhz: 1520, Mhz Limit: 2400
Processor Information for processor 1
  Max Mhz: 2400, Current Mhz: 1520, Mhz Limit: 2400
Processor Information for processor 2
  Max Mhz: 2400, Current Mhz: 2400, Mhz Limit: 2400
Processor Information for processor 3
  Max Mhz: 2400, Current Mhz: 1520, Mhz Limit: 2400
Processor Information for processor 4
  Max Mhz: 2400, Current Mhz: 1520, Mhz Limit: 2400
Processor Information for processor 5
  Max Mhz: 2400, Current Mhz: 2400, Mhz Limit: 2400
Processor Information for processor 6
  Max Mhz: 2400, Current Mhz: 2400, Mhz Limit: 2400
Processor Information for processor 7
  Max Mhz: 2400, Current Mhz: 1520, Mhz Limit: 2400
Processor Information for processor 8
  Max Mhz: 2400, Current Mhz: 2400, Mhz Limit: 2400
Processor Information for processor 9
  Max Mhz: 2400, Current Mhz: 2400, Mhz Limit: 2400
Processor Information for processor 10
  Max Mhz: 2400, Current Mhz: 2400, Mhz Limit: 2400
Processor Information for processor 11
  Max Mhz: 2400, Current Mhz: 2400, Mhz Limit: 2400
Processor Information for processor 12
  Max Mhz: 2400, Current Mhz: 2400, Mhz Limit: 2400
Processor Information for processor 13
  Max Mhz: 2400, Current Mhz: 2400, Mhz Limit: 2400
Processor Information for processor 14
  Max Mhz: 2400, Current Mhz: 2400, Mhz Limit: 2400
Processor Information for processor 15
  Max Mhz: 2400, Current Mhz: 2400, Mhz Limit: 2400
Processor Information for processor 16
  Max Mhz: 2400, Current Mhz: 1466, Mhz Limit: 2400
Processor Information for processor 17
  Max Mhz: 2400, Current Mhz: 2400, Mhz Limit: 2400
Processor Information for processor 18
  Max Mhz: 2400, Current Mhz: 2400, Mhz Limit: 2400
Processor Information for processor 19
  Max Mhz: 2400, Current Mhz: 1466, Mhz Limit: 2400

Memory: 4k page, system-wide physical 16055M (1972M free)
TotalPageFile size 35498M (AvailPageFile size 36M)
current process WorkingSet (physical memory assigned to process): 975M, peak: 977M
current process commit charge ("private bytes"): 1006M, peak: 1052M

vm_info: OpenJDK 64-Bit Server VM (21.0.8+9-LTS) for windows-amd64 JRE (21.0.8+9-LTS), built on 2025-07-15T00:00:00Z by "admin" with MS VC++ 17.7 (VS2022)

END.
