#
# There is insufficient memory for the Java Runtime Environment to continue.
# Native memory allocation (malloc) failed to allocate 859856 bytes. Error detail: Chunk::new
# Possible reasons:
#   The system is out of physical RAM or swap space
#   This process is running with CompressedOops enabled, and the Java Heap may be blocking the growth of the native heap
# Possible solutions:
#   Reduce memory load on the system
#   Increase physical memory or swap space
#   Check if swap backing store is full
#   Decrease Java heap size (-Xmx/-Xms)
#   Decrease number of Java threads
#   Decrease Java thread stack sizes (-Xss)
#   Set larger code cache with -XX:ReservedCodeCacheSize=
#   JVM is running with Zero Based Compressed Oops mode in which the Java heap is
#     placed in the first 32GB address space. The Java Heap base address is the
#     maximum limit for the native heap growth. Please use -XX:HeapBaseMinAddress
#     to set the Java Heap base and to place the Java Heap above 32GB virtual address.
# This output file may be truncated or incomplete.
#
#  Out of Memory Error (arena.cpp:168), pid=30020, tid=34656
#
# JRE version: OpenJDK Runtime Environment Temurin-21.0.9+10 (21.0.9+10) (build 21.0.9+10-LTS)
# Java VM: OpenJDK 64-Bit Server VM Temurin-21.0.9+10 (21.0.9+10-LTS, mixed mode, tiered, compressed oops, compressed class ptrs, g1 gc, windows-amd64)
# No core dump will be written. Minidumps are not enabled by default on client versions of Windows
#

---------------  S U M M A R Y ------------

Command Line: -Djavax.net.ssl.trustStoreType=WINDOWS-ROOT -Dsun.java2d.d3d=false --add-exports=java.desktop/sun.awt=ALL-UNNAMED --add-opens=java.desktop/java.awt=ALL-UNNAMED -Dfile.encoding=UTF8 com.st.microxplorer.maingui.STM32CubeMX C:\Users\smpet\Desktop\26-BMS_Master\26-BMS_Master.ioc

Host: 13th Gen Intel(R) Core(TM) i7-13700H, 20 cores, 15G,  Windows 11 , 64 bit Build 26100 (10.0.26100.7920)
Time: Fri Apr 10 12:33:27 2026 W. Australia Standard Time elapsed time: 19.665287 seconds (0d 0h 0m 19s)

---------------  T H R E A D  ---------------

Current thread (0x0000020a39975f30):  JavaThread "C2 CompilerThread1" daemon [_thread_in_native, id=34656, stack(0x000000adce100000,0x000000adce200000) (1024K)]


Current CompileTask:
C2:19665 15760       4       com.bestcode.mathparser.MathParserImpl::IsTwoParamFunc (820 bytes)

Stack: [0x000000adce100000,0x000000adce200000]
Native frames: (J=compiled Java code, j=interpreted, Vv=VM code, C=native code)
V  [jvm.dll+0x6d6e29]
V  [jvm.dll+0x8b4b76]
V  [jvm.dll+0x8b712e]
V  [jvm.dll+0x8b7813]
V  [jvm.dll+0x283d86]
V  [jvm.dll+0xc66ed]
V  [jvm.dll+0xc6c31]
V  [jvm.dll+0x3be501]
V  [jvm.dll+0x38ab92]
V  [jvm.dll+0x389fda]
V  [jvm.dll+0x24bfa0]
V  [jvm.dll+0x24b580]
V  [jvm.dll+0x1cb13e]
V  [jvm.dll+0x25b29d]
V  [jvm.dll+0x25982a]
V  [jvm.dll+0x3f7ea6]
V  [jvm.dll+0x85e9ad]
V  [jvm.dll+0x6d565d]
C  [ucrtbase.dll+0x37b0]
C  [KERNEL32.DLL+0x2e8d7]
C  [ntdll.dll+0x8c48c]


---------------  P R O C E S S  ---------------

Threads class SMR info:
_java_thread_list=0x0000020a36e532a0, length=36, elements={
0x0000020a2fc8e940, 0x0000020a2fc4d630, 0x0000020a2fc779c0, 0x0000020a2fc78c20,
0x0000020a2fc7b680, 0x0000020a2fc84210, 0x0000020a2fc850c0, 0x0000020a2fca49b0,
0x0000020a2fea7330, 0x0000020a2fea7ba0, 0x0000020a34ff2630, 0x0000020a34ff0500,
0x0000020a34d8dd70, 0x0000020a344109f0, 0x0000020a0c833e00, 0x0000020a3965a340,
0x0000020a3965c410, 0x0000020a382ea2a0, 0x0000020a382e7b40, 0x0000020a382e9580,
0x0000020a382e8860, 0x0000020a382e81d0, 0x0000020a382ebce0, 0x0000020a382eb650,
0x0000020a382ec370, 0x0000020a382e9c10, 0x0000020a382ea930, 0x0000020a382e8ef0,
0x0000020a382eafc0, 0x0000020a382ee440, 0x0000020a382eead0, 0x0000020a382ef160,
0x0000020a2ec9b990, 0x0000020a39975f30, 0x0000020a360cd320, 0x0000020a401fd4b0
}

Java Threads: ( => current thread )
  0x0000020a2fc8e940 JavaThread "Reference Handler"          daemon [_thread_blocked, id=30028, stack(0x000000adcd600000,0x000000adcd700000) (1024K)]
  0x0000020a2fc4d630 JavaThread "Finalizer"                  daemon [_thread_blocked, id=26016, stack(0x000000adcd700000,0x000000adcd800000) (1024K)]
  0x0000020a2fc779c0 JavaThread "Signal Dispatcher"          daemon [_thread_blocked, id=30400, stack(0x000000adcd800000,0x000000adcd900000) (1024K)]
  0x0000020a2fc78c20 JavaThread "Attach Listener"            daemon [_thread_blocked, id=21560, stack(0x000000adcd900000,0x000000adcda00000) (1024K)]
  0x0000020a2fc7b680 JavaThread "Service Thread"             daemon [_thread_blocked, id=31220, stack(0x000000adcda00000,0x000000adcdb00000) (1024K)]
  0x0000020a2fc84210 JavaThread "Monitor Deflation Thread"   daemon [_thread_blocked, id=32924, stack(0x000000adcdb00000,0x000000adcdc00000) (1024K)]
  0x0000020a2fc850c0 JavaThread "C2 CompilerThread0"         daemon [_thread_in_vm, id=18084, stack(0x000000adcdc00000,0x000000adcdd00000) (1024K)]
  0x0000020a2fca49b0 JavaThread "C1 CompilerThread0"         daemon [_thread_blocked, id=25576, stack(0x000000adcdd00000,0x000000adcde00000) (1024K)]
  0x0000020a2fea7330 JavaThread "Notification Thread"        daemon [_thread_blocked, id=34908, stack(0x000000adcdf00000,0x000000adce000000) (1024K)]
  0x0000020a2fea7ba0 JavaThread "Common-Cleaner"             daemon [_thread_blocked, id=32688, stack(0x000000adce000000,0x000000adce100000) (1024K)]
  0x0000020a34ff2630 JavaThread "Java2D Disposer"            daemon [_thread_blocked, id=32656, stack(0x000000adcf400000,0x000000adcf500000) (1024K)]
  0x0000020a34ff0500 JavaThread "AWT-Shutdown"                      [_thread_blocked, id=3872, stack(0x000000adcf500000,0x000000adcf600000) (1024K)]
  0x0000020a34d8dd70 JavaThread "AWT-Windows"                daemon [_thread_in_native, id=22036, stack(0x000000adcf600000,0x000000adcf700000) (1024K)]
  0x0000020a344109f0 JavaThread "AWT-EventQueue-0"                  [_thread_in_Java, id=25288, stack(0x000000adcf700000,0x000000adcf800000) (1024K)]
  0x0000020a0c833e00 JavaThread "DestroyJavaVM"                     [_thread_blocked, id=3084, stack(0x000000adcce00000,0x000000adccf00000) (1024K)]
  0x0000020a3965a340 JavaThread "TimerQueue"                 daemon [_thread_blocked, id=21076, stack(0x000000add0400000,0x000000add0500000) (1024K)]
  0x0000020a3965c410 JavaThread "IPC Server Thread"          daemon [_thread_in_native, id=32840, stack(0x000000adce600000,0x000000adce700000) (1024K)]
  0x0000020a382ea2a0 JavaThread "Chromium Process Thread"           [_thread_in_native, id=32444, stack(0x000000adcfd00000,0x000000adcfe00000) (1024K)]
  0x0000020a382e7b40 JavaThread "Chromium Process Logger"    daemon [_thread_in_native, id=16516, stack(0x000000add0600000,0x000000add0700000) (1024K)]
  0x0000020a382e9580 JavaThread "IPC Memory Reader Thread"          [_thread_in_native, id=29836, stack(0x000000add0c00000,0x000000add0d00000) (1024K)]
  0x0000020a382e8860 JavaThread "Browser Thread: 879a8650-a0aa-4048-982d-bb442959fb83" daemon [_thread_blocked, id=4392, stack(0x000000add0d00000,0x000000add0e00000) (1024K)]
  0x0000020a382e81d0 JavaThread "Socket Connection Checker: 879a8650-a0aa-4048-982d-bb442959fb83"        [_thread_in_native, id=14504, stack(0x000000adce400000,0x000000adce500000) (1024K)]
  0x0000020a382ebce0 JavaThread "Network Thread: 40fc97b5-9075-4812-a1a0-45a8e36ad9d4" daemon [_thread_blocked, id=26560, stack(0x000000add0f00000,0x000000add1000000) (1024K)]
  0x0000020a382eb650 JavaThread "IPC Memory Reader Thread"          [_thread_in_native, id=35156, stack(0x000000add0e00000,0x000000add0f00000) (1024K)]
  0x0000020a382ec370 JavaThread "Socket Connection Checker: 40fc97b5-9075-4812-a1a0-45a8e36ad9d4"        [_thread_in_native, id=5092, stack(0x000000add1000000,0x000000add1100000) (1024K)]
  0x0000020a382e9c10 JavaThread "GPU Thread: f7a0d802-61bf-4875-8d8b-0a49e9f0d6f3" daemon [_thread_blocked, id=524, stack(0x000000add1300000,0x000000add1400000) (1024K)]
  0x0000020a382ea930 JavaThread "IPC Memory Reader Thread"          [_thread_in_native, id=11556, stack(0x000000add1200000,0x000000add1300000) (1024K)]
  0x0000020a382e8ef0 JavaThread "Socket Connection Checker: f7a0d802-61bf-4875-8d8b-0a49e9f0d6f3"        [_thread_in_native, id=35344, stack(0x000000add1400000,0x000000add1500000) (1024K)]
  0x0000020a382eafc0 JavaThread "Render Thread: cd14848a-77ea-4579-8a00-8f5272656f59" daemon [_thread_blocked, id=13832, stack(0x000000add1e00000,0x000000add1f00000) (1024K)]
  0x0000020a382ee440 JavaThread "IPC Memory Reader Thread"          [_thread_in_native, id=19448, stack(0x000000add1d00000,0x000000add1e00000) (1024K)]
  0x0000020a382eead0 JavaThread "Socket Connection Checker: cd14848a-77ea-4579-8a00-8f5272656f59"        [_thread_in_native, id=3952, stack(0x000000add1f00000,0x000000add2000000) (1024K)]
  0x0000020a382ef160 JavaThread "SwingWorker-pool-4-thread-1" daemon [_thread_blocked, id=2648, stack(0x000000add0000000,0x000000add0100000) (1024K)]
  0x0000020a2ec9b990 JavaThread "SwingWorker-pool-4-thread-2" daemon [_thread_blocked, id=15876, stack(0x000000adcde00000,0x000000adcdf00000) (1024K)]
=>0x0000020a39975f30 JavaThread "C2 CompilerThread1"         daemon [_thread_in_native, id=34656, stack(0x000000adce100000,0x000000adce200000) (1024K)]
  0x0000020a360cd320 JavaThread "C1 CompilerThread1"         daemon [_thread_blocked, id=31184, stack(0x000000add0100000,0x000000add0200000) (1024K)]
  0x0000020a401fd4b0 JavaThread "Image Fetcher 0"            daemon [_thread_blocked, id=33044, stack(0x000000add0a00000,0x000000add0b00000) (1024K)]
Total: 36

Other Threads:
  0x0000020a0c811970 VMThread "VM Thread"                           [id=30256, stack(0x000000adcd500000,0x000000adcd600000) (1024K)]
  0x0000020a2edba400 WatcherThread "VM Periodic Task Thread"        [id=33908, stack(0x000000adcd400000,0x000000adcd500000) (1024K)]
  0x0000020a0c810af0 WorkerThread "GC Thread#0"                     [id=29440, stack(0x000000adccf00000,0x000000adcd000000) (1024K)]
  0x0000020a348f0360 WorkerThread "GC Thread#1"                     [id=32816, stack(0x000000adce700000,0x000000adce800000) (1024K)]
  0x0000020a348f2060 WorkerThread "GC Thread#2"                     [id=28560, stack(0x000000adce800000,0x000000adce900000) (1024K)]
  0x0000020a348f2400 WorkerThread "GC Thread#3"                     [id=9272, stack(0x000000adce900000,0x000000adcea00000) (1024K)]
  0x0000020a348f11e0 WorkerThread "GC Thread#4"                     [id=14328, stack(0x000000adcea00000,0x000000adceb00000) (1024K)]
  0x0000020a348f3280 WorkerThread "GC Thread#5"                     [id=33052, stack(0x000000adceb00000,0x000000adcec00000) (1024K)]
  0x0000020a348f1cc0 WorkerThread "GC Thread#6"                     [id=26544, stack(0x000000adcec00000,0x000000adced00000) (1024K)]
  0x0000020a348effc0 WorkerThread "GC Thread#7"                     [id=35692, stack(0x000000adced00000,0x000000adcee00000) (1024K)]
  0x0000020a348f0aa0 WorkerThread "GC Thread#8"                     [id=32296, stack(0x000000adcee00000,0x000000adcef00000) (1024K)]
  0x0000020a348f39c0 WorkerThread "GC Thread#9"                     [id=9920, stack(0x000000adcef00000,0x000000adcf000000) (1024K)]
  0x0000020a348f0e40 WorkerThread "GC Thread#10"                    [id=29892, stack(0x000000adcf000000,0x000000adcf100000) (1024K)]
  0x0000020a348f1920 WorkerThread "GC Thread#11"                    [id=23228, stack(0x000000adcf900000,0x000000adcfa00000) (1024K)]
  0x0000020a348f2ee0 WorkerThread "GC Thread#12"                    [id=27928, stack(0x000000adcfa00000,0x000000adcfb00000) (1024K)]
  0x0000020a348f0700 WorkerThread "GC Thread#13"                    [id=14808, stack(0x000000adcfb00000,0x000000adcfc00000) (1024K)]
  0x0000020a3541eae0 WorkerThread "GC Thread#14"                    [id=31772, stack(0x000000adcfc00000,0x000000adcfd00000) (1024K)]
  0x0000020a0ed664d0 ConcurrentGCThread "G1 Main Marker"            [id=3404, stack(0x000000adcd000000,0x000000adcd100000) (1024K)]
  0x0000020a0c8115d0 WorkerThread "G1 Conc#0"                       [id=19528, stack(0x000000adcd100000,0x000000adcd200000) (1024K)]
  0x0000020a348f27a0 WorkerThread "G1 Conc#1"                       [id=32980, stack(0x000000adcf100000,0x000000adcf200000) (1024K)]
  0x0000020a348f3620 WorkerThread "G1 Conc#2"                       [id=15932, stack(0x000000adcf200000,0x000000adcf300000) (1024K)]
  0x0000020a348f1580 WorkerThread "G1 Conc#3"                       [id=20060, stack(0x000000adcf300000,0x000000adcf400000) (1024K)]
  0x0000020a0edae5a0 ConcurrentGCThread "G1 Refine#0"               [id=35068, stack(0x000000adcd200000,0x000000adcd300000) (1024K)]
  0x0000020a2ec870b0 ConcurrentGCThread "G1 Service"                [id=28020, stack(0x000000adcd300000,0x000000adcd400000) (1024K)]
Total: 24

Threads with active compile tasks:
C2 CompilerThread0  19678 15780 %     4       sun.java2d.marlin.Renderer::_endRendering @ 2093 (2646 bytes)
C2 CompilerThread1  19678 15760       4       com.bestcode.mathparser.MathParserImpl::IsTwoParamFunc (820 bytes)
C1 CompilerThread1  19678 15781       3       com.st.microxplorer.mcu.Signal::isSingleMapped (53 bytes)
Total: 3

VM state: not at safepoint (normal execution)

VM Mutex/Monitor currently owned by a thread: None

Heap address: 0x0000000705200000, size: 4014 MB, Compressed Oops mode: Zero based, Oop shift amount: 3

CDS archive(s) not mapped
Compressed class space mapped at: 0x0000000800000000-0x0000000840000000, reserved size: 1073741824
Narrow klass base: 0x0000000800000000, Narrow klass shift: 0, Narrow klass range: 0x40000000

GC Precious Log:
 CardTable entry size: 512
 Card Set container configuration: InlinePtr #cards 4 size 8 Array Of Cards #cards 16 size 48 Howl #buckets 8 coarsen threshold 3686 Howl Bitmap #cards 512 size 80 coarsen threshold 460 Card regions per heap region 1 cards per card region 4096
 CPUs: 20 total, 20 available
 Memory: 16055M
 Large Page Support: Disabled
 NUMA Support: Disabled
 Compressed Oops: Enabled (Zero based)
 Heap Region Size: 2M
 Heap Min Capacity: 8M
 Heap Initial Capacity: 252M
 Heap Max Capacity: 4014M
 Pre-touch: Disabled
 Parallel Workers: 15
 Concurrent Workers: 4
 Concurrent Refinement Workers: 15
 Periodic GC: Disabled

Heap:
 garbage-first heap   total 811008K, used 680945K [0x0000000705200000, 0x0000000800000000)
  region size 2048K, 211 young (432128K), 23 survivors (47104K)
 Metaspace       used 103011K, committed 104320K, reserved 1179648K
  class space    used 11449K, committed 12032K, reserved 1048576K

Heap Regions: E=young(eden), S=young(survivor), O=old, HS=humongous(starts), HC=humongous(continues), CS=collection set, F=free, TAMS=top-at-mark-start, PB=parsable bottom
|   0|0x0000000705200000, 0x0000000705400000, 0x0000000705400000|100%|HS|  |TAMS 0x0000000705200000| PB 0x0000000705200000| Complete 
|   1|0x0000000705400000, 0x0000000705600000, 0x0000000705600000|100%|HC|  |TAMS 0x0000000705400000| PB 0x0000000705400000| Complete 
|   2|0x0000000705600000, 0x0000000705800000, 0x0000000705800000|100%|HC|  |TAMS 0x0000000705600000| PB 0x0000000705600000| Complete 
|   3|0x0000000705800000, 0x0000000705a00000, 0x0000000705a00000|100%|HC|  |TAMS 0x0000000705800000| PB 0x0000000705800000| Complete 
|   4|0x0000000705a00000, 0x0000000705c00000, 0x0000000705c00000|100%| O|  |TAMS 0x0000000705a00000| PB 0x0000000705a00000| Untracked 
|   5|0x0000000705c00000, 0x0000000705e00000, 0x0000000705e00000|100%| O|  |TAMS 0x0000000705c00000| PB 0x0000000705c00000| Untracked 
|   6|0x0000000705e00000, 0x0000000706000000, 0x0000000706000000|100%| O|  |TAMS 0x0000000705e00000| PB 0x0000000705e00000| Untracked 
|   7|0x0000000706000000, 0x0000000706200000, 0x0000000706200000|100%| O|  |TAMS 0x0000000706000000| PB 0x0000000706000000| Untracked 
|   8|0x0000000706200000, 0x0000000706400000, 0x0000000706400000|100%| O|  |TAMS 0x0000000706200000| PB 0x0000000706200000| Untracked 
|   9|0x0000000706400000, 0x0000000706600000, 0x0000000706600000|100%| O|  |TAMS 0x0000000706400000| PB 0x0000000706400000| Untracked 
|  10|0x0000000706600000, 0x0000000706800000, 0x0000000706800000|100%| O|  |TAMS 0x0000000706600000| PB 0x0000000706600000| Untracked 
|  11|0x0000000706800000, 0x0000000706a00000, 0x0000000706a00000|100%| O|  |TAMS 0x0000000706800000| PB 0x0000000706800000| Untracked 
|  12|0x0000000706a00000, 0x0000000706c00000, 0x0000000706c00000|100%| O|  |TAMS 0x0000000706a00000| PB 0x0000000706a00000| Untracked 
|  13|0x0000000706c00000, 0x0000000706e00000, 0x0000000706e00000|100%| O|  |TAMS 0x0000000706c00000| PB 0x0000000706c00000| Untracked 
|  14|0x0000000706e00000, 0x0000000707000000, 0x0000000707000000|100%| O|  |TAMS 0x0000000706e00000| PB 0x0000000706e00000| Untracked 
|  15|0x0000000707000000, 0x0000000707200000, 0x0000000707200000|100%| O|  |TAMS 0x0000000707000000| PB 0x0000000707000000| Untracked 
|  16|0x0000000707200000, 0x0000000707400000, 0x0000000707400000|100%|HS|  |TAMS 0x0000000707200000| PB 0x0000000707200000| Complete 
|  17|0x0000000707400000, 0x0000000707600000, 0x0000000707600000|100%| O|  |TAMS 0x0000000707400000| PB 0x0000000707400000| Untracked 
|  18|0x0000000707600000, 0x0000000707800000, 0x0000000707800000|100%|HS|  |TAMS 0x0000000707600000| PB 0x0000000707600000| Complete 
|  19|0x0000000707800000, 0x0000000707a00000, 0x0000000707a00000|100%| O|  |TAMS 0x0000000707800000| PB 0x0000000707800000| Untracked 
|  20|0x0000000707a00000, 0x0000000707c00000, 0x0000000707c00000|100%| O|  |TAMS 0x0000000707a00000| PB 0x0000000707a00000| Untracked 
|  21|0x0000000707c00000, 0x0000000707e00000, 0x0000000707e00000|100%|HS|  |TAMS 0x0000000707c00000| PB 0x0000000707c00000| Complete 
|  22|0x0000000707e00000, 0x0000000708000000, 0x0000000708000000|100%|HC|  |TAMS 0x0000000707e00000| PB 0x0000000707e00000| Complete 
|  23|0x0000000708000000, 0x0000000708200000, 0x0000000708200000|100%|HS|  |TAMS 0x0000000708000000| PB 0x0000000708000000| Complete 
|  24|0x0000000708200000, 0x0000000708400000, 0x0000000708400000|100%|HC|  |TAMS 0x0000000708200000| PB 0x0000000708200000| Complete 
|  25|0x0000000708400000, 0x0000000708600000, 0x0000000708600000|100%|HS|  |TAMS 0x0000000708400000| PB 0x0000000708400000| Complete 
|  26|0x0000000708600000, 0x0000000708800000, 0x0000000708800000|100%|HC|  |TAMS 0x0000000708600000| PB 0x0000000708600000| Complete 
|  27|0x0000000708800000, 0x0000000708a00000, 0x0000000708a00000|100%|HS|  |TAMS 0x0000000708800000| PB 0x0000000708800000| Complete 
|  28|0x0000000708a00000, 0x0000000708c00000, 0x0000000708c00000|100%|HC|  |TAMS 0x0000000708a00000| PB 0x0000000708a00000| Complete 
|  29|0x0000000708c00000, 0x0000000708e00000, 0x0000000708e00000|100%|HS|  |TAMS 0x0000000708c00000| PB 0x0000000708c00000| Complete 
|  30|0x0000000708e00000, 0x0000000709000000, 0x0000000709000000|100%|HC|  |TAMS 0x0000000708e00000| PB 0x0000000708e00000| Complete 
|  31|0x0000000709000000, 0x0000000709200000, 0x0000000709200000|100%|HS|  |TAMS 0x0000000709000000| PB 0x0000000709000000| Complete 
|  32|0x0000000709200000, 0x0000000709400000, 0x0000000709400000|100%|HC|  |TAMS 0x0000000709200000| PB 0x0000000709200000| Complete 
|  33|0x0000000709400000, 0x0000000709600000, 0x0000000709600000|100%|HS|  |TAMS 0x0000000709400000| PB 0x0000000709400000| Complete 
|  34|0x0000000709600000, 0x0000000709800000, 0x0000000709800000|100%|HC|  |TAMS 0x0000000709600000| PB 0x0000000709600000| Complete 
|  35|0x0000000709800000, 0x0000000709a00000, 0x0000000709a00000|100%|HS|  |TAMS 0x0000000709800000| PB 0x0000000709800000| Complete 
|  36|0x0000000709a00000, 0x0000000709c00000, 0x0000000709c00000|100%|HC|  |TAMS 0x0000000709a00000| PB 0x0000000709a00000| Complete 
|  37|0x0000000709c00000, 0x0000000709e00000, 0x0000000709e00000|100%|HS|  |TAMS 0x0000000709c00000| PB 0x0000000709c00000| Complete 
|  38|0x0000000709e00000, 0x000000070a000000, 0x000000070a000000|100%|HC|  |TAMS 0x0000000709e00000| PB 0x0000000709e00000| Complete 
|  39|0x000000070a000000, 0x000000070a200000, 0x000000070a200000|100%|HS|  |TAMS 0x000000070a000000| PB 0x000000070a000000| Complete 
|  40|0x000000070a200000, 0x000000070a400000, 0x000000070a400000|100%|HC|  |TAMS 0x000000070a200000| PB 0x000000070a200000| Complete 
|  41|0x000000070a400000, 0x000000070a600000, 0x000000070a600000|100%| O|  |TAMS 0x000000070a400000| PB 0x000000070a400000| Untracked 
|  42|0x000000070a600000, 0x000000070a800000, 0x000000070a800000|100%| O|  |TAMS 0x000000070a600000| PB 0x000000070a600000| Untracked 
|  43|0x000000070a800000, 0x000000070aa00000, 0x000000070aa00000|100%| O|  |TAMS 0x000000070a800000| PB 0x000000070a800000| Untracked 
|  44|0x000000070aa00000, 0x000000070ac00000, 0x000000070ac00000|100%| O|  |TAMS 0x000000070aa00000| PB 0x000000070aa00000| Untracked 
|  45|0x000000070ac00000, 0x000000070ae00000, 0x000000070ae00000|100%| O|  |TAMS 0x000000070ac00000| PB 0x000000070ac00000| Untracked 
|  46|0x000000070ae00000, 0x000000070b000000, 0x000000070b000000|100%| O|  |TAMS 0x000000070ae00000| PB 0x000000070ae00000| Untracked 
|  47|0x000000070b000000, 0x000000070b200000, 0x000000070b200000|100%| O|  |TAMS 0x000000070b000000| PB 0x000000070b000000| Untracked 
|  48|0x000000070b200000, 0x000000070b400000, 0x000000070b400000|100%| O|  |TAMS 0x000000070b200000| PB 0x000000070b200000| Untracked 
|  49|0x000000070b400000, 0x000000070b600000, 0x000000070b600000|100%| O|  |TAMS 0x000000070b400000| PB 0x000000070b400000| Untracked 
|  50|0x000000070b600000, 0x000000070b800000, 0x000000070b800000|100%| O|  |TAMS 0x000000070b600000| PB 0x000000070b600000| Untracked 
|  51|0x000000070b800000, 0x000000070ba00000, 0x000000070ba00000|100%| O|  |TAMS 0x000000070b800000| PB 0x000000070b800000| Untracked 
|  52|0x000000070ba00000, 0x000000070bc00000, 0x000000070bc00000|100%| O|  |TAMS 0x000000070ba00000| PB 0x000000070ba00000| Untracked 
|  53|0x000000070bc00000, 0x000000070be00000, 0x000000070be00000|100%| O|  |TAMS 0x000000070bc00000| PB 0x000000070bc00000| Untracked 
|  54|0x000000070be00000, 0x000000070c000000, 0x000000070c000000|100%| O|  |TAMS 0x000000070be00000| PB 0x000000070be00000| Untracked 
|  55|0x000000070c000000, 0x000000070c200000, 0x000000070c200000|100%| O|  |TAMS 0x000000070c000000| PB 0x000000070c000000| Untracked 
|  56|0x000000070c200000, 0x000000070c400000, 0x000000070c400000|100%| O|  |TAMS 0x000000070c200000| PB 0x000000070c200000| Untracked 
|  57|0x000000070c400000, 0x000000070c600000, 0x000000070c600000|100%| O|  |TAMS 0x000000070c400000| PB 0x000000070c400000| Untracked 
|  58|0x000000070c600000, 0x000000070c800000, 0x000000070c800000|100%| O|  |TAMS 0x000000070c600000| PB 0x000000070c600000| Untracked 
|  59|0x000000070c800000, 0x000000070ca00000, 0x000000070ca00000|100%| O|  |TAMS 0x000000070c800000| PB 0x000000070c800000| Untracked 
|  60|0x000000070ca00000, 0x000000070cc00000, 0x000000070cc00000|100%| O|  |TAMS 0x000000070ca00000| PB 0x000000070ca00000| Untracked 
|  61|0x000000070cc00000, 0x000000070ce00000, 0x000000070ce00000|100%|HS|  |TAMS 0x000000070cc00000| PB 0x000000070cc00000| Complete 
|  62|0x000000070ce00000, 0x000000070d000000, 0x000000070d000000|100%|HC|  |TAMS 0x000000070ce00000| PB 0x000000070ce00000| Complete 
|  63|0x000000070d000000, 0x000000070d200000, 0x000000070d200000|100%|HC|  |TAMS 0x000000070d000000| PB 0x000000070d000000| Complete 
|  64|0x000000070d200000, 0x000000070d400000, 0x000000070d400000|100%|HC|  |TAMS 0x000000070d200000| PB 0x000000070d200000| Complete 
|  65|0x000000070d400000, 0x000000070d600000, 0x000000070d600000|100%|HC|  |TAMS 0x000000070d400000| PB 0x000000070d400000| Complete 
|  66|0x000000070d600000, 0x000000070d800000, 0x000000070d800000|100%|HC|  |TAMS 0x000000070d600000| PB 0x000000070d600000| Complete 
|  67|0x000000070d800000, 0x000000070da00000, 0x000000070da00000|100%|HC|  |TAMS 0x000000070d800000| PB 0x000000070d800000| Complete 
|  68|0x000000070da00000, 0x000000070dc00000, 0x000000070dc00000|100%|HC|  |TAMS 0x000000070da00000| PB 0x000000070da00000| Complete 
|  69|0x000000070dc00000, 0x000000070de00000, 0x000000070de00000|100%|HC|  |TAMS 0x000000070dc00000| PB 0x000000070dc00000| Complete 
|  70|0x000000070de00000, 0x000000070e000000, 0x000000070e000000|100%|HC|  |TAMS 0x000000070de00000| PB 0x000000070de00000| Complete 
|  71|0x000000070e000000, 0x000000070e200000, 0x000000070e200000|100%| O|  |TAMS 0x000000070e000000| PB 0x000000070e000000| Untracked 
|  72|0x000000070e200000, 0x000000070e400000, 0x000000070e400000|100%| O|  |TAMS 0x000000070e200000| PB 0x000000070e200000| Untracked 
|  73|0x000000070e400000, 0x000000070e600000, 0x000000070e600000|100%| O|  |TAMS 0x000000070e400000| PB 0x000000070e400000| Untracked 
|  74|0x000000070e600000, 0x000000070e800000, 0x000000070e800000|100%| O|  |TAMS 0x000000070e600000| PB 0x000000070e600000| Untracked 
|  75|0x000000070e800000, 0x000000070ea00000, 0x000000070ea00000|100%| O|  |TAMS 0x000000070e800000| PB 0x000000070e800000| Untracked 
|  76|0x000000070ea00000, 0x000000070ec00000, 0x000000070ec00000|100%| O|  |TAMS 0x000000070ea00000| PB 0x000000070ea00000| Untracked 
|  77|0x000000070ec00000, 0x000000070ee00000, 0x000000070ee00000|100%| O|  |TAMS 0x000000070ec00000| PB 0x000000070ec00000| Untracked 
|  78|0x000000070ee00000, 0x000000070f000000, 0x000000070f000000|100%| O|  |TAMS 0x000000070ee00000| PB 0x000000070ee00000| Untracked 
|  79|0x000000070f000000, 0x000000070f200000, 0x000000070f200000|100%| O|  |TAMS 0x000000070f000000| PB 0x000000070f000000| Untracked 
|  80|0x000000070f200000, 0x000000070f400000, 0x000000070f400000|100%| O|  |TAMS 0x000000070f200000| PB 0x000000070f200000| Untracked 
|  81|0x000000070f400000, 0x000000070f600000, 0x000000070f600000|100%| O|  |TAMS 0x000000070f400000| PB 0x000000070f400000| Untracked 
|  82|0x000000070f600000, 0x000000070f800000, 0x000000070f800000|100%| O|  |TAMS 0x000000070f600000| PB 0x000000070f600000| Untracked 
|  83|0x000000070f800000, 0x000000070fa00000, 0x000000070fa00000|100%| O|  |TAMS 0x000000070f800000| PB 0x000000070f800000| Untracked 
|  84|0x000000070fa00000, 0x000000070fc00000, 0x000000070fc00000|100%| O|  |TAMS 0x000000070fa00000| PB 0x000000070fa00000| Untracked 
|  85|0x000000070fc00000, 0x000000070fe00000, 0x000000070fe00000|100%| O|  |TAMS 0x000000070fc00000| PB 0x000000070fc00000| Untracked 
|  86|0x000000070fe00000, 0x0000000710000000, 0x0000000710000000|100%| O|  |TAMS 0x000000070fe00000| PB 0x000000070fe00000| Untracked 
|  87|0x0000000710000000, 0x0000000710200000, 0x0000000710200000|100%| O|  |TAMS 0x0000000710000000| PB 0x0000000710000000| Untracked 
|  88|0x0000000710200000, 0x0000000710400000, 0x0000000710400000|100%| O|  |TAMS 0x0000000710200000| PB 0x0000000710200000| Untracked 
|  89|0x0000000710400000, 0x0000000710600000, 0x0000000710600000|100%| O|  |TAMS 0x0000000710400000| PB 0x0000000710400000| Untracked 
|  90|0x0000000710600000, 0x0000000710800000, 0x0000000710800000|100%| O|  |TAMS 0x0000000710600000| PB 0x0000000710600000| Untracked 
|  91|0x0000000710800000, 0x0000000710a00000, 0x0000000710a00000|100%| O|  |TAMS 0x0000000710800000| PB 0x0000000710800000| Untracked 
|  92|0x0000000710a00000, 0x0000000710c00000, 0x0000000710c00000|100%| O|  |TAMS 0x0000000710a00000| PB 0x0000000710a00000| Untracked 
|  93|0x0000000710c00000, 0x0000000710e00000, 0x0000000710e00000|100%| O|  |TAMS 0x0000000710c00000| PB 0x0000000710c00000| Untracked 
|  94|0x0000000710e00000, 0x0000000711000000, 0x0000000711000000|100%| O|  |TAMS 0x0000000710e00000| PB 0x0000000710e00000| Untracked 
|  95|0x0000000711000000, 0x0000000711200000, 0x0000000711200000|100%| O|  |TAMS 0x0000000711000000| PB 0x0000000711000000| Untracked 
|  96|0x0000000711200000, 0x0000000711400000, 0x0000000711400000|100%| O|  |TAMS 0x0000000711200000| PB 0x0000000711200000| Untracked 
|  97|0x0000000711400000, 0x0000000711600000, 0x0000000711600000|100%| O|  |TAMS 0x0000000711400000| PB 0x0000000711400000| Untracked 
|  98|0x0000000711600000, 0x0000000711800000, 0x0000000711800000|100%| O|  |TAMS 0x0000000711600000| PB 0x0000000711600000| Untracked 
|  99|0x0000000711800000, 0x0000000711a00000, 0x0000000711a00000|100%| O|  |TAMS 0x0000000711800000| PB 0x0000000711800000| Untracked 
| 100|0x0000000711a00000, 0x0000000711c00000, 0x0000000711c00000|100%| O|  |TAMS 0x0000000711a00000| PB 0x0000000711a00000| Untracked 
| 101|0x0000000711c00000, 0x0000000711e00000, 0x0000000711e00000|100%| O|  |TAMS 0x0000000711c00000| PB 0x0000000711c00000| Untracked 
| 102|0x0000000711e00000, 0x0000000712000000, 0x0000000712000000|100%| O|  |TAMS 0x0000000711e00000| PB 0x0000000711e00000| Untracked 
| 103|0x0000000712000000, 0x0000000712200000, 0x0000000712200000|100%| O|  |TAMS 0x0000000712000000| PB 0x0000000712000000| Untracked 
| 104|0x0000000712200000, 0x0000000712400000, 0x0000000712400000|100%| O|  |TAMS 0x0000000712200000| PB 0x0000000712200000| Untracked 
| 105|0x0000000712400000, 0x0000000712600000, 0x0000000712600000|100%| O|  |TAMS 0x0000000712400000| PB 0x0000000712400000| Untracked 
| 106|0x0000000712600000, 0x0000000712800000, 0x0000000712800000|100%| O|  |TAMS 0x0000000712600000| PB 0x0000000712600000| Untracked 
| 107|0x0000000712800000, 0x0000000712a00000, 0x0000000712a00000|100%| O|  |TAMS 0x0000000712800000| PB 0x0000000712800000| Untracked 
| 108|0x0000000712a00000, 0x0000000712c00000, 0x0000000712c00000|100%| O|  |TAMS 0x0000000712a00000| PB 0x0000000712a00000| Untracked 
| 109|0x0000000712c00000, 0x0000000712cfc480, 0x0000000712e00000| 49%| O|  |TAMS 0x0000000712c00000| PB 0x0000000712c00000| Untracked 
| 110|0x0000000712e00000, 0x0000000713000000, 0x0000000713000000|100%|HS|  |TAMS 0x0000000712e00000| PB 0x0000000712e00000| Complete 
| 111|0x0000000713000000, 0x0000000713200000, 0x0000000713200000|100%|HC|  |TAMS 0x0000000713000000| PB 0x0000000713000000| Complete 
| 112|0x0000000713200000, 0x0000000713400000, 0x0000000713400000|100%|HC|  |TAMS 0x0000000713200000| PB 0x0000000713200000| Complete 
| 113|0x0000000713400000, 0x0000000713600000, 0x0000000713600000|100%|HC|  |TAMS 0x0000000713400000| PB 0x0000000713400000| Complete 
| 114|0x0000000713600000, 0x0000000713800000, 0x0000000713800000|100%|HC|  |TAMS 0x0000000713600000| PB 0x0000000713600000| Complete 
| 115|0x0000000713800000, 0x0000000713a00000, 0x0000000713a00000|100%|HC|  |TAMS 0x0000000713800000| PB 0x0000000713800000| Complete 
| 116|0x0000000713a00000, 0x0000000713c00000, 0x0000000713c00000|100%|HC|  |TAMS 0x0000000713a00000| PB 0x0000000713a00000| Complete 
| 117|0x0000000713c00000, 0x0000000713e00000, 0x0000000713e00000|100%|HC|  |TAMS 0x0000000713c00000| PB 0x0000000713c00000| Complete 
| 118|0x0000000713e00000, 0x0000000714000000, 0x0000000714000000|100%|HC|  |TAMS 0x0000000713e00000| PB 0x0000000713e00000| Complete 
| 119|0x0000000714000000, 0x0000000714200000, 0x0000000714200000|100%|HC|  |TAMS 0x0000000714000000| PB 0x0000000714000000| Complete 
| 120|0x0000000714200000, 0x0000000714400000, 0x0000000714400000|100%|HC|  |TAMS 0x0000000714200000| PB 0x0000000714200000| Complete 
| 121|0x0000000714400000, 0x0000000714600000, 0x0000000714600000|100%|HC|  |TAMS 0x0000000714400000| PB 0x0000000714400000| Complete 
| 122|0x0000000714600000, 0x0000000714800000, 0x0000000714800000|100%|HC|  |TAMS 0x0000000714600000| PB 0x0000000714600000| Complete 
| 123|0x0000000714800000, 0x0000000714a00000, 0x0000000714a00000|100%|HC|  |TAMS 0x0000000714800000| PB 0x0000000714800000| Complete 
| 124|0x0000000714a00000, 0x0000000714a00000, 0x0000000714c00000|  0%| F|  |TAMS 0x0000000714a00000| PB 0x0000000714a00000| Untracked 
| 125|0x0000000714c00000, 0x0000000714c00000, 0x0000000714e00000|  0%| F|  |TAMS 0x0000000714c00000| PB 0x0000000714c00000| Untracked 
| 126|0x0000000714e00000, 0x0000000714e00000, 0x0000000715000000|  0%| F|  |TAMS 0x0000000714e00000| PB 0x0000000714e00000| Untracked 
| 127|0x0000000715000000, 0x0000000715000000, 0x0000000715200000|  0%| F|  |TAMS 0x0000000715000000| PB 0x0000000715000000| Untracked 
| 128|0x0000000715200000, 0x0000000715200000, 0x0000000715400000|  0%| F|  |TAMS 0x0000000715200000| PB 0x0000000715200000| Untracked 
| 129|0x0000000715400000, 0x0000000715400000, 0x0000000715600000|  0%| F|  |TAMS 0x0000000715400000| PB 0x0000000715400000| Untracked 
| 130|0x0000000715600000, 0x0000000715600000, 0x0000000715800000|  0%| F|  |TAMS 0x0000000715600000| PB 0x0000000715600000| Untracked 
| 131|0x0000000715800000, 0x0000000715800000, 0x0000000715a00000|  0%| F|  |TAMS 0x0000000715800000| PB 0x0000000715800000| Untracked 
| 132|0x0000000715a00000, 0x0000000715a00000, 0x0000000715c00000|  0%| F|  |TAMS 0x0000000715a00000| PB 0x0000000715a00000| Untracked 
| 133|0x0000000715c00000, 0x0000000715c00000, 0x0000000715e00000|  0%| F|  |TAMS 0x0000000715c00000| PB 0x0000000715c00000| Untracked 
| 134|0x0000000715e00000, 0x0000000715e00000, 0x0000000716000000|  0%| F|  |TAMS 0x0000000715e00000| PB 0x0000000715e00000| Untracked 
| 135|0x0000000716000000, 0x0000000716000000, 0x0000000716200000|  0%| F|  |TAMS 0x0000000716000000| PB 0x0000000716000000| Untracked 
| 136|0x0000000716200000, 0x0000000716400000, 0x0000000716400000|100%| S|CS|TAMS 0x0000000716200000| PB 0x0000000716200000| Complete 
| 137|0x0000000716400000, 0x0000000716600000, 0x0000000716600000|100%| S|CS|TAMS 0x0000000716400000| PB 0x0000000716400000| Complete 
| 138|0x0000000716600000, 0x0000000716800000, 0x0000000716800000|100%| S|CS|TAMS 0x0000000716600000| PB 0x0000000716600000| Complete 
| 139|0x0000000716800000, 0x0000000716a00000, 0x0000000716a00000|100%| S|CS|TAMS 0x0000000716800000| PB 0x0000000716800000| Complete 
| 140|0x0000000716a00000, 0x0000000716c00000, 0x0000000716c00000|100%| S|CS|TAMS 0x0000000716a00000| PB 0x0000000716a00000| Complete 
| 141|0x0000000716c00000, 0x0000000716e00000, 0x0000000716e00000|100%| S|CS|TAMS 0x0000000716c00000| PB 0x0000000716c00000| Complete 
| 142|0x0000000716e00000, 0x0000000717000000, 0x0000000717000000|100%| S|CS|TAMS 0x0000000716e00000| PB 0x0000000716e00000| Complete 
| 143|0x0000000717000000, 0x0000000717200000, 0x0000000717200000|100%| S|CS|TAMS 0x0000000717000000| PB 0x0000000717000000| Complete 
| 144|0x0000000717200000, 0x0000000717400000, 0x0000000717400000|100%| S|CS|TAMS 0x0000000717200000| PB 0x0000000717200000| Complete 
| 145|0x0000000717400000, 0x0000000717600000, 0x0000000717600000|100%| S|CS|TAMS 0x0000000717400000| PB 0x0000000717400000| Complete 
| 146|0x0000000717600000, 0x0000000717800000, 0x0000000717800000|100%| S|CS|TAMS 0x0000000717600000| PB 0x0000000717600000| Complete 
| 147|0x0000000717800000, 0x0000000717a00000, 0x0000000717a00000|100%| S|CS|TAMS 0x0000000717800000| PB 0x0000000717800000| Complete 
| 148|0x0000000717a00000, 0x0000000717c00000, 0x0000000717c00000|100%| S|CS|TAMS 0x0000000717a00000| PB 0x0000000717a00000| Complete 
| 149|0x0000000717c00000, 0x0000000717e00000, 0x0000000717e00000|100%| S|CS|TAMS 0x0000000717c00000| PB 0x0000000717c00000| Complete 
| 150|0x0000000717e00000, 0x0000000718000000, 0x0000000718000000|100%| S|CS|TAMS 0x0000000717e00000| PB 0x0000000717e00000| Complete 
| 151|0x0000000718000000, 0x0000000718200000, 0x0000000718200000|100%| S|CS|TAMS 0x0000000718000000| PB 0x0000000718000000| Complete 
| 152|0x0000000718200000, 0x0000000718400000, 0x0000000718400000|100%| S|CS|TAMS 0x0000000718200000| PB 0x0000000718200000| Complete 
| 153|0x0000000718400000, 0x0000000718600000, 0x0000000718600000|100%| S|CS|TAMS 0x0000000718400000| PB 0x0000000718400000| Complete 
| 154|0x0000000718600000, 0x0000000718800000, 0x0000000718800000|100%| S|CS|TAMS 0x0000000718600000| PB 0x0000000718600000| Complete 
| 155|0x0000000718800000, 0x0000000718a00000, 0x0000000718a00000|100%| S|CS|TAMS 0x0000000718800000| PB 0x0000000718800000| Complete 
| 156|0x0000000718a00000, 0x0000000718c00000, 0x0000000718c00000|100%| S|CS|TAMS 0x0000000718a00000| PB 0x0000000718a00000| Complete 
| 157|0x0000000718c00000, 0x0000000718e00000, 0x0000000718e00000|100%| S|CS|TAMS 0x0000000718c00000| PB 0x0000000718c00000| Complete 
| 158|0x0000000718e00000, 0x0000000719000000, 0x0000000719000000|100%| S|CS|TAMS 0x0000000718e00000| PB 0x0000000718e00000| Complete 
| 159|0x0000000719000000, 0x0000000719000000, 0x0000000719200000|  0%| F|  |TAMS 0x0000000719000000| PB 0x0000000719000000| Untracked 
| 160|0x0000000719200000, 0x0000000719200000, 0x0000000719400000|  0%| F|  |TAMS 0x0000000719200000| PB 0x0000000719200000| Untracked 
| 161|0x0000000719400000, 0x0000000719400000, 0x0000000719600000|  0%| F|  |TAMS 0x0000000719400000| PB 0x0000000719400000| Untracked 
| 162|0x0000000719600000, 0x0000000719600000, 0x0000000719800000|  0%| F|  |TAMS 0x0000000719600000| PB 0x0000000719600000| Untracked 
| 163|0x0000000719800000, 0x0000000719800000, 0x0000000719a00000|  0%| F|  |TAMS 0x0000000719800000| PB 0x0000000719800000| Untracked 
| 164|0x0000000719a00000, 0x0000000719a00000, 0x0000000719c00000|  0%| F|  |TAMS 0x0000000719a00000| PB 0x0000000719a00000| Untracked 
| 165|0x0000000719c00000, 0x0000000719c00000, 0x0000000719e00000|  0%| F|  |TAMS 0x0000000719c00000| PB 0x0000000719c00000| Untracked 
| 166|0x0000000719e00000, 0x0000000719e00000, 0x000000071a000000|  0%| F|  |TAMS 0x0000000719e00000| PB 0x0000000719e00000| Untracked 
| 167|0x000000071a000000, 0x000000071a000000, 0x000000071a200000|  0%| F|  |TAMS 0x000000071a000000| PB 0x000000071a000000| Untracked 
| 168|0x000000071a200000, 0x000000071a200000, 0x000000071a400000|  0%| F|  |TAMS 0x000000071a200000| PB 0x000000071a200000| Untracked 
| 169|0x000000071a400000, 0x000000071a400000, 0x000000071a600000|  0%| F|  |TAMS 0x000000071a400000| PB 0x000000071a400000| Untracked 
| 170|0x000000071a600000, 0x000000071a600000, 0x000000071a800000|  0%| F|  |TAMS 0x000000071a600000| PB 0x000000071a600000| Untracked 
| 171|0x000000071a800000, 0x000000071a800000, 0x000000071aa00000|  0%| F|  |TAMS 0x000000071a800000| PB 0x000000071a800000| Untracked 
| 172|0x000000071aa00000, 0x000000071aa00000, 0x000000071ac00000|  0%| F|  |TAMS 0x000000071aa00000| PB 0x000000071aa00000| Untracked 
| 173|0x000000071ac00000, 0x000000071ac00000, 0x000000071ae00000|  0%| F|  |TAMS 0x000000071ac00000| PB 0x000000071ac00000| Untracked 
| 174|0x000000071ae00000, 0x000000071ae00000, 0x000000071b000000|  0%| F|  |TAMS 0x000000071ae00000| PB 0x000000071ae00000| Untracked 
| 175|0x000000071b000000, 0x000000071b000000, 0x000000071b200000|  0%| F|  |TAMS 0x000000071b000000| PB 0x000000071b000000| Untracked 
| 176|0x000000071b200000, 0x000000071b200000, 0x000000071b400000|  0%| F|  |TAMS 0x000000071b200000| PB 0x000000071b200000| Untracked 
| 177|0x000000071b400000, 0x000000071b400000, 0x000000071b600000|  0%| F|  |TAMS 0x000000071b400000| PB 0x000000071b400000| Untracked 
| 178|0x000000071b600000, 0x000000071b600000, 0x000000071b800000|  0%| F|  |TAMS 0x000000071b600000| PB 0x000000071b600000| Untracked 
| 179|0x000000071b800000, 0x000000071b800000, 0x000000071ba00000|  0%| F|  |TAMS 0x000000071b800000| PB 0x000000071b800000| Untracked 
| 180|0x000000071ba00000, 0x000000071ba00000, 0x000000071bc00000|  0%| F|  |TAMS 0x000000071ba00000| PB 0x000000071ba00000| Untracked 
| 181|0x000000071bc00000, 0x000000071bc00000, 0x000000071be00000|  0%| F|  |TAMS 0x000000071bc00000| PB 0x000000071bc00000| Untracked 
| 182|0x000000071be00000, 0x000000071be00000, 0x000000071c000000|  0%| F|  |TAMS 0x000000071be00000| PB 0x000000071be00000| Untracked 
| 183|0x000000071c000000, 0x000000071c000000, 0x000000071c200000|  0%| F|  |TAMS 0x000000071c000000| PB 0x000000071c000000| Untracked 
| 184|0x000000071c200000, 0x000000071c200000, 0x000000071c400000|  0%| F|  |TAMS 0x000000071c200000| PB 0x000000071c200000| Untracked 
| 185|0x000000071c400000, 0x000000071c400000, 0x000000071c600000|  0%| F|  |TAMS 0x000000071c400000| PB 0x000000071c400000| Untracked 
| 186|0x000000071c600000, 0x000000071c600000, 0x000000071c800000|  0%| F|  |TAMS 0x000000071c600000| PB 0x000000071c600000| Untracked 
| 187|0x000000071c800000, 0x000000071c800000, 0x000000071ca00000|  0%| F|  |TAMS 0x000000071c800000| PB 0x000000071c800000| Untracked 
| 188|0x000000071ca00000, 0x000000071ca00000, 0x000000071cc00000|  0%| F|  |TAMS 0x000000071ca00000| PB 0x000000071ca00000| Untracked 
| 189|0x000000071cc00000, 0x000000071cc00000, 0x000000071ce00000|  0%| F|  |TAMS 0x000000071cc00000| PB 0x000000071cc00000| Untracked 
| 190|0x000000071ce00000, 0x000000071ce00000, 0x000000071d000000|  0%| F|  |TAMS 0x000000071ce00000| PB 0x000000071ce00000| Untracked 
| 191|0x000000071d000000, 0x000000071d000000, 0x000000071d200000|  0%| F|  |TAMS 0x000000071d000000| PB 0x000000071d000000| Untracked 
| 192|0x000000071d200000, 0x000000071d200000, 0x000000071d400000|  0%| F|  |TAMS 0x000000071d200000| PB 0x000000071d200000| Untracked 
| 193|0x000000071d400000, 0x000000071d400000, 0x000000071d600000|  0%| F|  |TAMS 0x000000071d400000| PB 0x000000071d400000| Untracked 
| 194|0x000000071d600000, 0x000000071d600000, 0x000000071d800000|  0%| F|  |TAMS 0x000000071d600000| PB 0x000000071d600000| Untracked 
| 195|0x000000071d800000, 0x000000071d800000, 0x000000071da00000|  0%| F|  |TAMS 0x000000071d800000| PB 0x000000071d800000| Untracked 
| 196|0x000000071da00000, 0x000000071da00000, 0x000000071dc00000|  0%| F|  |TAMS 0x000000071da00000| PB 0x000000071da00000| Untracked 
| 197|0x000000071dc00000, 0x000000071dc00000, 0x000000071de00000|  0%| F|  |TAMS 0x000000071dc00000| PB 0x000000071dc00000| Untracked 
| 198|0x000000071de00000, 0x000000071de00000, 0x000000071e000000|  0%| F|  |TAMS 0x000000071de00000| PB 0x000000071de00000| Untracked 
| 199|0x000000071e000000, 0x000000071e000000, 0x000000071e200000|  0%| F|  |TAMS 0x000000071e000000| PB 0x000000071e000000| Untracked 
| 200|0x000000071e200000, 0x000000071e200000, 0x000000071e400000|  0%| F|  |TAMS 0x000000071e200000| PB 0x000000071e200000| Untracked 
| 201|0x000000071e400000, 0x000000071e400000, 0x000000071e600000|  0%| F|  |TAMS 0x000000071e400000| PB 0x000000071e400000| Untracked 
| 202|0x000000071e600000, 0x000000071e600000, 0x000000071e800000|  0%| F|  |TAMS 0x000000071e600000| PB 0x000000071e600000| Untracked 
| 203|0x000000071e800000, 0x000000071e800000, 0x000000071ea00000|  0%| F|  |TAMS 0x000000071e800000| PB 0x000000071e800000| Untracked 
| 204|0x000000071ea00000, 0x000000071ea00000, 0x000000071ec00000|  0%| F|  |TAMS 0x000000071ea00000| PB 0x000000071ea00000| Untracked 
| 205|0x000000071ec00000, 0x000000071ec00000, 0x000000071ee00000|  0%| F|  |TAMS 0x000000071ec00000| PB 0x000000071ec00000| Untracked 
| 206|0x000000071ee00000, 0x000000071ee00000, 0x000000071f000000|  0%| F|  |TAMS 0x000000071ee00000| PB 0x000000071ee00000| Untracked 
| 207|0x000000071f000000, 0x000000071f000000, 0x000000071f200000|  0%| F|  |TAMS 0x000000071f000000| PB 0x000000071f000000| Untracked 
| 208|0x000000071f200000, 0x000000071f2efbf0, 0x000000071f400000| 46%| E|  |TAMS 0x000000071f200000| PB 0x000000071f200000| Complete 
| 209|0x000000071f400000, 0x000000071f600000, 0x000000071f600000|100%| E|CS|TAMS 0x000000071f400000| PB 0x000000071f400000| Complete 
| 210|0x000000071f600000, 0x000000071f800000, 0x000000071f800000|100%| E|CS|TAMS 0x000000071f600000| PB 0x000000071f600000| Complete 
| 211|0x000000071f800000, 0x000000071fa00000, 0x000000071fa00000|100%| E|CS|TAMS 0x000000071f800000| PB 0x000000071f800000| Complete 
| 212|0x000000071fa00000, 0x000000071fc00000, 0x000000071fc00000|100%| E|CS|TAMS 0x000000071fa00000| PB 0x000000071fa00000| Complete 
| 213|0x000000071fc00000, 0x000000071fe00000, 0x000000071fe00000|100%| E|CS|TAMS 0x000000071fc00000| PB 0x000000071fc00000| Complete 
| 214|0x000000071fe00000, 0x0000000720000000, 0x0000000720000000|100%| E|CS|TAMS 0x000000071fe00000| PB 0x000000071fe00000| Complete 
| 215|0x0000000720000000, 0x0000000720200000, 0x0000000720200000|100%| E|CS|TAMS 0x0000000720000000| PB 0x0000000720000000| Complete 
| 216|0x0000000720200000, 0x0000000720400000, 0x0000000720400000|100%| E|CS|TAMS 0x0000000720200000| PB 0x0000000720200000| Complete 
| 217|0x0000000720400000, 0x0000000720600000, 0x0000000720600000|100%| E|CS|TAMS 0x0000000720400000| PB 0x0000000720400000| Complete 
| 218|0x0000000720600000, 0x0000000720800000, 0x0000000720800000|100%| E|CS|TAMS 0x0000000720600000| PB 0x0000000720600000| Complete 
| 219|0x0000000720800000, 0x0000000720a00000, 0x0000000720a00000|100%| E|CS|TAMS 0x0000000720800000| PB 0x0000000720800000| Complete 
| 220|0x0000000720a00000, 0x0000000720c00000, 0x0000000720c00000|100%| E|CS|TAMS 0x0000000720a00000| PB 0x0000000720a00000| Complete 
| 221|0x0000000720c00000, 0x0000000720e00000, 0x0000000720e00000|100%| E|CS|TAMS 0x0000000720c00000| PB 0x0000000720c00000| Complete 
| 222|0x0000000720e00000, 0x0000000721000000, 0x0000000721000000|100%| E|CS|TAMS 0x0000000720e00000| PB 0x0000000720e00000| Complete 
| 223|0x0000000721000000, 0x0000000721200000, 0x0000000721200000|100%| E|CS|TAMS 0x0000000721000000| PB 0x0000000721000000| Complete 
| 224|0x0000000721200000, 0x0000000721400000, 0x0000000721400000|100%| E|CS|TAMS 0x0000000721200000| PB 0x0000000721200000| Complete 
| 225|0x0000000721400000, 0x0000000721600000, 0x0000000721600000|100%| E|CS|TAMS 0x0000000721400000| PB 0x0000000721400000| Complete 
| 226|0x0000000721600000, 0x0000000721800000, 0x0000000721800000|100%| E|CS|TAMS 0x0000000721600000| PB 0x0000000721600000| Complete 
| 227|0x0000000721800000, 0x0000000721a00000, 0x0000000721a00000|100%| E|CS|TAMS 0x0000000721800000| PB 0x0000000721800000| Complete 
| 228|0x0000000721a00000, 0x0000000721c00000, 0x0000000721c00000|100%| E|CS|TAMS 0x0000000721a00000| PB 0x0000000721a00000| Complete 
| 229|0x0000000721c00000, 0x0000000721e00000, 0x0000000721e00000|100%| E|CS|TAMS 0x0000000721c00000| PB 0x0000000721c00000| Complete 
| 230|0x0000000721e00000, 0x0000000722000000, 0x0000000722000000|100%| E|CS|TAMS 0x0000000721e00000| PB 0x0000000721e00000| Complete 
| 231|0x0000000722000000, 0x0000000722200000, 0x0000000722200000|100%| E|CS|TAMS 0x0000000722000000| PB 0x0000000722000000| Complete 
| 232|0x0000000722200000, 0x0000000722400000, 0x0000000722400000|100%| E|CS|TAMS 0x0000000722200000| PB 0x0000000722200000| Complete 
| 233|0x0000000722400000, 0x0000000722600000, 0x0000000722600000|100%| E|CS|TAMS 0x0000000722400000| PB 0x0000000722400000| Complete 
| 234|0x0000000722600000, 0x0000000722800000, 0x0000000722800000|100%| E|CS|TAMS 0x0000000722600000| PB 0x0000000722600000| Complete 
| 235|0x0000000722800000, 0x0000000722a00000, 0x0000000722a00000|100%| E|CS|TAMS 0x0000000722800000| PB 0x0000000722800000| Complete 
| 236|0x0000000722a00000, 0x0000000722c00000, 0x0000000722c00000|100%| E|CS|TAMS 0x0000000722a00000| PB 0x0000000722a00000| Complete 
| 237|0x0000000722c00000, 0x0000000722e00000, 0x0000000722e00000|100%| E|CS|TAMS 0x0000000722c00000| PB 0x0000000722c00000| Complete 
| 238|0x0000000722e00000, 0x0000000723000000, 0x0000000723000000|100%| E|CS|TAMS 0x0000000722e00000| PB 0x0000000722e00000| Complete 
| 239|0x0000000723000000, 0x0000000723200000, 0x0000000723200000|100%| E|CS|TAMS 0x0000000723000000| PB 0x0000000723000000| Complete 
| 240|0x0000000723200000, 0x0000000723400000, 0x0000000723400000|100%| E|CS|TAMS 0x0000000723200000| PB 0x0000000723200000| Complete 
| 241|0x0000000723400000, 0x0000000723600000, 0x0000000723600000|100%| E|CS|TAMS 0x0000000723400000| PB 0x0000000723400000| Complete 
| 242|0x0000000723600000, 0x0000000723800000, 0x0000000723800000|100%| E|CS|TAMS 0x0000000723600000| PB 0x0000000723600000| Complete 
| 243|0x0000000723800000, 0x0000000723a00000, 0x0000000723a00000|100%| E|CS|TAMS 0x0000000723800000| PB 0x0000000723800000| Complete 
| 244|0x0000000723a00000, 0x0000000723c00000, 0x0000000723c00000|100%| E|CS|TAMS 0x0000000723a00000| PB 0x0000000723a00000| Complete 
| 245|0x0000000723c00000, 0x0000000723e00000, 0x0000000723e00000|100%| E|CS|TAMS 0x0000000723c00000| PB 0x0000000723c00000| Complete 
| 246|0x0000000723e00000, 0x0000000724000000, 0x0000000724000000|100%| E|CS|TAMS 0x0000000723e00000| PB 0x0000000723e00000| Complete 
| 247|0x0000000724000000, 0x0000000724200000, 0x0000000724200000|100%| E|CS|TAMS 0x0000000724000000| PB 0x0000000724000000| Complete 
| 248|0x0000000724200000, 0x0000000724400000, 0x0000000724400000|100%| E|CS|TAMS 0x0000000724200000| PB 0x0000000724200000| Complete 
| 249|0x0000000724400000, 0x0000000724600000, 0x0000000724600000|100%| E|CS|TAMS 0x0000000724400000| PB 0x0000000724400000| Complete 
| 250|0x0000000724600000, 0x0000000724800000, 0x0000000724800000|100%| E|CS|TAMS 0x0000000724600000| PB 0x0000000724600000| Complete 
| 251|0x0000000724800000, 0x0000000724a00000, 0x0000000724a00000|100%| E|CS|TAMS 0x0000000724800000| PB 0x0000000724800000| Complete 
| 252|0x0000000724a00000, 0x0000000724c00000, 0x0000000724c00000|100%| E|CS|TAMS 0x0000000724a00000| PB 0x0000000724a00000| Complete 
| 253|0x0000000724c00000, 0x0000000724e00000, 0x0000000724e00000|100%| E|CS|TAMS 0x0000000724c00000| PB 0x0000000724c00000| Complete 
| 254|0x0000000724e00000, 0x0000000725000000, 0x0000000725000000|100%| E|CS|TAMS 0x0000000724e00000| PB 0x0000000724e00000| Complete 
| 255|0x0000000725000000, 0x0000000725200000, 0x0000000725200000|100%| E|CS|TAMS 0x0000000725000000| PB 0x0000000725000000| Complete 
| 256|0x0000000725200000, 0x0000000725400000, 0x0000000725400000|100%| E|CS|TAMS 0x0000000725200000| PB 0x0000000725200000| Complete 
| 257|0x0000000725400000, 0x0000000725600000, 0x0000000725600000|100%| E|CS|TAMS 0x0000000725400000| PB 0x0000000725400000| Complete 
| 258|0x0000000725600000, 0x0000000725800000, 0x0000000725800000|100%| E|CS|TAMS 0x0000000725600000| PB 0x0000000725600000| Complete 
| 259|0x0000000725800000, 0x0000000725a00000, 0x0000000725a00000|100%| E|CS|TAMS 0x0000000725800000| PB 0x0000000725800000| Complete 
| 260|0x0000000725a00000, 0x0000000725c00000, 0x0000000725c00000|100%| E|CS|TAMS 0x0000000725a00000| PB 0x0000000725a00000| Complete 
| 261|0x0000000725c00000, 0x0000000725e00000, 0x0000000725e00000|100%| E|CS|TAMS 0x0000000725c00000| PB 0x0000000725c00000| Complete 
| 262|0x0000000725e00000, 0x0000000726000000, 0x0000000726000000|100%| E|CS|TAMS 0x0000000725e00000| PB 0x0000000725e00000| Complete 
| 263|0x0000000726000000, 0x0000000726200000, 0x0000000726200000|100%| E|CS|TAMS 0x0000000726000000| PB 0x0000000726000000| Complete 
| 264|0x0000000726200000, 0x0000000726400000, 0x0000000726400000|100%| E|CS|TAMS 0x0000000726200000| PB 0x0000000726200000| Complete 
| 265|0x0000000726400000, 0x0000000726600000, 0x0000000726600000|100%| E|CS|TAMS 0x0000000726400000| PB 0x0000000726400000| Complete 
| 266|0x0000000726600000, 0x0000000726800000, 0x0000000726800000|100%| E|CS|TAMS 0x0000000726600000| PB 0x0000000726600000| Complete 
| 267|0x0000000726800000, 0x0000000726a00000, 0x0000000726a00000|100%| E|CS|TAMS 0x0000000726800000| PB 0x0000000726800000| Complete 
| 268|0x0000000726a00000, 0x0000000726c00000, 0x0000000726c00000|100%| E|CS|TAMS 0x0000000726a00000| PB 0x0000000726a00000| Complete 
| 269|0x0000000726c00000, 0x0000000726e00000, 0x0000000726e00000|100%| E|CS|TAMS 0x0000000726c00000| PB 0x0000000726c00000| Complete 
| 270|0x0000000726e00000, 0x0000000727000000, 0x0000000727000000|100%| E|CS|TAMS 0x0000000726e00000| PB 0x0000000726e00000| Complete 
| 271|0x0000000727000000, 0x0000000727200000, 0x0000000727200000|100%| E|CS|TAMS 0x0000000727000000| PB 0x0000000727000000| Complete 
| 272|0x0000000727200000, 0x0000000727400000, 0x0000000727400000|100%| E|CS|TAMS 0x0000000727200000| PB 0x0000000727200000| Complete 
| 273|0x0000000727400000, 0x0000000727600000, 0x0000000727600000|100%| E|CS|TAMS 0x0000000727400000| PB 0x0000000727400000| Complete 
| 274|0x0000000727600000, 0x0000000727800000, 0x0000000727800000|100%| E|CS|TAMS 0x0000000727600000| PB 0x0000000727600000| Complete 
| 275|0x0000000727800000, 0x0000000727a00000, 0x0000000727a00000|100%| E|CS|TAMS 0x0000000727800000| PB 0x0000000727800000| Complete 
| 276|0x0000000727a00000, 0x0000000727c00000, 0x0000000727c00000|100%| E|CS|TAMS 0x0000000727a00000| PB 0x0000000727a00000| Complete 
| 277|0x0000000727c00000, 0x0000000727e00000, 0x0000000727e00000|100%| E|CS|TAMS 0x0000000727c00000| PB 0x0000000727c00000| Complete 
| 278|0x0000000727e00000, 0x0000000728000000, 0x0000000728000000|100%| E|CS|TAMS 0x0000000727e00000| PB 0x0000000727e00000| Complete 
| 279|0x0000000728000000, 0x0000000728200000, 0x0000000728200000|100%| E|CS|TAMS 0x0000000728000000| PB 0x0000000728000000| Complete 
| 280|0x0000000728200000, 0x0000000728400000, 0x0000000728400000|100%| E|CS|TAMS 0x0000000728200000| PB 0x0000000728200000| Complete 
| 281|0x0000000728400000, 0x0000000728600000, 0x0000000728600000|100%| E|CS|TAMS 0x0000000728400000| PB 0x0000000728400000| Complete 
| 282|0x0000000728600000, 0x0000000728800000, 0x0000000728800000|100%| E|CS|TAMS 0x0000000728600000| PB 0x0000000728600000| Complete 
| 283|0x0000000728800000, 0x0000000728a00000, 0x0000000728a00000|100%| E|CS|TAMS 0x0000000728800000| PB 0x0000000728800000| Complete 
| 284|0x0000000728a00000, 0x0000000728c00000, 0x0000000728c00000|100%| E|CS|TAMS 0x0000000728a00000| PB 0x0000000728a00000| Complete 
| 285|0x0000000728c00000, 0x0000000728e00000, 0x0000000728e00000|100%| E|CS|TAMS 0x0000000728c00000| PB 0x0000000728c00000| Complete 
| 286|0x0000000728e00000, 0x0000000729000000, 0x0000000729000000|100%| E|CS|TAMS 0x0000000728e00000| PB 0x0000000728e00000| Complete 
| 287|0x0000000729000000, 0x0000000729200000, 0x0000000729200000|100%| E|CS|TAMS 0x0000000729000000| PB 0x0000000729000000| Complete 
| 288|0x0000000729200000, 0x0000000729400000, 0x0000000729400000|100%| E|CS|TAMS 0x0000000729200000| PB 0x0000000729200000| Complete 
| 289|0x0000000729400000, 0x0000000729600000, 0x0000000729600000|100%| E|CS|TAMS 0x0000000729400000| PB 0x0000000729400000| Complete 
| 290|0x0000000729600000, 0x0000000729800000, 0x0000000729800000|100%| E|CS|TAMS 0x0000000729600000| PB 0x0000000729600000| Complete 
| 291|0x0000000729800000, 0x0000000729a00000, 0x0000000729a00000|100%| E|CS|TAMS 0x0000000729800000| PB 0x0000000729800000| Complete 
| 292|0x0000000729a00000, 0x0000000729c00000, 0x0000000729c00000|100%| E|CS|TAMS 0x0000000729a00000| PB 0x0000000729a00000| Complete 
| 293|0x0000000729c00000, 0x0000000729e00000, 0x0000000729e00000|100%| E|CS|TAMS 0x0000000729c00000| PB 0x0000000729c00000| Complete 
| 294|0x0000000729e00000, 0x000000072a000000, 0x000000072a000000|100%| E|CS|TAMS 0x0000000729e00000| PB 0x0000000729e00000| Complete 
| 295|0x000000072a000000, 0x000000072a200000, 0x000000072a200000|100%| E|CS|TAMS 0x000000072a000000| PB 0x000000072a000000| Complete 
| 296|0x000000072a200000, 0x000000072a400000, 0x000000072a400000|100%| E|CS|TAMS 0x000000072a200000| PB 0x000000072a200000| Complete 
| 297|0x000000072a400000, 0x000000072a600000, 0x000000072a600000|100%| E|CS|TAMS 0x000000072a400000| PB 0x000000072a400000| Complete 
| 298|0x000000072a600000, 0x000000072a800000, 0x000000072a800000|100%| E|CS|TAMS 0x000000072a600000| PB 0x000000072a600000| Complete 
| 299|0x000000072a800000, 0x000000072aa00000, 0x000000072aa00000|100%| E|CS|TAMS 0x000000072a800000| PB 0x000000072a800000| Complete 
| 300|0x000000072aa00000, 0x000000072ac00000, 0x000000072ac00000|100%| E|CS|TAMS 0x000000072aa00000| PB 0x000000072aa00000| Complete 
| 301|0x000000072ac00000, 0x000000072ae00000, 0x000000072ae00000|100%| E|CS|TAMS 0x000000072ac00000| PB 0x000000072ac00000| Complete 
| 302|0x000000072ae00000, 0x000000072b000000, 0x000000072b000000|100%| E|CS|TAMS 0x000000072ae00000| PB 0x000000072ae00000| Complete 
| 303|0x000000072b000000, 0x000000072b200000, 0x000000072b200000|100%| E|CS|TAMS 0x000000072b000000| PB 0x000000072b000000| Complete 
| 304|0x000000072b200000, 0x000000072b400000, 0x000000072b400000|100%| E|CS|TAMS 0x000000072b200000| PB 0x000000072b200000| Complete 
| 305|0x000000072b400000, 0x000000072b600000, 0x000000072b600000|100%| E|CS|TAMS 0x000000072b400000| PB 0x000000072b400000| Complete 
| 306|0x000000072b600000, 0x000000072b800000, 0x000000072b800000|100%| E|CS|TAMS 0x000000072b600000| PB 0x000000072b600000| Complete 
| 307|0x000000072b800000, 0x000000072ba00000, 0x000000072ba00000|100%| E|CS|TAMS 0x000000072b800000| PB 0x000000072b800000| Complete 
| 308|0x000000072ba00000, 0x000000072bc00000, 0x000000072bc00000|100%| E|CS|TAMS 0x000000072ba00000| PB 0x000000072ba00000| Complete 
| 309|0x000000072bc00000, 0x000000072be00000, 0x000000072be00000|100%| E|CS|TAMS 0x000000072bc00000| PB 0x000000072bc00000| Complete 
| 310|0x000000072be00000, 0x000000072c000000, 0x000000072c000000|100%| E|CS|TAMS 0x000000072be00000| PB 0x000000072be00000| Complete 
| 311|0x000000072c000000, 0x000000072c200000, 0x000000072c200000|100%| E|CS|TAMS 0x000000072c000000| PB 0x000000072c000000| Complete 
| 312|0x000000072c200000, 0x000000072c400000, 0x000000072c400000|100%| E|CS|TAMS 0x000000072c200000| PB 0x000000072c200000| Complete 
| 313|0x000000072c400000, 0x000000072c600000, 0x000000072c600000|100%| E|CS|TAMS 0x000000072c400000| PB 0x000000072c400000| Complete 
| 314|0x000000072c600000, 0x000000072c800000, 0x000000072c800000|100%| E|CS|TAMS 0x000000072c600000| PB 0x000000072c600000| Complete 
| 315|0x000000072c800000, 0x000000072ca00000, 0x000000072ca00000|100%| E|  |TAMS 0x000000072c800000| PB 0x000000072c800000| Complete 
| 316|0x000000072ca00000, 0x000000072cc00000, 0x000000072cc00000|100%| E|CS|TAMS 0x000000072ca00000| PB 0x000000072ca00000| Complete 
| 317|0x000000072cc00000, 0x000000072ce00000, 0x000000072ce00000|100%| E|CS|TAMS 0x000000072cc00000| PB 0x000000072cc00000| Complete 
| 318|0x000000072ce00000, 0x000000072d000000, 0x000000072d000000|100%| E|CS|TAMS 0x000000072ce00000| PB 0x000000072ce00000| Complete 
| 319|0x000000072d000000, 0x000000072d200000, 0x000000072d200000|100%| E|CS|TAMS 0x000000072d000000| PB 0x000000072d000000| Complete 
| 320|0x000000072d200000, 0x000000072d400000, 0x000000072d400000|100%| E|CS|TAMS 0x000000072d200000| PB 0x000000072d200000| Complete 
| 321|0x000000072d400000, 0x000000072d600000, 0x000000072d600000|100%| E|CS|TAMS 0x000000072d400000| PB 0x000000072d400000| Complete 
| 322|0x000000072d600000, 0x000000072d800000, 0x000000072d800000|100%| E|CS|TAMS 0x000000072d600000| PB 0x000000072d600000| Complete 
| 323|0x000000072d800000, 0x000000072da00000, 0x000000072da00000|100%| E|CS|TAMS 0x000000072d800000| PB 0x000000072d800000| Complete 
| 324|0x000000072da00000, 0x000000072dc00000, 0x000000072dc00000|100%| E|CS|TAMS 0x000000072da00000| PB 0x000000072da00000| Complete 
| 325|0x000000072dc00000, 0x000000072de00000, 0x000000072de00000|100%| E|CS|TAMS 0x000000072dc00000| PB 0x000000072dc00000| Complete 
| 326|0x000000072de00000, 0x000000072e000000, 0x000000072e000000|100%| E|CS|TAMS 0x000000072de00000| PB 0x000000072de00000| Complete 
| 327|0x000000072e000000, 0x000000072e200000, 0x000000072e200000|100%| E|CS|TAMS 0x000000072e000000| PB 0x000000072e000000| Complete 
| 328|0x000000072e200000, 0x000000072e400000, 0x000000072e400000|100%| E|CS|TAMS 0x000000072e200000| PB 0x000000072e200000| Complete 
| 329|0x000000072e400000, 0x000000072e600000, 0x000000072e600000|100%| E|CS|TAMS 0x000000072e400000| PB 0x000000072e400000| Complete 
| 330|0x000000072e600000, 0x000000072e800000, 0x000000072e800000|100%| E|CS|TAMS 0x000000072e600000| PB 0x000000072e600000| Complete 
| 331|0x000000072e800000, 0x000000072ea00000, 0x000000072ea00000|100%| E|CS|TAMS 0x000000072e800000| PB 0x000000072e800000| Complete 
| 332|0x000000072ea00000, 0x000000072ec00000, 0x000000072ec00000|100%| E|CS|TAMS 0x000000072ea00000| PB 0x000000072ea00000| Complete 
| 333|0x000000072ec00000, 0x000000072ee00000, 0x000000072ee00000|100%| E|CS|TAMS 0x000000072ec00000| PB 0x000000072ec00000| Complete 
| 334|0x000000072ee00000, 0x000000072f000000, 0x000000072f000000|100%| E|CS|TAMS 0x000000072ee00000| PB 0x000000072ee00000| Complete 
| 335|0x000000072f000000, 0x000000072f200000, 0x000000072f200000|100%| E|CS|TAMS 0x000000072f000000| PB 0x000000072f000000| Complete 
| 336|0x000000072f200000, 0x000000072f400000, 0x000000072f400000|100%| E|CS|TAMS 0x000000072f200000| PB 0x000000072f200000| Complete 
| 337|0x000000072f400000, 0x000000072f600000, 0x000000072f600000|100%| E|CS|TAMS 0x000000072f400000| PB 0x000000072f400000| Complete 
| 338|0x000000072f600000, 0x000000072f800000, 0x000000072f800000|100%| E|CS|TAMS 0x000000072f600000| PB 0x000000072f600000| Complete 
| 339|0x000000072f800000, 0x000000072fa00000, 0x000000072fa00000|100%| E|CS|TAMS 0x000000072f800000| PB 0x000000072f800000| Complete 
| 340|0x000000072fa00000, 0x000000072fc00000, 0x000000072fc00000|100%| E|CS|TAMS 0x000000072fa00000| PB 0x000000072fa00000| Complete 
| 341|0x000000072fc00000, 0x000000072fe00000, 0x000000072fe00000|100%| E|CS|TAMS 0x000000072fc00000| PB 0x000000072fc00000| Complete 
| 342|0x000000072fe00000, 0x0000000730000000, 0x0000000730000000|100%| E|CS|TAMS 0x000000072fe00000| PB 0x000000072fe00000| Complete 
| 343|0x0000000730000000, 0x0000000730200000, 0x0000000730200000|100%| E|CS|TAMS 0x0000000730000000| PB 0x0000000730000000| Complete 
| 344|0x0000000730200000, 0x0000000730400000, 0x0000000730400000|100%| E|CS|TAMS 0x0000000730200000| PB 0x0000000730200000| Complete 
| 345|0x0000000730400000, 0x0000000730600000, 0x0000000730600000|100%| E|CS|TAMS 0x0000000730400000| PB 0x0000000730400000| Complete 
| 346|0x0000000730600000, 0x0000000730800000, 0x0000000730800000|100%| E|CS|TAMS 0x0000000730600000| PB 0x0000000730600000| Complete 
| 347|0x0000000730800000, 0x0000000730a00000, 0x0000000730a00000|100%| E|CS|TAMS 0x0000000730800000| PB 0x0000000730800000| Complete 
| 348|0x0000000730a00000, 0x0000000730c00000, 0x0000000730c00000|100%| E|CS|TAMS 0x0000000730a00000| PB 0x0000000730a00000| Complete 
| 349|0x0000000730c00000, 0x0000000730e00000, 0x0000000730e00000|100%| E|CS|TAMS 0x0000000730c00000| PB 0x0000000730c00000| Complete 
| 350|0x0000000730e00000, 0x0000000731000000, 0x0000000731000000|100%| E|CS|TAMS 0x0000000730e00000| PB 0x0000000730e00000| Complete 
| 351|0x0000000731000000, 0x0000000731200000, 0x0000000731200000|100%| E|CS|TAMS 0x0000000731000000| PB 0x0000000731000000| Complete 
| 352|0x0000000731200000, 0x0000000731400000, 0x0000000731400000|100%| E|CS|TAMS 0x0000000731200000| PB 0x0000000731200000| Complete 
| 353|0x0000000731400000, 0x0000000731600000, 0x0000000731600000|100%| E|CS|TAMS 0x0000000731400000| PB 0x0000000731400000| Complete 
| 354|0x0000000731600000, 0x0000000731800000, 0x0000000731800000|100%| E|CS|TAMS 0x0000000731600000| PB 0x0000000731600000| Complete 
| 355|0x0000000731800000, 0x0000000731a00000, 0x0000000731a00000|100%| E|CS|TAMS 0x0000000731800000| PB 0x0000000731800000| Complete 
| 356|0x0000000731a00000, 0x0000000731c00000, 0x0000000731c00000|100%| E|CS|TAMS 0x0000000731a00000| PB 0x0000000731a00000| Complete 
| 357|0x0000000731c00000, 0x0000000731e00000, 0x0000000731e00000|100%| E|CS|TAMS 0x0000000731c00000| PB 0x0000000731c00000| Complete 
| 358|0x0000000731e00000, 0x0000000732000000, 0x0000000732000000|100%| E|CS|TAMS 0x0000000731e00000| PB 0x0000000731e00000| Complete 
| 359|0x0000000732000000, 0x0000000732200000, 0x0000000732200000|100%| E|CS|TAMS 0x0000000732000000| PB 0x0000000732000000| Complete 
| 360|0x0000000732200000, 0x0000000732400000, 0x0000000732400000|100%| E|CS|TAMS 0x0000000732200000| PB 0x0000000732200000| Complete 
| 361|0x0000000732400000, 0x0000000732600000, 0x0000000732600000|100%| E|CS|TAMS 0x0000000732400000| PB 0x0000000732400000| Complete 
| 362|0x0000000732600000, 0x0000000732800000, 0x0000000732800000|100%| E|CS|TAMS 0x0000000732600000| PB 0x0000000732600000| Complete 
| 363|0x0000000732800000, 0x0000000732a00000, 0x0000000732a00000|100%| E|CS|TAMS 0x0000000732800000| PB 0x0000000732800000| Complete 
| 364|0x0000000732a00000, 0x0000000732c00000, 0x0000000732c00000|100%| E|CS|TAMS 0x0000000732a00000| PB 0x0000000732a00000| Complete 
| 365|0x0000000732c00000, 0x0000000732e00000, 0x0000000732e00000|100%| E|CS|TAMS 0x0000000732c00000| PB 0x0000000732c00000| Complete 
| 366|0x0000000732e00000, 0x0000000733000000, 0x0000000733000000|100%| E|CS|TAMS 0x0000000732e00000| PB 0x0000000732e00000| Complete 
| 367|0x0000000733000000, 0x0000000733200000, 0x0000000733200000|100%| E|CS|TAMS 0x0000000733000000| PB 0x0000000733000000| Complete 
| 368|0x0000000733200000, 0x0000000733400000, 0x0000000733400000|100%| E|CS|TAMS 0x0000000733200000| PB 0x0000000733200000| Complete 
| 369|0x0000000733400000, 0x0000000733600000, 0x0000000733600000|100%| E|CS|TAMS 0x0000000733400000| PB 0x0000000733400000| Complete 
| 370|0x0000000733600000, 0x0000000733800000, 0x0000000733800000|100%| E|CS|TAMS 0x0000000733600000| PB 0x0000000733600000| Complete 
| 371|0x0000000733800000, 0x0000000733a00000, 0x0000000733a00000|100%| E|CS|TAMS 0x0000000733800000| PB 0x0000000733800000| Complete 
| 372|0x0000000733a00000, 0x0000000733c00000, 0x0000000733c00000|100%| E|CS|TAMS 0x0000000733a00000| PB 0x0000000733a00000| Complete 
| 373|0x0000000733c00000, 0x0000000733e00000, 0x0000000733e00000|100%| E|CS|TAMS 0x0000000733c00000| PB 0x0000000733c00000| Complete 
| 374|0x0000000733e00000, 0x0000000734000000, 0x0000000734000000|100%| E|CS|TAMS 0x0000000733e00000| PB 0x0000000733e00000| Complete 
| 375|0x0000000734000000, 0x0000000734200000, 0x0000000734200000|100%| E|CS|TAMS 0x0000000734000000| PB 0x0000000734000000| Complete 
| 376|0x0000000734200000, 0x0000000734400000, 0x0000000734400000|100%| E|CS|TAMS 0x0000000734200000| PB 0x0000000734200000| Complete 
| 377|0x0000000734400000, 0x0000000734600000, 0x0000000734600000|100%| E|CS|TAMS 0x0000000734400000| PB 0x0000000734400000| Complete 
| 378|0x0000000734600000, 0x0000000734800000, 0x0000000734800000|100%| E|CS|TAMS 0x0000000734600000| PB 0x0000000734600000| Complete 
| 379|0x0000000734800000, 0x0000000734a00000, 0x0000000734a00000|100%| E|CS|TAMS 0x0000000734800000| PB 0x0000000734800000| Complete 
| 380|0x0000000734a00000, 0x0000000734c00000, 0x0000000734c00000|100%| E|CS|TAMS 0x0000000734a00000| PB 0x0000000734a00000| Complete 
| 381|0x0000000734c00000, 0x0000000734e00000, 0x0000000734e00000|100%| E|CS|TAMS 0x0000000734c00000| PB 0x0000000734c00000| Complete 
| 382|0x0000000734e00000, 0x0000000735000000, 0x0000000735000000|100%| E|CS|TAMS 0x0000000734e00000| PB 0x0000000734e00000| Complete 
| 383|0x0000000735000000, 0x0000000735200000, 0x0000000735200000|100%| E|CS|TAMS 0x0000000735000000| PB 0x0000000735000000| Complete 
| 384|0x0000000735200000, 0x0000000735400000, 0x0000000735400000|100%| E|CS|TAMS 0x0000000735200000| PB 0x0000000735200000| Complete 
| 385|0x0000000735400000, 0x0000000735600000, 0x0000000735600000|100%| E|CS|TAMS 0x0000000735400000| PB 0x0000000735400000| Complete 
| 386|0x0000000735600000, 0x0000000735800000, 0x0000000735800000|100%| E|CS|TAMS 0x0000000735600000| PB 0x0000000735600000| Complete 
| 387|0x0000000735800000, 0x0000000735a00000, 0x0000000735a00000|100%| E|CS|TAMS 0x0000000735800000| PB 0x0000000735800000| Complete 
| 388|0x0000000735a00000, 0x0000000735c00000, 0x0000000735c00000|100%| E|CS|TAMS 0x0000000735a00000| PB 0x0000000735a00000| Complete 
| 389|0x0000000735c00000, 0x0000000735e00000, 0x0000000735e00000|100%| E|CS|TAMS 0x0000000735c00000| PB 0x0000000735c00000| Complete 
| 390|0x0000000735e00000, 0x0000000736000000, 0x0000000736000000|100%| E|CS|TAMS 0x0000000735e00000| PB 0x0000000735e00000| Complete 
| 391|0x0000000736000000, 0x0000000736200000, 0x0000000736200000|100%| E|CS|TAMS 0x0000000736000000| PB 0x0000000736000000| Complete 
| 392|0x0000000736200000, 0x0000000736400000, 0x0000000736400000|100%| E|CS|TAMS 0x0000000736200000| PB 0x0000000736200000| Complete 
| 393|0x0000000736400000, 0x0000000736600000, 0x0000000736600000|100%| E|CS|TAMS 0x0000000736400000| PB 0x0000000736400000| Complete 
| 394|0x0000000736600000, 0x0000000736800000, 0x0000000736800000|100%| E|CS|TAMS 0x0000000736600000| PB 0x0000000736600000| Complete 
| 395|0x0000000736800000, 0x0000000736a00000, 0x0000000736a00000|100%| E|CS|TAMS 0x0000000736800000| PB 0x0000000736800000| Complete 

Card table byte_map: [0x0000020a28240000,0x0000020a28a20000] _byte_map_base: 0x0000020a24a17000

Marking Bits: (CMBitMap*) 0x0000020a0ed54b00
 Bits: [0x0000020a28a20000, 0x0000020a2c8d8000)

Polling page: 0x0000020a0e4b0000

Metaspace:

Usage:
  Non-class:     89.42 MB used.
      Class:     11.18 MB used.
       Both:    100.60 MB used.

Virtual space:
  Non-class space:      128.00 MB reserved,      90.12 MB ( 70%) committed,  2 nodes.
      Class space:        1.00 GB reserved,      11.75 MB (  1%) committed,  1 nodes.
             Both:        1.12 GB reserved,     101.88 MB (  9%) committed. 

Chunk freelists:
   Non-Class:  5.80 MB
       Class:  4.16 MB
        Both:  9.96 MB

MaxMetaspaceSize: unlimited
CompressedClassSpaceSize: 1.00 GB
Initial GC threshold: 21.00 MB
Current GC threshold: 146.69 MB
CDS: off
 - commit_granule_bytes: 65536.
 - commit_granule_words: 8192.
 - virtual_space_node_default_size: 8388608.
 - enlarge_chunks_in_place: 1.
 - use_allocation_guard: 0.


Internal statistics:

num_allocs_failed_limit: 6.
num_arena_births: 1250.
num_arena_deaths: 0.
num_vsnodes_births: 3.
num_vsnodes_deaths: 0.
num_space_committed: 1630.
num_space_uncommitted: 0.
num_chunks_returned_to_freelist: 6.
num_chunks_taken_from_freelist: 4167.
num_chunk_merges: 0.
num_chunk_splits: 2847.
num_chunks_enlarged: 1921.
num_inconsistent_stats: 0.

CodeHeap 'non-profiled nmethods': size=119168Kb used=12924Kb max_used=12924Kb free=106243Kb
 bounds [0x0000020a1fb60000, 0x0000020a20800000, 0x0000020a26fc0000]
CodeHeap 'profiled nmethods': size=119104Kb used=33198Kb max_used=33198Kb free=85905Kb
 bounds [0x0000020a17fc0000, 0x0000020a1a030000, 0x0000020a1f410000]
CodeHeap 'non-nmethods': size=7488Kb used=2512Kb max_used=3691Kb free=4975Kb
 bounds [0x0000020a1f410000, 0x0000020a1f7c0000, 0x0000020a1fb60000]
CodeCache: size=245760Kb, used=48634Kb, max_used=49813Kb, free=197123Kb
 total_blobs=15043, nmethods=13967, adapters=976, full_count=0
Compilation: enabled, stopped_count=0, restarted_count=0

Compilation events (20 events):
Event: 19.650 Thread 0x0000020a2fca49b0 15763       3       com.st.microxplorer.plugins.pinoutconfig.engine.AbstractGPin::getMappedSignals (60 bytes)
Event: 19.650 Thread 0x0000020a360cd320 15764       3       com.st.microxplorer.util.RulesEngine::getResult (75 bytes)
Event: 19.651 Thread 0x0000020a2fca49b0 nmethod 15763 0x0000020a1a01f590 code [0x0000020a1a01f800, 0x0000020a1a0204d8]
Event: 19.651 Thread 0x0000020a2fca49b0 15767   !   3       sun.java2d.SunGraphics2D::drawImage (150 bytes)
Event: 19.651 Thread 0x0000020a360cd320 nmethod 15764 0x0000020a1a020910 code [0x0000020a1a020ca0, 0x0000020a1a0227d0]
Event: 19.651 Thread 0x0000020a2fca49b0 nmethod 15767 0x0000020a1a022f90 code [0x0000020a1a023220, 0x0000020a1a023e00]
Event: 19.651 Thread 0x0000020a2fca49b0 15762       3       com.st.microxplorer.mcu.Pin::getPinLabel (36 bytes)
Event: 19.651 Thread 0x0000020a360cd320 15765       3       com.st.microxplorer.util.RulesEngine::getResult (26 bytes)
Event: 19.652 Thread 0x0000020a2fca49b0 nmethod 15762 0x0000020a1a024390 code [0x0000020a1a024580, 0x0000020a1a024b10]
Event: 19.652 Thread 0x0000020a2fca49b0 15766       3       com.st.microxplorer.util.MXGuiUtils::getImage (66 bytes)
Event: 19.652 Thread 0x0000020a2fca49b0 nmethod 15766 0x0000020a1a024c90 code [0x0000020a1a024ec0, 0x0000020a1a025740]
Event: 19.652 Thread 0x0000020a2fca49b0 15768       3       com.st.microxplorer.plugins.pinoutconfig.engine.AbstractGPin::isLocked (8 bytes)
Event: 19.652 Thread 0x0000020a360cd320 nmethod 15765 0x0000020a1a025a10 code [0x0000020a1a025c60, 0x0000020a1a0265d0]
Event: 19.652 Thread 0x0000020a2fca49b0 nmethod 15768 0x0000020a1a026890 code [0x0000020a1a026a40, 0x0000020a1a026cc0]
Event: 19.655 Thread 0x0000020a2fca49b0 15769       3       com.st.microxplorer.plugins.pinoutconfig.engine.Package$GPin::contains (31 bytes)
Event: 19.655 Thread 0x0000020a360cd320 15770       3       java.awt.Rectangle::contains (7 bytes)
Event: 19.656 Thread 0x0000020a360cd320 nmethod 15770 0x0000020a1a026d90 code [0x0000020a1a026f40, 0x0000020a1a027100]
Event: 19.656 Thread 0x0000020a2fca49b0 nmethod 15769 0x0000020a1a027190 code [0x0000020a1a027360, 0x0000020a1a027818]
Event: 19.656 Thread 0x0000020a360cd320 15771       3       java.awt.Rectangle::inside (88 bytes)
Event: 19.656 Thread 0x0000020a360cd320 nmethod 15771 0x0000020a1a027a10 code [0x0000020a1a027bc0, 0x0000020a1a027ea8]

GC Heap History (20 events):
Event: 9.450 GC heap before
{Heap before GC invocations=54 (full 0):
 garbage-first heap   total 811008K, used 637426K [0x0000000705200000, 0x0000000800000000)
  region size 2048K, 237 young (485376K), 13 survivors (26624K)
 Metaspace       used 89729K, committed 90880K, reserved 1179648K
  class space    used 9996K, committed 10496K, reserved 1048576K
}
Event: 9.454 GC heap after
{Heap after GC invocations=55 (full 0):
 garbage-first heap   total 811008K, used 180059K [0x0000000705200000, 0x0000000800000000)
  region size 2048K, 14 young (28672K), 14 survivors (28672K)
 Metaspace       used 89729K, committed 90880K, reserved 1179648K
  class space    used 9996K, committed 10496K, reserved 1048576K
}
Event: 9.669 GC heap before
{Heap before GC invocations=55 (full 0):
 garbage-first heap   total 811008K, used 636763K [0x0000000705200000, 0x0000000800000000)
  region size 2048K, 237 young (485376K), 14 survivors (28672K)
 Metaspace       used 89741K, committed 90880K, reserved 1179648K
  class space    used 9996K, committed 10496K, reserved 1048576K
}
Event: 9.674 GC heap after
{Heap after GC invocations=56 (full 0):
 garbage-first heap   total 811008K, used 184092K [0x0000000705200000, 0x0000000800000000)
  region size 2048K, 15 young (30720K), 15 survivors (30720K)
 Metaspace       used 89741K, committed 90880K, reserved 1179648K
  class space    used 9996K, committed 10496K, reserved 1048576K
}
Event: 9.933 GC heap before
{Heap before GC invocations=56 (full 0):
 garbage-first heap   total 811008K, used 638748K [0x0000000705200000, 0x0000000800000000)
  region size 2048K, 237 young (485376K), 15 survivors (30720K)
 Metaspace       used 89905K, committed 91008K, reserved 1179648K
  class space    used 9998K, committed 10496K, reserved 1048576K
}
Event: 9.939 GC heap after
{Heap after GC invocations=57 (full 0):
 garbage-first heap   total 811008K, used 186875K [0x0000000705200000, 0x0000000800000000)
  region size 2048K, 16 young (32768K), 16 survivors (32768K)
 Metaspace       used 89905K, committed 91008K, reserved 1179648K
  class space    used 9998K, committed 10496K, reserved 1048576K
}
Event: 10.292 GC heap before
{Heap before GC invocations=57 (full 0):
 garbage-first heap   total 811008K, used 639483K [0x0000000705200000, 0x0000000800000000)
  region size 2048K, 237 young (485376K), 16 survivors (32768K)
 Metaspace       used 90652K, committed 91840K, reserved 1179648K
  class space    used 10088K, committed 10624K, reserved 1048576K
}
Event: 10.298 GC heap after
{Heap after GC invocations=58 (full 0):
 garbage-first heap   total 811008K, used 191397K [0x0000000705200000, 0x0000000800000000)
  region size 2048K, 18 young (36864K), 18 survivors (36864K)
 Metaspace       used 90652K, committed 91840K, reserved 1179648K
  class space    used 10088K, committed 10624K, reserved 1048576K
}
Event: 12.215 GC heap before
{Heap before GC invocations=58 (full 0):
 garbage-first heap   total 811008K, used 639909K [0x0000000705200000, 0x0000000800000000)
  region size 2048K, 237 young (485376K), 18 survivors (36864K)
 Metaspace       used 92720K, committed 93888K, reserved 1179648K
  class space    used 10283K, committed 10816K, reserved 1048576K
}
Event: 12.228 GC heap after
{Heap after GC invocations=59 (full 0):
 garbage-first heap   total 811008K, used 221867K [0x0000000705200000, 0x0000000800000000)
  region size 2048K, 30 young (61440K), 30 survivors (61440K)
 Metaspace       used 92720K, committed 93888K, reserved 1179648K
  class space    used 10283K, committed 10816K, reserved 1048576K
}
Event: 12.361 GC heap before
{Heap before GC invocations=59 (full 0):
 garbage-first heap   total 811008K, used 645803K [0x0000000705200000, 0x0000000800000000)
  region size 2048K, 237 young (485376K), 30 survivors (61440K)
 Metaspace       used 92761K, committed 93952K, reserved 1179648K
  class space    used 10283K, committed 10816K, reserved 1048576K
}
Event: 12.369 GC heap after
{Heap after GC invocations=60 (full 0):
 garbage-first heap   total 811008K, used 234481K [0x0000000705200000, 0x0000000800000000)
  region size 2048K, 5 young (10240K), 5 survivors (10240K)
 Metaspace       used 92761K, committed 93952K, reserved 1179648K
  class space    used 10283K, committed 10816K, reserved 1048576K
}
Event: 12.465 GC heap before
{Heap before GC invocations=60 (full 0):
 garbage-first heap   total 811008K, used 709617K [0x0000000705200000, 0x0000000800000000)
  region size 2048K, 237 young (485376K), 5 survivors (10240K)
 Metaspace       used 92766K, committed 94016K, reserved 1179648K
  class space    used 10283K, committed 10816K, reserved 1048576K
}
Event: 12.466 GC heap after
{Heap after GC invocations=61 (full 0):
 garbage-first heap   total 811008K, used 226655K [0x0000000705200000, 0x0000000800000000)
  region size 2048K, 2 young (4096K), 2 survivors (4096K)
 Metaspace       used 92766K, committed 94016K, reserved 1179648K
  class space    used 10283K, committed 10816K, reserved 1048576K
}
Event: 15.460 GC heap before
{Heap before GC invocations=61 (full 0):
 garbage-first heap   total 811008K, used 707935K [0x0000000705200000, 0x0000000800000000)
  region size 2048K, 237 young (485376K), 2 survivors (4096K)
 Metaspace       used 94252K, committed 95424K, reserved 1179648K
  class space    used 10406K, committed 10944K, reserved 1048576K
}
Event: 15.466 GC heap after
{Heap after GC invocations=62 (full 0):
 garbage-first heap   total 811008K, used 249025K [0x0000000705200000, 0x0000000800000000)
  region size 2048K, 13 young (26624K), 13 survivors (26624K)
 Metaspace       used 94252K, committed 95424K, reserved 1179648K
  class space    used 10406K, committed 10944K, reserved 1048576K
}
Event: 15.906 GC heap before
{Heap before GC invocations=62 (full 0):
 garbage-first heap   total 811008K, used 480449K [0x0000000705200000, 0x0000000800000000)
  region size 2048K, 127 young (260096K), 13 survivors (26624K)
 Metaspace       used 95621K, committed 96832K, reserved 1179648K
  class space    used 10581K, committed 11136K, reserved 1048576K
}
Event: 15.910 GC heap after
{Heap after GC invocations=63 (full 0):
 garbage-first heap   total 811008K, used 254889K [0x0000000705200000, 0x0000000800000000)
  region size 2048K, 15 young (30720K), 15 survivors (30720K)
 Metaspace       used 95621K, committed 96832K, reserved 1179648K
  class space    used 10581K, committed 11136K, reserved 1048576K
}
Event: 17.255 GC heap before
{Heap before GC invocations=63 (full 0):
 garbage-first heap   total 811008K, used 736169K [0x0000000705200000, 0x0000000800000000)
  region size 2048K, 237 young (485376K), 15 survivors (30720K)
 Metaspace       used 102016K, committed 103232K, reserved 1179648K
  class space    used 11391K, committed 11904K, reserved 1048576K
}
Event: 17.261 GC heap after
{Heap after GC invocations=64 (full 0):
 garbage-first heap   total 811008K, used 300017K [0x0000000705200000, 0x0000000800000000)
  region size 2048K, 23 young (47104K), 23 survivors (47104K)
 Metaspace       used 102016K, committed 103232K, reserved 1179648K
  class space    used 11391K, committed 11904K, reserved 1048576K
}

Dll operation events (20 events):
Event: 0.004 Loaded shared library C:\Users\smpet\AppData\Local\Programs\STM32CubeMX\jre\bin\java.dll
Event: 0.026 Loaded shared library C:\Users\smpet\AppData\Local\Programs\STM32CubeMX\jre\bin\jsvml.dll
Event: 0.055 Loaded shared library C:\Users\smpet\AppData\Local\Programs\STM32CubeMX\jre\bin\net.dll
Event: 0.056 Loaded shared library C:\Users\smpet\AppData\Local\Programs\STM32CubeMX\jre\bin\nio.dll
Event: 0.072 Loaded shared library C:\Users\smpet\AppData\Local\Programs\STM32CubeMX\jre\bin\zip.dll
Event: 0.089 Loaded shared library C:\Users\smpet\AppData\Local\Programs\STM32CubeMX\jre\bin\jimage.dll
Event: 0.187 Loaded shared library C:\Users\smpet\AppData\Local\Programs\STM32CubeMX\jre\bin\management.dll
Event: 0.190 Loaded shared library C:\Users\smpet\AppData\Local\Programs\STM32CubeMX\jre\bin\management_ext.dll
Event: 0.496 Loaded shared library C:\Users\smpet\AppData\Local\Programs\STM32CubeMX\jre\bin\awt.dll
Event: 0.684 Loaded shared library C:\Users\smpet\AppData\Local\Programs\STM32CubeMX\jre\bin\freetype.dll
Event: 0.685 Loaded shared library C:\Users\smpet\AppData\Local\Programs\STM32CubeMX\jre\bin\fontmanager.dll
Event: 0.780 Loaded shared library C:\Users\smpet\AppData\Local\Programs\STM32CubeMX\jre\bin\verify.dll
Event: 0.850 Loaded shared library C:\Users\smpet\AppData\Local\Programs\STM32CubeMX\jre\bin\prefs.dll
Event: 0.916 Loaded shared library C:\Users\smpet\AppData\Local\Temp\jna-109563013\jna2546578313422918559.dll
Event: 2.881 Loaded shared library C:\Users\smpet\AppData\Local\Programs\STM32CubeMX\jre\bin\sunmscapi.dll
Event: 3.171 Loaded shared library C:\Users\smpet\AppData\Local\Programs\STM32CubeMX\jre\bin\extnet.dll
Event: 3.479 Loaded shared library C:\Users\smpet\AppData\Local\Programs\STM32CubeMX\jre\bin\javajpeg.dll
Event: 4.190 Loaded shared library C:\Users\smpet\.stm32cubemx\.jxbrowser-8.15.0\Chromium\toolkit64.dll
Event: 4.331 Loaded shared library C:\Users\smpet\.stm32cubemx\.jxbrowser-8.15.0\Chromium\ipc64.dll
Event: 12.610 Loaded shared library C:\Users\smpet\AppData\Local\Temp\sqlite-3.49.1.0-75087640-2bfa-449b-b242-a1f08500ae13-sqlitejdbc.dll

Deoptimization events (20 events):
Event: 19.636 Thread 0x0000020a344109f0 Uncommon trap: trap_request=0xffffffbe fr.pc=0x0000020a207d1e24 relative=0x00000000000006e4
Event: 19.636 Thread 0x0000020a344109f0 Uncommon trap: reason=profile_predicate action=maybe_recompile pc=0x0000020a207d1e24 method=java.awt.EventDispatchThread.filterAndCheckEvent(Ljava/awt/AWTEvent;)Z @ 22 c2
Event: 19.636 Thread 0x0000020a344109f0 DEOPT PACKING pc=0x0000020a207d1e24 sp=0x000000adcf7ff2e0
Event: 19.636 Thread 0x0000020a344109f0 DEOPT UNPACKING pc=0x0000020a1f464422 sp=0x000000adcf7ff210 mode 2
Event: 19.645 Thread 0x0000020a344109f0 Uncommon trap: trap_request=0xffffff3d fr.pc=0x0000020a2055b74c relative=0x000000000000018c
Event: 19.645 Thread 0x0000020a344109f0 Uncommon trap: reason=unstable_fused_if action=reinterpret pc=0x0000020a2055b74c method=java.awt.EventQueue.eventToCacheIndex(Ljava/awt/AWTEvent;)I @ 4 c2
Event: 19.645 Thread 0x0000020a344109f0 DEOPT PACKING pc=0x0000020a2055b74c sp=0x000000adcf7ff190
Event: 19.645 Thread 0x0000020a344109f0 DEOPT UNPACKING pc=0x0000020a1f464422 sp=0x000000adcf7ff0e0 mode 2
Event: 19.645 Thread 0x0000020a344109f0 Uncommon trap: trap_request=0xffffffbe fr.pc=0x0000020a207d1e24 relative=0x00000000000006e4
Event: 19.645 Thread 0x0000020a344109f0 Uncommon trap: reason=profile_predicate action=maybe_recompile pc=0x0000020a207d1e24 method=java.awt.EventDispatchThread.filterAndCheckEvent(Ljava/awt/AWTEvent;)Z @ 22 c2
Event: 19.645 Thread 0x0000020a344109f0 DEOPT PACKING pc=0x0000020a207d1e24 sp=0x000000adcf7ff2e0
Event: 19.645 Thread 0x0000020a344109f0 DEOPT UNPACKING pc=0x0000020a1f464422 sp=0x000000adcf7ff210 mode 2
Event: 19.655 Thread 0x0000020a344109f0 Uncommon trap: trap_request=0xffffffbe fr.pc=0x0000020a207d1e24 relative=0x00000000000006e4
Event: 19.655 Thread 0x0000020a344109f0 Uncommon trap: reason=profile_predicate action=maybe_recompile pc=0x0000020a207d1e24 method=java.awt.EventDispatchThread.filterAndCheckEvent(Ljava/awt/AWTEvent;)Z @ 22 c2
Event: 19.655 Thread 0x0000020a344109f0 DEOPT PACKING pc=0x0000020a207d1e24 sp=0x000000adcf7ff2e0
Event: 19.655 Thread 0x0000020a344109f0 DEOPT UNPACKING pc=0x0000020a1f464422 sp=0x000000adcf7ff210 mode 2
Event: 19.656 Thread 0x0000020a344109f0 Uncommon trap: trap_request=0xffffffbe fr.pc=0x0000020a207d08f0 relative=0x0000000000000490
Event: 19.656 Thread 0x0000020a344109f0 Uncommon trap: reason=profile_predicate action=maybe_recompile pc=0x0000020a207d08f0 method=java.awt.EventDispatchThread.filterAndCheckEvent(Ljava/awt/AWTEvent;)Z @ 22 c2
Event: 19.656 Thread 0x0000020a344109f0 DEOPT PACKING pc=0x0000020a207d08f0 sp=0x000000adcf7ff270
Event: 19.656 Thread 0x0000020a344109f0 DEOPT UNPACKING pc=0x0000020a1f464422 sp=0x000000adcf7ff210 mode 2

Classes loaded (20 events):
Event: 17.791 Loading class java/util/stream/ReduceOps$5
Event: 17.792 Loading class java/util/stream/ReduceOps$5 done
Event: 17.792 Loading class java/util/stream/ReduceOps$CountingSink$OfRef
Event: 17.792 Loading class java/util/stream/ReduceOps$CountingSink
Event: 17.792 Loading class java/util/stream/ReduceOps$CountingSink done
Event: 17.792 Loading class java/util/stream/ReduceOps$CountingSink$OfRef done
Event: 17.794 Loading class javax/swing/GroupLayout$Group
Event: 17.794 Loading class javax/swing/GroupLayout$Spring
Event: 17.795 Loading class javax/swing/GroupLayout$Spring done
Event: 17.795 Loading class javax/swing/GroupLayout$Group done
Event: 17.795 Loading class javax/swing/GroupLayout$SequentialGroup
Event: 17.795 Loading class javax/swing/GroupLayout$SequentialGroup done
Event: 17.795 Loading class javax/swing/GroupLayout$ParallelGroup
Event: 17.795 Loading class javax/swing/GroupLayout$ParallelGroup done
Event: 19.627 Loading class java/awt/Container$MouseEventTargetFilter
Event: 19.627 Loading class java/awt/Container$EventTargetFilter
Event: 19.627 Loading class java/awt/Container$EventTargetFilter done
Event: 19.628 Loading class java/awt/Container$MouseEventTargetFilter done
Event: 19.628 Loading class java/awt/LightweightDispatcher$1
Event: 19.628 Loading class java/awt/LightweightDispatcher$1 done

Classes unloaded (0 events):
No events

Classes redefined (0 events):
No events

Internal exceptions (20 events):
Event: 18.040 Thread 0x0000020a344109f0 Exception <a 'java/io/IOException'{0x00000007224e6fa0}> (0x00000007224e6fa0) 
thrown [s\src\hotspot\share\prims\jni.cpp, line 520]
Event: 18.040 Thread 0x0000020a344109f0 Exception <a 'java/io/IOException'{0x00000007224e7568}> (0x00000007224e7568) 
thrown [s\src\hotspot\share\prims\jni.cpp, line 520]
Event: 18.040 Thread 0x0000020a344109f0 Exception <a 'java/io/IOException'{0x0000000722509150}> (0x0000000722509150) 
thrown [s\src\hotspot\share\prims\jni.cpp, line 520]
Event: 18.040 Thread 0x0000020a344109f0 Exception <a 'java/io/IOException'{0x0000000722509718}> (0x0000000722509718) 
thrown [s\src\hotspot\share\prims\jni.cpp, line 520]
Event: 18.040 Thread 0x0000020a344109f0 Exception <a 'java/io/IOException'{0x000000072250f450}> (0x000000072250f450) 
thrown [s\src\hotspot\share\prims\jni.cpp, line 520]
Event: 18.040 Thread 0x0000020a344109f0 Exception <a 'java/io/IOException'{0x000000072250fa18}> (0x000000072250fa18) 
thrown [s\src\hotspot\share\prims\jni.cpp, line 520]
Event: 18.040 Thread 0x0000020a344109f0 Exception <a 'java/io/IOException'{0x00000007225179e8}> (0x00000007225179e8) 
thrown [s\src\hotspot\share\prims\jni.cpp, line 520]
Event: 18.040 Thread 0x0000020a344109f0 Exception <a 'java/io/IOException'{0x0000000722517fb0}> (0x0000000722517fb0) 
thrown [s\src\hotspot\share\prims\jni.cpp, line 520]
Event: 18.040 Thread 0x0000020a344109f0 Exception <a 'java/io/IOException'{0x0000000722539b88}> (0x0000000722539b88) 
thrown [s\src\hotspot\share\prims\jni.cpp, line 520]
Event: 18.040 Thread 0x0000020a344109f0 Exception <a 'java/io/IOException'{0x000000072253a150}> (0x000000072253a150) 
thrown [s\src\hotspot\share\prims\jni.cpp, line 520]
Event: 18.040 Thread 0x0000020a344109f0 Exception <a 'java/io/IOException'{0x000000072253fe88}> (0x000000072253fe88) 
thrown [s\src\hotspot\share\prims\jni.cpp, line 520]
Event: 18.040 Thread 0x0000020a344109f0 Exception <a 'java/io/IOException'{0x0000000722540450}> (0x0000000722540450) 
thrown [s\src\hotspot\share\prims\jni.cpp, line 520]
Event: 18.040 Thread 0x0000020a344109f0 Exception <a 'java/io/IOException'{0x00000007225483d8}> (0x00000007225483d8) 
thrown [s\src\hotspot\share\prims\jni.cpp, line 520]
Event: 18.040 Thread 0x0000020a344109f0 Exception <a 'java/io/IOException'{0x00000007225489a0}> (0x00000007225489a0) 
thrown [s\src\hotspot\share\prims\jni.cpp, line 520]
Event: 18.040 Thread 0x0000020a344109f0 Exception <a 'java/io/IOException'{0x000000072256a980}> (0x000000072256a980) 
thrown [s\src\hotspot\share\prims\jni.cpp, line 520]
Event: 18.040 Thread 0x0000020a344109f0 Exception <a 'java/io/IOException'{0x000000072256af48}> (0x000000072256af48) 
thrown [s\src\hotspot\share\prims\jni.cpp, line 520]
Event: 18.040 Thread 0x0000020a344109f0 Exception <a 'java/io/IOException'{0x0000000722570c80}> (0x0000000722570c80) 
thrown [s\src\hotspot\share\prims\jni.cpp, line 520]
Event: 18.040 Thread 0x0000020a344109f0 Exception <a 'java/io/IOException'{0x0000000722571248}> (0x0000000722571248) 
thrown [s\src\hotspot\share\prims\jni.cpp, line 520]
Event: 18.040 Thread 0x0000020a344109f0 Exception <a 'java/io/IOException'{0x00000007225791e8}> (0x00000007225791e8) 
thrown [s\src\hotspot\share\prims\jni.cpp, line 520]
Event: 18.040 Thread 0x0000020a344109f0 Exception <a 'java/io/IOException'{0x00000007225797b0}> (0x00000007225797b0) 
thrown [s\src\hotspot\share\prims\jni.cpp, line 520]

ZGC Phase Switch (0 events):
No events

VM Operations (20 events):
Event: 17.027 Executing VM operation: HandshakeAllThreads (Deoptimize)
Event: 17.027 Executing VM operation: HandshakeAllThreads (Deoptimize) done
Event: 17.081 Executing VM operation: HandshakeAllThreads (Deoptimize)
Event: 17.081 Executing VM operation: HandshakeAllThreads (Deoptimize) done
Event: 17.151 Executing VM operation: ICBufferFull
Event: 17.151 Executing VM operation: ICBufferFull done
Event: 17.185 Executing VM operation: HandshakeAllThreads (Deoptimize)
Event: 17.185 Executing VM operation: HandshakeAllThreads (Deoptimize) done
Event: 17.220 Executing VM operation: HandshakeAllThreads (Deoptimize)
Event: 17.220 Executing VM operation: HandshakeAllThreads (Deoptimize) done
Event: 17.254 Executing VM operation: G1CollectForAllocation (G1 Evacuation Pause)
Event: 17.261 Executing VM operation: G1CollectForAllocation (G1 Evacuation Pause) done
Event: 17.521 Executing VM operation: ICBufferFull
Event: 17.522 Executing VM operation: ICBufferFull done
Event: 17.793 Executing VM operation: HandshakeAllThreads (Deoptimize)
Event: 17.793 Executing VM operation: HandshakeAllThreads (Deoptimize) done
Event: 17.805 Executing VM operation: ICBufferFull
Event: 17.805 Executing VM operation: ICBufferFull done
Event: 18.811 Executing VM operation: Cleanup
Event: 18.811 Executing VM operation: Cleanup done

Memory protections (0 events):
No events

Nmethod flushes (20 events):
Event: 7.629 Thread 0x0000020a0c811970 flushing  nmethod 0x0000020a1ffb0f10
Event: 7.629 Thread 0x0000020a0c811970 flushing  nmethod 0x0000020a1ffb1e10
Event: 7.629 Thread 0x0000020a0c811970 flushing  nmethod 0x0000020a19047110
Event: 7.629 Thread 0x0000020a0c811970 flushing  nmethod 0x0000020a19047d90
Event: 7.629 Thread 0x0000020a0c811970 flushing  nmethod 0x0000020a19048410
Event: 7.629 Thread 0x0000020a0c811970 flushing  nmethod 0x0000020a19048e10
Event: 7.629 Thread 0x0000020a0c811970 flushing  nmethod 0x0000020a19049310
Event: 7.629 Thread 0x0000020a0c811970 flushing  nmethod 0x0000020a19049810
Event: 7.629 Thread 0x0000020a0c811970 flushing  nmethod 0x0000020a19054590
Event: 7.629 Thread 0x0000020a0c811970 flushing  nmethod 0x0000020a1fd0a890
Event: 7.629 Thread 0x0000020a0c811970 flushing  nmethod 0x0000020a17ffc590
Event: 7.629 Thread 0x0000020a0c811970 flushing  nmethod 0x0000020a1905ca90
Event: 7.629 Thread 0x0000020a0c811970 flushing  nmethod 0x0000020a183c0390
Event: 7.629 Thread 0x0000020a0c811970 flushing  nmethod 0x0000020a188fab10
Event: 7.629 Thread 0x0000020a0c811970 flushing  nmethod 0x0000020a18ba6e10
Event: 7.629 Thread 0x0000020a0c811970 flushing  nmethod 0x0000020a1888b790
Event: 7.629 Thread 0x0000020a0c811970 flushing  nmethod 0x0000020a18a89c90
Event: 7.629 Thread 0x0000020a0c811970 flushing  nmethod 0x0000020a18c9c010
Event: 7.629 Thread 0x0000020a0c811970 flushing  nmethod 0x0000020a19035e10
Event: 7.629 Thread 0x0000020a0c811970 flushing  nmethod 0x0000020a1906ea90

Events (20 events):
Event: 15.318 Thread 0x0000020a2fca49b0 Thread added: 0x0000020a39975f30
Event: 15.324 Thread 0x0000020a2fca49b0 Thread added: 0x0000020a39976600
Event: 15.324 Thread 0x0000020a2fca49b0 Thread added: 0x0000020a39977a70
Event: 15.340 Thread 0x0000020a2fca49b0 Thread added: 0x0000020a39975860
Event: 15.341 Thread 0x0000020a2fca49b0 Thread added: 0x0000020a360cd320
Event: 15.409 Thread 0x0000020a360cd320 Thread added: 0x0000020a360ccc50
Event: 15.417 Thread 0x0000020a360ccc50 Thread added: 0x0000020a360cf530
Event: 15.809 Thread 0x0000020a2ec9b990 Thread added: 0x0000020a401fd4b0
Event: 16.129 Thread 0x0000020a39975860 Thread exited: 0x0000020a39975860
Event: 17.697 Thread 0x0000020a344109f0 Thread added: 0x0000020a401fe860
Event: 17.698 Thread 0x0000020a401fe860 Thread exited: 0x0000020a401fe860
Event: 17.797 Thread 0x0000020a39977a70 Thread exited: 0x0000020a39977a70
Event: 17.801 Thread 0x0000020a39976600 Thread exited: 0x0000020a39976600
Event: 18.076 Thread 0x0000020a2fca49b0 Thread added: 0x0000020a360ce790
Event: 18.089 Thread 0x0000020a2fca49b0 Thread added: 0x0000020a360cee60
Event: 18.469 Thread 0x0000020a3965b060 Thread exited: 0x0000020a3965b060
Event: 19.630 Thread 0x0000020a360cee60 Thread exited: 0x0000020a360cee60
Event: 19.630 Thread 0x0000020a360ce790 Thread exited: 0x0000020a360ce790
Event: 19.630 Thread 0x0000020a360cf530 Thread exited: 0x0000020a360cf530
Event: 19.631 Thread 0x0000020a360ccc50 Thread exited: 0x0000020a360ccc50


Dynamic libraries:
0x00007ff6f3dd0000 - 0x00007ff6f3dde000 	C:\Users\smpet\AppData\Local\Programs\STM32CubeMX\jre\bin\javaw.exe
0x00007ffc5bb20000 - 0x00007ffc5bd87000 	C:\WINDOWS\SYSTEM32\ntdll.dll
0x00007ffc5b220000 - 0x00007ffc5b2e9000 	C:\WINDOWS\System32\KERNEL32.DLL
0x00007ffc58970000 - 0x00007ffc58d61000 	C:\WINDOWS\System32\KERNELBASE.dll
0x00007ffc58400000 - 0x00007ffc5854b000 	C:\WINDOWS\System32\ucrtbase.dll
0x00007ffc39880000 - 0x00007ffc39898000 	C:\Users\smpet\AppData\Local\Programs\STM32CubeMX\jre\bin\jli.dll
0x00007ffc39860000 - 0x00007ffc3987e000 	C:\Users\smpet\AppData\Local\Programs\STM32CubeMX\jre\bin\VCRUNTIME140.dll
0x00007ffc5b040000 - 0x00007ffc5b205000 	C:\WINDOWS\System32\USER32.dll
0x00007ffc58940000 - 0x00007ffc58967000 	C:\WINDOWS\System32\win32u.dll
0x00007ffc38c90000 - 0x00007ffc38f23000 	C:\WINDOWS\WinSxS\amd64_microsoft.windows.common-controls_6595b64144ccf1df_6.0.26100.8037_none_3e092faae333b53b\COMCTL32.dll
0x00007ffc5a370000 - 0x00007ffc5a39b000 	C:\WINDOWS\System32\GDI32.dll
0x00007ffc5aeb0000 - 0x00007ffc5af59000 	C:\WINDOWS\System32\msvcrt.dll
0x00007ffc585e0000 - 0x00007ffc5870b000 	C:\WINDOWS\System32\gdi32full.dll
0x00007ffc58710000 - 0x00007ffc587b3000 	C:\WINDOWS\System32\msvcp_win.dll
0x00007ffc5ba40000 - 0x00007ffc5ba71000 	C:\WINDOWS\System32\IMM32.DLL
0x00007ffc43ac0000 - 0x00007ffc43acc000 	C:\Users\smpet\AppData\Local\Programs\STM32CubeMX\jre\bin\vcruntime140_1.dll
0x00007ffbb8bf0000 - 0x00007ffbb8c7d000 	C:\Users\smpet\AppData\Local\Programs\STM32CubeMX\jre\bin\msvcp140.dll
0x00007ffb75fd0000 - 0x00007ffb76d70000 	C:\Users\smpet\AppData\Local\Programs\STM32CubeMX\jre\bin\server\jvm.dll
0x00007ffc59930000 - 0x00007ffc599eb000 	C:\WINDOWS\System32\ADVAPI32.dll
0x00007ffc5a2c0000 - 0x00007ffc5a367000 	C:\WINDOWS\System32\sechost.dll
0x00007ffc5b920000 - 0x00007ffc5ba38000 	C:\WINDOWS\System32\RPCRT4.dll
0x00007ffc5b6c0000 - 0x00007ffc5b734000 	C:\WINDOWS\System32\WS2_32.dll
0x00007ffc58260000 - 0x00007ffc582be000 	C:\WINDOWS\SYSTEM32\POWRPROF.dll
0x00007ffc4c630000 - 0x00007ffc4c665000 	C:\WINDOWS\SYSTEM32\WINMM.dll
0x00007ffc56d30000 - 0x00007ffc56d3b000 	C:\WINDOWS\SYSTEM32\VERSION.dll
0x00007ffc58240000 - 0x00007ffc58254000 	C:\WINDOWS\SYSTEM32\UMPDC.dll
0x00007ffc57190000 - 0x00007ffc571ab000 	C:\WINDOWS\SYSTEM32\kernel.appcore.dll
0x00007ffc39a10000 - 0x00007ffc39a1a000 	C:\Users\smpet\AppData\Local\Programs\STM32CubeMX\jre\bin\jimage.dll
0x00007ffc55e70000 - 0x00007ffc560b2000 	C:\WINDOWS\SYSTEM32\DBGHELP.DLL
0x00007ffc5ab20000 - 0x00007ffc5aea2000 	C:\WINDOWS\System32\combase.dll
0x00007ffc5af60000 - 0x00007ffc5b037000 	C:\WINDOWS\System32\OLEAUT32.dll
0x00007ffc222d0000 - 0x00007ffc2230b000 	C:\WINDOWS\SYSTEM32\dbgcore.DLL
0x00007ffc58fa0000 - 0x00007ffc59045000 	C:\WINDOWS\System32\bcryptPrimitives.dll
0x00007ffc39840000 - 0x00007ffc39860000 	C:\Users\smpet\AppData\Local\Programs\STM32CubeMX\jre\bin\java.dll
0x00007ffc599f0000 - 0x00007ffc5a14f000 	C:\WINDOWS\System32\SHELL32.dll
0x00007ffc58d70000 - 0x00007ffc58eda000 	C:\WINDOWS\System32\wintypes.dll
0x00007ffc59050000 - 0x00007ffc598b4000 	C:\WINDOWS\System32\windows.storage.dll
0x00007ffc5a960000 - 0x00007ffc5aa57000 	C:\WINDOWS\System32\SHCORE.dll
0x00007ffc598c0000 - 0x00007ffc59927000 	C:\WINDOWS\System32\shlwapi.dll
0x00007ffc58320000 - 0x00007ffc58349000 	C:\WINDOWS\SYSTEM32\profapi.dll
0x00007ffb86280000 - 0x00007ffb86357000 	C:\Users\smpet\AppData\Local\Programs\STM32CubeMX\jre\bin\jsvml.dll
0x00007ffc39920000 - 0x00007ffc39930000 	C:\Users\smpet\AppData\Local\Programs\STM32CubeMX\jre\bin\net.dll
0x00007ffc4d790000 - 0x00007ffc4d8b7000 	C:\WINDOWS\SYSTEM32\WINHTTP.dll
0x00007ffc57700000 - 0x00007ffc5776b000 	C:\WINDOWS\system32\mswsock.dll
0x00007ffc21a20000 - 0x00007ffc21a36000 	C:\Users\smpet\AppData\Local\Programs\STM32CubeMX\jre\bin\nio.dll
0x00007ffc217c0000 - 0x00007ffc217d8000 	C:\Users\smpet\AppData\Local\Programs\STM32CubeMX\jre\bin\zip.dll
0x00007ffc398f0000 - 0x00007ffc398fa000 	C:\Users\smpet\AppData\Local\Programs\STM32CubeMX\jre\bin\management.dll
0x00007ffc39830000 - 0x00007ffc3983c000 	C:\Users\smpet\AppData\Local\Programs\STM32CubeMX\jre\bin\management_ext.dll
0x00007ffc5aaf0000 - 0x00007ffc5aaf8000 	C:\WINDOWS\System32\PSAPI.DLL
0x00007ffc26d80000 - 0x00007ffc26d98000 	C:\WINDOWS\system32\napinsp.dll
0x00007ffc56a30000 - 0x00007ffc56b5a000 	C:\WINDOWS\SYSTEM32\DNSAPI.dll
0x00007ffc56870000 - 0x00007ffc568a3000 	C:\WINDOWS\SYSTEM32\IPHLPAPI.DLL
0x00007ffc5b630000 - 0x00007ffc5b63a000 	C:\WINDOWS\System32\NSI.dll
0x00007ffc26730000 - 0x00007ffc26742000 	C:\WINDOWS\System32\winrnr.dll
0x00007ffc26500000 - 0x00007ffc26522000 	C:\WINDOWS\system32\nlansp_c.dll
0x00007ffc4e850000 - 0x00007ffc4e866000 	C:\WINDOWS\system32\wshbth.dll
0x00007ffc4bab0000 - 0x00007ffc4babb000 	C:\Windows\System32\rasadhlp.dll
0x00007ffc52120000 - 0x00007ffc521a6000 	C:\WINDOWS\System32\fwpuclnt.dll
0x00007ffb860f0000 - 0x00007ffb8627f000 	C:\Users\smpet\AppData\Local\Programs\STM32CubeMX\jre\bin\awt.dll
0x00007ffc55380000 - 0x00007ffc5541f000 	C:\WINDOWS\SYSTEM32\apphelp.dll
0x00007ffc579f0000 - 0x00007ffc57a0b000 	C:\WINDOWS\SYSTEM32\CRYPTSP.dll
0x00007ffc570f0000 - 0x00007ffc57129000 	C:\WINDOWS\system32\rsaenh.dll
0x00007ffc577b0000 - 0x00007ffc577e2000 	C:\WINDOWS\SYSTEM32\USERENV.dll
0x00007ffc582f0000 - 0x00007ffc5831a000 	C:\WINDOWS\SYSTEM32\bcrypt.dll
0x00007ffc579e0000 - 0x00007ffc579ec000 	C:\WINDOWS\SYSTEM32\CRYPTBASE.dll
0x00007ffc55550000 - 0x00007ffc555fa000 	C:\WINDOWS\system32\uxtheme.dll
0x00007ffc5a160000 - 0x00007ffc5a2bd000 	C:\WINDOWS\System32\MSCTF.dll
0x00007ffc5b2f0000 - 0x00007ffc5b485000 	C:\WINDOWS\System32\ole32.dll
0x00007ffc55a40000 - 0x00007ffc55a6e000 	C:\WINDOWS\system32\DWMAPI.DLL
0x00007ffc38640000 - 0x00007ffc3874e000 	C:\WINDOWS\system32\opengl32.dll
0x00007ffc384f0000 - 0x00007ffc3851d000 	C:\WINDOWS\SYSTEM32\GLU32.dll
0x00007ffc559f0000 - 0x00007ffc55a33000 	C:\WINDOWS\SYSTEM32\dxcore.dll
0x00007ffb86060000 - 0x00007ffb860e7000 	C:\Users\smpet\AppData\Local\Programs\STM32CubeMX\jre\bin\freetype.dll
0x00007ffb85f60000 - 0x00007ffb86052000 	C:\Users\smpet\AppData\Local\Programs\STM32CubeMX\jre\bin\fontmanager.dll
0x00007ffc21a10000 - 0x00007ffc21a20000 	C:\Users\smpet\AppData\Local\Programs\STM32CubeMX\jre\bin\verify.dll
0x00007ffc21890000 - 0x00007ffc21899000 	C:\Users\smpet\AppData\Local\Programs\STM32CubeMX\jre\bin\prefs.dll
0x00007ffc12a40000 - 0x00007ffc12a81000 	C:\Users\smpet\AppData\Local\Temp\jna-109563013\jna2546578313422918559.dll
0x00007ffc217b0000 - 0x00007ffc217be000 	C:\Users\smpet\AppData\Local\Programs\STM32CubeMX\jre\bin\sunmscapi.dll
0x00007ffc587c0000 - 0x00007ffc58937000 	C:\WINDOWS\System32\CRYPT32.dll
0x00007ffc57c70000 - 0x00007ffc57ca0000 	C:\WINDOWS\SYSTEM32\ncrypt.dll
0x00007ffc57c20000 - 0x00007ffc57c5f000 	C:\WINDOWS\SYSTEM32\NTASN1.dll
0x00007ffc57a50000 - 0x00007ffc57a63000 	C:\WINDOWS\SYSTEM32\MSASN1.dll
0x00007ffc57770000 - 0x00007ffc577a0000 	C:\WINDOWS\SYSTEM32\gpapi.dll
0x00007ffc21730000 - 0x00007ffc21739000 	C:\Users\smpet\AppData\Local\Programs\STM32CubeMX\jre\bin\extnet.dll
0x00007ffc0fb40000 - 0x00007ffc0fb6f000 	C:\Users\smpet\AppData\Local\Programs\STM32CubeMX\jre\bin\javajpeg.dll
0x00007ffc5b570000 - 0x00007ffc5b61e000 	C:\WINDOWS\System32\clbcatq.dll
0x00007ffc53d00000 - 0x00007ffc53f2d000 	C:\WINDOWS\SYSTEM32\WindowsCodecs.dll
0x00007ffc1c750000 - 0x00007ffc1c7aa000 	C:\WINDOWS\system32\dataexchange.dll
0x00007ffc4b730000 - 0x00007ffc4b974000 	C:\WINDOWS\system32\twinapi.appcore.dll
0x00007ffc26750000 - 0x00007ffc26898000 	C:\WINDOWS\SYSTEM32\textinputframework.dll
0x00007ffc38b50000 - 0x00007ffc38bc6000 	C:\WINDOWS\system32\Oleacc.dll
0x00007ffb85b80000 - 0x00007ffb85ca6000 	C:\Users\smpet\.stm32cubemx\.jxbrowser-8.15.0\Chromium\toolkit64.dll
0x00007ffb84e80000 - 0x00007ffb84f9e000 	C:\Users\smpet\.stm32cubemx\.jxbrowser-8.15.0\Chromium\ipc64.dll
0x00007ffc572b0000 - 0x00007ffc572e6000 	C:\WINDOWS\SYSTEM32\ntmarta.dll
0x00007ffc550c0000 - 0x00007ffc551e7000 	C:\WINDOWS\SYSTEM32\CoreMessaging.dll
0x00007ffc51590000 - 0x00007ffc51872000 	C:\WINDOWS\SYSTEM32\CoreUIComponents.dll
0x00007ffb84790000 - 0x00007ffb8488a000 	C:\Users\smpet\AppData\Local\Temp\sqlite-3.49.1.0-75087640-2bfa-449b-b242-a1f08500ae13-sqlitejdbc.dll

JVMTI agents: none

dbghelp: loaded successfully - version: 4.0.5 - missing functions: none
symbol engine: initialized successfully - sym options: 0x614 - pdb path: .;C:\Users\smpet\AppData\Local\Programs\STM32CubeMX\jre\bin;C:\WINDOWS\SYSTEM32;C:\WINDOWS\WinSxS\amd64_microsoft.windows.common-controls_6595b64144ccf1df_6.0.26100.8037_none_3e092faae333b53b;C:\Users\smpet\AppData\Local\Programs\STM32CubeMX\jre\bin\server;C:\Users\smpet\AppData\Local\Temp\jna-109563013;C:\Users\smpet\.stm32cubemx\.jxbrowser-8.15.0\Chromium;C:\Users\smpet\AppData\Local\Temp

VM Arguments:
jvm_args: -Djavax.net.ssl.trustStoreType=WINDOWS-ROOT -Dsun.java2d.d3d=false --add-exports=java.desktop/sun.awt=ALL-UNNAMED --add-opens=java.desktop/java.awt=ALL-UNNAMED -Dfile.encoding=UTF8 
java_command: com.st.microxplorer.maingui.STM32CubeMX C:\Users\smpet\Desktop\26-BMS_Master\26-BMS_Master.ioc
java_class_path (initial): C:\Users\smpet\AppData\Local\Programs\STM32CubeMX\STM32CubeMX.exe;anything
Launcher Type: SUN_STANDARD

[Global flags]
     intx CICompilerCount                          = 12                                        {product} {ergonomic}
     uint ConcGCThreads                            = 4                                         {product} {ergonomic}
     uint G1ConcRefinementThreads                  = 15                                        {product} {ergonomic}
   size_t G1HeapRegionSize                         = 2097152                                   {product} {ergonomic}
    uintx GCDrainStackTargetSize                   = 64                                        {product} {ergonomic}
   size_t InitialHeapSize                          = 264241152                                 {product} {ergonomic}
   size_t MarkStackSize                            = 4194304                                   {product} {ergonomic}
   size_t MaxHeapSize                              = 4208984064                                {product} {ergonomic}
   size_t MaxNewSize                               = 2524971008                                {product} {ergonomic}
   size_t MinHeapDeltaBytes                        = 2097152                                   {product} {ergonomic}
   size_t MinHeapSize                              = 8388608                                   {product} {ergonomic}
    uintx NonNMethodCodeHeapSize                   = 7602480                                {pd product} {ergonomic}
    uintx NonProfiledCodeHeapSize                  = 122027880                              {pd product} {ergonomic}
    uintx ProfiledCodeHeapSize                     = 122027880                              {pd product} {ergonomic}
    uintx ReservedCodeCacheSize                    = 251658240                              {pd product} {ergonomic}
     bool SegmentedCodeCache                       = true                                      {product} {ergonomic}
   size_t SoftMaxHeapSize                          = 4208984064                             {manageable} {ergonomic}
     bool UseCompressedOops                        = true                           {product lp64_product} {ergonomic}
     bool UseG1GC                                  = true                                      {product} {ergonomic}
     bool UseLargePagesIndividualAllocation        = false                                  {pd product} {ergonomic}

Logging:
Log output configuration:
 #0: stdout all=warning uptime,level,tags foldmultilines=false
 #1: stderr all=off uptime,level,tags foldmultilines=false

Release file:
JAVA_VERSION="21.0.9" 
MODULES="java.base java.compiler java.datatransfer java.xml java.prefs java.desktop java.instrument java.logging java.management java.security.sasl java.naming java.rmi java.management.rmi java.net.http java.scripting java.security.jgss java.transaction.xa java.sql java.sql.rowset java.xml.crypto java.se java.smartcardio jdk.jfr javafx.base jdk.unsupported javafx.graphics javafx.controls javafx.fxml javafx.media jdk.unsupported.desktop javafx.swing jdk.jsobject jdk.xml.dom javafx.web jdk.accessibility jdk.internal.jvmstat jdk.attach jdk.charsets jdk.internal.opt jdk.zipfs jdk.compiler jdk.crypto.ec jdk.crypto.cryptoki jdk.crypto.mscapi jdk.dynalink jdk.internal.ed jdk.editpad jdk.httpserver jdk.incubator.vector jdk.internal.le jdk.internal.vm.ci jdk.internal.vm.compiler jdk.internal.vm.compiler.management jdk.jartool jdk.javadoc jdk.jdeps jdk.jdwp.agent jdk.jdi jdk.jlink jdk.jpackage jdk.jshell jdk.jstatd jdk.localedata jdk.management jdk.management.agent jdk.management.jfr jdk.naming.dns jdk.naming.rmi jdk.net jdk.nio.mapmode jdk.random jdk.sctp jdk.security.auth jdk.security.jgss" 

Environment Variables:
PATH=C:\Users\smpet\AppData\Local\Programs\STM32CubeMX\;C:/ST/STM32CubeIDE_1.16.0/STM32CubeIDE//plugins/com.st.stm32cube.ide.jre.win64_3.4.100.202508201254/jre/bin/server;C:/ST/STM32CubeIDE_1.16.0/STM32CubeIDE//plugins/com.st.stm32cube.ide.jre.win64_3.4.100.202508201254/jre/bin;C:\Program Files (x86)\NVIDIA Corporation\PhysX\Common;C:\Program Files (x86)\Common Files\Oracle\Java\java8path;C:\Program Files (x86)\Common Files\Oracle\Java\javapath;C:\Windows\system32;C:\Windows;C:\Windows\System32\Wbem;C:\Windows\System32\WindowsPowerShell\v1.0\;C:\Windows\System32\OpenSSH\;C:\Program Files\dotnet\;C:\Program Files\NVIDIA Corporation\NVIDIA NvDLISR;C:\Program Files\MATLAB\R2024a\bin;C:\Program Files\Microsoft SQL Server\Client SDK\ODBC\130\Tools\Binn\;C:\Program Files (x86)\Microsoft SQL Server\140\Tools\Binn\;C:\Program Files\Microsoft SQL Server\140\Tools\Binn\;C:\Program Files\Microsoft SQL Server\140\DTS\Binn\;C:\Program Files (x86)\Windows Kits\8.1\Windows Performance Toolkit\;C:\WINDOWS\system32;C:\WINDOWS;C:\WINDOWS\System32\Wbem;C:\WINDOWS\System32\WindowsPowerShell\v1.0\;C:\WINDOWS\System32\OpenSSH\;C:\Program Files\usbipd-win\;C:\Program Files\CMake\bin;C:\Program Files\Git\cmd;C:\Program Files (x86)\Windows Kits\10\Windows Performance Toolkit\;C:\Users\smpet\AppData\Local\Programs\Python\Launcher\;C:\Users\smpet\AppData\Local\Microsoft\WindowsApps;C:\Users\smpet\AppData\Local\Programs\Microsoft VS Code\bin;C:\msys64\usr\bin;C:\Program Files\Arm\GNU Toolchain mingw-w64-x86_64-arm-none-eabi\bin;;C:\Users\smpet\Desktop\26-BMS_Master;;C:\Users\smpet\AppData\Local\Programs\STM32CubeMX\.\jre\\bin
USERNAME=smpet
OS=Windows_NT
PROCESSOR_IDENTIFIER=Intel64 Family 6 Model 186 Stepping 2, GenuineIntel
TMP=C:\Users\smpet\AppData\Local\Temp
TEMP=C:\Users\smpet\AppData\Local\Temp




Periodic native trim disabled

---------------  S Y S T E M  ---------------

OS:
 Windows 11 , 64 bit Build 26100 (10.0.26100.7920)
OS uptime: 1 days 1:57 hours
Hyper-V role detected

CPU: total 20 (initial active 20) (10 cores per cpu, 2 threads per core) family 6 model 186 stepping 2 microcode 0x6134, cx8, cmov, fxsr, ht, mmx, 3dnowpref, sse, sse2, sse3, ssse3, sse4.1, sse4.2, popcnt, lzcnt, tsc, tscinvbit, avx, avx2, aes, erms, clmul, bmi1, bmi2, adx, sha, fma, vzeroupper, clflush, clflushopt, clwb, hv, serialize, rdtscp, rdpid, fsrm, f16c, cet_ibt, cet_ss
Processor Information for processor 0
  Max Mhz: 2400, Current Mhz: 2400, Mhz Limit: 2400
Processor Information for processor 1
  Max Mhz: 2400, Current Mhz: 1520, Mhz Limit: 2400
Processor Information for processor 2
  Max Mhz: 2400, Current Mhz: 2400, Mhz Limit: 2400
Processor Information for processor 3
  Max Mhz: 2400, Current Mhz: 1520, Mhz Limit: 2400
Processor Information for processor 4
  Max Mhz: 2400, Current Mhz: 2400, Mhz Limit: 2400
Processor Information for processor 5
  Max Mhz: 2400, Current Mhz: 1520, Mhz Limit: 2400
Processor Information for processor 6
  Max Mhz: 2400, Current Mhz: 2400, Mhz Limit: 2400
Processor Information for processor 7
  Max Mhz: 2400, Current Mhz: 1520, Mhz Limit: 2400
Processor Information for processor 8
  Max Mhz: 2400, Current Mhz: 2400, Mhz Limit: 2400
Processor Information for processor 9
  Max Mhz: 2400, Current Mhz: 1520, Mhz Limit: 2400
Processor Information for processor 10
  Max Mhz: 2400, Current Mhz: 2400, Mhz Limit: 2400
Processor Information for processor 11
  Max Mhz: 2400, Current Mhz: 2400, Mhz Limit: 2400
Processor Information for processor 12
  Max Mhz: 2400, Current Mhz: 1466, Mhz Limit: 2400
Processor Information for processor 13
  Max Mhz: 2400, Current Mhz: 1466, Mhz Limit: 2400
Processor Information for processor 14
  Max Mhz: 2400, Current Mhz: 2400, Mhz Limit: 2400
Processor Information for processor 15
  Max Mhz: 2400, Current Mhz: 2400, Mhz Limit: 2400
Processor Information for processor 16
  Max Mhz: 2400, Current Mhz: 2400, Mhz Limit: 2400
Processor Information for processor 17
  Max Mhz: 2400, Current Mhz: 1466, Mhz Limit: 2400
Processor Information for processor 18
  Max Mhz: 2400, Current Mhz: 2400, Mhz Limit: 2400
Processor Information for processor 19
  Max Mhz: 2400, Current Mhz: 1466, Mhz Limit: 2400

Memory: 4k page, system-wide physical 16055M (905M free)
TotalPageFile size 28443M (AvailPageFile size 7M)
current process WorkingSet (physical memory assigned to process): 1122M, peak: 1136M
current process commit charge ("private bytes"): 1169M, peak: 1184M

vm_info: OpenJDK 64-Bit Server VM (21.0.9+10-LTS) for windows-amd64 JRE (21.0.9+10-LTS), built on 2025-10-21T00:00:00Z by "admin" with unknown MS VC++:1942

END.
