version 2
JvmtiExport can_access_local_variables 0
JvmtiExport can_hotswap_or_post_breakpoint 0
JvmtiExport can_post_on_exceptions 0
# 451 ciObject found
instanceKlass com/st/microxplorer/util/LogicalParser
instanceKlass com/st/microxplorer/plugins/lpbam/LPBAMFunctionSettings$ParametersGroup
ciInstanceKlass java/util/LinkedHashMap 1 1 386 9 7 12 1 1 1 9 12 1 1 9 12 1 9 7 12 1 1 9 12 1 10 7 12 1 1 1 10 12 1 1 10 12 1 1 9 12 1 9 12 1 1 9 12 1 10 12 1 1 100 1 10 10 12 1 1 10 12 1 10 12 1 1 9 12 1 1 9 12 1 10 12 1 1 10 100 12 1 1 1 10 12 1 10 12 1 10 12 10 12 1 1 10 100 12 1 1 1 10 12 1 1 10 12 1 1 9 7 1 10 12 1 10 12 1 1 9 12 1 1 7 1 10 12 1 7 1 100 1 10 10 12 1 1 10 12 1 1 9 12 1 1 7 1 10 7 1 10 12 1 9 12 1 7 1 10 100 1 10 11 100 12 1 1 1 100 1 10 11 100 12 1 1 100 1 100 1 10 8 1 10 12 1 1 10 12 1 10 12 1 1 10 12 1 10 12 1 1 10 100 1 10 12 1 100 1 1 1 1 5 0 1 1 1 3 1 3 1 3 1 1 1 1 1 1 1 1 1 1 1 1 1 1 1 1 1 1 1 1 1 1 1 1 1 1 1 1 1 1 1 1 1 1 1 1 1 1 1 1 1 1 1 1 1 1 1 100 1 1 1 1 1 1 1 1 100 1 1 1 1 1 1 1 1 1 1 1 1 1 1 1 1 1 1 1 1 1 1 1 1 1 1 1 1 100 1 1 1 1 1 1 1 1 1 1 1 1 1 1 100 1 1 1 1 1 1 1 1 1 100 1 1 1 1 1 1 1 1 1 1 1 1 1 1 1 1 1 1 1 1 1 1 1 1 1 1 1 1 1 1 1 100 1 100 1 100 1 100 1 1 1 1 1 100 1 100 1 1 1 1 1 1 1 1 1
ciInstanceKlass java/util/zip/ZipFile$Source$Key 1 1 84 10 7 12 1 1 1 9 7 12 1 1 1 9 12 1 1 10 7 12 1 1 1 9 12 1 1 100 1 5 0 11 7 12 1 1 1 10 7 12 1 1 1 10 7 12 1 1 1 10 12 1 1 11 12 1 1 10 10 1 1 1 1 1 1 1 1 1 1 1 1 1 1 1 1 1 1 100 1 1 100 1 1 1
ciInstanceKlass java/lang/invoke/DirectMethodHandle$Holder 1 1 548 1 100 1 100 1 1 1 1 1 1 1 7 1 1 12 10 1 12 10 1 7 1 7 1 1 12 10 1 1 1 1 12 10 1 1 12 10 1 1 12 10 1 1 12 10 1 1 12 10 1 1 12 10 1 1 12 10 1 1 12 10 1 1 12 10 1 1 12 10 1 1 12 10 1 1 12 10 1 1 12 10 1 1 12 10 1 1 12 10 1 1 12 10 1 1 12 10 1 1 12 10 1 1 12 10 1 1 12 10 1 1 12 10 1 1 12 10 1 1 12 10 1 1 12 10 1 1 12 10 1 1 12 10 1 1 12 10 1 1 12 10 1 1 12 10 1 1 12 10 1 1 12 10 1 1 12 10 1 1 12 10 1 1 12 10 1 1 12 10 1 1 12 10 1 1 12 10 1 1 12 10 1 1 12 10 1 1 12 10 1 1 12 10 1 1 12 10 1 1 12 10 1 1 12 10 1 1 12 10 1 1 12 10 1 1 12 10 1 1 12 10 1 1 12 10 1 1 12 10 1 1 12 10 12 10 12 10 1 1 12 10 12 10 1 1 12 10 1 1 12 10 12 10 12 10 12 10 1 1 12 10 12 10 1 1 12 10 12 10 1 1 12 10 1 1 12 10 12 10 12 10 12 10 12 10 1 1 12 10 1 1 12 10 1 1 12 10 1 1 12 10 1 1 12 10 1 1 12 10 1 1 12 10 1 1 12 10 1 1 12 10 1 1 12 10 1 1 12 10 1 1 12 10 1 1 12 10 1 1 12 10 12 10 12 10 12 10 1 12 10 1 1 12 10 1 1 12 10 1 1 1 1 12 10 12 10 1 1 12 10 1 12 10 12 10 1 1 12 10 1 12 10 12 10 1 1 1 12 10 1 12 10 1 7 1 1 12 9 1 7 1 12 10 1 12 10 1 1 1 12 10 1 12 10 1 1 12 10 1 12 10 1 1 1 12 10 1 12 10 1 1 12 10 1 12 10 1 1 12 10 1 12 10 1 1 12 10 1 12 10 1 1 12 10 1 12 10 1 1 12 10 1 12 10 1 1 12 10 1 12 10 1 1 12 10 1 12 10 1 1 1 12 10 1 12 10 1 1 1 12 10 1 12 10 1 1 1 1 12 10 1 12 10 1 1 1 12 10 1 12 10 1 1 1 1 1 12 10 1 12 10 1 1 1 12 10 1 12 10 1 1 1 12 10 1 12 10 1 1 12 10 1 12 10 1 1 1
ciInstanceKlass java/lang/invoke/Invokers$Holder 1 1 128 1 100 1 100 1 1 1 1 1 1 1 7 1 7 1 7 1 1 12 10 1 1 12 10 1 1 12 10 1 1 100 1 1 12 9 1 1 1 12 10 1 1 1 12 10 1 1 12 10 1 1 12 10 1 12 10 1 1 1 12 10 1 1 100 1 1 12 10 1 12 10 1 1 12 10 1 12 10 1 1 12 10 1 1 12 10 1 12 10 1 1 12 10 1 1 12 10 1 1 12 10 1 12 10 12 10 12 10 12 10 12 10 1 1 12 10 1 1 12 10 1 1 12 10 1 1 1
ciInstanceKlass java/lang/invoke/BoundMethodHandle$Species_L 1 1 126 10 7 12 1 1 1 9 7 12 1 1 1 9 12 1 1 10 12 1 9 7 12 1 1 1 10 7 12 1 1 1 10 12 1 1 10 7 12 1 1 1 100 1 10 100 12 1 1 1 9 12 1 10 12 1 9 12 1 10 12 1 9 12 1 10 12 1 9 12 1 10 12 1 10 12 1 1 10 12 1 1 1 1 1 1 1 1 1 1 1 1 1 1 1 1 1 1 1 1 1 1 1 1 1 1 1 1 1 1 1 1 1 1 1 1 1 1 1 1 1 1 1 100 1 1
ciInstanceKlass java/lang/invoke/DelegatingMethodHandle$Holder 1 1 291 1 100 1 100 1 1 1 1 1 1 1 7 1 1 12 9 1 7 1 1 12 10 1 1 7 1 1 12 10 1 1 12 10 1 12 10 1 12 10 1 1 12 10 1 1 12 10 1 1 12 10 1 1 12 10 1 1 12 10 1 1 12 10 1 1 12 10 1 12 10 1 12 10 1 1 12 10 1 12 10 1 12 10 1 12 10 1 12 10 1 12 10 1 12 10 12 10 1 1 12 10 1 12 10 1 1 12 10 1 12 10 1 1 12 10 1 1 12 10 1 1 12 10 1 1 12 10 1 12 10 1 12 10 1 1 12 10 1 1 12 10 1 1 12 10 1 1 12 10 1 1 12 10 1 1 12 10 1 1 12 10 1 1 12 10 1 1 12 10 1 1 12 10 1 1 12 10 1 1 12 10 1 1 12 10 1 1 12 10 1 1 12 10 1 1 12 10 1 12 10 1 12 10 1 12 10 1 1 12 10 1 12 10 1 12 10 1 1 12 10 1 12 10 1 12 10 1 12 10 1 12 10 1 12 10 1 12 10 1 1 12 10 1 1 12 10 1 1 12 10 1 12 10 1 12 10 1 12 10 1 12 10 1 12 10 1 12 10 1 12 10 1 12 10 12 10 1 12 10 1 12 10 12 10 1 12 10 1 1 1
instanceKlass java/util/ArrayList$ListItr
ciInstanceKlass java/util/ArrayList$Itr 1 1 104 9 7 12 1 1 1 10 7 12 1 1 1 9 12 1 1 9 7 12 1 1 9 12 1 9 12 1 9 12 1 10 12 1 100 1 10 9 12 1 1 100 1 10 100 1 10 10 12 1 1 100 1 10 100 12 1 1 1 10 12 1 1 11 100 12 1 1 1 100 1 1 1 1 1 1 1 1 1 1 1 1 1 1 1 1 100 1 1 1 1 1 1 1 1 1 1 1 1 1 1 1 1 1
instanceKlass com/st/microxplorer/mcu/NvicVector
instanceKlass com/st/microxplorer/util/ValueComparator
instanceKlass jdk/internal/math/FloatingDecimal$HexFloatPattern
instanceKlass com/bestcode/mathparser/_TOneParamParam
instanceKlass com/bestcode/mathparser/_TTwoParamParam
instanceKlass com/st/microxplorer/mcu/ContextAllowed$SemaphoreDeviceTree
instanceKlass com/st/microxplorer/mcu/bootpath/WizardChoice
instanceKlass com/st/microxplorer/mcu/bootpath/IWizardChoice
instanceKlass com/st/components/util/ValuesMap
instanceKlass com/st/microxplorer/mcu/bootpath/BootPathDescription
instanceKlass com/st/microxplorer/mcu/bootpath/IBootPathDescription
instanceKlass com/st/microxplorer/mcu/bootpath/WizardChoiceGroup
instanceKlass  @bci com/st/microxplorer/mcu/ContextAllowed$ContextSplit removeContext (Lcom/st/microxplorer/mcu/Context;)V 16 <appendix> form vmentry <vmtarget> ; # java/lang/invoke/LambdaForm$MH+0x0000000800aa7000
# instanceKlass java/lang/invoke/LambdaForm$MH+0x0000000800aa6c00
instanceKlass  @bci com/st/microxplorer/mcu/ContextAllowed$ContextSplit removeContext (Lcom/st/microxplorer/mcu/Context;)V 16 <appendix> form names 8 function resolvedHandle form vmentry <vmtarget> ; # java/lang/invoke/LambdaForm$DMH+0x0000000800aa6800
instanceKlass  @bci com/st/microxplorer/mcu/ContextAllowed$ContextSplit removeContext (Lcom/st/microxplorer/mcu/Context;)V 16 <appendix> argL3 form vmentry <vmtarget> ; # java/lang/invoke/LambdaForm$MH+0x0000000800aa6400
# instanceKlass java/lang/invoke/LambdaForm$MH+0x0000000800aa6000
# instanceKlass java/lang/invoke/LambdaForm$MH+0x0000000800aa5c00
# instanceKlass java/lang/invoke/LambdaForm$MH+0x0000000800aa5800
# instanceKlass java/lang/invoke/LambdaForm$MH+0x0000000800aa5400
instanceKlass  @bci com/st/microxplorer/mcu/ContextAllowed$ContextSplit removeContext (Lcom/st/microxplorer/mcu/Context;)V 16 <appendix> form names 12 function resolvedHandle form vmentry <vmtarget> ; # java/lang/invoke/LambdaForm$DMH+0x0000000800aa5000
instanceKlass  @bci com/st/microxplorer/mcu/ContextAllowed$ContextSplit removeContext (Lcom/st/microxplorer/mcu/Context;)V 16 <appendix> argL1 form vmentry <vmtarget> ; # java/lang/invoke/LambdaForm$MH+0x0000000800aa4c00
# instanceKlass java/lang/invoke/LambdaForm$MH+0x0000000800aa4800
# instanceKlass java/lang/invoke/LambdaForm$MH+0x0000000800aa4400
# instanceKlass java/lang/invoke/LambdaForm$MH+0x0000000800aa4000
instanceKlass  @bci com/st/microxplorer/mcu/Mcu checkContextRemoving ()V 64 <appendix> argL0 ; # com/st/microxplorer/mcu/Mcu$$Lambda+0x0000000800aa1080
instanceKlass com/st/microxplorer/util/LegacyMWsManager
instanceKlass com/st/microxplorer/altova/db/IP_Modes/PinSignalType$MemberElement_SpecificParameter$MemberElement_SpecificParameter_Iterator
instanceKlass com/st/microxplorer/altova/db/IP_Modes/PinSignalType$MemberElement_RemapBlock
instanceKlass com/st/microxplorer/altova/db/IP_Modes/PinSignalType$MemberElement_SpecificParameter
instanceKlass com/st/microxplorer/altova/db/IP_Modes/PinSignalType$MemberAttribute_Name
instanceKlass com/st/microxplorer/altova/db/IP_Modes/GPIO_PinType$MemberElement_PinSignal$MemberElement_PinSignal_Iterator
instanceKlass com/st/microxplorer/altova/db/IP_Modes/GPIO_PinType$MemberElement_SpecificParameter$MemberElement_SpecificParameter_Iterator
instanceKlass com/st/microxplorer/mcu/IP$SpecificParameter
instanceKlass com/st/microxplorer/altova/db/IP_Modes/SpecificParameterType$MemberElement_PossibleValue$MemberElement_PossibleValue_Iterator
instanceKlass com/st/microxplorer/altova/db/IP_Modes/SpecificParameterType$MemberElement_PossibleValue
instanceKlass com/st/microxplorer/altova/db/IP_Modes/SpecificParameterType$MemberAttribute_DefaultValue
instanceKlass com/st/microxplorer/altova/db/IP_Modes/SpecificParameterType$MemberAttribute_Name
instanceKlass com/st/microxplorer/altova/db/IP_Modes/GPIO_PortType$MemberElement_SpecificParameter$MemberElement_SpecificParameter_Iterator
instanceKlass com/st/microxplorer/mcu/GPIOService$Port
instanceKlass com/st/microxplorer/altova/db/IP_Modes/GPIO_PortType$MemberElement_SpecificParameter
instanceKlass com/st/microxplorer/altova/db/IP_Modes/GPIO_PortType$MemberAttribute_ClockEnableMode
instanceKlass com/st/microxplorer/altova/db/IP_Modes/GPIO_PortType$MemberAttribute_Name
instanceKlass com/st/microxplorer/altova/db/IP_Modes/IPType$MemberElement_GPIO_Port$MemberElement_GPIO_Port_Iterator
instanceKlass com/st/microxplorer/altova/db/IP_Modes/GPIO_PinType$MemberElement_PinSignal
instanceKlass com/st/microxplorer/altova/db/IP_Modes/GPIO_PinType$MemberElement_SpecificParameter
instanceKlass com/st/microxplorer/altova/db/IP_Modes/GPIO_PinType$MemberAttribute_PortName
instanceKlass com/st/microxplorer/altova/db/IP_Modes/GPIO_PinType$MemberAttribute_Name
instanceKlass com/st/microxplorer/altova/db/IP_Modes/IPType$MemberElement_GPIO_Pin$MemberElement_GPIO_Pin_Iterator
instanceKlass com/st/microxplorer/mcu/memorymap/MemoryResourceReservation
instanceKlass com/st/microxplorer/mcu/memorymap/IMemoryResourceReservation
instanceKlass com/st/microxplorer/mcu/memorymap/IMemoryMapBuilder
instanceKlass com/st/microxplorer/mcu/bootpath/BootPathService$1
instanceKlass com/st/microxplorer/mcu/bootpath/IWizardChoiceGroup
instanceKlass com/st/microxplorer/mcu/memorymap/IHwResourcesManager
instanceKlass com/st/microxplorer/mcu/MDMAService$11
instanceKlass com/st/microxplorer/mcu/MDMAService$10
instanceKlass com/st/microxplorer/mcu/MDMAService$9
instanceKlass com/st/microxplorer/mcu/MDMAService$8
instanceKlass com/st/microxplorer/mcu/MDMAService$7
instanceKlass com/st/microxplorer/mcu/MDMAService$6
instanceKlass com/st/microxplorer/mcu/MDMAService$5
instanceKlass com/st/microxplorer/mcu/MDMAService$4
instanceKlass com/st/microxplorer/mcu/MDMAService$3
instanceKlass com/st/microxplorer/mcu/MDMAService$2
instanceKlass com/st/microxplorer/mcu/MDMAService$1
instanceKlass com/st/microxplorer/mcu/DMAService$18
instanceKlass com/st/microxplorer/mcu/DMAService$17
instanceKlass com/st/microxplorer/mcu/DMAService$16
instanceKlass com/st/microxplorer/mcu/DMAService$15
instanceKlass com/st/microxplorer/mcu/DMAService$14
instanceKlass com/st/microxplorer/mcu/DMAService$13
instanceKlass com/st/microxplorer/mcu/DMAService$12
instanceKlass com/st/microxplorer/mcu/DMAService$11
instanceKlass com/st/microxplorer/mcu/DMAService$10
instanceKlass com/st/microxplorer/mcu/DMAService$9
instanceKlass com/st/microxplorer/mcu/DMAService$8
instanceKlass com/st/microxplorer/mcu/DMAService$7
instanceKlass com/st/microxplorer/mcu/DMAService$6
instanceKlass com/st/microxplorer/mcu/DMAService$5
instanceKlass com/st/microxplorer/mcu/DMAService$4
instanceKlass com/st/microxplorer/mcu/DMAService$3
instanceKlass com/st/microxplorer/mcu/DMAService$2
instanceKlass com/st/microxplorer/mcu/DMAService$1
instanceKlass com/st/microxplorer/mcu/DMAFlow
instanceKlass com/st/microxplorer/mcu/Solution
instanceKlass com/st/microxplorer/mcu/BspDependency
instanceKlass com/st/microxplorer/altova/db/IP_Modes/BspDependencyType$MemberElement_Condition
instanceKlass com/st/microxplorer/altova/db/IP_Modes/BspDependencyType$MemberAttribute_DmaMode
instanceKlass com/st/microxplorer/altova/db/IP_Modes/BspDependencyType$MemberAttribute_DmaRequest
instanceKlass com/st/microxplorer/altova/db/IP_Modes/BspDependencyType$MemberAttribute_Semaphore
instanceKlass com/st/microxplorer/altova/db/IP_Modes/BspDependencyType$MemberAttribute_GroupName
instanceKlass com/st/microxplorer/altova/db/IP_Modes/BspDependencyType$MemberAttribute_Description
instanceKlass com/st/microxplorer/altova/db/IP_Modes/BspDependencyType$MemberAttribute_Component
instanceKlass com/st/microxplorer/altova/db/IP_Modes/BspDependencyType$MemberAttribute_ApiVersion
instanceKlass com/st/microxplorer/altova/db/IP_Modes/BspDependencyType$MemberAttribute_Api
instanceKlass com/st/microxplorer/altova/db/IP_Modes/BspDependencyType$MemberAttribute_BspModeName
instanceKlass com/st/microxplorer/altova/db/IP_Modes/BspDependencyType$MemberAttribute_BspIpName
instanceKlass com/st/microxplorer/altova/db/IP_Modes/BspDependencyType$MemberAttribute_Comment
instanceKlass com/st/microxplorer/altova/db/IP_Modes/BspDependencyType$MemberAttribute_Name
instanceKlass  @bci com/teamdev/jxbrowser/internal/rpc/ServiceConnectionImpl lambda$invokeAsync$7 (Lcom/teamdev/jxbrowser/internal/rpc/transport/SharedMemoryController;Lcom/teamdev/jxbrowser/internal/rpc/transport/RpcCallback;Lcom/teamdev/jxbrowser/deps/com/google/protobuf/Message;)V 12 <appendix> member <vmtarget> ; # com/teamdev/jxbrowser/internal/rpc/ServiceConnectionImpl$$Lambda+0x0000000800a950d0
instanceKlass com/st/microxplorer/mcu/TZService$TZdatabase
instanceKlass com/st/microxplorer/altova/db/IP_Modes/ValueConditionType$MemberAttribute_Diagnostic
instanceKlass com/st/microxplorer/altova/db/IP_Modes/ValueConditionType$MemberAttribute_Expression
instanceKlass  @bci com/teamdev/jxbrowser/internal/RpcThreadImpl$TaskRunner close ()V 23 <appendix> argL0 ; # com/teamdev/jxbrowser/internal/RpcThreadImpl$TaskRunner$$Lambda+0x0000000800a91648
instanceKlass  @bci com/teamdev/jxbrowser/internal/RpcThreadImpl close ()V 30 <appendix> argL0 ; # com/teamdev/jxbrowser/internal/RpcThreadImpl$$Lambda+0x0000000800a91418
instanceKlass  @bci com/teamdev/jxbrowser/internal/rpc/transport/SharedMemoryTransport close ()V 23 <appendix> argL0 ; # com/teamdev/jxbrowser/internal/rpc/transport/SharedMemoryTransport$$Lambda+0x0000000800a911e8
instanceKlass com/teamdev/jxbrowser/browser/internal/rpc/TerminateRenderProcess$2
instanceKlass  @bci com/teamdev/jxbrowser/browser/internal/RenderProcess close ()V 4 <appendix> argL0 ; # com/teamdev/jxbrowser/browser/internal/RenderProcess$$Lambda+0x0000000800a8fc60
instanceKlass  @bci com/teamdev/jxbrowser/browser/internal/BrowserRpcConfig lambda$createRenderProcess$2 (Lcom/teamdev/jxbrowser/browser/internal/rpc/TerminateRenderProcess$Request;)Lcom/teamdev/jxbrowser/browser/internal/rpc/TerminateRenderProcess$Response; 17 <appendix> member <vmtarget> ; # com/teamdev/jxbrowser/browser/internal/BrowserRpcConfig$$Lambda+0x0000000800a8fa28
instanceKlass com/teamdev/jxbrowser/frame/internal/rpc/DeleteFrame$2
instanceKlass  @bci com/teamdev/jxbrowser/browser/internal/BrowserImpl notifyObserversAsync (Lcom/teamdev/jxbrowser/browser/event/BrowserEvent;Ljava/lang/Runnable;)V 25 <appendix> member <vmtarget> ; # com/teamdev/jxbrowser/browser/internal/BrowserImpl$$Lambda+0x0000000800a8e668
instanceKlass  @bci com/teamdev/jxbrowser/frame/internal/Frames lambda$deleteFrame$3 (Lcom/teamdev/jxbrowser/browser/internal/BrowserImpl;Lcom/teamdev/jxbrowser/frame/internal/rpc/FrameDeleted;Lcom/teamdev/jxbrowser/frame/internal/FrameImpl;)V 12 <appendix> member <vmtarget> ; # com/teamdev/jxbrowser/frame/internal/Frames$$Lambda+0x0000000800a8e440
instanceKlass  @bci com/teamdev/jxbrowser/frame/internal/Frames deleteFrame (Lcom/teamdev/jxbrowser/browser/internal/BrowserImpl;Lcom/teamdev/jxbrowser/frame/internal/rpc/DeleteFrame$Request;)Lcom/teamdev/jxbrowser/frame/internal/rpc/DeleteFrame$Response; 18 <appendix> member <vmtarget> ; # com/teamdev/jxbrowser/frame/internal/Frames$$Lambda+0x0000000800a8e208
instanceKlass com/teamdev/jxbrowser/net/NetError$1
instanceKlass com/teamdev/jxbrowser/frame/internal/rpc/SwitchPageContexts$2
instanceKlass  @bci com/teamdev/jxbrowser/js/internal/JsContext close ()V 16 <appendix> argL0 ; # com/teamdev/jxbrowser/js/internal/JsContext$$Lambda+0x0000000800a8c2c8
instanceKlass com/teamdev/jxbrowser/js/JsSymbol
instanceKlass com/teamdev/jxbrowser/internal/rpc/JsSymbolIdOrBuilder
instanceKlass  @bci com/teamdev/jxbrowser/js/internal/JsContext close ()V 4 <appendix> argL0 ; # com/teamdev/jxbrowser/js/internal/JsContext$$Lambda+0x0000000800a8b240
instanceKlass com/teamdev/jxbrowser/internal/rpc/JsObjectIdOrBuilder
instanceKlass  @bci com/teamdev/jxbrowser/frame/internal/DomContext close ()V 4 <appendix> argL0 ; # com/teamdev/jxbrowser/frame/internal/DomContext$$Lambda+0x0000000800a89e90
instanceKlass com/teamdev/jxbrowser/internal/rpc/NodeIdOrBuilder
instanceKlass com/st/microxplorer/altova/db/Mcu/IPType$MemberElement_SpecificParameter$MemberElement_SpecificParameter_Iterator
instanceKlass com/st/microxplorer/mcu/ContextAllowed$SemaphoreContextSelected
instanceKlass com/st/microxplorer/altova/db/Mcu/ContextIPType$MemberAttribute_ContextProject
instanceKlass com/st/microxplorer/altova/db/Mcu/ContextIPType$MemberAttribute_InversedAssignment
instanceKlass com/st/microxplorer/altova/db/Mcu/ContextIPType$MemberAttribute_SynchronizedContexts
instanceKlass com/st/microxplorer/altova/db/Mcu/ContextIPType$MemberAttribute_DevalidatedOnSelect
instanceKlass com/st/microxplorer/altova/db/Mcu/ContextIPType$MemberAttribute_ValidatedOnSelect
instanceKlass com/st/microxplorer/altova/db/Mcu/ContextIPType$MemberAttribute_ForcedSelection
instanceKlass com/st/microxplorer/altova/db/Mcu/ContextIPType$MemberAttribute_InitializerForced
instanceKlass com/st/microxplorer/altova/db/Mcu/ContextIPType$MemberAttribute_DefaultSelection
instanceKlass com/st/microxplorer/altova/db/Mcu/ContextIPType$MemberAttribute_ContextName
instanceKlass com/st/microxplorer/altova/db/Mcu/ContextSplitType$MemberElement_ContextIP$MemberElement_ContextIP_Iterator
instanceKlass com/st/microxplorer/mcu/ContextAllowed$ContextSplit
instanceKlass com/st/microxplorer/altova/db/Mcu/ContextSplitType$MemberElement_ContextIP
instanceKlass com/st/microxplorer/altova/db/Mcu/ContextSplitType$MemberAttribute_Name
instanceKlass com/st/microxplorer/altova/db/Mcu/IPType$MemberElement_ContextSplit$MemberElement_ContextSplit_Iterator
instanceKlass com/st/microxplorer/mcu/RefValue
instanceKlass com/st/microxplorer/altova/db/IP_Modes/PossibleValueType$MemberAttribute_Comment
instanceKlass com/st/microxplorer/altova/db/IP_Modes/PossibleValueType$MemberAttribute_Semaphore
instanceKlass com/st/microxplorer/altova/db/IP_Modes/PossibleValueType$MemberAttribute_Action
instanceKlass com/st/microxplorer/altova/db/IP_Modes/PossibleValueType$MemberAttribute_Diagnostic
instanceKlass com/st/microxplorer/altova/db/IP_Modes/PossibleValueType$MemberAttribute_Condition
instanceKlass com/st/microxplorer/altova/db/IP_Modes/RefModeType$MemberElement_BspDependency$MemberElement_BspDependency_Iterator
instanceKlass com/st/microxplorer/altova/db/IP_Modes/RefModeType$MemberElement_ConfigForMode$MemberElement_ConfigForMode_Iterator
instanceKlass com/st/microxplorer/altova/db/IP_Modes/ParameterType$MemberElement_PossibleValue$MemberElement_PossibleValue_Iterator
instanceKlass com/st/microxplorer/altova/db/IP_Modes/ParameterType$MemberElement_Condition
instanceKlass com/st/microxplorer/altova/db/IP_Modes/ParameterType$MemberElement_PossibleValue
instanceKlass com/st/microxplorer/altova/db/IP_Modes/ParameterType$MemberAttribute_Added
instanceKlass com/st/microxplorer/altova/db/IP_Modes/ParameterType$MemberAttribute_Comment
instanceKlass com/st/microxplorer/altova/db/IP_Modes/ParameterType$MemberAttribute_TabName
instanceKlass com/st/microxplorer/altova/db/IP_Modes/ParameterType$MemberAttribute_Group
instanceKlass com/st/microxplorer/altova/db/IP_Modes/ParameterType$MemberAttribute_RefParameter
instanceKlass com/st/microxplorer/altova/db/IP_Modes/ParameterType$MemberAttribute_Name
instanceKlass com/st/microxplorer/altova/db/IP_Modes/RefModeType$MemberElement_Parameter$MemberElement_Parameter_Iterator
instanceKlass com/st/microxplorer/mcu/RefMode
instanceKlass com/st/microxplorer/altova/db/IP_Modes/RefModeType$MemberElement_ContextCondition
instanceKlass com/st/microxplorer/altova/db/IP_Modes/RefModeType$MemberElement_Condition
instanceKlass com/st/microxplorer/altova/db/IP_Modes/RefModeType$MemberElement_BspDependency
instanceKlass com/st/microxplorer/altova/db/IP_Modes/RefModeType$MemberElement_Parameter
instanceKlass com/st/microxplorer/altova/db/IP_Modes/RefModeType$MemberElement_ConfigForMode
instanceKlass com/st/microxplorer/altova/db/IP_Modes/RefModeType$MemberAttribute_Demo
instanceKlass com/st/microxplorer/altova/db/IP_Modes/RefModeType$MemberAttribute_TabName
instanceKlass com/st/microxplorer/altova/db/IP_Modes/RefModeType$MemberAttribute_Group
instanceKlass com/st/microxplorer/altova/db/IP_Modes/RefModeType$MemberAttribute_HalMode
instanceKlass com/st/microxplorer/altova/db/IP_Modes/RefModeType$MemberAttribute_Abstract2
instanceKlass com/st/microxplorer/altova/db/IP_Modes/RefModeType$MemberAttribute_BaseMode
instanceKlass com/st/microxplorer/altova/db/IP_Modes/RefModeType$MemberAttribute_Comment
instanceKlass com/st/microxplorer/altova/db/IP_Modes/RefModeType$MemberAttribute_Name
instanceKlass com/st/microxplorer/altova/db/IP_Modes/IPType$MemberElement_RefMode$MemberElement_RefMode_Iterator
instanceKlass com/st/microxplorer/mcu/RefParameterSemaphore
instanceKlass com/st/microxplorer/mcu/RefParameter$ParamValue
instanceKlass com/st/microxplorer/altova/db/IP_Modes/PossibleValueType2$MemberAttribute_Action
instanceKlass com/st/microxplorer/altova/db/IP_Modes/PossibleValueType2$MemberAttribute_Diagnostic
instanceKlass com/st/microxplorer/altova/db/IP_Modes/PossibleValueType2$MemberAttribute_Condition
instanceKlass com/st/microxplorer/altova/db/IP_Modes/PossibleValueType2$MemberAttribute_Semaphore
instanceKlass com/st/microxplorer/altova/db/IP_Modes/PossibleValueType2$MemberAttribute_Comment
instanceKlass com/st/microxplorer/altova/db/IP_Modes/PossibleValueType2$MemberAttribute_Value2
instanceKlass com/st/microxplorer/altova/db/IP_Modes/RefParameterType$MemberElement_AdditionalItem$MemberElement_AdditionalItem_Iterator
instanceKlass com/st/microxplorer/altova/db/IP_Modes/RefParameterType$MemberElement_PossibleValue$MemberElement_PossibleValue_Iterator
instanceKlass com/st/microxplorer/altova/db/IP_Modes/RefParameterType$MemberElement_ContextCondition
instanceKlass com/st/microxplorer/altova/db/IP_Modes/RefParameterType$MemberElement_ValueCondition
instanceKlass com/st/microxplorer/altova/db/IP_Modes/RefParameterType$MemberElement_Description
instanceKlass com/st/microxplorer/altova/db/IP_Modes/RefParameterType$MemberElement_AdditionalItem
instanceKlass com/st/microxplorer/altova/db/IP_Modes/RefParameterType$MemberElement_PossibleValue
instanceKlass com/st/microxplorer/altova/db/IP_Modes/RefParameterType$MemberElement_Condition
instanceKlass  @bci com/st/microxplorer/plugins/userauth/WebApp <init> ()V 219 <appendix> member <vmtarget> ; # com/st/microxplorer/plugins/userauth/WebApp$$Lambda+0x0000000800881710
instanceKlass com/st/microxplorer/altova/db/IP_Modes/RefParameterType$MemberAttribute_DefaultType
instanceKlass  @bci com/st/microxplorer/plugins/userauth/WebApp <init> ()V 196 <appendix> member <vmtarget> ; # com/st/microxplorer/plugins/userauth/WebApp$$Lambda+0x00000008008814e8
instanceKlass  @bci com/teamdev/jxbrowser/internal/rpc/ServiceConnectionImpl invokeAsync (Lcom/teamdev/jxbrowser/internal/rpc/ServiceMethod;Lcom/teamdev/jxbrowser/deps/com/google/protobuf/Message;Lcom/teamdev/jxbrowser/internal/rpc/transport/RpcCallback;)V 21 <appendix> member <vmtarget> ; # com/teamdev/jxbrowser/internal/rpc/ServiceConnectionImpl$$Lambda+0x0000000800a7ded0
instanceKlass com/st/microxplorer/altova/db/IP_Modes/RefParameterType$MemberAttribute_PointerType
instanceKlass com/teamdev/jxbrowser/internal/rpc/ServiceConnectionImpl$1
instanceKlass  @bci com/teamdev/jxbrowser/navigation/internal/NavigationImpl loadUrl (Lcom/teamdev/jxbrowser/navigation/LoadUrlParams;)V 58 <appendix> member <vmtarget> ; # com/teamdev/jxbrowser/navigation/internal/NavigationImpl$$Lambda+0x0000000800a7d7f8
instanceKlass com/st/microxplorer/altova/db/IP_Modes/RefParameterType$MemberAttribute_ReadOnly
instanceKlass com/st/microxplorer/altova/db/IP_Modes/RefParameterType$MemberAttribute_Column
instanceKlass java/security/CodeSigner
instanceKlass com/st/microxplorer/altova/db/IP_Modes/RefParameterType$MemberAttribute_Line
instanceKlass  @bci com/teamdev/jxbrowser/net/proxy/internal/ProxyImpl applyConfig (Lcom/teamdev/jxbrowser/net/internal/rpc/ProxyConfig;)V 40 <appendix> member <vmtarget> ; # com/teamdev/jxbrowser/net/proxy/internal/ProxyImpl$$Lambda+0x0000000800a7cd20
instanceKlass com/st/microxplorer/altova/db/IP_Modes/RefParameterType$MemberAttribute_DemoValue
instanceKlass com/st/microxplorer/altova/db/IP_Modes/RefParameterType$MemberAttribute_Demo
instanceKlass com/st/microxplorer/altova/db/IP_Modes/RefParameterType$MemberAttribute_Added
instanceKlass com/st/microxplorer/altova/db/IP_Modes/RefParameterType$MemberAttribute_NoCheckOpt
instanceKlass com/st/microxplorer/altova/db/IP_Modes/RefParameterType$MemberAttribute_Separator
instanceKlass com/st/microxplorer/altova/db/IP_Modes/RefParameterType$MemberAttribute_Unit
instanceKlass com/st/microxplorer/altova/db/IP_Modes/RefParameterType$MemberAttribute_IP
instanceKlass com/st/microxplorer/altova/db/IP_Modes/RefParameterType$MemberAttribute_ArrayTypeElement
instanceKlass com/st/microxplorer/altova/db/IP_Modes/RefParameterType$MemberAttribute_ArraySize
instanceKlass com/st/microxplorer/altova/db/IP_Modes/RefParameterType$MemberAttribute_Visible
instanceKlass com/teamdev/jxbrowser/net/internal/rpc/SetProxyConfigRequestOrBuilder
instanceKlass com/st/microxplorer/altova/db/IP_Modes/RefParameterType$MemberAttribute_Max
instanceKlass com/st/microxplorer/altova/db/IP_Modes/RefParameterType$MemberAttribute_Min
instanceKlass com/st/microxplorer/altova/db/IP_Modes/RefParameterType$MemberAttribute_Display
instanceKlass com/st/microxplorer/altova/db/IP_Modes/RefParameterType$MemberAttribute_Mode
instanceKlass com/st/microxplorer/altova/db/IP_Modes/RefParameterType$MemberAttribute_DefaultValue
instanceKlass com/st/microxplorer/altova/db/IP_Modes/RefParameterType$MemberAttribute_TabName
instanceKlass com/st/microxplorer/altova/db/IP_Modes/RefParameterType$MemberAttribute_Group
instanceKlass com/st/microxplorer/altova/db/IP_Modes/RefParameterType$MemberAttribute_Type
instanceKlass com/st/microxplorer/altova/db/IP_Modes/RefParameterType$MemberAttribute_Comment
instanceKlass com/st/microxplorer/altova/db/IP_Modes/RefParameterType$MemberAttribute_Name
instanceKlass com/teamdev/jxbrowser/net/internal/rpc/ProxyConfigOrBuilder
instanceKlass com/st/microxplorer/altova/db/IP_Modes/IPType$MemberElement_RefParameter$MemberElement_RefParameter_Iterator
instanceKlass com/teamdev/jxbrowser/net/internal/rpc/ProxyConfig$Type$1
instanceKlass com/teamdev/jxbrowser/net/proxy/DirectProxyConfig
instanceKlass  @bci com/teamdev/jxbrowser/net/proxy/internal/ProxyImpl <init> (Lcom/teamdev/jxbrowser/profile/internal/ProfileImpl;)V 32 <appendix> argL0 ; # com/teamdev/jxbrowser/net/proxy/internal/ProxyImpl$$Lambda+0x0000000800a76460
instanceKlass com/teamdev/jxbrowser/net/internal/rpc/ProxyStub
instanceKlass com/teamdev/jxbrowser/net/proxy/ProxyConfig
instanceKlass  @bci com/teamdev/jxbrowser/navigation/internal/NavigationImpl loadUrlAndWait (Lcom/teamdev/jxbrowser/navigation/LoadUrlParams;Ljava/time/Duration;)V 32 <appendix> argL0 ; # com/teamdev/jxbrowser/navigation/internal/NavigationImpl$$Lambda+0x0000000800a754d8
instanceKlass  @bci com/teamdev/jxbrowser/frame/internal/FrameImpl of (Lcom/teamdev/jxbrowser/internal/rpc/FrameId;)Lcom/teamdev/jxbrowser/frame/internal/FrameImpl; 9 <appendix> argL0 ; # com/teamdev/jxbrowser/frame/internal/FrameImpl$$Lambda+0x0000000800a74258
instanceKlass  @bci com/teamdev/jxbrowser/frame/internal/FrameImpl findImpl (Lcom/teamdev/jxbrowser/internal/rpc/FrameId;)Ljava/util/Optional; 6 <appendix> member <vmtarget> ; # com/teamdev/jxbrowser/frame/internal/FrameImpl$$Lambda+0x0000000800a74030
instanceKlass  @bci com/teamdev/jxbrowser/internal/rpc/ServiceConnectionImpl dispatch (Lcom/teamdev/jxbrowser/event/Event;)V 31 <appendix> member <vmtarget> ; # com/teamdev/jxbrowser/internal/rpc/ServiceConnectionImpl$$Lambda+0x0000000800a73df8
instanceKlass com/st/microxplorer/altova/db/IP_Modes/ModeType$MemberElement_Semaphore$MemberElement_Semaphore_Iterator
instanceKlass com/st/microxplorer/altova/db/IP_Modes/ConditionType$MemberAttribute_Name
instanceKlass com/st/microxplorer/altova/db/IP_Modes/ConditionType$MemberAttribute_Diagnostic
instanceKlass com/st/microxplorer/altova/db/IP_Modes/ConditionType$MemberAttribute_Expression
instanceKlass com/st/microxplorer/altova/db/IP_Modes/ModeType$MemberElement_Condition$MemberElement_Condition_Iterator
instanceKlass jp/ac/kobe_u/cs/cream/Condition
instanceKlass jp/ac/kobe_u/cs/cream/Code
instanceKlass jp/ac/kobe_u/cs/cream/Solution
instanceKlass com/teamdev/jxbrowser/frame/internal/rpc/InjectJs$2
instanceKlass jp/ac/kobe_u/cs/cream/Trail
instanceKlass  @bci com/teamdev/jxbrowser/frame/internal/FrameImpl processCallback (Lcom/teamdev/jxbrowser/browser/callback/InjectJsCallback$Params;)Lcom/teamdev/jxbrowser/browser/callback/InjectJsCallback$Response; 10 <appendix> member <vmtarget> ; # com/teamdev/jxbrowser/frame/internal/FrameImpl$$Lambda+0x0000000800a70688
instanceKlass com/teamdev/jxbrowser/browser/callback/InjectJsCallback
instanceKlass jp/ac/kobe_u/cs/cream/Constraint
instanceKlass com/teamdev/jxbrowser/frame/internal/rpc/InjectCss$2
instanceKlass  @bci com/teamdev/jxbrowser/frame/internal/FrameImpl processCallback (Lcom/teamdev/jxbrowser/browser/callback/InjectCssCallback$Params;)Lcom/teamdev/jxbrowser/browser/callback/InjectCssCallback$Response; 10 <appendix> member <vmtarget> ; # com/teamdev/jxbrowser/frame/internal/FrameImpl$$Lambda+0x0000000800a6ee88
instanceKlass com/teamdev/jxbrowser/browser/callback/InjectCssCallback
instanceKlass jp/ac/kobe_u/cs/cream/Domain
instanceKlass jp/ac/kobe_u/cs/cream/Network
instanceKlass com/st/microxplorer/util/SortableDomain
instanceKlass com/teamdev/jxbrowser/frame/internal/rpc/CreateFrame$2
instanceKlass jp/ac/kobe_u/cs/cream/Solver
instanceKlass com/st/microxplorer/util/ConstraintSolver
instanceKlass  @bci com/teamdev/jxbrowser/frame/internal/FrameImpl <init> (Lcom/teamdev/jxbrowser/browser/internal/BrowserImpl;Lcom/teamdev/jxbrowser/browser/internal/RenderProcess;Lcom/teamdev/jxbrowser/internal/rpc/FrameId;Lcom/teamdev/jxbrowser/internal/rpc/PageContextId;Z)V 310 <appendix> member <vmtarget> ; # com/teamdev/jxbrowser/frame/internal/FrameImpl$$Lambda+0x0000000800a6c4f8
instanceKlass com/st/microxplorer/mcu/PinoutRecombination$PinAndSignal
instanceKlass com/st/microxplorer/mcu/Signal$IOMode
instanceKlass com/st/microxplorer/altova/db/IP_Modes/SignalType$MemberAttribute_Direction
instanceKlass com/st/microxplorer/altova/db/IP_Modes/SignalType$MemberAttribute_IOMode
instanceKlass com/st/microxplorer/altova/db/IP_Modes/SignalType$MemberAttribute_Name
instanceKlass com/st/microxplorer/altova/db/IP_Modes/SignalLogicalOpType$MemberElement_Signal$MemberElement_Signal_Iterator
instanceKlass com/st/microxplorer/altova/db/IP_Modes/SignalLogicalOpType$MemberElement_Signal
instanceKlass com/st/microxplorer/altova/db/IP_Modes/SignalLogicalOpType$MemberAttribute_Name
instanceKlass com/st/microxplorer/altova/db/IP_Modes/ModeType$MemberElement_ModeLogicOperator$MemberElement_ModeLogicOperator_Iterator
instanceKlass com/st/microxplorer/altova/db/IP_Modes/ModeType$MemberElement_SignalLogicalOp$MemberElement_SignalLogicalOp_Iterator
instanceKlass com/st/microxplorer/altova/db/IP_Modes/ModeType$MemberElement_ContextCondition
instanceKlass com/st/microxplorer/altova/db/IP_Modes/ModeType$MemberElement_Condition
instanceKlass com/st/microxplorer/altova/db/IP_Modes/ModeType$MemberElement_Semaphore
instanceKlass com/st/microxplorer/altova/db/IP_Modes/ModeType$MemberElement_SignalLogicalOp
instanceKlass com/st/microxplorer/altova/db/IP_Modes/ModeType$MemberElement_ModeLogicOperator
instanceKlass com/st/microxplorer/altova/db/IP_Modes/ModeType$MemberAttribute_ShrinkName
instanceKlass com/st/microxplorer/altova/db/IP_Modes/ModeType$MemberAttribute_RemoveCondition
instanceKlass com/teamdev/jxbrowser/frame/internal/rpc/SwitchPageContextsOrBuilder
instanceKlass com/st/microxplorer/altova/db/IP_Modes/ModeType$MemberAttribute_RemoveDisable
instanceKlass  @bci com/teamdev/jxbrowser/frame/internal/FrameImpl <init> (Lcom/teamdev/jxbrowser/browser/internal/BrowserImpl;Lcom/teamdev/jxbrowser/browser/internal/RenderProcess;Lcom/teamdev/jxbrowser/internal/rpc/FrameId;Lcom/teamdev/jxbrowser/internal/rpc/PageContextId;Z)V 289 <appendix> member <vmtarget> ; # com/teamdev/jxbrowser/frame/internal/FrameImpl$$Lambda+0x0000000800a66898
instanceKlass com/st/microxplorer/altova/db/IP_Modes/ModeType$MemberAttribute_Name
instanceKlass com/st/microxplorer/altova/db/IP_Modes/ModeType$MemberAttribute_UserName
instanceKlass com/st/microxplorer/altova/db/IP_Modes/ModeLogicOperatorType$MemberElement_Mode$MemberElement_Mode_Iterator
instanceKlass com/teamdev/jxbrowser/frame/internal/rpc/SwitchPageContexts$ResponseOrBuilder
instanceKlass org/apache/commons/lang3/CharSequenceUtils
instanceKlass com/teamdev/jxbrowser/frame/internal/callback/SwitchPageContextsCallback
instanceKlass com/st/microxplorer/altova/db/IP_Modes/ModeLogicOperatorType$MemberElement_Mode
instanceKlass com/st/microxplorer/altova/db/IP_Modes/ModeLogicOperatorType$MemberAttribute_Name
instanceKlass com/st/microxplorer/altova/db/IP_Modes/IPType$MemberElement_ModeLogicOperator$MemberElement_ModeLogicOperator_Iterator
instanceKlass com/st/microxplorer/altova/db/IP_Modes/RefSignalType$MemberElement_SpecificParameter
instanceKlass com/st/microxplorer/altova/db/IP_Modes/RefSignalType$MemberAttribute_Virtual
instanceKlass com/st/microxplorer/altova/db/IP_Modes/RefSignalType$MemberAttribute_Direction
instanceKlass com/st/microxplorer/altova/db/IP_Modes/RefSignalType$MemberAttribute_ExclusiveGroupName
instanceKlass com/st/microxplorer/altova/db/IP_Modes/RefSignalType$MemberAttribute_ShareableGroupName
instanceKlass com/st/microxplorer/altova/db/IP_Modes/RefSignalType$MemberAttribute_IOMode
instanceKlass com/st/microxplorer/altova/db/IP_Modes/RefSignalType$MemberAttribute_Name
instanceKlass com/st/microxplorer/altova/db/IP_Modes/IPType$MemberElement_RefSignal$MemberElement_RefSignal_Iterator
instanceKlass com/st/microxplorer/altova/db/IP_Modes/AboutType$MemberAttribute_Description
instanceKlass com/teamdev/jxbrowser/frame/internal/rpc/FinishFrameLoad$ResponseOrBuilder
instanceKlass com/st/microxplorer/altova/db/IP_Modes/IPType$MemberElement_Condition
instanceKlass com/st/microxplorer/altova/db/IP_Modes/IPType$MemberElement_Semaphore
instanceKlass com/teamdev/jxbrowser/frame/internal/rpc/FinishFrameLoadOrBuilder
instanceKlass com/teamdev/jxbrowser/frame/internal/callback/FinishFrameLoadCallback
instanceKlass com/st/microxplorer/altova/db/IP_Modes/IPType$MemberElement_GPIO_Port
instanceKlass com/st/microxplorer/altova/db/IP_Modes/IPType$MemberElement_GPIO_Pin
instanceKlass  @bci com/teamdev/jxbrowser/frame/internal/FrameImpl <init> (Lcom/teamdev/jxbrowser/browser/internal/BrowserImpl;Lcom/teamdev/jxbrowser/browser/internal/RenderProcess;Lcom/teamdev/jxbrowser/internal/rpc/FrameId;Lcom/teamdev/jxbrowser/internal/rpc/PageContextId;Z)V 274 <appendix> member <vmtarget> ; # com/teamdev/jxbrowser/frame/internal/FrameImpl$$Lambda+0x0000000800a5ecb8
instanceKlass com/st/microxplorer/altova/db/IP_Modes/IPType$MemberElement_RefSignal
instanceKlass com/st/microxplorer/altova/db/IP_Modes/IPType$MemberElement_ModeLogicOperator
instanceKlass com/st/microxplorer/altova/db/IP_Modes/IPType$MemberElement_RefMode
instanceKlass com/st/microxplorer/altova/db/IP_Modes/IPType$MemberElement_RefParameter
instanceKlass com/st/microxplorer/altova/db/IP_Modes/IPType$MemberElement_IPDependencies
instanceKlass com/st/microxplorer/altova/db/IP_Modes/IPType$MemberElement_About
instanceKlass com/st/microxplorer/altova/db/IP_Modes/IPType$MemberAttribute_IpGroup
instanceKlass com/st/microxplorer/altova/db/IP_Modes/IPType$MemberAttribute_ImportFile
instanceKlass com/st/microxplorer/altova/db/IP_Modes/IPType$MemberAttribute_DBVersion
instanceKlass com/st/microxplorer/altova/db/IP_Modes/IPType$MemberAttribute_IPType2
instanceKlass com/teamdev/jxbrowser/frame/internal/rpc/InjectJs$ResponseOrBuilder
instanceKlass com/st/microxplorer/altova/db/IP_Modes/IPType$MemberAttribute_Version
instanceKlass com/st/microxplorer/altova/db/IP_Modes/IPType$MemberAttribute_Name
instanceKlass com/teamdev/jxbrowser/frame/internal/rpc/InjectJsOrBuilder
instanceKlass com/st/microxplorer/altova/db/IP_Modes/IP_Modes2$MemberElement_SpecificParameter
instanceKlass com/st/microxplorer/altova/db/IP_Modes/IP_Modes2$MemberElement_RefSignal
instanceKlass  @bci com/teamdev/jxbrowser/frame/internal/FrameImpl <init> (Lcom/teamdev/jxbrowser/browser/internal/BrowserImpl;Lcom/teamdev/jxbrowser/browser/internal/RenderProcess;Lcom/teamdev/jxbrowser/internal/rpc/FrameId;Lcom/teamdev/jxbrowser/internal/rpc/PageContextId;Z)V 258 <appendix> member <vmtarget> ; # com/teamdev/jxbrowser/frame/internal/FrameImpl$$Lambda+0x0000000800a59530
instanceKlass com/st/microxplorer/altova/db/IP_Modes/IP_Modes2$MemberElement_RefParameter
instanceKlass com/st/microxplorer/altova/db/IP_Modes/IP_Modes2$MemberElement_RefMode
instanceKlass com/st/microxplorer/altova/db/IP_Modes/IP_Modes2$MemberElement_ParameterGroup
instanceKlass com/st/microxplorer/altova/db/IP_Modes/IP_Modes2$MemberElement_Parameter
instanceKlass com/st/microxplorer/altova/db/IP_Modes/IP_Modes2$MemberElement_ModeLogicOperator
instanceKlass com/st/microxplorer/altova/db/IP_Modes/IP_Modes2$MemberElement_Mode
instanceKlass com/st/microxplorer/altova/db/IP_Modes/IP_Modes2$MemberElement_IP
instanceKlass com/st/microxplorer/altova/db/IP_Modes/IP_Modes2$MemberElement_Dependency
instanceKlass com/st/microxplorer/altova/db/IP_Modes/IP_Modes2$MemberElement_DMA_Flow
instanceKlass com/st/microxplorer/altova/db/IP_Modes/IP_Modes2$MemberElement_ContextCondition
instanceKlass com/st/microxplorer/altova/db/IP_Modes/IP_Modes_TypeInfo$MemberInfoCreator
instanceKlass com/st/microxplorer/altova/db/IP_Modes/IP_Modes_TypeInfo$TypeInfoCreator
instanceKlass com/teamdev/jxbrowser/frame/internal/rpc/InjectCss$ResponseOrBuilder
instanceKlass com/st/microxplorer/altova/db/IP_Modes/IP_Modes_TypeInfo$InfoBinder
instanceKlass com/st/microxplorer/altova/db/IP_Modes/IP_Modes_TypeInfo
instanceKlass com/st/microxplorer/altova/db/IP_Modes/IP_Modes2$MemberElement_Condition
instanceKlass com/teamdev/jxbrowser/frame/internal/rpc/InjectCssOrBuilder
instanceKlass  @bci com/teamdev/jxbrowser/frame/internal/FrameImpl <init> (Lcom/teamdev/jxbrowser/browser/internal/BrowserImpl;Lcom/teamdev/jxbrowser/browser/internal/RenderProcess;Lcom/teamdev/jxbrowser/internal/rpc/FrameId;Lcom/teamdev/jxbrowser/internal/rpc/PageContextId;Z)V 242 <appendix> member <vmtarget> ; # com/teamdev/jxbrowser/frame/internal/FrameImpl$$Lambda+0x0000000800a53900
instanceKlass com/teamdev/jxbrowser/js/internal/rpc/ReturnValueOrBuilder
instanceKlass com/teamdev/jxbrowser/frame/internal/rpc/InvokeMethodOrBuilder
instanceKlass  @bci com/teamdev/jxbrowser/frame/internal/FrameImpl <init> (Lcom/teamdev/jxbrowser/browser/internal/BrowserImpl;Lcom/teamdev/jxbrowser/browser/internal/RenderProcess;Lcom/teamdev/jxbrowser/internal/rpc/FrameId;Lcom/teamdev/jxbrowser/internal/rpc/PageContextId;Z)V 226 <appendix> member <vmtarget> ; # com/teamdev/jxbrowser/frame/internal/FrameImpl$$Lambda+0x0000000800a4fd18
instanceKlass com/teamdev/jxbrowser/frame/internal/rpc/InvokeMethod$ResponseOrBuilder
instanceKlass com/teamdev/jxbrowser/frame/internal/callback/InvokeMethodCallback
instanceKlass com/teamdev/jxbrowser/js/internal/rpc/JsErrorOrBuilder
instanceKlass com/st/microxplorer/mcu/Mode
instanceKlass com/st/microxplorer/mcu/bootpath/IBootPathService
instanceKlass com/st/microxplorer/mcu/rif/IRIFService
instanceKlass com/st/microxplorer/db/ApiDbIP
instanceKlass com/st/microxplorer/altova/db/Mcu/IPType$MemberElement_ContextSplit
instanceKlass com/st/microxplorer/altova/db/Mcu/IPType$MemberElement_SpecificParameter
instanceKlass com/st/microxplorer/altova/db/Mcu/IPType$MemberAttribute_IPContextCoupling
instanceKlass com/teamdev/jxbrowser/frame/internal/rpc/GetObjectTypeOrBuilder
instanceKlass com/st/microxplorer/altova/db/Mcu/IPType$MemberAttribute_PowerDomain
instanceKlass com/st/microxplorer/altova/db/Mcu/IPType$MemberAttribute_AccessControl
instanceKlass  @bci com/teamdev/jxbrowser/frame/internal/FrameImpl <init> (Lcom/teamdev/jxbrowser/browser/internal/BrowserImpl;Lcom/teamdev/jxbrowser/browser/internal/RenderProcess;Lcom/teamdev/jxbrowser/internal/rpc/FrameId;Lcom/teamdev/jxbrowser/internal/rpc/PageContextId;Z)V 210 <appendix> member <vmtarget> ; # com/teamdev/jxbrowser/frame/internal/FrameImpl$$Lambda+0x0000000800a43338
instanceKlass com/st/microxplorer/altova/db/Mcu/IPType$MemberAttribute_ConfigFile
instanceKlass com/st/microxplorer/altova/db/Mcu/IPType$MemberAttribute_ClockEnableMode
instanceKlass com/st/microxplorer/altova/db/Mcu/IPType$MemberAttribute_Version
instanceKlass com/st/microxplorer/altova/db/Mcu/IPType$MemberAttribute_Name
instanceKlass com/teamdev/jxbrowser/frame/internal/rpc/GetObjectType$ResponseOrBuilder
instanceKlass com/st/microxplorer/altova/db/Mcu/IPType$MemberAttribute_InstanceName
instanceKlass com/teamdev/jxbrowser/frame/internal/callback/GetObjectTypeCallback
instanceKlass com/st/microxplorer/altova/db/Mcu/McuType$MemberElement_IP$MemberElement_IP_Iterator
instanceKlass com/st/microxplorer/db/McuAttributeClassification$McuAttributeItem
instanceKlass com/st/microxplorer/db/McuAttributeClassification$McuCategoryItem
instanceKlass com/st/microxplorer/db/McuAttributeClassification
instanceKlass com/st/microxplorer/db/ApiDbMcu$1
instanceKlass com/st/microxplorer/altova/db/Mcu/SignalType$MemberAttribute_IOModes
instanceKlass com/st/microxplorer/altova/db/Mcu/SignalType$MemberAttribute_Name
instanceKlass com/st/microxplorer/altova/db/Mcu/ConditionType$MemberAttribute_Diagnostic
instanceKlass com/st/microxplorer/altova/db/Mcu/ConditionType$MemberAttribute_Expression
instanceKlass com/st/microxplorer/altova/db/Mcu/PinType$MemberElement_Signal$MemberElement_Signal_Iterator
instanceKlass com/st/microxplorer/altova/db/Mcu/PinType$MemberElement_Condition$MemberElement_Condition_Iterator
instanceKlass com/teamdev/jxbrowser/frame/internal/rpc/ReadFieldOrBuilder
instanceKlass  @bci com/teamdev/jxbrowser/frame/internal/FrameImpl <init> (Lcom/teamdev/jxbrowser/browser/internal/BrowserImpl;Lcom/teamdev/jxbrowser/browser/internal/RenderProcess;Lcom/teamdev/jxbrowser/internal/rpc/FrameId;Lcom/teamdev/jxbrowser/internal/rpc/PageContextId;Z)V 194 <appendix> member <vmtarget> ; # com/teamdev/jxbrowser/frame/internal/FrameImpl$$Lambda+0x0000000800a3c518
instanceKlass com/st/microxplorer/mcu/Pin
instanceKlass com/teamdev/jxbrowser/frame/internal/rpc/ReadField$ResponseOrBuilder
instanceKlass com/st/microxplorer/altova/db/Mcu/PinType$MemberElement_Condition
instanceKlass com/teamdev/jxbrowser/frame/internal/callback/ReadFieldCallback
instanceKlass com/st/microxplorer/altova/db/Mcu/PinType$MemberElement_Signal
instanceKlass com/st/microxplorer/altova/db/Mcu/PinType$MemberAttribute_RequestToSecureIP
instanceKlass com/st/microxplorer/altova/db/Mcu/PinType$MemberAttribute_Type
instanceKlass com/st/microxplorer/altova/db/Mcu/PinType$MemberAttribute_Variant
instanceKlass com/st/microxplorer/altova/db/Mcu/PinType$MemberAttribute_Name
instanceKlass com/st/microxplorer/altova/db/Mcu/PinType$MemberAttribute_Position
instanceKlass com/st/microxplorer/altova/db/Mcu/McuType$MemberElement_Pin$MemberElement_Pin_Iterator
instanceKlass com/st/microxplorer/altova/db/Mcu/McuType$MemberElement_GentypeFirmware$MemberElement_GentypeFirmware_Iterator
instanceKlass com/teamdev/jxbrowser/js/internal/JsValue
instanceKlass com/st/microxplorer/altova/db/Mcu/ContextProjectType$MemberAttribute_Contexts
instanceKlass com/st/microxplorer/altova/db/Mcu/ContextProjectType$MemberAttribute_Attributes
instanceKlass com/teamdev/jxbrowser/js/internal/rpc/JsValueOrBuilder
instanceKlass com/st/microxplorer/altova/db/Mcu/ContextProjectType$MemberAttribute_Comment
instanceKlass com/st/microxplorer/altova/db/Mcu/ContextProjectType$MemberAttribute_Name
instanceKlass com/st/microxplorer/altova/db/Mcu/McuType$MemberElement_ContextProject$MemberElement_ContextProject_Iterator
instanceKlass com/st/microxplorer/altova/db/Mcu/ContextType$MemberAttribute_PowerDomain
instanceKlass com/st/microxplorer/altova/db/Mcu/ContextType$MemberAttribute_Comment
instanceKlass com/st/microxplorer/altova/db/Mcu/ContextType$MemberAttribute_SemaphoreSuffix
instanceKlass com/st/microxplorer/altova/db/Mcu/ContextType$MemberAttribute_GroupShortName
instanceKlass com/st/microxplorer/altova/db/Mcu/ContextType$MemberAttribute_GroupName
instanceKlass com/st/microxplorer/altova/db/Mcu/ContextType$MemberAttribute_GenType
instanceKlass com/st/microxplorer/altova/db/Mcu/ContextType$MemberAttribute_Secure
instanceKlass com/st/microxplorer/altova/db/Mcu/ContextType$MemberAttribute_Core
instanceKlass com/st/microxplorer/altova/db/Mcu/ContextType$MemberAttribute_LongName
instanceKlass com/st/microxplorer/altova/db/Mcu/ContextType$MemberAttribute_ShortName
instanceKlass com/st/microxplorer/altova/db/Mcu/ContextType$MemberAttribute_Name
instanceKlass com/st/microxplorer/altova/db/Mcu/McuType$MemberElement_Context$MemberElement_Context_Iterator
instanceKlass com/st/microxplorer/altova/db/Mcu/TemperatureType$MemberAttribute_Max
instanceKlass com/st/microxplorer/altova/db/Mcu/TemperatureType$MemberAttribute_Min
instanceKlass com/st/microxplorer/altova/db/Mcu/McuType$MemberElement_Temperature$MemberElement_Temperature_Iterator
instanceKlass com/st/microxplorer/altova/db/Mcu/McuType$MemberElement_Current$MemberElement_Current_Iterator
instanceKlass com/teamdev/jxbrowser/frame/internal/rpc/UpdateFieldOrBuilder
instanceKlass com/st/microxplorer/altova/db/Mcu/VoltageType$MemberAttribute_Max
instanceKlass com/st/microxplorer/altova/db/Mcu/VoltageType$MemberAttribute_Min
instanceKlass  @bci com/teamdev/jxbrowser/frame/internal/FrameImpl <init> (Lcom/teamdev/jxbrowser/browser/internal/BrowserImpl;Lcom/teamdev/jxbrowser/browser/internal/RenderProcess;Lcom/teamdev/jxbrowser/internal/rpc/FrameId;Lcom/teamdev/jxbrowser/internal/rpc/PageContextId;Z)V 178 <appendix> member <vmtarget> ; # com/teamdev/jxbrowser/frame/internal/FrameImpl$$Lambda+0x0000000800a31668
instanceKlass com/st/microxplorer/altova/db/Mcu/McuType$MemberElement_Voltage$MemberElement_Voltage_Iterator
instanceKlass com/st/microxplorer/altova/db/Mcu/McuType$MemberElement_Flash$MemberElement_Flash_Iterator
instanceKlass com/st/microxplorer/altova/db/Mcu/McuType$MemberElement_Die$MemberElement_Die_Iterator
instanceKlass com/teamdev/jxbrowser/frame/internal/rpc/UpdateField$ResponseOrBuilder
instanceKlass com/st/microxplorer/altova/db/Mcu/McuType$MemberElement_BootPath$MemberElement_BootPath_Iterator
instanceKlass com/st/microxplorer/altova/db/Mcu/McuType$MemberElement_LPBAM$MemberElement_LPBAM_Iterator
instanceKlass com/st/microxplorer/altova/db/Mcu/McuType$MemberElement_TrustZone$MemberElement_TrustZone_Iterator
instanceKlass com/teamdev/jxbrowser/frame/internal/callback/UpdateFieldCallback
instanceKlass com/st/microxplorer/altova/db/Mcu/McuType$MemberElement_MemoryMap$MemberElement_MemoryMap_Iterator
instanceKlass com/st/microxplorer/altova/db/Mcu/McuType$MemberElement_CCMRam$MemberElement_CCMRam_Iterator
instanceKlass com/st/microxplorer/altova/db/Mcu/McuType$MemberElement_Ram$MemberElement_Ram_Iterator
instanceKlass com/st/microxplorer/altova/db/Mcu/McuType$MemberElement_IONb$MemberElement_IONb_Iterator
instanceKlass com/st/microxplorer/altova/db/Mcu/McuType$MemberElement_E2prom$MemberElement_E2prom_Iterator
instanceKlass com/st/microxplorer/altova/db/Mcu/McuType$MemberElement_Frequency$MemberElement_Frequency_Iterator
instanceKlass com/st/microxplorer/altova/db/Mcu/McuType$MemberElement_Core$MemberElement_Core_Iterator
instanceKlass com/teamdev/jxbrowser/js/internal/JsAccessibleMember
instanceKlass com/altova/CoreTypes
instanceKlass com/teamdev/jxbrowser/internal/rpc/JsObjectProxyIdOrBuilder
instanceKlass com/teamdev/jxbrowser/frame/internal/rpc/MemberOrBuilder
instanceKlass com/st/microxplorer/codegenerator/IPConfigManager
instanceKlass java/text/AttributedString$AttributedStringIterator
instanceKlass java/text/AttributedCharacterIterator
instanceKlass java/text/AttributedString
instanceKlass sun/awt/im/CompositionAreaHandler
instanceKlass com/teamdev/jxbrowser/frame/internal/rpc/CanAccessMemberOrBuilder
instanceKlass java/awt/KeyboardFocusManager$3
instanceKlass  @bci com/teamdev/jxbrowser/frame/internal/FrameImpl <init> (Lcom/teamdev/jxbrowser/browser/internal/BrowserImpl;Lcom/teamdev/jxbrowser/browser/internal/RenderProcess;Lcom/teamdev/jxbrowser/internal/rpc/FrameId;Lcom/teamdev/jxbrowser/internal/rpc/PageContextId;Z)V 162 <appendix> member <vmtarget> ; # com/teamdev/jxbrowser/frame/internal/FrameImpl$$Lambda+0x0000000800a29bf8
instanceKlass com/st/microxplorer/altova/db/Mcu/McuType$MemberElement_MemoryMap
instanceKlass com/st/microxplorer/altova/db/Mcu/McuType$MemberElement_BootPath
instanceKlass javax/swing/Autoscroller
instanceKlass java/awt/KeyboardFocusManager$LightweightFocusRequest
instanceKlass com/st/microxplorer/altova/db/Mcu/McuType$MemberElement_LPBAM
instanceKlass com/teamdev/jxbrowser/frame/internal/rpc/CanAccessMember$ResponseOrBuilder
instanceKlass com/st/microxplorer/altova/db/Mcu/McuType$MemberElement_GentypeFirmware
instanceKlass com/teamdev/jxbrowser/frame/internal/callback/CanAccessMemberCallback
instanceKlass com/st/microxplorer/plugins/pinoutandconfiguration/PinoutAndConfigurationView$4$1
instanceKlass com/st/microxplorer/altova/db/Mcu/McuType$MemberElement_ContextProject
instanceKlass com/st/microxplorer/altova/db/Mcu/McuType$MemberElement_TrustZone
instanceKlass java/awt/KeyboardFocusManager$HeavyweightFocusRequest
instanceKlass com/st/microxplorer/altova/db/Mcu/McuType$MemberElement_Context
instanceKlass sun/awt/KeyboardFocusManagerPeerImpl$KfmAccessor
instanceKlass com/teamdev/jxbrowser/frame/internal/rpc/SwitchPageContexts$RequestOrBuilder
instanceKlass com/st/microxplorer/altova/db/Mcu/McuType$MemberElement_Die
instanceKlass com/st/microxplorer/altova/db/Mcu/McuType$MemberElement_Temperature
instanceKlass com/st/microxplorer/altova/db/Mcu/McuType$MemberElement_Current
instanceKlass com/teamdev/jxbrowser/frame/internal/rpc/FinishFrameLoad$RequestOrBuilder
instanceKlass com/teamdev/jxbrowser/frame/internal/callback/FinishFrameLoadCallback$Params
instanceKlass com/st/microxplorer/altova/db/Mcu/McuType$MemberElement_Voltage
instanceKlass com/st/microxplorer/altova/db/Mcu/McuType$MemberElement_IONb
instanceKlass com/teamdev/jxbrowser/frame/internal/rpc/EnumerateMembers$RequestOrBuilder
instanceKlass com/st/microxplorer/altova/db/Mcu/McuType$MemberElement_CCMRam
instanceKlass com/st/microxplorer/altova/db/Mcu/McuType$MemberElement_Ram
instanceKlass com/st/microxplorer/altova/db/Mcu/McuType$MemberElement_E2prom
instanceKlass com/teamdev/jxbrowser/frame/internal/rpc/UpdateField$RequestOrBuilder
instanceKlass javax/swing/plaf/metal/MetalUtils
instanceKlass com/st/microxplorer/altova/db/Mcu/McuType$MemberElement_FPU
instanceKlass java/text/DigitList$1
instanceKlass jdk/internal/math/FDBigInteger
instanceKlass com/st/microxplorer/altova/db/Mcu/McuType$MemberElement_Frequency
instanceKlass java/text/FieldPosition$Delegate
instanceKlass com/st/microxplorer/altova/db/Mcu/McuType$MemberElement_Core
instanceKlass com/teamdev/jxbrowser/frame/internal/rpc/ReadField$RequestOrBuilder
instanceKlass com/st/microxplorer/altova/db/Mcu/McuType$MemberElement_Flash
instanceKlass com/st/microxplorer/altova/db/Mcu/McuType$MemberElement_Pin
instanceKlass sun/font/StandardGlyphVector$GlyphStrike
instanceKlass sun/font/FontSubstitution
instanceKlass com/st/microxplorer/altova/db/Mcu/McuType$MemberElement_IP
instanceKlass java/awt/font/GlyphVector
instanceKlass com/teamdev/jxbrowser/frame/internal/rpc/InvokeMethod$RequestOrBuilder
instanceKlass com/st/microxplorer/altova/db/Mcu/McuType$MemberAttribute_ClockTree
instanceKlass com/st/microxplorer/altova/db/Mcu/McuType$MemberAttribute_FwLibrary
instanceKlass com/st/microxplorer/altova/db/Mcu/McuType$MemberAttribute_IOType
instanceKlass com/teamdev/jxbrowser/frame/internal/rpc/GetObjectType$RequestOrBuilder
instanceKlass com/st/microxplorer/altova/db/Mcu/McuType$MemberAttribute_DBVersion
instanceKlass com/st/microxplorer/altova/db/Mcu/McuType$MemberAttribute_HasPowerPad
instanceKlass com/st/microxplorer/altova/db/Mcu/McuType$MemberAttribute_Package2
instanceKlass com/st/microxplorer/altova/db/Mcu/McuType$MemberAttribute_Line
instanceKlass sun/swing/MenuItemLayoutHelper$ColumnAlignment
instanceKlass sun/swing/MenuItemLayoutHelper$LayoutResult
instanceKlass com/teamdev/jxbrowser/frame/internal/rpc/CanAccessMember$RequestOrBuilder
instanceKlass sun/java2d/marlin/ArrayCacheConst
instanceKlass com/st/microxplorer/altova/db/Mcu/McuType$MemberAttribute_Family
instanceKlass sun/java2d/marlin/Helpers
instanceKlass java/awt/geom/LineIterator
instanceKlass com/st/microxplorer/altova/db/Mcu/McuType$MemberAttribute_RPN
instanceKlass sun/java2d/marlin/DPQSSorterContext
instanceKlass sun/java2d/marlin/MarlinUtils
instanceKlass sun/java2d/marlin/MergeSort
instanceKlass com/st/microxplorer/altova/db/Mcu/McuType$MemberAttribute_RefName
instanceKlass sun/java2d/marlin/Dasher$LengthIterator
instanceKlass sun/java2d/marlin/Dasher
instanceKlass sun/java2d/marlin/Stroker
instanceKlass sun/java2d/marlin/MarlinTileGenerator
instanceKlass sun/java2d/pipe/AATileGenerator
instanceKlass com/teamdev/jxbrowser/frame/internal/rpc/InjectJs$RequestOrBuilder
instanceKlass sun/java2d/marlin/Renderer
instanceKlass sun/java2d/marlin/ArrayCacheIntClean$Reference
instanceKlass  @bci sun/java2d/marlin/OffHeapArray <init> (Ljava/lang/Object;J)V 52 <appendix> member <vmtarget> ; # sun/java2d/marlin/OffHeapArray$$Lambda+0x0000000800860648
instanceKlass com/st/microxplorer/altova/db/Mcu/Mcu2$MemberElement_SpecificParameter
instanceKlass sun/java2d/marlin/OffHeapArray
instanceKlass sun/java2d/marlin/MarlinCache
instanceKlass sun/java2d/marlin/ArrayCacheInt$Reference
instanceKlass sun/java2d/marlin/Helpers$IndexStack
instanceKlass sun/java2d/marlin/TransformingPathConsumer2D$PathClipFilter
instanceKlass sun/java2d/marlin/TransformingPathConsumer2D$StartFlagPathConsumer2D
instanceKlass com/st/microxplorer/altova/db/Mcu/Mcu2$MemberElement_Mcu3
instanceKlass sun/java2d/marlin/ArrayCacheByte$Reference
instanceKlass com/teamdev/jxbrowser/frame/internal/rpc/InjectCss$RequestOrBuilder
instanceKlass sun/java2d/marlin/ArrayCacheDouble$Reference
instanceKlass sun/java2d/marlin/Helpers$PolyStack
instanceKlass sun/java2d/marlin/TransformingPathConsumer2D$ClosedPathDetector
instanceKlass sun/java2d/marlin/TransformingPathConsumer2D$PathTracer
instanceKlass sun/java2d/marlin/TransformingPathConsumer2D$DeltaTransformFilter
instanceKlass sun/java2d/marlin/TransformingPathConsumer2D$DeltaScaleFilter
instanceKlass com/st/microxplorer/altova/db/Mcu/Mcu2$MemberElement_Context
instanceKlass sun/java2d/marlin/TransformingPathConsumer2D$Path2DWrapper
instanceKlass sun/java2d/marlin/TransformingPathConsumer2D
instanceKlass sun/java2d/marlin/TransformingPathConsumer2D$CurveClipSplitter
instanceKlass sun/java2d/marlin/TransformingPathConsumer2D$CurveBasicMonotonizer
instanceKlass com/altova/typeinfo/MemberInfo
instanceKlass sun/java2d/marlin/DMarlinRenderingEngine$NormalizingPathIterator
instanceKlass sun/java2d/marlin/RendererContext$PathConsumer2DAdapter
instanceKlass sun/java2d/marlin/ArrayCacheByte
instanceKlass sun/java2d/marlin/ArrayCacheDouble
instanceKlass sun/java2d/marlin/ArrayCacheInt
instanceKlass com/st/microxplorer/altova/db/Mcu/Mcu_TypeInfo$MemberInfoCreator
instanceKlass sun/java2d/marlin/ArrayCacheIntClean
instanceKlass sun/java2d/marlin/PathSimplifier
instanceKlass sun/java2d/marlin/CollinearSimplifier
instanceKlass sun/java2d/marlin/DPathConsumer2D
instanceKlass sun/java2d/marlin/Curve
instanceKlass com/altova/xml/XmlFormatter
instanceKlass sun/java2d/ReentrantContext
instanceKlass com/altova/typeinfo/ValueFormatter
instanceKlass java/awt/geom/Line2D
instanceKlass com/altova/xml/Xs
instanceKlass com/teamdev/jxbrowser/frame/internal/rpc/SpellCheckCompletedOrBuilder
instanceKlass sun/java2d/loops/FontInfo
instanceKlass  @bci com/teamdev/jxbrowser/frame/internal/FrameImpl <init> (Lcom/teamdev/jxbrowser/browser/internal/BrowserImpl;Lcom/teamdev/jxbrowser/browser/internal/RenderProcess;Lcom/teamdev/jxbrowser/internal/rpc/FrameId;Lcom/teamdev/jxbrowser/internal/rpc/PageContextId;Z)V 144 <appendix> argL0 ; # com/teamdev/jxbrowser/frame/internal/FrameImpl$$Lambda+0x0000000800a1aa60
instanceKlass com/altova/typeinfo/FacetInfo
instanceKlass java/awt/PrintGraphics
instanceKlass java/awt/print/PrinterGraphics
instanceKlass com/teamdev/jxbrowser/frame/internal/rpc/FrameStub
instanceKlass com/altova/typeinfo/TypeInfo
instanceKlass java/awt/geom/RectIterator
instanceKlass java/awt/geom/PathIterator
instanceKlass  @bci javax/swing/border/LineBorder paintBorder (Ljava/awt/Component;Ljava/awt/Graphics;IIII)V 10 <appendix> member <vmtarget> ; # javax/swing/border/LineBorder$$Lambda+0x000000080085ab28
instanceKlass com/st/microxplorer/altova/db/Mcu/Mcu_TypeInfo$TypeInfoCreator
instanceKlass  @cpi javax/swing/border/LineBorder 153 form vmentry <vmtarget> ; # java/lang/invoke/LambdaForm$DMH+0x0000000800a1c000
instanceKlass com/altova/typeinfo/NamespaceInfo
instanceKlass com/sun/java/swing/SwingUtilities3$UnscaledBorderPainter
instanceKlass  @bci com/teamdev/jxbrowser/frame/internal/FrameImpl <init> (Lcom/teamdev/jxbrowser/browser/internal/BrowserImpl;Lcom/teamdev/jxbrowser/browser/internal/RenderProcess;Lcom/teamdev/jxbrowser/internal/rpc/FrameId;Lcom/teamdev/jxbrowser/internal/rpc/PageContextId;Z)V 125 <appendix> argL0 ; # com/teamdev/jxbrowser/frame/internal/FrameImpl$$Lambda+0x0000000800a19ba0
instanceKlass com/st/microxplorer/altova/db/Mcu/Mcu_TypeInfo$InfoBinder
instanceKlass com/altova/typeinfo/InfoBinderInterface
instanceKlass com/st/microxplorer/altova/db/Mcu/Mcu_TypeInfo
instanceKlass  @bci com/teamdev/jxbrowser/js/internal/JsContext <init> (Lcom/teamdev/jxbrowser/frame/internal/FrameImpl;Lcom/teamdev/jxbrowser/frame/internal/PageContext;)V 22 <appendix> argL0 ; # com/teamdev/jxbrowser/js/internal/JsContext$$Lambda+0x0000000800a190e0
instanceKlass com/st/microxplorer/altova/db/Mcu/Mcu2$MemberElement_Condition
instanceKlass com/teamdev/jxbrowser/frame/internal/rpc/PageContextStub
instanceKlass com/teamdev/jxbrowser/js/JsPromise
instanceKlass com/altova/xml/XmlTreeOperations
instanceKlass com/teamdev/jxbrowser/dom/FrameElement
instanceKlass com/teamdev/jxbrowser/dom/ImageElement
instanceKlass com/teamdev/jxbrowser/dom/TextAreaElement
instanceKlass com/teamdev/jxbrowser/dom/InputElement
instanceKlass com/teamdev/jxbrowser/dom/OptionElement
instanceKlass com/teamdev/jxbrowser/dom/SelectElement
instanceKlass com/teamdev/jxbrowser/dom/FormControlElement
instanceKlass com/teamdev/jxbrowser/dom/FormElement
instanceKlass javax/swing/RepaintManager$3
instanceKlass com/teamdev/jxbrowser/js/JsObject
instanceKlass com/st/microxplorer/plugins/pinoutandconfiguration/PinoutAndConfigurationView$3$1
instanceKlass com/teamdev/jxbrowser/dom/Element
instanceKlass jdk/internal/math/DoubleToDecimal
instanceKlass com/teamdev/jxbrowser/dom/Node
instanceKlass com/teamdev/jxbrowser/dom/event/EventTarget
instanceKlass  @bci com/st/microxplorer/plugins/pinoutandconfiguration/PinoutAndConfigurationView$1 propertyChange (Ljava/beans/PropertyChangeEvent;)V 22 <appendix> form vmentry <vmtarget> ; # java/lang/invoke/LambdaForm$MH+0x0000000800a10800
instanceKlass com/teamdev/jxbrowser/dom/SearchContext
# instanceKlass java/lang/invoke/LambdaForm$MH+0x0000000800a10400
instanceKlass com/altova/xml/TypeBase
instanceKlass com/st/components/util/NaturalOrderComparatorNZ
instanceKlass com/st/microxplorer/plugins/pinoutandconfiguration/PinoutAndConfigurationView$15
instanceKlass com/teamdev/jxbrowser/deps/com/google/common/collect/ForwardingObject
instanceKlass java/awt/LightweightDispatcher$2
instanceKlass java/awt/Window$1DisposeAction
instanceKlass com/st/microxplorer/mcu/ContextProject
instanceKlass java/awt/WaitDispatchSupport$4
instanceKlass javax/swing/Timer$1
instanceKlass java/awt/WaitDispatchSupport$2
instanceKlass java/awt/WaitDispatchSupport$1
instanceKlass java/awt/WaitDispatchSupport$5
instanceKlass java/awt/WaitDispatchSupport
instanceKlass java/awt/SecondaryLoop
instanceKlass  @bci java/awt/Dialog show ()V 205 <appendix> argL0 ; # java/awt/Dialog$$Lambda+0x0000000800858f18
instanceKlass  @cpi java/awt/Dialog 857 form vmentry <vmtarget> ; # java/lang/invoke/LambdaForm$DMH+0x0000000800a10000
instanceKlass  @bci java/awt/Dialog show ()V 189 <appendix> member <vmtarget> ; # java/awt/Dialog$$Lambda+0x0000000800858cf0
instanceKlass com/teamdev/jxbrowser/js/internal/JsonImpl
instanceKlass  @bci com/teamdev/jxbrowser/frame/internal/WebStorageImpl <init> (Lcom/teamdev/jxbrowser/internal/rpc/transport/Connection;Lcom/teamdev/jxbrowser/dom/internal/rpc/StorageType;Lcom/teamdev/jxbrowser/internal/rpc/FrameId;)V 36 <appendix> argL0 ; # com/teamdev/jxbrowser/frame/internal/WebStorageImpl$$Lambda+0x0000000800a0da40
instanceKlass java/awt/ModalEventFilter$1
instanceKlass com/teamdev/jxbrowser/dom/internal/rpc/WebStorageStub
instanceKlass com/teamdev/jxbrowser/dom/internal/rpc/StorageType$1
instanceKlass java/awt/DefaultKeyboardFocusManager$TypeAheadMarker
instanceKlass java/awt/peer/FileDialogPeer
instanceKlass com/st/microxplorer/db/DbFinder
instanceKlass com/teamdev/jxbrowser/frame/WebStorage
instanceKlass com/teamdev/jxbrowser/js/Json
instanceKlass javax/swing/SwingWorker$SwingWorkerPropertyChangeSupport$1
instanceKlass javax/swing/SwingWorker$6
instanceKlass javax/swing/SwingWorker$5
instanceKlass javax/swing/SwingWorker$1
instanceKlass sun/swing/AccumulativeRunnable
instanceKlass com/st/microxplorer/util/MXSemaphore
instanceKlass com/st/microxplorer/util/SemaphoreTrue
instanceKlass org/apache/commons/lang3/ArrayUtils
instanceKlass  @bci com/teamdev/jxbrowser/frame/internal/Frames createFrame (Lcom/teamdev/jxbrowser/browser/internal/BrowserImpl;Lcom/teamdev/jxbrowser/frame/internal/rpc/CreateFrame$Request;)Lcom/teamdev/jxbrowser/frame/internal/rpc/CreateFrame$Response; 29 <appendix> member <vmtarget> ; # com/teamdev/jxbrowser/frame/internal/Frames$$Lambda+0x0000000800a0b590
instanceKlass com/teamdev/jxbrowser/internal/rpc/PageContextIdOrBuilder
instanceKlass com/teamdev/jxbrowser/frame/Frame
instanceKlass com/teamdev/jxbrowser/browser/internal/rpc/StartRenderProcess$2
instanceKlass com/teamdev/jxbrowser/internal/rpc/StreamData$2
instanceKlass  @bci com/teamdev/jxbrowser/browser/internal/BrowserImpl notifyObserversAsync (Lcom/teamdev/jxbrowser/browser/event/BrowserEvent;)V 19 <appendix> member <vmtarget> ; # com/teamdev/jxbrowser/browser/internal/BrowserImpl$$Lambda+0x0000000800a06f70
instanceKlass  @bci com/teamdev/jxbrowser/browser/internal/RenderProcess <init> (Lcom/teamdev/jxbrowser/internal/rpc/transport/Connection;Lcom/teamdev/jxbrowser/internal/rpc/RenderProcessId;Lcom/teamdev/jxbrowser/internal/rpc/ProcessId;)V 52 <appendix> argL0 ; # com/teamdev/jxbrowser/browser/internal/RenderProcess$$Lambda+0x0000000800a06d50
instanceKlass com/st/microxplorer/plugins/thirdparty/ThirdPartyDownloadManager
instanceKlass com/teamdev/jxbrowser/browser/internal/RenderProcessStub
instanceKlass  @bci com/st/microxplorer/plugins/thirdparty/ThirdParty mcuCheckRequiredPacks (Ljava/util/Set;)V 11 <appendix> member <vmtarget> ; # com/st/microxplorer/plugins/thirdparty/ThirdParty$$Lambda+0x00000008009cca70
instanceKlass javax/swing/text/DefaultCaret$1
instanceKlass javax/swing/event/UndoableEditListener
instanceKlass javax/swing/text/AbstractDocument$UndoRedoDocumentEvent
instanceKlass com/teamdev/jxbrowser/frame/RenderProcess
instanceKlass  @bci com/teamdev/jxbrowser/browser/internal/BrowserRpcConfig renderProcess (Lcom/teamdev/jxbrowser/browser/internal/rpc/RenderProcessStarted;Lcom/teamdev/jxbrowser/internal/rpc/RenderProcessId;Lcom/teamdev/jxbrowser/internal/rpc/ProcessId;)Lcom/teamdev/jxbrowser/browser/internal/RenderProcess; 17 <appendix> argL0 ; # com/teamdev/jxbrowser/browser/internal/BrowserRpcConfig$$Lambda+0x0000000800a06488
instanceKlass com/st/components/util/UtilVersion
instanceKlass  @bci com/teamdev/jxbrowser/internal/rpc/stream/CallbackStream invokeCallback (Lcom/teamdev/jxbrowser/internal/rpc/StreamData;)V 176 <appendix> member <vmtarget> ; # com/teamdev/jxbrowser/internal/rpc/stream/CallbackStream$$Lambda+0x0000000800a06048
instanceKlass  @bci com/teamdev/jxbrowser/internal/rpc/stream/CallbackStream invokeCallback (Lcom/teamdev/jxbrowser/internal/rpc/StreamData;)V 75 <appendix> member <vmtarget> ; # com/teamdev/jxbrowser/internal/rpc/stream/CallbackStream$$Lambda+0x0000000800a05e00
instanceKlass javax/swing/TimerQueue$DelayedTimer
instanceKlass java/util/concurrent/Delayed
instanceKlass com/st/microxplorer/plugins/pinoutandconfiguration/PinoutAndConfigurationView$8
instanceKlass com/st/microxplorer/plugins/pinoutandconfiguration/PinoutAndConfigurationView$7
instanceKlass com/st/microxplorer/plugins/pinoutandconfiguration/PinoutAndConfigurationView$6
instanceKlass com/st/microxplorer/plugins/pinoutandconfiguration/PinoutAndConfigurationView$5
instanceKlass com/st/microxplorer/plugins/thirdparty/ThirdPartyMcuManager
instanceKlass com/teamdev/jxbrowser/internal/rpc/RenderProcessIdOrBuilder
instanceKlass com/teamdev/jxbrowser/internal/rpc/ProcessIdOrBuilder
instanceKlass com/teamdev/jxbrowser/navigation/event/NavigationEvents
instanceKlass  @bci com/teamdev/jxbrowser/internal/rpc/stream/EventStream process (Lcom/teamdev/jxbrowser/internal/rpc/StreamData;)V 107 <appendix> member <vmtarget> ; # com/teamdev/jxbrowser/internal/rpc/stream/EventStream$$Lambda+0x0000000800a01c80
instanceKlass  @bci com/teamdev/jxbrowser/internal/rpc/stream/Stream$StreamObserver onNext (Lcom/teamdev/jxbrowser/internal/rpc/StreamData;)V 32 <appendix> member <vmtarget> ; # com/teamdev/jxbrowser/internal/rpc/stream/Stream$StreamObserver$$Lambda+0x0000000800a00cb0
instanceKlass com/teamdev/jxbrowser/navigation/internal/rpc/LoadResponseOrBuilder
instanceKlass  @bci com/teamdev/jxbrowser/navigation/internal/NavigationImpl loadAndWait (Lcom/teamdev/jxbrowser/navigation/LoadUrlParams;Ljava/time/Duration;)Ljava/util/Optional; 61 <appendix> member <vmtarget> ; # com/teamdev/jxbrowser/navigation/internal/NavigationImpl$$Lambda+0x00000008009ffca0
instanceKlass com/teamdev/jxbrowser/navigation/internal/rpc/LoadRequestOrBuilder
instanceKlass com/teamdev/jxbrowser/navigation/LoadUrlParams$Builder
instanceKlass com/teamdev/jxbrowser/navigation/LoadUrlParams
instanceKlass  @bci com/teamdev/jxbrowser/browser/internal/BrowserImpl initializeMainFrame ()V 80 <appendix> member <vmtarget> ; # com/teamdev/jxbrowser/browser/internal/BrowserImpl$$Lambda+0x00000008009fdfe8
instanceKlass  @bci com/teamdev/jxbrowser/browser/internal/BrowserImpl initializeMainFrame ()V 61 <appendix> member <vmtarget> ; # com/teamdev/jxbrowser/browser/internal/BrowserImpl$$Lambda+0x00000008009fddc0
instanceKlass  @bci com/teamdev/jxbrowser/browser/internal/BrowserImpl initializeMainFrame ()V 42 <appendix> member <vmtarget> ; # com/teamdev/jxbrowser/browser/internal/BrowserImpl$$Lambda+0x00000008009fdb98
instanceKlass com/teamdev/jxbrowser/navigation/internal/rpc/ShowHttpErrorPage$RequestOrBuilder
instanceKlass com/teamdev/jxbrowser/navigation/callback/ShowHttpErrorPageCallback$Params
instanceKlass com/teamdev/jxbrowser/navigation/internal/rpc/ShowNetErrorPage$RequestOrBuilder
instanceKlass com/teamdev/jxbrowser/navigation/callback/ShowNetErrorPageCallback$Params
instanceKlass com/teamdev/jxbrowser/navigation/internal/rpc/StartNavigation$RequestOrBuilder
instanceKlass com/teamdev/jxbrowser/navigation/callback/StartNavigationCallback$Params
instanceKlass com/teamdev/jxbrowser/navigation/internal/rpc/LoadProgressChangedOrBuilder
instanceKlass com/teamdev/jxbrowser/navigation/event/LoadProgressChanged
instanceKlass com/teamdev/jxbrowser/navigation/internal/rpc/FrameDocumentLoadFinishedOrBuilder
instanceKlass com/teamdev/jxbrowser/navigation/event/FrameDocumentLoadFinished
instanceKlass com/teamdev/jxbrowser/navigation/internal/rpc/FrameLoadFailedOrBuilder
instanceKlass com/teamdev/jxbrowser/navigation/event/FrameLoadFailed
instanceKlass com/teamdev/jxbrowser/navigation/internal/rpc/FrameLoadFinishedOrBuilder
instanceKlass com/teamdev/jxbrowser/navigation/event/FrameLoadFinished
instanceKlass com/teamdev/jxbrowser/navigation/internal/rpc/NavigationFinishedOrBuilder
instanceKlass com/teamdev/jxbrowser/navigation/internal/rpc/NavigationRedirectedOrBuilder
instanceKlass com/teamdev/jxbrowser/navigation/event/NavigationRedirected
instanceKlass com/teamdev/jxbrowser/navigation/internal/rpc/NavigationStoppedOrBuilder
instanceKlass com/teamdev/jxbrowser/navigation/event/NavigationStopped
instanceKlass com/teamdev/jxbrowser/navigation/internal/rpc/NavigationStartedOrBuilder
instanceKlass com/teamdev/jxbrowser/navigation/event/NavigationStarted
instanceKlass com/teamdev/jxbrowser/navigation/internal/rpc/LoadFinishedOrBuilder
instanceKlass com/teamdev/jxbrowser/navigation/event/LoadFinished
instanceKlass com/teamdev/jxbrowser/navigation/internal/rpc/LoadStartedOrBuilder
instanceKlass com/teamdev/jxbrowser/navigation/event/LoadStarted
instanceKlass  @bci com/teamdev/jxbrowser/navigation/internal/NavigationImpl <init> (Lcom/teamdev/jxbrowser/browser/internal/BrowserImpl;)V 30 <appendix> argL0 ; # com/teamdev/jxbrowser/navigation/internal/NavigationImpl$$Lambda+0x00000008009f5050
instanceKlass com/teamdev/jxbrowser/navigation/internal/rpc/NavigationStub
instanceKlass  @bci com/teamdev/jxbrowser/browser/internal/BrowserRpcConfig interceptCaptureSessions ()V 7 <appendix> member <vmtarget> ; # com/teamdev/jxbrowser/browser/internal/BrowserRpcConfig$$Lambda+0x00000008009f4738
instanceKlass com/teamdev/jxbrowser/internal/rpc/FilePathOrBuilder
instanceKlass com/teamdev/jxbrowser/download/internal/rpc/DownloadTargetOrBuilder
instanceKlass com/teamdev/jxbrowser/internal/rpc/DownloadIdOrBuilder
instanceKlass com/teamdev/jxbrowser/internal/rpc/FrameIdOrBuilder
instanceKlass com/teamdev/jxbrowser/download/internal/rpc/StartDownload$ResponseOrBuilder
instanceKlass com/teamdev/jxbrowser/download/internal/rpc/StartDownloadOrBuilder
instanceKlass com/teamdev/jxbrowser/browser/callback/StartDownloadCallback
instanceKlass  @bci com/teamdev/jxbrowser/browser/internal/BrowserRpcConfig interceptDownloads ()V 7 <appendix> member <vmtarget> ; # com/teamdev/jxbrowser/browser/internal/BrowserRpcConfig$$Lambda+0x00000008009eeb58
instanceKlass com/teamdev/jxbrowser/internal/rpc/ExtensionIdOrBuilder
instanceKlass com/teamdev/jxbrowser/extensions/internal/rpc/OpenExtensionActionPopup$ResponseOrBuilder
instanceKlass com/teamdev/jxbrowser/extensions/internal/rpc/OpenExtensionActionPopupOrBuilder
instanceKlass com/teamdev/jxbrowser/browser/callback/OpenExtensionActionPopupCallback
instanceKlass com/teamdev/jxbrowser/browser/callback/BrowserAsyncCallback
instanceKlass com/teamdev/jxbrowser/callback/AsyncCallback
instanceKlass  @bci com/teamdev/jxbrowser/browser/internal/BrowserRpcConfig interceptPopups ()V 22 <appendix> member <vmtarget> ; # com/teamdev/jxbrowser/browser/internal/BrowserRpcConfig$$Lambda+0x00000008009ea8a0
instanceKlass com/teamdev/jxbrowser/browser/callback/OpenPopupCallback$Response
instanceKlass com/teamdev/jxbrowser/browser/internal/rpc/OpenPopup$ResponseOrBuilder
instanceKlass com/teamdev/jxbrowser/browser/internal/rpc/OpenPopupOrBuilder
instanceKlass  @bci com/teamdev/jxbrowser/internal/rpc/ServiceConnectionImpl lambda$setCallbackInterceptor$4 (Ljava/lang/Class;Ljava/lang/Class;)Lcom/teamdev/jxbrowser/internal/rpc/stream/CallbackStream; 11 <appendix> member <vmtarget> ; # com/teamdev/jxbrowser/internal/rpc/ServiceConnectionImpl$$Lambda+0x00000008009e70e0
instanceKlass  @bci com/teamdev/jxbrowser/internal/rpc/ServiceConnectionImpl setCallbackInterceptor (Ljava/lang/Class;Lcom/teamdev/jxbrowser/internal/rpc/stream/Interceptor;)V 23 <appendix> member <vmtarget> ; # com/teamdev/jxbrowser/internal/rpc/ServiceConnectionImpl$$Lambda+0x00000008009e6e98
instanceKlass com/teamdev/jxbrowser/browser/callback/OpenPopupCallback
instanceKlass com/teamdev/jxbrowser/browser/callback/BrowserSyncCallback
instanceKlass com/teamdev/jxbrowser/browser/callback/BrowserCallback
instanceKlass com/teamdev/jxbrowser/browser/callback/InjectJsCallback$Response
instanceKlass com/teamdev/jxbrowser/browser/callback/InjectJsCallback$Params
instanceKlass com/teamdev/jxbrowser/browser/callback/InjectCssCallback$Response
instanceKlass com/teamdev/jxbrowser/browser/callback/InjectCssCallback$Params
instanceKlass  @bci com/teamdev/jxbrowser/browser/internal/BrowserRpcConfig interceptPopups ()V 7 <appendix> member <vmtarget> ; # com/teamdev/jxbrowser/browser/internal/BrowserRpcConfig$$Lambda+0x00000008009e5c58
instanceKlass com/teamdev/jxbrowser/browser/internal/rpc/RenderProcessTerminatedOrBuilder
instanceKlass com/teamdev/jxbrowser/browser/internal/rpc/TerminateRenderProcessOrBuilder
instanceKlass  @bci com/teamdev/jxbrowser/browser/internal/BrowserRpcConfig createRenderProcess ()V 23 <appendix> member <vmtarget> ; # com/teamdev/jxbrowser/browser/internal/BrowserRpcConfig$$Lambda+0x00000008009e26c8
instanceKlass com/teamdev/jxbrowser/browser/internal/rpc/TerminateRenderProcess$ResponseOrBuilder
instanceKlass com/teamdev/jxbrowser/browser/internal/callback/TerminateRenderProcessCallback
instanceKlass com/teamdev/jxbrowser/browser/internal/rpc/RenderProcessStartedOrBuilder
instanceKlass com/teamdev/jxbrowser/browser/internal/rpc/StartRenderProcessOrBuilder
instanceKlass  @bci com/teamdev/jxbrowser/browser/internal/BrowserRpcConfig createRenderProcess ()V 7 <appendix> member <vmtarget> ; # com/teamdev/jxbrowser/browser/internal/BrowserRpcConfig$$Lambda+0x00000008009de748
instanceKlass com/teamdev/jxbrowser/browser/internal/rpc/StartRenderProcess$ResponseOrBuilder
instanceKlass com/teamdev/jxbrowser/browser/internal/callback/StartRenderProcessCallback
instanceKlass com/teamdev/jxbrowser/browser/internal/callback/RenderProcessesSyncCallback
instanceKlass com/teamdev/jxbrowser/browser/internal/callback/RenderProcessesCallback
instanceKlass com/teamdev/jxbrowser/browser/internal/BrowserImpl$ClosingHandler
instanceKlass com/teamdev/jxbrowser/browser/event/SpellCheckCompleted
instanceKlass com/teamdev/jxbrowser/browser/event/RenderProcessTerminated
instanceKlass com/teamdev/jxbrowser/browser/event/RenderProcessStarted
instanceKlass com/teamdev/jxbrowser/browser/event/BrowserClosing
instanceKlass com/teamdev/jxbrowser/frame/internal/callback/InjectJsCallback
instanceKlass com/teamdev/jxbrowser/frame/internal/callback/InjectCssCallback
instanceKlass com/teamdev/jxbrowser/frame/internal/callback/FrameSyncCallback
instanceKlass com/teamdev/jxbrowser/frame/internal/callback/FrameCallback
instanceKlass  @bci com/teamdev/jxbrowser/browser/internal/BrowserRpcConfig <init> (Lcom/teamdev/jxbrowser/browser/internal/BrowserImpl;Lcom/teamdev/jxbrowser/internal/rpc/transport/Connection;)V 208 <appendix> argL0 ; # com/teamdev/jxbrowser/browser/internal/BrowserRpcConfig$$Lambda+0x00000008009dc530
instanceKlass com/teamdev/jxbrowser/net/internal/rpc/SelectClientCertificate$RequestOrBuilder
instanceKlass com/teamdev/jxbrowser/browser/callback/SelectClientCertificateCallback$Params
instanceKlass  @bci com/teamdev/jxbrowser/browser/internal/BrowserRpcConfig <init> (Lcom/teamdev/jxbrowser/browser/internal/BrowserImpl;Lcom/teamdev/jxbrowser/internal/rpc/transport/Connection;)V 196 <appendix> argL0 ; # com/teamdev/jxbrowser/browser/internal/BrowserRpcConfig$$Lambda+0x00000008009db628
instanceKlass com/teamdev/jxbrowser/net/internal/rpc/ClientCertificateChooserStub
instanceKlass com/teamdev/jxbrowser/internal/rpc/ShowPopup$RequestOrBuilder
instanceKlass com/teamdev/jxbrowser/browser/callback/internal/ShowSuggestionsCallback$Params
instanceKlass com/teamdev/jxbrowser/internal/rpc/SuggestionsHiddenOrBuilder
instanceKlass com/teamdev/jxbrowser/browser/event/internal/SuggestionsHidden
instanceKlass com/teamdev/jxbrowser/internal/rpc/SuggestionsUpdatedOrBuilder
instanceKlass com/teamdev/jxbrowser/browser/event/internal/SuggestionsUpdated
instanceKlass  @bci com/teamdev/jxbrowser/browser/internal/BrowserRpcConfig <init> (Lcom/teamdev/jxbrowser/browser/internal/BrowserImpl;Lcom/teamdev/jxbrowser/internal/rpc/transport/Connection;)V 184 <appendix> argL0 ; # com/teamdev/jxbrowser/browser/internal/BrowserRpcConfig$$Lambda+0x00000008009d8eb0
instanceKlass com/teamdev/jxbrowser/internal/rpc/SuggestionsPopupServiceStub
instanceKlass com/teamdev/jxbrowser/net/internal/rpc/AllowCertificateError$RequestOrBuilder
instanceKlass com/teamdev/jxbrowser/browser/callback/CertificateErrorCallback$Params
instanceKlass  @bci com/teamdev/jxbrowser/browser/internal/BrowserRpcConfig <init> (Lcom/teamdev/jxbrowser/browser/internal/BrowserImpl;Lcom/teamdev/jxbrowser/internal/rpc/transport/Connection;)V 172 <appendix> argL0 ; # com/teamdev/jxbrowser/browser/internal/BrowserRpcConfig$$Lambda+0x00000008009d7c80
instanceKlass com/teamdev/jxbrowser/net/internal/rpc/CertificateErrorHandlerStub
instanceKlass com/teamdev/jxbrowser/media/internal/rpc/SelectMediaDevice$RequestOrBuilder
instanceKlass com/teamdev/jxbrowser/media/callback/SelectMediaDeviceCallback$Params
instanceKlass  @bci com/teamdev/jxbrowser/browser/internal/BrowserRpcConfig <init> (Lcom/teamdev/jxbrowser/browser/internal/BrowserImpl;Lcom/teamdev/jxbrowser/internal/rpc/transport/Connection;)V 160 <appendix> argL0 ; # com/teamdev/jxbrowser/browser/internal/BrowserRpcConfig$$Lambda+0x00000008009d67b0
instanceKlass com/teamdev/jxbrowser/media/internal/rpc/MediaDeviceManagerStub
instanceKlass com/teamdev/jxbrowser/internal/rpc/ShowContextMenu$RequestOrBuilder
instanceKlass com/teamdev/jxbrowser/browser/callback/ShowContextMenuCallback$Params
instanceKlass  @bci com/teamdev/jxbrowser/browser/internal/BrowserRpcConfig <init> (Lcom/teamdev/jxbrowser/browser/internal/BrowserImpl;Lcom/teamdev/jxbrowser/internal/rpc/transport/Connection;)V 148 <appendix> argL0 ; # com/teamdev/jxbrowser/browser/internal/BrowserRpcConfig$$Lambda+0x00000008009d5320
instanceKlass com/teamdev/jxbrowser/internal/rpc/ContextMenuServiceStub
instanceKlass com/teamdev/jxbrowser/browser/internal/rpc/TerminateRenderProcess$RequestOrBuilder
instanceKlass com/teamdev/jxbrowser/browser/internal/rpc/StartRenderProcess$RequestOrBuilder
instanceKlass  @bci com/teamdev/jxbrowser/browser/internal/BrowserRpcConfig <init> (Lcom/teamdev/jxbrowser/browser/internal/BrowserImpl;Lcom/teamdev/jxbrowser/internal/rpc/transport/Connection;)V 136 <appendix> argL0 ; # com/teamdev/jxbrowser/browser/internal/BrowserRpcConfig$$Lambda+0x00000008009d3ad0
instanceKlass com/teamdev/jxbrowser/browser/internal/rpc/RenderProcessesStub
instanceKlass com/teamdev/jxbrowser/browser/internal/rpc/OpenPopup$RequestOrBuilder
instanceKlass com/teamdev/jxbrowser/browser/callback/OpenPopupCallback$Params
instanceKlass com/teamdev/jxbrowser/browser/internal/rpc/CreatePopup$RequestOrBuilder
instanceKlass com/teamdev/jxbrowser/browser/callback/CreatePopupCallback$Params
instanceKlass  @bci com/teamdev/jxbrowser/browser/internal/BrowserRpcConfig <init> (Lcom/teamdev/jxbrowser/browser/internal/BrowserImpl;Lcom/teamdev/jxbrowser/internal/rpc/transport/Connection;)V 124 <appendix> argL0 ; # com/teamdev/jxbrowser/browser/internal/BrowserRpcConfig$$Lambda+0x00000008009d1ff0
instanceKlass com/teamdev/jxbrowser/browser/internal/rpc/PopupCreatorStub
instanceKlass com/teamdev/jxbrowser/js/internal/rpc/BeforeUnload$RequestOrBuilder
instanceKlass com/teamdev/jxbrowser/browser/callback/BeforeUnloadCallback$Params
instanceKlass com/teamdev/jxbrowser/js/internal/rpc/ShowPrompt$RequestOrBuilder
instanceKlass com/teamdev/jxbrowser/browser/callback/PromptCallback$Params
instanceKlass com/st/microxplorer/plugins/thirdparty/db/solver/getter/device/DeviceEndiannessGetter
instanceKlass com/st/microxplorer/plugins/thirdparty/db/solver/getter/toolchain/ToolchainOptionsGetter
instanceKlass com/teamdev/jxbrowser/js/internal/rpc/ShowConfirm$RequestOrBuilder
instanceKlass com/teamdev/jxbrowser/browser/callback/ConfirmCallback$Params
instanceKlass com/teamdev/jxbrowser/js/internal/rpc/ShowAlert$RequestOrBuilder
instanceKlass com/teamdev/jxbrowser/browser/callback/AlertCallback$Params
instanceKlass  @bci com/teamdev/jxbrowser/browser/internal/BrowserRpcConfig <init> (Lcom/teamdev/jxbrowser/browser/internal/BrowserImpl;Lcom/teamdev/jxbrowser/internal/rpc/transport/Connection;)V 112 <appendix> argL0 ; # com/teamdev/jxbrowser/browser/internal/BrowserRpcConfig$$Lambda+0x00000008009caee8
instanceKlass com/teamdev/jxbrowser/js/internal/rpc/JsDialogsStub
instanceKlass com/st/microxplorer/plugins/thirdparty/db/solver/condition/DummyEvaluatedCondition
instanceKlass com/teamdev/jxbrowser/print/internal/rpc/PrintPdf$RequestOrBuilder
instanceKlass com/teamdev/jxbrowser/browser/callback/PrintPdfCallback$Params
instanceKlass com/teamdev/jxbrowser/print/internal/rpc/PrintHtml$RequestOrBuilder
instanceKlass com/teamdev/jxbrowser/browser/callback/PrintHtmlCallback$Params
instanceKlass com/teamdev/jxbrowser/print/internal/rpc/Print$RequestOrBuilder
instanceKlass com/teamdev/jxbrowser/browser/callback/PrintCallback$Params
instanceKlass com/teamdev/jxbrowser/print/internal/rpc/PrintPreviewClosedOrBuilder
instanceKlass com/teamdev/jxbrowser/browser/event/PrintPreviewClosed
instanceKlass sun/nio/fs/WindowsFileCopy
instanceKlass com/teamdev/jxbrowser/print/internal/rpc/PrintPreviewOpenedOrBuilder
instanceKlass com/teamdev/jxbrowser/browser/event/PrintPreviewOpened
instanceKlass  @bci com/teamdev/jxbrowser/browser/internal/BrowserRpcConfig <init> (Lcom/teamdev/jxbrowser/browser/internal/BrowserImpl;Lcom/teamdev/jxbrowser/internal/rpc/transport/Connection;)V 100 <appendix> argL0 ; # com/teamdev/jxbrowser/browser/internal/BrowserRpcConfig$$Lambda+0x00000008009c6810
instanceKlass com/teamdev/jxbrowser/print/internal/rpc/PrintServiceStub
instanceKlass  @bci com/teamdev/jxbrowser/browser/internal/BrowserRpcConfig <init> (Lcom/teamdev/jxbrowser/browser/internal/BrowserImpl;Lcom/teamdev/jxbrowser/internal/rpc/transport/Connection;)V 88 <appendix> argL0 ; # com/teamdev/jxbrowser/browser/internal/BrowserRpcConfig$$Lambda+0x00000008009c63b0
instanceKlass com/teamdev/jxbrowser/card/internal/rpc/CreditCardsStub
instanceKlass  @bci com/teamdev/jxbrowser/browser/internal/BrowserRpcConfig <init> (Lcom/teamdev/jxbrowser/browser/internal/BrowserImpl;Lcom/teamdev/jxbrowser/internal/rpc/transport/Connection;)V 76 <appendix> argL0 ; # com/teamdev/jxbrowser/browser/internal/BrowserRpcConfig$$Lambda+0x00000008009c5f50
instanceKlass com/teamdev/jxbrowser/user/internal/rpc/UserDataProfilesStub
instanceKlass org/apache/xerces/impl/xs/XSAnnotationImpl
instanceKlass com/teamdev/jxbrowser/password/internal/rpc/UpdatePassword$RequestOrBuilder
instanceKlass com/teamdev/jxbrowser/browser/callback/UpdatePasswordCallback$Params
instanceKlass org/apache/xerces/util/NamespaceSupport$Prefixes
instanceKlass com/teamdev/jxbrowser/password/internal/rpc/SavePassword$RequestOrBuilder
instanceKlass com/teamdev/jxbrowser/browser/callback/SavePasswordCallback$Params
instanceKlass  @bci com/teamdev/jxbrowser/browser/internal/BrowserRpcConfig <init> (Lcom/teamdev/jxbrowser/browser/internal/BrowserImpl;Lcom/teamdev/jxbrowser/internal/rpc/transport/Connection;)V 64 <appendix> argL0 ; # com/teamdev/jxbrowser/browser/internal/BrowserRpcConfig$$Lambda+0x00000008009c2fa0
instanceKlass com/teamdev/jxbrowser/password/internal/rpc/PasswordsStub
instanceKlass com/st/ipmodeconfigmanager/xml/AbstractSchemaChecker$CheckerErrorHandler
instanceKlass com/st/ipmodeconfigmanager/xml/AbstractSchemaChecker
instanceKlass com/teamdev/jxbrowser/internal/rpc/OpenExternalApp$RequestOrBuilder
instanceKlass com/teamdev/jxbrowser/browser/callback/OpenExternalAppCallback$Params
instanceKlass com/teamdev/jxbrowser/internal/rpc/SelectColor$RequestOrBuilder
instanceKlass com/teamdev/jxbrowser/browser/callback/SelectColorCallback$Params
instanceKlass com/st/microxplorer/plugins/thirdparty/engine/PackLoader$2
instanceKlass com/teamdev/jxbrowser/internal/rpc/SaveFile$RequestOrBuilder
instanceKlass com/teamdev/jxbrowser/browser/callback/SaveFileCallback$Params
instanceKlass com/teamdev/jxbrowser/internal/rpc/SaveAsPdf$RequestOrBuilder
instanceKlass com/teamdev/jxbrowser/browser/callback/SaveAsPdfCallback$Params
instanceKlass com/teamdev/jxbrowser/internal/rpc/OpenFolder$RequestOrBuilder
instanceKlass com/teamdev/jxbrowser/browser/callback/OpenFolderCallback$Params
instanceKlass com/teamdev/jxbrowser/internal/rpc/OpenFiles$RequestOrBuilder
instanceKlass com/teamdev/jxbrowser/browser/callback/OpenFilesCallback$Params
instanceKlass com/teamdev/jxbrowser/internal/rpc/OpenFile$RequestOrBuilder
instanceKlass com/teamdev/jxbrowser/browser/callback/OpenFileCallback$Params
instanceKlass com/teamdev/jxbrowser/internal/rpc/BeforeFormRepost$RequestOrBuilder
instanceKlass com/teamdev/jxbrowser/browser/callback/BeforeFormRepostCallback$Params
instanceKlass  @bci com/teamdev/jxbrowser/browser/internal/BrowserRpcConfig <init> (Lcom/teamdev/jxbrowser/browser/internal/BrowserImpl;Lcom/teamdev/jxbrowser/internal/rpc/transport/Connection;)V 52 <appendix> argL0 ; # com/teamdev/jxbrowser/browser/internal/BrowserRpcConfig$$Lambda+0x00000008009bd640
instanceKlass com/teamdev/jxbrowser/internal/rpc/DialogsStub
instanceKlass com/st/microxplorer/plugins/thirdparty/db/solver/getter/device/DeviceFpuGetter
instanceKlass  @bci com/teamdev/jxbrowser/browser/internal/BrowserRpcConfig <init> (Lcom/teamdev/jxbrowser/browser/internal/BrowserImpl;Lcom/teamdev/jxbrowser/internal/rpc/transport/Connection;)V 40 <appendix> argL0 ; # com/teamdev/jxbrowser/browser/internal/BrowserRpcConfig$$Lambda+0x00000008009bd1e0
instanceKlass com/teamdev/jxbrowser/browser/internal/rpc/WebPageStub
instanceKlass com/teamdev/jxbrowser/browser/internal/rpc/ShowTextReplacementMenu$RequestOrBuilder
instanceKlass com/teamdev/jxbrowser/browser/callback/internal/ShowTextReplacementMenuCallback$Params
instanceKlass com/teamdev/jxbrowser/card/internal/rpc/SaveCreditCard$RequestOrBuilder
instanceKlass com/teamdev/jxbrowser/browser/callback/SaveCreditCardCallback$Params
instanceKlass com/teamdev/jxbrowser/extensions/internal/rpc/OpenExtensionActionPopup$RequestOrBuilder
instanceKlass com/teamdev/jxbrowser/browser/callback/OpenExtensionActionPopupCallback$Params
instanceKlass com/teamdev/jxbrowser/user/internal/rpc/UpdateUserDataProfile$RequestOrBuilder
instanceKlass com/teamdev/jxbrowser/browser/callback/UpdateUserDataProfileCallback$Params
instanceKlass com/teamdev/jxbrowser/user/internal/rpc/SaveUserDataProfile$RequestOrBuilder
instanceKlass com/teamdev/jxbrowser/browser/callback/SaveUserDataProfileCallback$Params
instanceKlass com/teamdev/jxbrowser/plugin/internal/rpc/RequestPdfDocumentPassword$RequestOrBuilder
instanceKlass com/teamdev/jxbrowser/browser/callback/RequestPdfDocumentPasswordCallback$Params
instanceKlass com/teamdev/jxbrowser/capture/internal/rpc/StartCaptureSession$RequestOrBuilder
instanceKlass com/teamdev/jxbrowser/browser/callback/StartCaptureSessionCallback$Params
instanceKlass com/teamdev/jxbrowser/ui/event/internal/rpc/CancelTouch$RequestOrBuilder
instanceKlass com/teamdev/jxbrowser/browser/callback/input/CancelTouchCallback$Params
instanceKlass com/teamdev/jxbrowser/ui/event/internal/rpc/EndTouch$RequestOrBuilder
instanceKlass com/teamdev/jxbrowser/browser/callback/input/EndTouchCallback$Params
instanceKlass com/teamdev/jxbrowser/ui/event/internal/rpc/MoveTouch$RequestOrBuilder
instanceKlass com/teamdev/jxbrowser/browser/callback/input/MoveTouchCallback$Params
instanceKlass com/teamdev/jxbrowser/ui/event/internal/rpc/StartTouch$RequestOrBuilder
instanceKlass com/teamdev/jxbrowser/browser/callback/input/StartTouchCallback$Params
instanceKlass com/teamdev/jxbrowser/download/internal/rpc/StartDownload$RequestOrBuilder
instanceKlass com/teamdev/jxbrowser/browser/callback/StartDownloadCallback$Params
instanceKlass com/teamdev/jxbrowser/ui/event/internal/rpc/MoveMouseWheel$RequestOrBuilder
instanceKlass com/teamdev/jxbrowser/browser/callback/input/MoveMouseWheelCallback$Params
instanceKlass com/teamdev/jxbrowser/ui/event/internal/rpc/ReleaseMouse$RequestOrBuilder
instanceKlass com/teamdev/jxbrowser/browser/callback/input/ReleaseMouseCallback$Params
instanceKlass com/teamdev/jxbrowser/ui/event/internal/rpc/PressMouse$RequestOrBuilder
instanceKlass com/teamdev/jxbrowser/browser/callback/input/PressMouseCallback$Params
instanceKlass com/teamdev/jxbrowser/ui/event/internal/rpc/MoveMouse$RequestOrBuilder
instanceKlass com/teamdev/jxbrowser/browser/callback/input/MoveMouseCallback$Params
instanceKlass com/teamdev/jxbrowser/ui/event/internal/rpc/ExitMouse$RequestOrBuilder
instanceKlass com/teamdev/jxbrowser/browser/callback/input/ExitMouseCallback$Params
instanceKlass com/teamdev/jxbrowser/ui/event/internal/rpc/EnterMouse$RequestOrBuilder
instanceKlass com/teamdev/jxbrowser/browser/callback/input/EnterMouseCallback$Params
instanceKlass com/teamdev/jxbrowser/ui/event/internal/rpc/TypeKey$RequestOrBuilder
instanceKlass com/teamdev/jxbrowser/browser/callback/input/TypeKeyCallback$Params
instanceKlass com/teamdev/jxbrowser/ui/event/internal/rpc/ReleaseKey$RequestOrBuilder
instanceKlass com/teamdev/jxbrowser/browser/callback/input/ReleaseKeyCallback$Params
instanceKlass com/teamdev/jxbrowser/ui/event/internal/rpc/PressKey$RequestOrBuilder
instanceKlass com/teamdev/jxbrowser/browser/callback/input/PressKeyCallback$Params
instanceKlass com/teamdev/jxbrowser/capture/internal/rpc/CaptureSessionStartedOrBuilder
instanceKlass com/teamdev/jxbrowser/browser/event/CaptureSessionStarted
instanceKlass com/teamdev/jxbrowser/browser/internal/rpc/UpdateBoundsRequestedOrBuilder
instanceKlass com/teamdev/jxbrowser/browser/event/UpdateBoundsRequested
instanceKlass com/teamdev/jxbrowser/browser/internal/rpc/ConsoleMessageReceivedOrBuilder
instanceKlass com/teamdev/jxbrowser/browser/event/ConsoleMessageReceived
instanceKlass com/teamdev/jxbrowser/browser/internal/rpc/FocusRequestedOrBuilder
instanceKlass com/teamdev/jxbrowser/browser/event/FocusRequested
instanceKlass com/teamdev/jxbrowser/browser/internal/rpc/FocusLostOrBuilder
instanceKlass com/teamdev/jxbrowser/browser/event/FocusLost
instanceKlass com/teamdev/jxbrowser/browser/internal/rpc/FocusGainedOrBuilder
instanceKlass com/teamdev/jxbrowser/browser/event/FocusGained
instanceKlass com/teamdev/jxbrowser/browser/internal/rpc/StatusChangedOrBuilder
instanceKlass com/teamdev/jxbrowser/browser/event/StatusChanged
instanceKlass com/teamdev/jxbrowser/browser/internal/rpc/MediaStreamCaptureStoppedOrBuilder
instanceKlass com/teamdev/jxbrowser/browser/event/MediaStreamCaptureStopped
instanceKlass com/teamdev/jxbrowser/browser/internal/rpc/MediaStreamCaptureStartedOrBuilder
instanceKlass com/teamdev/jxbrowser/browser/event/MediaStreamCaptureStarted
instanceKlass com/teamdev/jxbrowser/browser/internal/rpc/FaviconChangedOrBuilder
instanceKlass com/teamdev/jxbrowser/browser/event/FaviconChanged
instanceKlass com/teamdev/jxbrowser/browser/internal/rpc/TitleChangedOrBuilder
instanceKlass com/teamdev/jxbrowser/browser/event/TitleChanged
instanceKlass com/teamdev/jxbrowser/browser/internal/rpc/BrowserBecameUnresponsiveOrBuilder
instanceKlass com/teamdev/jxbrowser/browser/event/BrowserBecameUnresponsive
instanceKlass com/teamdev/jxbrowser/browser/internal/rpc/BrowserBecameResponsiveOrBuilder
instanceKlass com/teamdev/jxbrowser/browser/event/BrowserBecameResponsive
instanceKlass  @bci com/st/library/analyticscore/initialization/configuration/ConfigurationHolder toString ()Ljava/lang/String; 34 <appendix> form vmentry <vmtarget> ; # java/lang/invoke/LambdaForm$MH+0x00000008009a9800
# instanceKlass java/lang/invoke/LambdaForm$MH+0x00000008009a9400
# instanceKlass java/lang/invoke/LambdaForm$MH+0x00000008009a9000
# instanceKlass java/lang/invoke/LambdaForm$MH+0x00000008009a8c00
# instanceKlass java/lang/invoke/LambdaForm$MH+0x00000008009a8800
# instanceKlass java/lang/invoke/LambdaForm$MH+0x00000008009a8400
# instanceKlass java/lang/invoke/LambdaForm$MH+0x00000008009a8000
instanceKlass com/teamdev/jxbrowser/browser/internal/rpc/BrowserClosedOrBuilder
instanceKlass com/teamdev/jxbrowser/browser/event/BrowserClosed
instanceKlass  @bci com/teamdev/jxbrowser/browser/internal/BrowserRpcConfig <init> (Lcom/teamdev/jxbrowser/browser/internal/BrowserImpl;Lcom/teamdev/jxbrowser/internal/rpc/transport/Connection;)V 28 <appendix> argL0 ; # com/teamdev/jxbrowser/browser/internal/BrowserRpcConfig$$Lambda+0x00000008009a24c8
instanceKlass com/teamdev/jxbrowser/browser/internal/rpc/BrowserStub
instanceKlass com/teamdev/jxbrowser/capture/CaptureSource
instanceKlass com/teamdev/jxbrowser/download/DownloadTarget
instanceKlass com/teamdev/jxbrowser/browser/internal/BrowserRpcConfig
instanceKlass com/teamdev/jxbrowser/browser/event/FrameDeleted
instanceKlass com/teamdev/jxbrowser/frame/internal/rpc/FrameDeletedOrBuilder
instanceKlass com/st/ipmodeconfigmanager/xmlManager/ipmode/IPModeFileManage$FileParser
instanceKlass com/teamdev/jxbrowser/frame/internal/rpc/DeleteFrameOrBuilder
instanceKlass  @bci com/teamdev/jxbrowser/frame/internal/Frames <init> (Lcom/teamdev/jxbrowser/browser/internal/BrowserImpl;)V 56 <appendix> member <vmtarget> ; # com/teamdev/jxbrowser/frame/internal/Frames$$Lambda+0x000000080099e330
instanceKlass com/st/ipmodeconfigmanager/util/XmlFileManage
instanceKlass com/teamdev/jxbrowser/frame/internal/rpc/DeleteFrame$ResponseOrBuilder
instanceKlass com/teamdev/jxbrowser/frame/internal/callback/DeleteFrameCallback
instanceKlass com/teamdev/jxbrowser/browser/event/FrameCreated
instanceKlass com/teamdev/jxbrowser/frame/internal/rpc/FrameCreatedOrBuilder
instanceKlass com/teamdev/jxbrowser/frame/internal/rpc/CreateFrameOrBuilder
instanceKlass  @bci com/teamdev/jxbrowser/frame/internal/Frames <init> (Lcom/teamdev/jxbrowser/browser/internal/BrowserImpl;)V 39 <appendix> member <vmtarget> ; # com/teamdev/jxbrowser/frame/internal/Frames$$Lambda+0x000000080099a1d8
instanceKlass com/teamdev/jxbrowser/frame/internal/rpc/CreateFrame$ResponseOrBuilder
instanceKlass com/teamdev/jxbrowser/frame/internal/callback/CreateFrameCallback
instanceKlass com/teamdev/jxbrowser/frame/internal/callback/FramesSyncCallback
instanceKlass com/teamdev/jxbrowser/frame/internal/callback/FramesCallback
instanceKlass com/teamdev/jxbrowser/frame/internal/rpc/DeleteFrame$RequestOrBuilder
instanceKlass com/teamdev/jxbrowser/frame/internal/rpc/CreateFrame$RequestOrBuilder
instanceKlass  @bci com/teamdev/jxbrowser/frame/internal/Frames <init> (Lcom/teamdev/jxbrowser/browser/internal/BrowserImpl;)V 20 <appendix> argL0 ; # com/teamdev/jxbrowser/frame/internal/Frames$$Lambda+0x0000000800998000
instanceKlass com/teamdev/jxbrowser/frame/internal/rpc/FramesStub
instanceKlass com/teamdev/jxbrowser/browser/event/BrowserEvent
instanceKlass  @bci com/teamdev/jxbrowser/internal/rpc/stream/EventStream on (Lcom/teamdev/jxbrowser/event/Observer;)Lcom/teamdev/jxbrowser/event/internal/SubscriptionImpl; 15 <appendix> member <vmtarget> ; # com/teamdev/jxbrowser/internal/rpc/stream/EventStream$$Lambda+0x00000008009975d8
instanceKlass  @bci com/teamdev/jxbrowser/internal/rpc/ServiceConnectionImpl lambda$on$0 (Ljava/lang/Class;Ljava/lang/Class;)Lcom/teamdev/jxbrowser/internal/rpc/stream/EventStream; 11 <appendix> member <vmtarget> ; # com/teamdev/jxbrowser/internal/rpc/ServiceConnectionImpl$$Lambda+0x0000000800997390
instanceKlass  @bci com/teamdev/jxbrowser/internal/rpc/ServiceConnectionImpl on (Ljava/lang/Class;Lcom/teamdev/jxbrowser/event/Observer;)Lcom/teamdev/jxbrowser/event/internal/SubscriptionImpl; 21 <appendix> member <vmtarget> ; # com/teamdev/jxbrowser/internal/rpc/ServiceConnectionImpl$$Lambda+0x0000000800997148
instanceKlass  @bci com/teamdev/jxbrowser/browser/internal/Ime <init> (Lcom/teamdev/jxbrowser/browser/internal/BrowserWidget;)V 74 <appendix> member <vmtarget> ; # com/teamdev/jxbrowser/browser/internal/Ime$$Lambda+0x0000000800996f20
instanceKlass  @bci com/teamdev/jxbrowser/browser/internal/Ime <init> (Lcom/teamdev/jxbrowser/browser/internal/BrowserWidget;)V 59 <appendix> argL0 ; # com/teamdev/jxbrowser/browser/internal/Ime$$Lambda+0x0000000800996d00
instanceKlass com/teamdev/jxbrowser/ui/internal/rpc/RectOrBuilder
instanceKlass com/teamdev/jxbrowser/ui/internal/rpc/SizeOrBuilder
instanceKlass com/teamdev/jxbrowser/ui/internal/rpc/PointOrBuilder
instanceKlass com/teamdev/jxbrowser/ui/Point
instanceKlass com/teamdev/jxbrowser/ui/Size
instanceKlass com/teamdev/jxbrowser/ui/internal/rpc/ColorOrBuilder
instanceKlass com/teamdev/jxbrowser/ui/Color$Builder
instanceKlass com/teamdev/jxbrowser/ui/Color
instanceKlass com/teamdev/jxbrowser/ui/Rect
instanceKlass  @bci com/teamdev/jxbrowser/browser/internal/BrowserWidget onGpuConnectionCreated (Lcom/teamdev/jxbrowser/internal/rpc/transport/Connection;)V 40 <appendix> member <vmtarget> ; # com/teamdev/jxbrowser/browser/internal/BrowserWidget$$Lambda+0x0000000800990688
instanceKlass  @bci com/teamdev/jxbrowser/browser/internal/BrowserWidget onGpuConnectionCreated (Lcom/teamdev/jxbrowser/internal/rpc/transport/Connection;)V 22 <appendix> argL0 ; # com/teamdev/jxbrowser/browser/internal/BrowserWidget$$Lambda+0x0000000800990468
instanceKlass  @bci com/teamdev/jxbrowser/browser/internal/BrowserWidget onGpuConnectionCreated (Lcom/teamdev/jxbrowser/internal/rpc/transport/Connection;)V 4 <appendix> argL0 ; # com/teamdev/jxbrowser/browser/internal/BrowserWidget$$Lambda+0x0000000800990238
instanceKlass  @bci com/teamdev/jxbrowser/browser/internal/BrowserWidget <init> (Lcom/teamdev/jxbrowser/browser/internal/BrowserImpl;)V 191 <appendix> member <vmtarget> ; # com/teamdev/jxbrowser/browser/internal/BrowserWidget$$Lambda+0x0000000800990000
instanceKlass  @bci com/teamdev/jxbrowser/browser/internal/BrowserWidget <init> (Lcom/teamdev/jxbrowser/browser/internal/BrowserImpl;)V 169 <appendix> member <vmtarget> ; # com/teamdev/jxbrowser/browser/internal/BrowserWidget$$Lambda+0x000000080098fc18
instanceKlass com/teamdev/jxbrowser/browser/internal/rpc/PaintRequestOrBuilder
instanceKlass com/teamdev/jxbrowser/browser/internal/rpc/PaintOrBuilder
instanceKlass  @bci com/teamdev/jxbrowser/browser/internal/BrowserWidget <init> (Lcom/teamdev/jxbrowser/browser/internal/BrowserImpl;)V 139 <appendix> member <vmtarget> ; # com/teamdev/jxbrowser/browser/internal/BrowserWidget$$Lambda+0x000000080098c6f0
instanceKlass com/teamdev/jxbrowser/browser/internal/rpc/Paint$ResponseOrBuilder
instanceKlass com/teamdev/jxbrowser/browser/internal/rpc/PaintDialog$RequestOrBuilder
instanceKlass com/st/microxplorer/plugins/thirdparty/db/solver/getter/device/DeviceSecureGetter
instanceKlass com/teamdev/jxbrowser/browser/internal/rpc/Paint$RequestOrBuilder
instanceKlass  @bci com/teamdev/jxbrowser/browser/internal/BrowserWidget <init> (Lcom/teamdev/jxbrowser/browser/internal/BrowserImpl;)V 121 <appendix> argL0 ; # com/teamdev/jxbrowser/browser/internal/BrowserWidget$$Lambda+0x000000080098ab18
instanceKlass com/teamdev/jxbrowser/browser/internal/rpc/GpuStub
instanceKlass com/teamdev/jxbrowser/internal/rpc/LocalServiceConnection$FakeService
instanceKlass com/st/microxplorer/plugins/thirdparty/db/solver/getter/component/ComponentApiVersionGetter
instanceKlass com/teamdev/jxbrowser/callback/internal/AdvisableHelper
instanceKlass com/st/components/pdscmanager/xml/apis/Api
instanceKlass com/teamdev/jxbrowser/browser/event/internal/Painted
instanceKlass com/teamdev/jxbrowser/browser/internal/callback/PaintCallback
instanceKlass com/teamdev/jxbrowser/browser/internal/callback/BrowserWidgetSyncCallback
instanceKlass com/teamdev/jxbrowser/browser/internal/callback/BrowserWidgetCallback
instanceKlass com/teamdev/jxbrowser/browser/internal/rpc/ImeCompositionCancelledOrBuilder
instanceKlass com/teamdev/jxbrowser/browser/event/internal/ImeCompositionCancelled
instanceKlass com/st/components/pdscmanager/xml/examples/ProjectComponent
instanceKlass com/st/components/pdscmanager/xml/examples/Attributes
instanceKlass com/st/components/pdscmanager/xml/examples/ProjectEnvironment
instanceKlass com/teamdev/jxbrowser/browser/internal/rpc/ImeCaretRectChangedOrBuilder
instanceKlass com/teamdev/jxbrowser/browser/event/internal/ImeCaretRectChanged
instanceKlass com/teamdev/jxbrowser/browser/event/internal/ImeEvent
instanceKlass com/st/components/pdscmanager/xml/examples/ExampleBoard
instanceKlass  @bci com/teamdev/jxbrowser/browser/internal/BrowserWidget <init> (Lcom/teamdev/jxbrowser/browser/internal/BrowserImpl;)V 74 <appendix> argL0 ; # com/teamdev/jxbrowser/browser/internal/BrowserWidget$$Lambda+0x0000000800987088
instanceKlass com/teamdev/jxbrowser/browser/internal/rpc/ImeStub
instanceKlass com/st/components/pdscmanager/xml/examples/Example
instanceKlass com/teamdev/jxbrowser/browser/internal/rpc/AccessibilityRequestFocus$RequestOrBuilder
instanceKlass com/st/microxplorer/plugins/thirdparty/db/solver/getter/component/ComponentVersionGetter
instanceKlass com/st/microxplorer/plugins/thirdparty/db/solver/matcher/VersionMatcher
instanceKlass com/teamdev/jxbrowser/browser/internal/rpc/TakeFocus$RequestOrBuilder
instanceKlass com/teamdev/jxbrowser/browser/internal/rpc/ShowDropdown$RequestOrBuilder
instanceKlass com/teamdev/jxbrowser/browser/internal/callback/ShowDropdownCallback$Params
instanceKlass com/teamdev/jxbrowser/browser/internal/rpc/UpdateLayer$RequestOrBuilder
instanceKlass com/teamdev/jxbrowser/browser/internal/rpc/UpdateSurface$RequestOrBuilder
instanceKlass com/st/ipmodeconfigmanager/xmlManager/ipconfig/RefConfigFile
instanceKlass com/teamdev/jxbrowser/browser/internal/rpc/CreateWebDialog$RequestOrBuilder
instanceKlass com/st/ipmodeconfigmanager/util/SemaphoreTrue
instanceKlass com/st/ipmodeconfigmanager/util/IMXSemaphore
instanceKlass com/st/microxplorer/plugins/thirdparty/db/solver/getter/device/DeviceVendorGetter
instanceKlass com/st/microxplorer/plugins/thirdparty/db/solver/matcher/DeviceVendorMatcher
instanceKlass com/teamdev/jxbrowser/browser/internal/rpc/AriaLiveRegionChangedOrBuilder
instanceKlass com/st/microxplorer/plugins/thirdparty/db/solver/getter/device/DeviceCoreGetter
instanceKlass com/teamdev/jxbrowser/browser/event/internal/AriaLiveRegionChanged
instanceKlass com/st/microxplorer/plugins/thirdparty/db/solver/matcher/StrictInListMatcher
instanceKlass com/st/microxplorer/plugins/thirdparty/db/solver/getter/toolchain/ToolchainCompilerGetter
instanceKlass com/st/microxplorer/plugins/thirdparty/db/solver/getter/toolchain/ToolchainAttributeGetter$1
instanceKlass com/st/microxplorer/plugins/thirdparty/db/solver/getter/toolchain/ToolchainAttributeGetter
instanceKlass com/teamdev/jxbrowser/browser/internal/rpc/DragCursorUpdatedOrBuilder
instanceKlass com/teamdev/jxbrowser/browser/event/internal/DragCursorUpdated
instanceKlass sun/net/www/protocol/http/HttpURLConnection$10
instanceKlass com/teamdev/jxbrowser/browser/internal/rpc/DropDownDeletedOrBuilder
instanceKlass com/teamdev/jxbrowser/browser/event/internal/DropDownDeleted
instanceKlass com/teamdev/jxbrowser/browser/internal/rpc/DropDownCreatedOrBuilder
instanceKlass com/teamdev/jxbrowser/browser/event/internal/DropDownCreated
instanceKlass com/teamdev/jxbrowser/browser/internal/rpc/TooltipChangedOrBuilder
instanceKlass com/teamdev/jxbrowser/browser/event/internal/TooltipChanged
instanceKlass com/teamdev/jxbrowser/deps/com/google/protobuf/ByteString$AbstractByteIterator
instanceKlass com/teamdev/jxbrowser/browser/internal/rpc/CursorChangedOrBuilder
instanceKlass com/teamdev/jxbrowser/browser/event/internal/CursorChanged
instanceKlass com/teamdev/jxbrowser/browser/event/internal/BrowserWidgetEvent
instanceKlass  @bci com/teamdev/jxbrowser/browser/internal/BrowserWidget <init> (Lcom/teamdev/jxbrowser/browser/internal/BrowserImpl;)V 54 <appendix> argL0 ; # com/teamdev/jxbrowser/browser/internal/BrowserWidget$$Lambda+0x000000080097bad0
instanceKlass com/teamdev/jxbrowser/browser/internal/rpc/BrowserWidgetStub
instanceKlass  @bci java/util/concurrent/Executors$AutoShutdownDelegatedExecutorService <init> (Ljava/util/concurrent/ExecutorService;)V 6 <appendix> member <vmtarget> ; # java/util/concurrent/Executors$AutoShutdownDelegatedExecutorService$$Lambda+0x00000008008539c8
instanceKlass java/util/concurrent/Executors$DelegatedExecutorService
instanceKlass com/teamdev/jxbrowser/deps/com/google/common/util/concurrent/ThreadFactoryBuilder$1
instanceKlass com/teamdev/jxbrowser/deps/com/google/common/util/concurrent/ThreadFactoryBuilder
instanceKlass com/teamdev/jxbrowser/browser/internal/BrowserWidgetThread
instanceKlass  @bci com/teamdev/jxbrowser/browser/internal/BrowserImpl <init> (Lcom/teamdev/jxbrowser/internal/rpc/transport/Connection;Lcom/teamdev/jxbrowser/profile/internal/ProfileImpl;Lcom/teamdev/jxbrowser/internal/rpc/BrowserId;)V 163 <appendix> member <vmtarget> ; # com/teamdev/jxbrowser/browser/internal/BrowserImpl$$Lambda+0x000000080097ad88
instanceKlass com/teamdev/jxbrowser/fullscreen/FullScreen
instanceKlass org/apache/commons/io/filefilter/IOFileFilter
instanceKlass  @bci com/teamdev/jxbrowser/browser/internal/BrowserImpl <init> (Lcom/teamdev/jxbrowser/internal/rpc/transport/Connection;Lcom/teamdev/jxbrowser/profile/internal/ProfileImpl;Lcom/teamdev/jxbrowser/internal/rpc/BrowserId;)V 146 <appendix> member <vmtarget> ; # com/teamdev/jxbrowser/browser/internal/BrowserImpl$$Lambda+0x000000080097a000
instanceKlass org/apache/commons/io/FileUtils
instanceKlass  @bci com/teamdev/jxbrowser/browser/internal/BrowserImpl <init> (Lcom/teamdev/jxbrowser/internal/rpc/transport/Connection;Lcom/teamdev/jxbrowser/profile/internal/ProfileImpl;Lcom/teamdev/jxbrowser/internal/rpc/BrowserId;)V 129 <appendix> member <vmtarget> ; # com/teamdev/jxbrowser/browser/internal/BrowserImpl$$Lambda+0x0000000800977820
instanceKlass  @bci com/st/microxplorer/plugins/thirdparty/ThirdPartyApiDb cleanupDatabaseFolder (Ljava/util/Map;)V 87 <appendix> argL0 ; # com/st/microxplorer/plugins/thirdparty/ThirdPartyApiDb$$Lambda+0x000000080097c650
instanceKlass  @bci com/st/microxplorer/plugins/thirdparty/ThirdPartyApiDb cleanupDatabaseFolder (Ljava/util/Map;)V 43 <appendix> argL0 ; # com/st/microxplorer/plugins/thirdparty/ThirdPartyApiDb$$Lambda+0x000000080097c430
instanceKlass com/teamdev/jxbrowser/browser/BrowserSettings
instanceKlass  @bci com/st/microxplorer/plugins/thirdparty/ThirdPartyApiDb cleanupDatabaseFolder (Ljava/util/Map;)V 4 <appendix> argL0 ; # com/st/microxplorer/plugins/thirdparty/ThirdPartyApiDb$$Lambda+0x000000080097c210
instanceKlass  @bci com/teamdev/jxbrowser/browser/internal/BrowserImpl <init> (Lcom/teamdev/jxbrowser/internal/rpc/transport/Connection;Lcom/teamdev/jxbrowser/profile/internal/ProfileImpl;Lcom/teamdev/jxbrowser/internal/rpc/BrowserId;)V 112 <appendix> member <vmtarget> ; # com/teamdev/jxbrowser/browser/internal/BrowserImpl$$Lambda+0x0000000800977020
instanceKlass  @cpi com/st/microxplorer/plugins/thirdparty/ThirdPartyApiDb 477 form vmentry <vmtarget> ; # java/lang/invoke/LambdaForm$DMH+0x0000000800978800
instanceKlass com/st/microxplorer/plugins/thirdparty/engine/Engine$PackInfo
instanceKlass com/teamdev/jxbrowser/search/TextFinder
# instanceKlass java/lang/invoke/LambdaForm$MH+0x0000000800978400
instanceKlass  @bci com/teamdev/jxbrowser/browser/internal/BrowserImpl <init> (Lcom/teamdev/jxbrowser/internal/rpc/transport/Connection;Lcom/teamdev/jxbrowser/profile/internal/ProfileImpl;Lcom/teamdev/jxbrowser/internal/rpc/BrowserId;)V 95 <appendix> member <vmtarget> ; # com/teamdev/jxbrowser/browser/internal/BrowserImpl$$Lambda+0x0000000800976970
instanceKlass com/teamdev/jxbrowser/navigation/Navigation
instanceKlass java/io/ObjectOutputStream$ReplaceTable
instanceKlass java/io/ObjectOutputStream$HandleTable
instanceKlass  @bci com/teamdev/jxbrowser/browser/internal/BrowserImpl <init> (Lcom/teamdev/jxbrowser/internal/rpc/transport/Connection;Lcom/teamdev/jxbrowser/profile/internal/ProfileImpl;Lcom/teamdev/jxbrowser/internal/rpc/BrowserId;)V 78 <appendix> member <vmtarget> ; # com/teamdev/jxbrowser/browser/internal/BrowserImpl$$Lambda+0x00000008009761f0
instanceKlass com/teamdev/jxbrowser/devtools/internal/DevToolsImpl
instanceKlass com/teamdev/jxbrowser/devtools/DevTools
instanceKlass  @bci com/teamdev/jxbrowser/browser/internal/BrowserImpl <init> (Lcom/teamdev/jxbrowser/internal/rpc/transport/Connection;Lcom/teamdev/jxbrowser/profile/internal/ProfileImpl;Lcom/teamdev/jxbrowser/internal/rpc/BrowserId;)V 61 <appendix> member <vmtarget> ; # com/teamdev/jxbrowser/browser/internal/BrowserImpl$$Lambda+0x0000000800975b88
instanceKlass com/teamdev/jxbrowser/media/Audio
instanceKlass  @bci com/teamdev/jxbrowser/browser/internal/BrowserImpl <init> (Lcom/teamdev/jxbrowser/internal/rpc/transport/Connection;Lcom/teamdev/jxbrowser/profile/internal/ProfileImpl;Lcom/teamdev/jxbrowser/internal/rpc/BrowserId;)V 44 <appendix> member <vmtarget> ; # com/teamdev/jxbrowser/browser/internal/BrowserImpl$$Lambda+0x00000008009754c0
instanceKlass com/teamdev/jxbrowser/zoom/Zoom
instanceKlass com/teamdev/jxbrowser/ui/Bitmap
instanceKlass com/teamdev/jxbrowser/internal/rpc/BrowserIdOrBuilder
instanceKlass  @bci com/teamdev/jxbrowser/profile/internal/ProfileImpl newBrowser ()Lcom/teamdev/jxbrowser/browser/Browser; 47 <appendix> member <vmtarget> ; # com/teamdev/jxbrowser/profile/internal/ProfileImpl$$Lambda+0x0000000800972d78
instanceKlass com/teamdev/jxbrowser/profile/internal/rpc/BrowserOptionsOrBuilder
instanceKlass  @bci com/teamdev/jxbrowser/profile/internal/ProfilesImpl newProfile (Ljava/lang/String;Z)Lcom/teamdev/jxbrowser/profile/internal/ProfileImpl; 34 <appendix> member <vmtarget> ; # com/teamdev/jxbrowser/profile/internal/ProfilesImpl$$Lambda+0x0000000800971590
instanceKlass com/teamdev/jxbrowser/profile/internal/rpc/ProfileOptionsOrBuilder
instanceKlass  @bci com/st/microxplorer/plugins/userauth/WebApp detectCrashEngine ()V 8 <appendix> argL0 ; # com/st/microxplorer/plugins/userauth/WebApp$$Lambda+0x00000008008812c8
instanceKlass  @bci com/st/microxplorer/plugins/userauth/WebApp getNotifiedWhenEngineClosed ()V 8 <appendix> argL0 ; # com/st/microxplorer/plugins/userauth/WebApp$$Lambda+0x00000008008810a8
instanceKlass  @bci com/teamdev/jxbrowser/engine/internal/EngineImpl newInstance (Lcom/teamdev/jxbrowser/engine/EngineOptions;)Lcom/teamdev/jxbrowser/engine/internal/EngineImpl; 762 <appendix> argL0 ; # com/teamdev/jxbrowser/engine/internal/EngineImpl$$Lambda+0x000000080096fca0
instanceKlass  @bci com/teamdev/jxbrowser/engine/internal/EngineImpl newInstance (Lcom/teamdev/jxbrowser/engine/EngineOptions;)Lcom/teamdev/jxbrowser/engine/internal/EngineImpl; 749 <appendix> argL0 ; # com/teamdev/jxbrowser/engine/internal/EngineImpl$$Lambda+0x000000080096fa80
instanceKlass  @bci com/teamdev/jxbrowser/engine/internal/EngineImpl <init> (Lcom/teamdev/jxbrowser/internal/rpc/transport/Connection;Lcom/teamdev/jxbrowser/internal/rpc/transport/ConnectionServer;Lcom/teamdev/jxbrowser/internal/rpc/EngineId;Lcom/teamdev/jxbrowser/engine/EngineOptions;Lcom/teamdev/jxbrowser/internal/ChromiumProcess;)V 229 <appendix> member <vmtarget> ; # com/teamdev/jxbrowser/engine/internal/EngineImpl$$Lambda+0x000000080096f858
instanceKlass  @bci com/teamdev/jxbrowser/engine/internal/EngineImpl <init> (Lcom/teamdev/jxbrowser/internal/rpc/transport/Connection;Lcom/teamdev/jxbrowser/internal/rpc/transport/ConnectionServer;Lcom/teamdev/jxbrowser/internal/rpc/EngineId;Lcom/teamdev/jxbrowser/engine/EngineOptions;Lcom/teamdev/jxbrowser/internal/ChromiumProcess;)V 212 <appendix> argL0 ; # com/teamdev/jxbrowser/engine/internal/EngineImpl$$Lambda+0x000000080096f638
instanceKlass com/teamdev/jxbrowser/ui/NativeThemeStub
instanceKlass com/teamdev/jxbrowser/internal/rpc/CheckCustomContextMenuItemState$RequestOrBuilder
instanceKlass com/teamdev/jxbrowser/internal/rpc/CheckCustomMenuItemState$RequestOrBuilder
instanceKlass com/teamdev/jxbrowser/internal/rpc/CheckCustomMenuState$RequestOrBuilder
instanceKlass com/teamdev/jxbrowser/internal/rpc/SelectCustomContextMenuItem$RequestOrBuilder
instanceKlass com/teamdev/jxbrowser/internal/rpc/SelectCustomMenuItem$RequestOrBuilder
instanceKlass  @bci com/teamdev/jxbrowser/engine/internal/EngineImpl <init> (Lcom/teamdev/jxbrowser/internal/rpc/transport/Connection;Lcom/teamdev/jxbrowser/internal/rpc/transport/ConnectionServer;Lcom/teamdev/jxbrowser/internal/rpc/EngineId;Lcom/teamdev/jxbrowser/engine/EngineOptions;Lcom/teamdev/jxbrowser/internal/ChromiumProcess;)V 191 <appendix> argL0 ; # com/teamdev/jxbrowser/engine/internal/EngineImpl$$Lambda+0x000000080096ca00
instanceKlass com/teamdev/jxbrowser/internal/rpc/EngineStub
instanceKlass com/teamdev/jxbrowser/os/internal/rpc/CloseMemoryOrBuilder
instanceKlass  @bci com/teamdev/jxbrowser/internal/memory/SharedMemoryManager onGpuConnectionCreated (Lcom/teamdev/jxbrowser/internal/rpc/transport/Connection;)V 58 <appendix> member <vmtarget> ; # com/teamdev/jxbrowser/internal/memory/SharedMemoryManager$$Lambda+0x0000000800969ac0
instanceKlass com/teamdev/jxbrowser/os/internal/rpc/CloseMemory$ResponseOrBuilder
instanceKlass com/teamdev/jxbrowser/engine/callback/internal/CloseMemoryCallback
# instanceKlass java/lang/invoke/LambdaForm$MH+0x0000000800964c00
# instanceKlass java/lang/invoke/LambdaForm$MH+0x0000000800964800
instanceKlass com/teamdev/jxbrowser/internal/rpc/MemoryIdOrBuilder
instanceKlass com/teamdev/jxbrowser/os/internal/rpc/MemoryInfoOrBuilder
instanceKlass com/teamdev/jxbrowser/os/internal/rpc/OpenMemoryOrBuilder
instanceKlass  @bci com/teamdev/jxbrowser/internal/memory/SharedMemoryManager onGpuConnectionCreated (Lcom/teamdev/jxbrowser/internal/rpc/transport/Connection;)V 40 <appendix> member <vmtarget> ; # com/teamdev/jxbrowser/internal/memory/SharedMemoryManager$$Lambda+0x0000000800963b78
instanceKlass com/teamdev/jxbrowser/os/internal/rpc/OpenMemory$ResponseOrBuilder
instanceKlass com/teamdev/jxbrowser/engine/callback/internal/OpenMemoryCallback
instanceKlass com/teamdev/jxbrowser/engine/callback/internal/EngineSyncCallback
instanceKlass com/teamdev/jxbrowser/engine/callback/internal/EngineCallback
instanceKlass com/teamdev/jxbrowser/os/internal/rpc/CloseMemory$RequestOrBuilder
instanceKlass com/teamdev/jxbrowser/os/internal/rpc/OpenMemory$RequestOrBuilder
instanceKlass  @bci com/teamdev/jxbrowser/internal/memory/SharedMemoryManager onGpuConnectionCreated (Lcom/teamdev/jxbrowser/internal/rpc/transport/Connection;)V 22 <appendix> argL0 ; # com/teamdev/jxbrowser/internal/memory/SharedMemoryManager$$Lambda+0x0000000800961f70
instanceKlass com/teamdev/jxbrowser/os/internal/rpc/SharedMemoryManagerStub
instanceKlass  @bci com/teamdev/jxbrowser/internal/memory/SharedMemoryManager onGpuConnectionCreated (Lcom/teamdev/jxbrowser/internal/rpc/transport/Connection;)V 4 <appendix> argL0 ; # com/teamdev/jxbrowser/internal/memory/SharedMemoryManager$$Lambda+0x0000000800961b00
instanceKlass  @bci com/teamdev/jxbrowser/internal/memory/SharedMemoryManager <init> (Lcom/teamdev/jxbrowser/engine/internal/EngineImpl;)V 54 <appendix> member <vmtarget> ; # com/teamdev/jxbrowser/internal/memory/SharedMemoryManager$$Lambda+0x00000008009618c8
instanceKlass  @bci com/teamdev/jxbrowser/internal/memory/SharedMemoryManager <init> (Lcom/teamdev/jxbrowser/engine/internal/EngineImpl;)V 34 <appendix> member <vmtarget> ; # com/teamdev/jxbrowser/internal/memory/SharedMemoryManager$$Lambda+0x00000008009616a0
instanceKlass com/teamdev/jxbrowser/internal/memory/SharedMemoryManager
instanceKlass  @bci com/teamdev/jxbrowser/engine/internal/EngineImpl <init> (Lcom/teamdev/jxbrowser/internal/rpc/transport/Connection;Lcom/teamdev/jxbrowser/internal/rpc/transport/ConnectionServer;Lcom/teamdev/jxbrowser/internal/rpc/EngineId;Lcom/teamdev/jxbrowser/engine/EngineOptions;Lcom/teamdev/jxbrowser/internal/ChromiumProcess;)V 146 <appendix> member <vmtarget> ; # com/teamdev/jxbrowser/engine/internal/EngineImpl$$Lambda+0x0000000800961268
instanceKlass  @bci com/teamdev/jxbrowser/engine/internal/EngineImpl <init> (Lcom/teamdev/jxbrowser/internal/rpc/transport/Connection;Lcom/teamdev/jxbrowser/internal/rpc/transport/ConnectionServer;Lcom/teamdev/jxbrowser/internal/rpc/EngineId;Lcom/teamdev/jxbrowser/engine/EngineOptions;Lcom/teamdev/jxbrowser/internal/ChromiumProcess;)V 129 <appendix> member <vmtarget> ; # com/teamdev/jxbrowser/engine/internal/EngineImpl$$Lambda+0x0000000800960df0
instanceKlass com/teamdev/jxbrowser/media/MediaDevices
instanceKlass  @bci com/teamdev/jxbrowser/engine/internal/WidevineImpl <init> (Lcom/teamdev/jxbrowser/engine/internal/EngineImpl;)V 22 <appendix> argL0 ; # com/teamdev/jxbrowser/engine/internal/WidevineImpl$$Lambda+0x0000000800960728
instanceKlass com/teamdev/jxbrowser/internal/rpc/WidevineStub
# instanceKlass java/lang/invoke/LambdaForm$MH+0x0000000800964400
# instanceKlass java/lang/invoke/LambdaForm$MH+0x0000000800964000
instanceKlass com/teamdev/jxbrowser/deps/com/google/protobuf/GeneratedMessage$FieldAccessorTable$RealOneofAccessor
instanceKlass com/teamdev/jxbrowser/net/UrlRequestJob$Id
instanceKlass com/teamdev/jxbrowser/internal/rpc/UrlRequestJobIdOrBuilder
instanceKlass com/teamdev/jxbrowser/net/HttpHeader
instanceKlass com/teamdev/jxbrowser/net/UrlRequest
instanceKlass com/teamdev/jxbrowser/net/UploadData
instanceKlass com/teamdev/jxbrowser/net/internal/rpc/HttpHeaderOrBuilder
instanceKlass com/teamdev/jxbrowser/net/internal/rpc/UrlRequestOrBuilder
instanceKlass com/teamdev/jxbrowser/net/internal/rpc/UploadDataOrBuilder
instanceKlass com/teamdev/jxbrowser/net/internal/rpc/InterceptRequestOrBuilder
instanceKlass com/teamdev/jxbrowser/internal/rpc/stream/CallbackStream$1
instanceKlass  @bci com/teamdev/jxbrowser/internal/rpc/ServiceConnectionImpl lambda$set$2 (Ljava/lang/Class;Ljava/lang/Class;)Lcom/teamdev/jxbrowser/internal/rpc/stream/CallbackStream; 11 <appendix> member <vmtarget> ; # com/teamdev/jxbrowser/internal/rpc/ServiceConnectionImpl$$Lambda+0x0000000800959fc0
instanceKlass  @bci com/teamdev/jxbrowser/internal/rpc/ServiceConnectionImpl set (Ljava/lang/Class;Lcom/teamdev/jxbrowser/callback/Callback;)Lcom/teamdev/jxbrowser/callback/Callback; 23 <appendix> member <vmtarget> ; # com/teamdev/jxbrowser/internal/rpc/ServiceConnectionImpl$$Lambda+0x0000000800959d78
instanceKlass com/teamdev/jxbrowser/net/internal/rpc/InterceptRequest$ResponseOrBuilder
instanceKlass com/teamdev/jxbrowser/net/callback/InterceptUrlRequestCallback$Response
instanceKlass com/teamdev/jxbrowser/net/internal/InterceptRequestCallbackProxy
instanceKlass com/teamdev/jxbrowser/net/internal/callback/InterceptRequestCallback
instanceKlass com/teamdev/jxbrowser/net/internal/rpc/InterceptRequest$RequestOrBuilder
instanceKlass  @bci com/teamdev/jxbrowser/net/internal/NetworkImpl <init> (Lcom/teamdev/jxbrowser/profile/internal/ProfileImpl;)V 144 <appendix> argL0 ; # com/teamdev/jxbrowser/net/internal/NetworkImpl$$Lambda+0x0000000800957bb0
instanceKlass com/teamdev/jxbrowser/net/internal/rpc/RequestInterceptorStub
instanceKlass com/teamdev/jxbrowser/net/internal/rpc/VerifyCertificate$RequestOrBuilder
instanceKlass com/teamdev/jxbrowser/net/callback/VerifyCertificateCallback$Params
instanceKlass  @bci com/teamdev/jxbrowser/net/internal/NetworkImpl <init> (Lcom/teamdev/jxbrowser/profile/internal/ProfileImpl;)V 121 <appendix> argL0 ; # com/teamdev/jxbrowser/net/internal/NetworkImpl$$Lambda+0x0000000800956680
instanceKlass com/teamdev/jxbrowser/net/internal/rpc/CertificateVerifierStub
instanceKlass com/teamdev/jxbrowser/net/internal/rpc/CanSetCookie$RequestOrBuilder
instanceKlass com/teamdev/jxbrowser/net/callback/CanSetCookieCallback$Params
instanceKlass com/teamdev/jxbrowser/net/internal/rpc/CanGetCookies$RequestOrBuilder
instanceKlass com/teamdev/jxbrowser/net/callback/CanGetCookiesCallback$Params
instanceKlass com/teamdev/jxbrowser/net/internal/rpc/BeforeStartTransaction$RequestOrBuilder
instanceKlass com/teamdev/jxbrowser/net/callback/BeforeStartTransactionCallback$Params
instanceKlass com/teamdev/jxbrowser/net/internal/rpc/BeforeSendUploadData$RequestOrBuilder
instanceKlass com/teamdev/jxbrowser/net/callback/BeforeSendUploadDataCallback$Params
instanceKlass com/teamdev/jxbrowser/net/internal/rpc/BeforeUrlRequest$RequestOrBuilder
instanceKlass com/teamdev/jxbrowser/net/callback/BeforeUrlRequestCallback$Params
instanceKlass com/teamdev/jxbrowser/net/internal/rpc/ReceiveHeaders$RequestOrBuilder
instanceKlass com/teamdev/jxbrowser/net/callback/ReceiveHeadersCallback$Params
instanceKlass com/teamdev/jxbrowser/net/internal/rpc/ResponseBytesReceivedOrBuilder
instanceKlass com/teamdev/jxbrowser/net/event/ResponseBytesReceived
instanceKlass com/teamdev/jxbrowser/net/internal/rpc/RedirectResponseCodeReceivedOrBuilder
instanceKlass com/teamdev/jxbrowser/net/event/RedirectResponseCodeReceived
instanceKlass com/teamdev/jxbrowser/net/internal/rpc/PacScriptErrorReceivedOrBuilder
instanceKlass com/teamdev/jxbrowser/net/event/PacScriptErrorReceived
instanceKlass com/teamdev/jxbrowser/net/internal/rpc/RequestDestroyedOrBuilder
instanceKlass com/teamdev/jxbrowser/net/event/RequestDestroyed
instanceKlass com/teamdev/jxbrowser/net/internal/rpc/RequestCompletedOrBuilder
instanceKlass com/teamdev/jxbrowser/net/event/RequestCompleted
instanceKlass com/teamdev/jxbrowser/net/internal/rpc/ResponseStartedOrBuilder
instanceKlass com/teamdev/jxbrowser/net/event/ResponseStarted
instanceKlass  @bci com/teamdev/jxbrowser/net/internal/NetworkImpl <init> (Lcom/teamdev/jxbrowser/profile/internal/ProfileImpl;)V 98 <appendix> argL0 ; # com/teamdev/jxbrowser/net/internal/NetworkImpl$$Lambda+0x000000080094d678
instanceKlass com/teamdev/jxbrowser/net/internal/rpc/NetworkStub
instanceKlass  @bci com/teamdev/jxbrowser/net/internal/NetworkImpl <init> (Lcom/teamdev/jxbrowser/profile/internal/ProfileImpl;)V 75 <appendix> argL0 ; # com/teamdev/jxbrowser/net/internal/NetworkImpl$$Lambda+0x000000080094d218
instanceKlass com/teamdev/jxbrowser/internal/rpc/UniversalServiceConnection$Builder
instanceKlass  @bci com/teamdev/jxbrowser/net/internal/NetworkImpl <init> (Lcom/teamdev/jxbrowser/profile/internal/ProfileImpl;)V 31 <appendix> member <vmtarget> ; # com/teamdev/jxbrowser/net/internal/NetworkImpl$$Lambda+0x000000080094cb08
instanceKlass com/teamdev/jxbrowser/net/HttpAuthPreferences
instanceKlass com/teamdev/jxbrowser/net/UrlRequestJob
instanceKlass com/teamdev/jxbrowser/profile/internal/rpc/Authenticate$RequestOrBuilder
instanceKlass com/teamdev/jxbrowser/profile/internal/rpc/CanAccessFile$RequestOrBuilder
instanceKlass com/teamdev/jxbrowser/net/callback/CanAccessFileCallback$Params
instanceKlass com/teamdev/jxbrowser/profile/internal/rpc/NetworkChangedOrBuilder
instanceKlass  @bci com/teamdev/jxbrowser/profile/internal/ProfileImpl <init> (Lcom/teamdev/jxbrowser/profile/internal/ProfilesImpl;Lcom/teamdev/jxbrowser/internal/rpc/ProfileId;)V 320 <appendix> argL0 ; # com/teamdev/jxbrowser/profile/internal/ProfileImpl$$Lambda+0x0000000800949f30
instanceKlass com/teamdev/jxbrowser/profile/internal/rpc/ProfileStub
instanceKlass  @bci com/teamdev/jxbrowser/cast/internal/MediaReceiversImpl startDiscovering ()V 22 <appendix> member <vmtarget> ; # com/teamdev/jxbrowser/cast/internal/MediaReceiversImpl$$Lambda+0x0000000800949ac8
instanceKlass  @bci com/teamdev/jxbrowser/cast/internal/MediaReceiversImpl startDiscovering ()V 5 <appendix> member <vmtarget> ; # com/teamdev/jxbrowser/cast/internal/MediaReceiversImpl$$Lambda+0x0000000800949890
instanceKlass  @bci com/teamdev/jxbrowser/cast/internal/MediaReceiversImpl initialReceivers ()Ljava/util/List; 50 <appendix> member <vmtarget> ; # com/teamdev/jxbrowser/cast/internal/MediaReceiversImpl$$Lambda+0x0000000800949648
instanceKlass com/teamdev/jxbrowser/cast/internal/rpc/MediaReceiverInfoOrBuilder
instanceKlass com/teamdev/jxbrowser/cast/internal/rpc/MediaReceiverListOrBuilder
instanceKlass  @bci com/teamdev/jxbrowser/cast/internal/MediaReceiversImpl initialReceivers ()Ljava/util/List; 23 <appendix> member <vmtarget> ; # com/teamdev/jxbrowser/cast/internal/MediaReceiversImpl$$Lambda+0x00000008009472a8
instanceKlass com/teamdev/jxbrowser/internal/rpc/stream/EventStream$1
instanceKlass com/teamdev/jxbrowser/deps/com/google/protobuf/AnyOrBuilder
instanceKlass com/teamdev/jxbrowser/event/internal/rpc/EventSubscriptionOrBuilder
instanceKlass com/teamdev/jxbrowser/internal/rpc/Status$1
instanceKlass com/teamdev/jxbrowser/deps/com/google/protobuf/AbstractMessageLite$InternalOneOfEnum
instanceKlass com/teamdev/jxbrowser/internal/rpc/RpcRequest$2
instanceKlass com/teamdev/jxbrowser/internal/rpc/StreamMessageOrBuilder
instanceKlass com/teamdev/jxbrowser/event/internal/NewObservableHelper
instanceKlass java/util/concurrent/Semaphore
instanceKlass com/teamdev/jxbrowser/internal/rpc/transport/SharedMemoryTransport$RpcStreamChannel
instanceKlass com/teamdev/jxbrowser/internal/rpc/stream/Stream$StreamObserver
instanceKlass  @bci com/teamdev/jxbrowser/internal/rpc/ServiceConnectionImpl lambda$setEventInterceptor$5 (Ljava/lang/Class;Ljava/lang/Class;)Lcom/teamdev/jxbrowser/internal/rpc/stream/EventStream; 11 <appendix> member <vmtarget> ; # com/teamdev/jxbrowser/internal/rpc/ServiceConnectionImpl$$Lambda+0x000000080093f190
instanceKlass  @bci com/teamdev/jxbrowser/internal/rpc/ServiceConnectionImpl setEventInterceptor (Ljava/lang/Class;Lcom/teamdev/jxbrowser/internal/rpc/stream/Interceptor;)V 23 <appendix> member <vmtarget> ; # com/teamdev/jxbrowser/internal/rpc/ServiceConnectionImpl$$Lambda+0x000000080093ef48
instanceKlass com/teamdev/jxbrowser/internal/rpc/stream/util/AbstractType
instanceKlass  @bci com/teamdev/jxbrowser/cast/internal/CastSessionsImpl startObserving ()V 22 <appendix> member <vmtarget> ; # com/teamdev/jxbrowser/cast/internal/CastSessionsImpl$$Lambda+0x000000080093e360
instanceKlass com/teamdev/jxbrowser/internal/rpc/stream/Interceptor
instanceKlass  @bci com/teamdev/jxbrowser/cast/internal/CastSessionsImpl startObserving ()V 5 <appendix> member <vmtarget> ; # com/teamdev/jxbrowser/cast/internal/CastSessionsImpl$$Lambda+0x000000080093dce0
instanceKlass  @bci com/teamdev/jxbrowser/cast/internal/CastSessionsImpl initialSessions ()Ljava/util/List; 50 <appendix> member <vmtarget> ; # com/teamdev/jxbrowser/cast/internal/CastSessionsImpl$$Lambda+0x000000080093da98
instanceKlass com/teamdev/jxbrowser/cast/CastSession
instanceKlass com/teamdev/jxbrowser/cast/internal/rpc/CastSessionInfoOrBuilder
instanceKlass com/teamdev/jxbrowser/cast/internal/rpc/CastSessionListOrBuilder
instanceKlass  @bci com/teamdev/jxbrowser/cast/internal/CastSessionsImpl initialSessions ()Ljava/util/List; 23 <appendix> member <vmtarget> ; # com/teamdev/jxbrowser/cast/internal/CastSessionsImpl$$Lambda+0x000000080093b5f0
instanceKlass  @bci com/teamdev/jxbrowser/cast/internal/ScreensImpl <init> (Lcom/teamdev/jxbrowser/profile/internal/ProfileImpl;)V 30 <appendix> argL0 ; # com/teamdev/jxbrowser/cast/internal/ScreensImpl$$Lambda+0x000000080093b3d0
instanceKlass com/teamdev/jxbrowser/cast/internal/rpc/ScreensStub
instanceKlass com/teamdev/jxbrowser/cast/internal/rpc/MediaReceiverDiscoveredOrBuilder
instanceKlass com/teamdev/jxbrowser/cast/event/MediaReceiverDiscovered
instanceKlass com/teamdev/jxbrowser/cast/event/MediaReceiversEvent
instanceKlass  @bci com/teamdev/jxbrowser/cast/internal/MediaReceiversImpl <init> (Lcom/teamdev/jxbrowser/profile/internal/ProfileImpl;)V 52 <appendix> argL0 ; # com/teamdev/jxbrowser/cast/internal/MediaReceiversImpl$$Lambda+0x0000000800939a68
instanceKlass com/teamdev/jxbrowser/cast/internal/rpc/MediaReceiversStub
instanceKlass com/teamdev/jxbrowser/cast/MediaReceiver
instanceKlass com/teamdev/jxbrowser/cast/internal/rpc/StartPresentation$RequestOrBuilder
instanceKlass com/teamdev/jxbrowser/browser/callback/StartPresentationCallback$Params
instanceKlass com/teamdev/jxbrowser/cast/internal/rpc/CastSessionStartFailedOrBuilder
instanceKlass com/teamdev/jxbrowser/cast/event/CastSessionStartFailed
instanceKlass com/teamdev/jxbrowser/cast/internal/rpc/CastSessionDiscoveredOrBuilder
instanceKlass com/teamdev/jxbrowser/cast/event/CastSessionDiscovered
instanceKlass com/teamdev/jxbrowser/cast/event/CastSessionsEvent
instanceKlass  @bci com/teamdev/jxbrowser/cast/internal/CastSessionsImpl <init> (Lcom/teamdev/jxbrowser/profile/internal/ProfileImpl;)V 41 <appendix> argL0 ; # com/teamdev/jxbrowser/cast/internal/CastSessionsImpl$$Lambda+0x0000000800935db0
instanceKlass com/teamdev/jxbrowser/cast/internal/rpc/CastSessionsStub
instanceKlass com/teamdev/jxbrowser/cast/Screens
instanceKlass com/teamdev/jxbrowser/cast/MediaReceivers
instanceKlass com/teamdev/jxbrowser/cast/CastSessions
instanceKlass  @bci com/teamdev/jxbrowser/profile/internal/ProfileImpl <init> (Lcom/teamdev/jxbrowser/profile/internal/ProfilesImpl;Lcom/teamdev/jxbrowser/internal/rpc/ProfileId;)V 279 <appendix> member <vmtarget> ; # com/teamdev/jxbrowser/profile/internal/ProfileImpl$$Lambda+0x0000000800934e20
instanceKlass com/teamdev/jxbrowser/user/UserDataProfiles
instanceKlass  @bci com/teamdev/jxbrowser/profile/internal/ProfileImpl <init> (Lcom/teamdev/jxbrowser/profile/internal/ProfilesImpl;Lcom/teamdev/jxbrowser/internal/rpc/ProfileId;)V 262 <appendix> member <vmtarget> ; # com/teamdev/jxbrowser/profile/internal/ProfileImpl$$Lambda+0x0000000800934778
instanceKlass com/teamdev/jxbrowser/card/CreditCards
instanceKlass  @bci com/teamdev/jxbrowser/profile/internal/ProfileImpl <init> (Lcom/teamdev/jxbrowser/profile/internal/ProfilesImpl;Lcom/teamdev/jxbrowser/internal/rpc/ProfileId;)V 245 <appendix> member <vmtarget> ; # com/teamdev/jxbrowser/profile/internal/ProfileImpl$$Lambda+0x00000008009340d0
instanceKlass com/teamdev/jxbrowser/profile/ProfilePreferences
instanceKlass  @bci com/teamdev/jxbrowser/profile/internal/ProfileImpl <init> (Lcom/teamdev/jxbrowser/profile/internal/ProfilesImpl;Lcom/teamdev/jxbrowser/internal/rpc/ProfileId;)V 228 <appendix> member <vmtarget> ; # com/teamdev/jxbrowser/profile/internal/ProfileImpl$$Lambda+0x0000000800933a00
instanceKlass  @bci com/teamdev/jxbrowser/profile/internal/ProfileImpl <init> (Lcom/teamdev/jxbrowser/profile/internal/ProfilesImpl;Lcom/teamdev/jxbrowser/internal/rpc/ProfileId;)V 211 <appendix> member <vmtarget> ; # com/teamdev/jxbrowser/profile/internal/ProfileImpl$$Lambda+0x0000000800933528
instanceKlass  @bci com/teamdev/jxbrowser/profile/internal/ProfileImpl <init> (Lcom/teamdev/jxbrowser/profile/internal/ProfilesImpl;Lcom/teamdev/jxbrowser/internal/rpc/ProfileId;)V 194 <appendix> member <vmtarget> ; # com/teamdev/jxbrowser/profile/internal/ProfileImpl$$Lambda+0x0000000800933080
instanceKlass  @bci com/teamdev/jxbrowser/profile/internal/ProfileImpl <init> (Lcom/teamdev/jxbrowser/profile/internal/ProfilesImpl;Lcom/teamdev/jxbrowser/internal/rpc/ProfileId;)V 177 <appendix> member <vmtarget> ; # com/teamdev/jxbrowser/profile/internal/ProfileImpl$$Lambda+0x0000000800932ba8
instanceKlass  @bci com/teamdev/jxbrowser/profile/internal/ProfileImpl <init> (Lcom/teamdev/jxbrowser/profile/internal/ProfilesImpl;Lcom/teamdev/jxbrowser/internal/rpc/ProfileId;)V 160 <appendix> member <vmtarget> ; # com/teamdev/jxbrowser/profile/internal/ProfileImpl$$Lambda+0x00000008009326e0
instanceKlass  @bci com/teamdev/jxbrowser/profile/internal/ProfileImpl <init> (Lcom/teamdev/jxbrowser/profile/internal/ProfilesImpl;Lcom/teamdev/jxbrowser/internal/rpc/ProfileId;)V 143 <appendix> member <vmtarget> ; # com/teamdev/jxbrowser/profile/internal/ProfileImpl$$Lambda+0x0000000800932208
instanceKlass  @bci com/teamdev/jxbrowser/profile/internal/ProfileImpl <init> (Lcom/teamdev/jxbrowser/profile/internal/ProfilesImpl;Lcom/teamdev/jxbrowser/internal/rpc/ProfileId;)V 126 <appendix> member <vmtarget> ; # com/teamdev/jxbrowser/profile/internal/ProfileImpl$$Lambda+0x0000000800931d40
instanceKlass  @bci com/teamdev/jxbrowser/profile/internal/ProfileImpl <init> (Lcom/teamdev/jxbrowser/profile/internal/ProfilesImpl;Lcom/teamdev/jxbrowser/internal/rpc/ProfileId;)V 109 <appendix> member <vmtarget> ; # com/teamdev/jxbrowser/profile/internal/ProfileImpl$$Lambda+0x00000008009317e8
instanceKlass  @bci com/teamdev/jxbrowser/profile/internal/ProfileImpl <init> (Lcom/teamdev/jxbrowser/profile/internal/ProfilesImpl;Lcom/teamdev/jxbrowser/internal/rpc/ProfileId;)V 92 <appendix> member <vmtarget> ; # com/teamdev/jxbrowser/profile/internal/ProfileImpl$$Lambda+0x0000000800931338
instanceKlass  @bci com/teamdev/jxbrowser/profile/internal/ProfileImpl <init> (Lcom/teamdev/jxbrowser/profile/internal/ProfilesImpl;Lcom/teamdev/jxbrowser/internal/rpc/ProfileId;)V 75 <appendix> member <vmtarget> ; # com/teamdev/jxbrowser/profile/internal/ProfileImpl$$Lambda+0x0000000800930e90
instanceKlass  @bci com/teamdev/jxbrowser/profile/internal/ProfileImpl <init> (Lcom/teamdev/jxbrowser/profile/internal/ProfilesImpl;Lcom/teamdev/jxbrowser/internal/rpc/ProfileId;)V 58 <appendix> member <vmtarget> ; # com/teamdev/jxbrowser/profile/internal/ProfileImpl$$Lambda+0x00000008009309b8
instanceKlass  @bci com/teamdev/jxbrowser/profile/internal/ProfileImpl <init> (Lcom/teamdev/jxbrowser/profile/internal/ProfilesImpl;Lcom/teamdev/jxbrowser/internal/rpc/ProfileId;)V 41 <appendix> member <vmtarget> ; # com/teamdev/jxbrowser/profile/internal/ProfileImpl$$Lambda+0x00000008009304b8
instanceKlass com/teamdev/jxbrowser/internal/Lazy
instanceKlass com/teamdev/jxbrowser/extensions/Extensions
instanceKlass com/teamdev/jxbrowser/browser/Browser
instanceKlass com/teamdev/jxbrowser/password/PasswordStore
instanceKlass com/teamdev/jxbrowser/cast/MediaCasting
instanceKlass  @bci com/teamdev/jxbrowser/profile/internal/ProfilesImpl <init> (Lcom/teamdev/jxbrowser/engine/internal/EngineImpl;)V 86 <appendix> member <vmtarget> ; # com/teamdev/jxbrowser/profile/internal/ProfilesImpl$$Lambda+0x000000080092bb98
instanceKlass com/teamdev/jxbrowser/internal/rpc/ProfileIdOrBuilder
instanceKlass com/teamdev/jxbrowser/profile/internal/rpc/ProfileListOrBuilder
instanceKlass  @bci com/teamdev/jxbrowser/profile/internal/ProfilesImpl <init> (Lcom/teamdev/jxbrowser/engine/internal/EngineImpl;)V 68 <appendix> member <vmtarget> ; # com/teamdev/jxbrowser/profile/internal/ProfilesImpl$$Lambda+0x000000080092f880
instanceKlass  @bci com/teamdev/jxbrowser/profile/internal/ProfilesImpl <init> (Lcom/teamdev/jxbrowser/engine/internal/EngineImpl;)V 38 <appendix> argL0 ; # com/teamdev/jxbrowser/profile/internal/ProfilesImpl$$Lambda+0x000000080092f660
instanceKlass com/teamdev/jxbrowser/profile/internal/rpc/ProfileManagerStub
instanceKlass  @bci com/teamdev/jxbrowser/engine/internal/EngineImpl getNetworkConnection ()Lcom/teamdev/jxbrowser/internal/rpc/transport/Connection; 39 <appendix> member <vmtarget> ; # com/teamdev/jxbrowser/engine/internal/EngineImpl$$Lambda+0x000000080092ecf8
instanceKlass  @cpi com/teamdev/jxbrowser/engine/internal/EngineImpl 368 form vmentry <vmtarget> ; # java/lang/invoke/LambdaForm$DMH+0x0000000800928400
instanceKlass  @bci com/teamdev/jxbrowser/engine/internal/EngineImpl getNetworkConnection ()Lcom/teamdev/jxbrowser/internal/rpc/transport/Connection; 17 <appendix> member <vmtarget> ; # com/teamdev/jxbrowser/engine/internal/EngineImpl$$Lambda+0x000000080092ead0
instanceKlass java/util/concurrent/ForkJoinTask
instanceKlass java/util/concurrent/CompletableFuture$AsynchronousCompletionTask
instanceKlass java/util/concurrent/CompletableFuture$AltResult
instanceKlass java/util/concurrent/CompletableFuture
instanceKlass java/util/concurrent/CompletionStage
instanceKlass  @bci com/teamdev/jxbrowser/engine/internal/EngineImpl isInProcessNetwork ()Z 22 <appendix> argL0 ; # com/teamdev/jxbrowser/engine/internal/EngineImpl$$Lambda+0x000000080092e880
instanceKlass  @bci com/teamdev/jxbrowser/engine/internal/EngineImpl isInProcessNetwork ()Z 12 <appendix> argL0 ; # com/teamdev/jxbrowser/engine/internal/EngineImpl$$Lambda+0x000000080092e630
instanceKlass  @bci com/teamdev/jxbrowser/engine/internal/EngineImpl newInstance (Lcom/teamdev/jxbrowser/engine/EngineOptions;)Lcom/teamdev/jxbrowser/engine/internal/EngineImpl; 580 <appendix> member <vmtarget> ; # com/teamdev/jxbrowser/engine/internal/EngineImpl$$Lambda+0x000000080092daf8
instanceKlass com/teamdev/jxbrowser/internal/licensing/LicenseVerificationStatus$1
instanceKlass  @bci com/teamdev/jxbrowser/internal/rpc/transport/SharedMemoryTransport trace (Ljava/lang/String;Lcom/teamdev/jxbrowser/internal/rpc/RpcResponse;)V 2 <appendix> member <vmtarget> ; # com/teamdev/jxbrowser/internal/rpc/transport/SharedMemoryTransport$$Lambda+0x000000080092c918
instanceKlass com/teamdev/jxbrowser/internal/rpc/ResponseDataOrBuilder
instanceKlass  @bci com/st/library/analyticscore/initialization/configuration/ConfigurationRetriever getFullHeader ()Ljava/lang/String; 15 <adapter> ; # java/lang/invoke/LambdaForm$MH+0x0000000800928000
instanceKlass  @bci com/st/library/analyticscore/initialization/configuration/ConfigurationRetriever getFullHeader ()Ljava/lang/String; 15 <appendix> form vmentry <vmtarget> ; # java/lang/invoke/LambdaForm$MH+0x0000000800927c00
# instanceKlass java/lang/invoke/LambdaForm$MH+0x0000000800927800
instanceKlass  @bci com/st/library/analyticscore/initialization/configuration/ConfigurationRetriever getFullHeader ()Ljava/lang/String; 15 <appendix> form names 8 function resolvedHandle form vmentry <vmtarget> ; # java/lang/invoke/LambdaForm$DMH+0x0000000800927400
instanceKlass  @bci com/st/library/analyticscore/initialization/configuration/ConfigurationRetriever getFullHeader ()Ljava/lang/String; 15 <appendix> argL3 form vmentry <vmtarget> ; # java/lang/invoke/LambdaForm$MH+0x0000000800927000
# instanceKlass java/lang/invoke/LambdaForm$MH+0x0000000800926c00
# instanceKlass java/lang/invoke/LambdaForm$MH+0x0000000800926800
# instanceKlass java/lang/invoke/LambdaForm$MH+0x0000000800926400
# instanceKlass java/lang/invoke/LambdaForm$MH+0x0000000800926000
instanceKlass  @bci com/st/library/analyticscore/initialization/configuration/ConfigurationRetriever getFullHeader ()Ljava/lang/String; 15 <appendix> form names 12 function resolvedHandle form vmentry <vmtarget> ; # java/lang/invoke/LambdaForm$DMH+0x0000000800925c00
instanceKlass  @bci com/st/library/analyticscore/initialization/configuration/ConfigurationRetriever getFullHeader ()Ljava/lang/String; 15 <appendix> argL1 form vmentry <vmtarget> ; # java/lang/invoke/LambdaForm$MH+0x0000000800925800
instanceKlass com/teamdev/jxbrowser/internal/rpc/RpcResponseOrBuilder
# instanceKlass java/lang/invoke/LambdaForm$MH+0x0000000800925400
# instanceKlass java/lang/invoke/LambdaForm$MH+0x0000000800925000
instanceKlass com/teamdev/jxbrowser/internal/platform/win/MessageLoopHelper
# instanceKlass java/lang/invoke/LambdaForm$MH+0x0000000800924c00
# instanceKlass java/lang/invoke/LambdaForm$MH+0x0000000800924800
# instanceKlass java/lang/invoke/LambdaForm$MH+0x0000000800924400
instanceKlass  @cpi com/teamdev/jxbrowser/internal/memory/SharedMemoryManager 87 form vmentry <vmtarget> ; # java/lang/invoke/LambdaForm$DMH+0x0000000800924000
instanceKlass com/teamdev/jxbrowser/internal/rpc/ServiceChannel$1
instanceKlass com/teamdev/jxbrowser/internal/rpc/RpcLogging
instanceKlass com/teamdev/jxbrowser/internal/rpc/Id
instanceKlass com/teamdev/jxbrowser/internal/rpc/RpcRequestIdOrBuilder
instanceKlass com/teamdev/jxbrowser/internal/rpc/RequestDataOrBuilder
instanceKlass com/teamdev/jxbrowser/internal/rpc/StreamDataOrBuilder
instanceKlass com/teamdev/jxbrowser/internal/rpc/RpcRequestOrBuilder
instanceKlass com/teamdev/jxbrowser/deps/com/google/protobuf/RpcUtil$1
instanceKlass com/teamdev/jxbrowser/deps/com/google/protobuf/RpcUtil
instanceKlass com/teamdev/jxbrowser/internal/rpc/ApplyLicenseResponseOrBuilder
instanceKlass com/teamdev/jxbrowser/deps/com/google/protobuf/DescriptorProtos$MethodOptionsOrBuilder
instanceKlass com/teamdev/jxbrowser/deps/com/google/protobuf/DescriptorProtos$MethodDescriptorProtoOrBuilder
instanceKlass com/teamdev/jxbrowser/deps/com/google/protobuf/DescriptorProtos$ServiceOptionsOrBuilder
instanceKlass com/st/microxplorer/plugins/thirdparty/xml/XmlThirdPartyPack$1
instanceKlass com/st/ipmodeconfigmanager/util/XmlIPModeFileManage
instanceKlass com/st/ipmodeconfigmanager/xmlManager/ipconfig/Files
instanceKlass com/teamdev/jxbrowser/deps/com/google/protobuf/DescriptorProtos$OneofOptionsOrBuilder
instanceKlass com/st/ipmodeconfigmanager/xmlManager/ipmode/Signal
instanceKlass com/st/ipmodeconfigmanager/xmlManager/ipmode/SignalLogicalOp
instanceKlass com/st/ipmodeconfigmanager/xmlManager/ipmode/Mode
instanceKlass com/st/ipmodeconfigmanager/xmlManager/ipmode/ModeLogicOperator
instanceKlass com/st/ipmodeconfigmanager/xmlManager/ipconfig/RefComponent$SubComponent
instanceKlass com/st/ipmodeconfigmanager/xmlManager/ipconfig/RefComponent
instanceKlass com/st/ipmodeconfigmanager/xmlManager/ipconfig/RefConfig$SimpleComponent
instanceKlass com/st/microxplorer/maingui/MainPanel$RunInThread
instanceKlass com/st/ipmodeconfigmanager/xmlManager/ipconfig/RefConfig
instanceKlass  @bci com/teamdev/jxbrowser/internal/rpc/transport/CommonThreadCallExecutor execute (Lcom/teamdev/jxbrowser/deps/com/google/protobuf/Message;Lcom/teamdev/jxbrowser/internal/rpc/ServiceMethod;)Lcom/teamdev/jxbrowser/deps/com/google/protobuf/Message; 24 <appendix> member <vmtarget> ; # com/teamdev/jxbrowser/internal/rpc/transport/CommonThreadCallExecutor$$Lambda+0x0000000800912760
instanceKlass com/st/ipmodeconfigmanager/xmlManager/ipmode/RefSignal
instanceKlass com/teamdev/jxbrowser/internal/rpc/transport/SharedMemoryController
instanceKlass com/teamdev/jxbrowser/internal/rpc/transport/CommonThreadResponseConsumer
instanceKlass com/st/ipmodeconfigmanager/xmlManager/ipmode/PossibleValue
instanceKlass com/teamdev/jxbrowser/internal/rpc/transport/CommonThreadCallExecutor
instanceKlass com/teamdev/jxbrowser/internal/rpc/transport/RpcCallExecutor
instanceKlass  @bci com/teamdev/jxbrowser/engine/internal/EngineImpl newInstance (Lcom/teamdev/jxbrowser/engine/EngineOptions;)Lcom/teamdev/jxbrowser/engine/internal/EngineImpl; 539 <appendix> member <vmtarget> ; # com/teamdev/jxbrowser/engine/internal/EngineImpl$$Lambda+0x0000000800911c58
instanceKlass com/teamdev/jxbrowser/deps/com/google/protobuf/RpcCallback
instanceKlass com/teamdev/jxbrowser/internal/rpc/ServiceMethod
instanceKlass  @bci com/teamdev/jxbrowser/engine/internal/StackTrace toString ()Ljava/lang/String; 28 <appendix> member <vmtarget> ; # com/teamdev/jxbrowser/engine/internal/StackTrace$$Lambda+0x0000000800911620
instanceKlass  @bci com/teamdev/jxbrowser/engine/internal/StackTrace toString ()Ljava/lang/String; 17 <appendix> argL0 ; # com/teamdev/jxbrowser/engine/internal/StackTrace$$Lambda+0x00000008009113e0
instanceKlass com/st/ipmodeconfigmanager/xmlManager/ipmode/IpModeCondition
instanceKlass com/st/ipmodeconfigmanager/xmlManager/ipmode/RefParameter
instanceKlass com/st/ipmodeconfigmanager/xmlManager/ipmode/Parameter
instanceKlass com/teamdev/jxbrowser/internal/licensing/LicenseOrBuilder
instanceKlass  @bci com/teamdev/jxbrowser/engine/internal/EngineImpl newInstance (Lcom/teamdev/jxbrowser/engine/EngineOptions;)Lcom/teamdev/jxbrowser/engine/internal/EngineImpl; 482 <appendix> member <vmtarget> ; # com/teamdev/jxbrowser/engine/internal/EngineImpl$$Lambda+0x000000080090bab0
instanceKlass com/st/microxplorer/plugins/updater/xml/UpdateType
instanceKlass com/teamdev/jxbrowser/engine/internal/StackTrace
instanceKlass com/st/ipmodeconfigmanager/xmlManager/ipmode/RefMode$ConfigForMode
instanceKlass com/st/ipmodeconfigmanager/xmlManager/ipmode/RefMode
instanceKlass com/st/microxplorer/plugins/updater/xml/packcontrol/Flag
instanceKlass com/teamdev/jxbrowser/internal/rpc/EngineIdOrBuilder
instanceKlass com/teamdev/jxbrowser/internal/rpc/ServiceChannel
instanceKlass  @bci com/teamdev/jxbrowser/engine/internal/EngineImpl newInstance (Lcom/teamdev/jxbrowser/engine/EngineOptions;)Lcom/teamdev/jxbrowser/engine/internal/EngineImpl; 443 <appendix> argL0 ; # com/teamdev/jxbrowser/engine/internal/EngineImpl$$Lambda+0x000000080090a7e8
instanceKlass com/st/microxplorer/plugins/updater/xml/packcontrol/FlagList
instanceKlass com/st/ipmodeconfigmanager/engine/Viewable
instanceKlass  @bci com/teamdev/jxbrowser/internal/rpc/transport/ConnectionServer$AcceptConnections run ()V 58 <appendix> member <vmtarget> ; # com/teamdev/jxbrowser/internal/rpc/transport/ConnectionServer$AcceptConnections$$Lambda+0x000000080090a5c0
instanceKlass com/teamdev/jxbrowser/internal/rpc/EngineFactoryStub
instanceKlass com/teamdev/jxbrowser/internal/rpc/transport/ConnectionChecker
instanceKlass com/st/ipmodeconfigmanager/xmlManager/ipconfig/IPConfigFileManage
instanceKlass com/st/microxplorer/plugins/updater/xml/packcontrol/Pack
instanceKlass com/teamdev/jxbrowser/internal/rpc/Service
instanceKlass com/teamdev/jxbrowser/internal/rpc/ServiceConnectionImpl$StubFactory
instanceKlass com/teamdev/jxbrowser/deps/com/google/protobuf/RpcChannel
instanceKlass com/teamdev/jxbrowser/deps/com/google/protobuf/RpcController
instanceKlass com/teamdev/jxbrowser/internal/rpc/transport/RpcCallback
instanceKlass com/teamdev/jxbrowser/internal/rpc/stream/StreamObserver
instanceKlass com/teamdev/jxbrowser/internal/rpc/ServiceConnectionImpl
instanceKlass com/st/ipmodeconfigmanager/xmlManager/ipmode/IPModeFileManage
instanceKlass com/teamdev/jxbrowser/internal/rpc/ServiceConnection
instanceKlass com/teamdev/jxbrowser/deps/com/google/protobuf/EmptyOrBuilder
instanceKlass com/teamdev/jxbrowser/internal/rpc/Protobuf
instanceKlass  @bci javax/swing/JComponent revalidate ()V 44 <appendix> member <vmtarget> ; # javax/swing/JComponent$$Lambda+0x000000080084ff00
instanceKlass  @bci com/teamdev/jxbrowser/event/internal/ObservableHelper notifyObservers (Lcom/teamdev/jxbrowser/event/Event;)V 63 <appendix> member <vmtarget> ; # com/teamdev/jxbrowser/event/internal/ObservableHelper$$Lambda+0x0000000800908000
instanceKlass  @bci com/teamdev/jxbrowser/internal/rpc/transport/ConnectionServer$AcceptConnections acceptConnection (Ljava/net/Socket;)Lcom/teamdev/jxbrowser/internal/rpc/transport/Connection; 49 <appendix> member <vmtarget> ; # com/teamdev/jxbrowser/internal/rpc/transport/ConnectionServer$AcceptConnections$$Lambda+0x0000000800905b30
instanceKlass com/st/microxplorer/plugins/thirdparty/db/solver/getter/component/ComponentSubGroupGetter
instanceKlass com/st/microxplorer/plugins/thirdparty/db/solver/getter/component/ComponentBundleGetter
instanceKlass com/teamdev/jxbrowser/internal/rpc/event/ConnectionClosed
instanceKlass com/st/microxplorer/plugins/thirdparty/db/solver/checker/DeviceEvaluator
instanceKlass com/st/microxplorer/plugins/thirdparty/ThirdPartyPackRequestProcessor
instanceKlass com/teamdev/jxbrowser/internal/rpc/ConnectionIdOrBuilder
instanceKlass  @bci com/teamdev/jxbrowser/internal/RpcThreadImpl <init> (Lcom/teamdev/jxbrowser/internal/rpc/transport/SharedMemoryTransport;)V 52 <appendix> member <vmtarget> ; # com/teamdev/jxbrowser/internal/RpcThreadImpl$$Lambda+0x0000000800906fc8
instanceKlass com/teamdev/jxbrowser/internal/rpc/transport/RpcThread$TaskRunner
instanceKlass com/teamdev/jxbrowser/internal/rpc/transport/RpcThread
instanceKlass com/teamdev/jxbrowser/internal/rpc/transport/RpcConnection
instanceKlass com/teamdev/jxbrowser/internal/rpc/ConnectionType$1
instanceKlass com/sun/org/apache/xml/internal/serializer/EncodingInfo$EncodingImpl
instanceKlass com/sun/org/apache/xml/internal/serializer/EncodingInfo$InEncoding
instanceKlass com/teamdev/jxbrowser/internal/rpc/stream/StreamChannel
instanceKlass com/teamdev/jxbrowser/internal/rpc/transport/SharedMemoryTransport
instanceKlass com/teamdev/jxbrowser/internal/rpc/transport/SharedMemoryObserver
instanceKlass com/teamdev/jxbrowser/internal/rpc/ConnectionCreatedOrBuilder
instanceKlass  @bci com/teamdev/jxbrowser/internal/rpc/transport/ConnectionServer$AcceptConnections run ()V 32 <appendix> argL0 ; # com/teamdev/jxbrowser/internal/rpc/transport/ConnectionServer$AcceptConnections$$Lambda+0x00000008009017b8
instanceKlass com/st/components/pdscmanager/xml/requirements/Compiler
instanceKlass  @bci com/teamdev/jxbrowser/internal/ChromiumProcessLogger startLogging (Ljava/lang/Process;)V 5 <appendix> member <vmtarget> ; # com/teamdev/jxbrowser/internal/ChromiumProcessLogger$$Lambda+0x0000000800901328
instanceKlass com/teamdev/jxbrowser/internal/ChromiumProcessLogger
instanceKlass  @bci com/teamdev/jxbrowser/internal/ChromiumProcess startInternal (Lcom/teamdev/jxbrowser/engine/EngineOptions;)V 86 <appendix> member <vmtarget> ; # com/teamdev/jxbrowser/internal/ChromiumProcess$$Lambda+0x0000000800900ef8
instanceKlass java/lang/ProcessImpl$2
instanceKlass  @bci java/lang/ProcessHandleImpl lambda$static$1 ()Ljava/util/concurrent/Executor; 45 <appendix> member <vmtarget> ; # java/lang/ProcessHandleImpl$$Lambda+0x000000080084ea68
instanceKlass  @cpi java/lang/ProcessHandleImpl 436 form vmentry <vmtarget> ; # java/lang/invoke/LambdaForm$DMH+0x0000000800904c00
# instanceKlass java/lang/invoke/LambdaForm$DMH+0x0000000800904800
instanceKlass  @bci java/lang/ProcessHandleImpl <clinit> ()V 32 <appendix> argL0 ; # java/lang/ProcessHandleImpl$$Lambda+0x000000080084e848
instanceKlass java/lang/ProcessHandleImpl
instanceKlass java/lang/ProcessHandle
instanceKlass  @bci java/lang/ProcessHandleImpl lambda$static$1 ()Ljava/util/concurrent/Executor; 45 <appendix> form vmentry <vmtarget> ; # java/lang/invoke/LambdaForm$DMH+0x0000000800904400
instanceKlass  @bci java/lang/ProcessImpl <init> ([Ljava/lang/String;Ljava/lang/String;Ljava/lang/String;[JZZ)V 286 <appendix> member <vmtarget> ; # java/lang/ProcessImpl$$Lambda+0x000000080084e188
instanceKlass  @cpi java/lang/ProcessImpl 640 form vmentry <vmtarget> ; # java/lang/invoke/LambdaForm$DMH+0x0000000800904000
instanceKlass java/lang/Process
instanceKlass  @bci com/teamdev/jxbrowser/internal/ChromiumProcess configGoogleApiKeys (Lcom/teamdev/jxbrowser/engine/EngineOptions;Ljava/lang/ProcessBuilder;)V 31 <appendix> member <vmtarget> ; # com/teamdev/jxbrowser/internal/ChromiumProcess$$Lambda+0x0000000800900cc0
instanceKlass  @bci com/teamdev/jxbrowser/internal/ChromiumProcess configGoogleApiKeys (Lcom/teamdev/jxbrowser/engine/EngineOptions;Ljava/lang/ProcessBuilder;)V 18 <appendix> member <vmtarget> ; # com/teamdev/jxbrowser/internal/ChromiumProcess$$Lambda+0x0000000800900a88
instanceKlass  @bci com/teamdev/jxbrowser/internal/ChromiumProcess configGoogleApiKeys (Lcom/teamdev/jxbrowser/engine/EngineOptions;Ljava/lang/ProcessBuilder;)V 5 <appendix> member <vmtarget> ; # com/teamdev/jxbrowser/internal/ChromiumProcess$$Lambda+0x0000000800900850
instanceKlass com/teamdev/jxbrowser/internal/platform/win/OsCompatibilityMode
instanceKlass java/lang/ProcessBuilder
instanceKlass com/teamdev/jxbrowser/deps/com/google/common/collect/ObjectArrays
instanceKlass com/teamdev/jxbrowser/engine/internal/AcceleratedLightweight
instanceKlass  @bci com/teamdev/jxbrowser/internal/ChromiumProcess commandLineArgs (Lcom/teamdev/jxbrowser/engine/EngineOptions;)Ljava/util/Collection; 536 <appendix> member <vmtarget> ; # com/teamdev/jxbrowser/internal/ChromiumProcess$$Lambda+0x0000000800900000
instanceKlass com/teamdev/jxbrowser/internal/ui/HeadlessToolkits
instanceKlass  @bci com/teamdev/jxbrowser/internal/Files canWriteToDirectory (Ljava/lang/String;)Z 9 <adapter> ; # java/lang/invoke/LambdaForm$MH+0x00000008008ffc00
# instanceKlass java/lang/invoke/LambdaForm$DMH+0x00000008008ff800
instanceKlass  @bci com/teamdev/jxbrowser/internal/Files canWriteToDirectory (Ljava/lang/String;)Z 9 <appendix> form vmentry <vmtarget> ; # java/lang/invoke/LambdaForm$MH+0x00000008008ff400
# instanceKlass java/lang/invoke/LambdaForm$MH+0x00000008008ff000
instanceKlass  @bci com/teamdev/jxbrowser/internal/Files canWriteToDirectory (Ljava/lang/String;)Z 9 <appendix> form names 8 function resolvedHandle form vmentry <vmtarget> ; # java/lang/invoke/LambdaForm$DMH+0x00000008008fec00
instanceKlass  @bci com/teamdev/jxbrowser/internal/Files canWriteToDirectory (Ljava/lang/String;)Z 9 <appendix> argL3 form vmentry <vmtarget> ; # java/lang/invoke/LambdaForm$MH+0x00000008008fe800
# instanceKlass java/lang/invoke/LambdaForm$MH+0x00000008008fe400
# instanceKlass java/lang/invoke/LambdaForm$MH+0x00000008008fe000
# instanceKlass java/lang/invoke/LambdaForm$MH+0x00000008008fdc00
# instanceKlass java/lang/invoke/LambdaForm$MH+0x00000008008fd800
instanceKlass  @bci com/teamdev/jxbrowser/internal/Files canWriteToDirectory (Ljava/lang/String;)Z 9 <appendix> form names 12 function resolvedHandle form vmentry <vmtarget> ; # java/lang/invoke/LambdaForm$DMH+0x00000008008fd400
instanceKlass  @bci com/teamdev/jxbrowser/internal/Files canWriteToDirectory (Ljava/lang/String;)Z 9 <appendix> argL1 form vmentry <vmtarget> ; # java/lang/invoke/LambdaForm$MH+0x00000008008fd000
# instanceKlass java/lang/invoke/LambdaForm$MH+0x00000008008fcc00
# instanceKlass java/lang/invoke/LambdaForm$MH+0x00000008008fc800
# instanceKlass java/lang/invoke/LambdaForm$MH+0x00000008008fc400
instanceKlass com/teamdev/jxbrowser/internal/Files
instanceKlass  @bci com/teamdev/jxbrowser/internal/ChromiumProcess commandLineArgs (Lcom/teamdev/jxbrowser/engine/EngineOptions;)Ljava/util/Collection; 415 <appendix> member <vmtarget> ; # com/teamdev/jxbrowser/internal/ChromiumProcess$$Lambda+0x00000008008fb668
instanceKlass  @bci com/teamdev/jxbrowser/internal/ChromiumProcessWin defaultCrashDumpDir ()Ljava/util/Optional; 12 <appendix> member <vmtarget> ; # com/teamdev/jxbrowser/internal/ChromiumProcessWin$$Lambda+0x00000008008fb430
instanceKlass  @bci com/teamdev/jxbrowser/internal/ChromiumSwitches addAll (Ljava/util/Collection;)V 7 <appendix> member <vmtarget> ; # com/teamdev/jxbrowser/internal/ChromiumSwitches$$Lambda+0x00000008008fb1f8
instanceKlass  @bci com/teamdev/jxbrowser/internal/ChromiumSwitches toList ()Ljava/util/List; 193 <appendix> argL0 ; # com/teamdev/jxbrowser/internal/ChromiumSwitches$$Lambda+0x00000008008fafb8
instanceKlass  @bci com/teamdev/jxbrowser/internal/PrivilegedActions doPrivileged (Ljava/lang/Runnable;)V 1 <appendix> member <vmtarget> ; # com/teamdev/jxbrowser/internal/PrivilegedActions$$Lambda+0x00000008008fa948
instanceKlass com/teamdev/jxbrowser/internal/PrivilegedActions
instanceKlass  @bci com/teamdev/jxbrowser/internal/JniLibrary <init> (Lcom/teamdev/jxbrowser/internal/JniLibraryName;)V 21 <appendix> member <vmtarget> ; # com/teamdev/jxbrowser/internal/JniLibrary$$Lambda+0x00000008008fa518
# instanceKlass java/lang/invoke/LambdaForm$DMH+0x00000008008fc000
instanceKlass  @bci com/teamdev/jxbrowser/internal/ChromiumProcess commandLineArgs (Lcom/teamdev/jxbrowser/engine/EngineOptions;)Ljava/util/Collection; 377 <appendix> member <vmtarget> ; # com/teamdev/jxbrowser/internal/ChromiumProcess$$Lambda+0x00000008008f9c98
instanceKlass  @bci com/teamdev/jxbrowser/internal/ChromiumProcess supportedFeatures (Ljava/util/Set;)Lcom/teamdev/jxbrowser/deps/com/google/common/collect/ImmutableSet; 6 <appendix> member <vmtarget> ; # com/teamdev/jxbrowser/internal/ChromiumProcess$$Lambda+0x00000008008f9818
instanceKlass org/apache/xerces/impl/xpath/regex/Match
instanceKlass  @bci com/teamdev/jxbrowser/internal/ChromiumProcess commandLineArgs (Lcom/teamdev/jxbrowser/engine/EngineOptions;)Ljava/util/Collection; 169 <appendix> member <vmtarget> ; # com/teamdev/jxbrowser/internal/ChromiumProcess$$Lambda+0x00000008008f9150
instanceKlass  @bci com/teamdev/jxbrowser/internal/ChromiumProcess commandLineArgs (Lcom/teamdev/jxbrowser/engine/EngineOptions;)Ljava/util/Collection; 130 <appendix> member <vmtarget> ; # com/teamdev/jxbrowser/internal/ChromiumProcess$$Lambda+0x00000008008f8f18
instanceKlass  @bci com/teamdev/jxbrowser/internal/ChromiumProcess commandLineArgs (Lcom/teamdev/jxbrowser/engine/EngineOptions;)Ljava/util/Collection; 101 <appendix> member <vmtarget> ; # com/teamdev/jxbrowser/internal/ChromiumProcess$$Lambda+0x00000008008f8ce0
instanceKlass  @bci com/teamdev/jxbrowser/internal/ChromiumLocale localeLanguage (Lcom/teamdev/jxbrowser/internal/ChromiumLanguage;)Ljava/lang/String; 28 <appendix> member <vmtarget> ; # com/teamdev/jxbrowser/internal/ChromiumLocale$$Lambda+0x00000008008f8aa8
instanceKlass  @bci com/teamdev/jxbrowser/internal/ChromiumProcess commandLineArgs (Lcom/teamdev/jxbrowser/engine/EngineOptions;)Ljava/util/Collection; 74 <appendix> member <vmtarget> ; # com/teamdev/jxbrowser/internal/ChromiumProcess$$Lambda+0x00000008008f8870
instanceKlass com/teamdev/jxbrowser/internal/ChromiumSwitch
instanceKlass com/teamdev/jxbrowser/internal/ChromiumSwitches
instanceKlass java/util/concurrent/Executors$RunnableAdapter
instanceKlass java/util/concurrent/FutureTask$WaitNode
instanceKlass java/util/concurrent/FutureTask
instanceKlass  @bci com/teamdev/jxbrowser/internal/ChromiumProcess startInternal (Lcom/teamdev/jxbrowser/engine/EngineOptions;)V 6 <appendix> member <vmtarget> ; # com/teamdev/jxbrowser/internal/ChromiumProcess$$Lambda+0x00000008008f8228
instanceKlass  @bci com/teamdev/jxbrowser/engine/internal/EngineImpl newInstance (Lcom/teamdev/jxbrowser/engine/EngineOptions;)Lcom/teamdev/jxbrowser/engine/internal/EngineImpl; 159 <appendix> member <vmtarget> ; # com/teamdev/jxbrowser/engine/internal/EngineImpl$$Lambda+0x00000008008f8000
instanceKlass com/teamdev/jxbrowser/internal/event/ChromiumProcessTerminated
instanceKlass  @bci com/teamdev/jxbrowser/engine/internal/EngineImpl newInstance (Lcom/teamdev/jxbrowser/engine/EngineOptions;)Lcom/teamdev/jxbrowser/engine/internal/EngineImpl; 142 <appendix> member <vmtarget> ; # com/teamdev/jxbrowser/engine/internal/EngineImpl$$Lambda+0x00000008008f3a20
instanceKlass com/teamdev/jxbrowser/internal/event/ChromiumProcessStartFailed
instanceKlass com/teamdev/jxbrowser/internal/event/ChromiumProcessEvent
instanceKlass  @bci com/teamdev/jxbrowser/internal/ChromiumProcess <init> (ILjava/nio/file/Path;)V 58 <appendix> argL0 ; # com/teamdev/jxbrowser/internal/ChromiumProcess$$Lambda+0x00000008008f33e8
instanceKlass com/st/components/pdscmanager/xml/requirements/Language
instanceKlass  @bci com/teamdev/jxbrowser/engine/internal/EngineImpl newInstance (Lcom/teamdev/jxbrowser/engine/EngineOptions;)Lcom/teamdev/jxbrowser/engine/internal/EngineImpl; 96 <appendix> member <vmtarget> ; # com/teamdev/jxbrowser/engine/internal/EngineImpl$$Lambda+0x00000008008f2200
instanceKlass com/teamdev/jxbrowser/event/Observer
instanceKlass com/teamdev/jxbrowser/internal/rpc/event/ConnectionCreated
instanceKlass com/teamdev/jxbrowser/internal/rpc/event/ConnectionEvent
instanceKlass  @bci com/teamdev/jxbrowser/internal/rpc/transport/ConnectionServer$AcceptConnections run ()V 0 <appendix> argL0 ; # com/teamdev/jxbrowser/internal/rpc/transport/ConnectionServer$AcceptConnections$$Lambda+0x00000008008f78f8
instanceKlass java/util/concurrent/CountDownLatch
instanceKlass com/teamdev/jxbrowser/internal/rpc/transport/Connection
instanceKlass com/teamdev/jxbrowser/internal/rpc/transport/ConnectionServer$AcceptConnections
instanceKlass  @bci com/teamdev/jxbrowser/internal/rpc/transport/ConnectionServer <init> ()V 74 <appendix> member <vmtarget> ; # com/teamdev/jxbrowser/internal/rpc/transport/ConnectionServer$$Lambda+0x00000008008f6e60
instanceKlass java/net/ServerSocket
instanceKlass com/teamdev/jxbrowser/event/internal/SubscriptionImpl
instanceKlass com/teamdev/jxbrowser/event/internal/ObservableHelper
instanceKlass com/teamdev/jxbrowser/internal/rpc/transport/ConnectionServer
instanceKlass  @bci com/teamdev/jxbrowser/internal/BinariesListing getFiles (Ljava/util/Properties;)Ljava/util/List; 10 <appendix> member <vmtarget> ; # com/teamdev/jxbrowser/internal/BinariesListing$$Lambda+0x00000008008f6110
instanceKlass com/teamdev/jxbrowser/internal/ChromiumFile
instanceKlass com/teamdev/jxbrowser/internal/JavaBinaryVerifier
instanceKlass com/teamdev/jxbrowser/engine/internal/FileLock
instanceKlass  @bci com/st/microxplorer/mcu/ContextAllowed$ContextSplit removeContext (Lcom/st/microxplorer/mcu/Context;)V 16 <adapter> ; # java/lang/invoke/LambdaForm$MH+0x00000008008f1c00
# instanceKlass java/lang/invoke/LambdaForm$DMH+0x00000008008f1800
instanceKlass  @bci com/teamdev/jxbrowser/engine/ChromiumBinaries deliverTo (Ljava/nio/file/Path;Lcom/teamdev/jxbrowser/engine/BinariesDelivery;)V 117 <appendix> form vmentry <vmtarget> ; # java/lang/invoke/LambdaForm$DMH+0x00000008008f1400
instanceKlass  @bci com/teamdev/jxbrowser/engine/ChromiumBinaries deliverTo (Ljava/nio/file/Path;Lcom/teamdev/jxbrowser/engine/BinariesDelivery;)V 117 <appendix> member <vmtarget> ; # com/teamdev/jxbrowser/engine/ChromiumBinaries$$Lambda+0x00000008008f5878
instanceKlass  @bci com/teamdev/jxbrowser/engine/ChromiumBinaries deliverTo (Ljava/nio/file/Path;Lcom/teamdev/jxbrowser/engine/BinariesDelivery;)V 108 <adapter> ; # java/lang/invoke/LambdaForm$MH+0x00000008008f1000
# instanceKlass java/lang/invoke/LambdaForm$DMH+0x00000008008f0c00
instanceKlass  @bci com/teamdev/jxbrowser/engine/ChromiumBinaries deliverTo (Ljava/nio/file/Path;Lcom/teamdev/jxbrowser/engine/BinariesDelivery;)V 108 <appendix> form vmentry <vmtarget> ; # java/lang/invoke/LambdaForm$DMH+0x00000008008f0800
instanceKlass  @bci com/teamdev/jxbrowser/engine/ChromiumBinaries deliverTo (Ljava/nio/file/Path;Lcom/teamdev/jxbrowser/engine/BinariesDelivery;)V 108 <appendix> member <vmtarget> ; # com/teamdev/jxbrowser/engine/ChromiumBinaries$$Lambda+0x00000008008f5650
instanceKlass  @cpi com/teamdev/jxbrowser/engine/ChromiumBinaries 100 form vmentry <vmtarget> ; # java/lang/invoke/LambdaForm$DMH+0x00000008008f0400
instanceKlass com/teamdev/jxbrowser/internal/BinaryVerifier
instanceKlass com/teamdev/jxbrowser/internal/BinariesIntegrity
instanceKlass  @bci com/teamdev/jxbrowser/deps/com/google/common/collect/CollectCollectors <clinit> ()V 75 <appendix> argL0 ; # com/teamdev/jxbrowser/deps/com/google/common/collect/CollectCollectors$$Lambda+0x00000008008f5000
instanceKlass  @bci com/teamdev/jxbrowser/deps/com/google/common/collect/CollectCollectors <clinit> ()V 70 <appendix> argL0 ; # com/teamdev/jxbrowser/deps/com/google/common/collect/CollectCollectors$$Lambda+0x00000008008f4db8
instanceKlass  @bci com/teamdev/jxbrowser/deps/com/google/common/collect/CollectCollectors <clinit> ()V 65 <appendix> argL0 ; # com/teamdev/jxbrowser/deps/com/google/common/collect/CollectCollectors$$Lambda+0x00000008008f4b88
instanceKlass com/teamdev/jxbrowser/deps/com/google/common/collect/Range
instanceKlass com/teamdev/jxbrowser/deps/com/google/common/base/Predicate
instanceKlass  @bci com/teamdev/jxbrowser/deps/com/google/common/collect/CollectCollectors <clinit> ()V 60 <appendix> argL0 ; # com/teamdev/jxbrowser/deps/com/google/common/collect/CollectCollectors$$Lambda+0x00000008008efbd8
instanceKlass com/teamdev/jxbrowser/deps/com/google/common/collect/ImmutableRangeSet$Builder
instanceKlass com/teamdev/jxbrowser/deps/com/google/common/collect/SortedIterable
instanceKlass com/teamdev/jxbrowser/deps/com/google/common/collect/AbstractRangeSet
instanceKlass com/teamdev/jxbrowser/deps/com/google/common/collect/RangeSet
instanceKlass  @bci com/teamdev/jxbrowser/deps/com/google/common/collect/CollectCollectors <clinit> ()V 45 <appendix> argL0 ; # com/teamdev/jxbrowser/deps/com/google/common/collect/CollectCollectors$$Lambda+0x00000008008ee600
instanceKlass  @bci com/teamdev/jxbrowser/deps/com/google/common/collect/CollectCollectors <clinit> ()V 40 <appendix> argL0 ; # com/teamdev/jxbrowser/deps/com/google/common/collect/CollectCollectors$$Lambda+0x00000008008ee3b8
instanceKlass  @bci com/teamdev/jxbrowser/deps/com/google/common/collect/CollectCollectors <clinit> ()V 35 <appendix> argL0 ; # com/teamdev/jxbrowser/deps/com/google/common/collect/CollectCollectors$$Lambda+0x00000008008ee188
instanceKlass  @cpi com/teamdev/jxbrowser/deps/com/google/common/collect/CollectCollectors 51 form vmentry <vmtarget> ; # java/lang/invoke/LambdaForm$DMH+0x00000008008f0000
instanceKlass  @bci com/teamdev/jxbrowser/deps/com/google/common/collect/CollectCollectors <clinit> ()V 30 <appendix> argL0 ; # com/teamdev/jxbrowser/deps/com/google/common/collect/CollectCollectors$$Lambda+0x00000008008edf68
instanceKlass  @bci com/teamdev/jxbrowser/deps/com/google/common/collect/CollectCollectors <clinit> ()V 15 <appendix> argL0 ; # com/teamdev/jxbrowser/deps/com/google/common/collect/CollectCollectors$$Lambda+0x00000008008edae0
instanceKlass  @bci com/teamdev/jxbrowser/deps/com/google/common/collect/CollectCollectors <clinit> ()V 10 <appendix> argL0 ; # com/teamdev/jxbrowser/deps/com/google/common/collect/CollectCollectors$$Lambda+0x00000008008ed898
instanceKlass  @bci com/teamdev/jxbrowser/deps/com/google/common/collect/CollectCollectors <clinit> ()V 5 <appendix> argL0 ; # com/teamdev/jxbrowser/deps/com/google/common/collect/CollectCollectors$$Lambda+0x00000008008ed668
instanceKlass  @bci com/teamdev/jxbrowser/deps/com/google/common/collect/CollectCollectors <clinit> ()V 0 <appendix> argL0 ; # com/teamdev/jxbrowser/deps/com/google/common/collect/CollectCollectors$$Lambda+0x00000008008ed448
instanceKlass com/teamdev/jxbrowser/deps/com/google/common/collect/CollectCollectors
instanceKlass  @bci com/teamdev/jxbrowser/internal/BinariesListing forCurrentPlatform ()Ljava/util/List; 125 <appendix> argL0 ; # com/teamdev/jxbrowser/internal/BinariesListing$$Lambda+0x00000008008ecff0
instanceKlass com/teamdev/jxbrowser/internal/SystemProperties
instanceKlass com/teamdev/jxbrowser/internal/ChromiumExecutable
instanceKlass com/teamdev/jxbrowser/internal/OfficialDelivery
instanceKlass com/teamdev/jxbrowser/engine/BinariesDelivery
instanceKlass com/teamdev/jxbrowser/engine/ChromiumBinaries
instanceKlass com/teamdev/jxbrowser/internal/JniLibrary
instanceKlass  @bci com/teamdev/jxbrowser/internal/UnsupportedSystemProperties validateSystemProperties ()V 28 <appendix> argL0 ; # com/teamdev/jxbrowser/internal/UnsupportedSystemProperties$$Lambda+0x00000008008eb008
instanceKlass  @bci com/teamdev/jxbrowser/internal/UnsupportedSystemProperties validateSystemProperties ()V 13 <appendix> argL0 ; # com/teamdev/jxbrowser/internal/UnsupportedSystemProperties$$Lambda+0x00000008008eadb8
instanceKlass com/teamdev/jxbrowser/internal/UnsupportedSystemProperties
instanceKlass com/teamdev/jxbrowser/deps/com/google/common/collect/Iterables
instanceKlass com/teamdev/jxbrowser/deps/com/google/common/collect/Sets
instanceKlass com/teamdev/jxbrowser/deps/com/google/protobuf/GeneratedMessage$2
instanceKlass com/teamdev/jxbrowser/deps/com/google/protobuf/GeneratedMessage$FieldAccessorTable$SingularFieldAccessor$ReflectionInvoker
instanceKlass com/teamdev/jxbrowser/deps/com/google/protobuf/GeneratedMessage$FieldAccessorTable$SingularFieldAccessor$MethodInvoker
instanceKlass com/teamdev/jxbrowser/deps/com/google/protobuf/GeneratedMessage$FieldAccessorTable$SingularFieldAccessor
instanceKlass com/teamdev/jxbrowser/deps/com/google/protobuf/GeneratedMessage$ExtendableMessage$NoOpExtensionSerializer
instanceKlass com/teamdev/jxbrowser/deps/com/google/protobuf/ByteString$CodedBuilder
instanceKlass com/teamdev/jxbrowser/deps/com/google/protobuf/Writer
instanceKlass com/teamdev/jxbrowser/deps/com/google/protobuf/ByteOutput
instanceKlass com/teamdev/jxbrowser/deps/com/google/protobuf/UnknownFieldSet$Field$Builder
instanceKlass com/teamdev/jxbrowser/deps/com/google/protobuf/UnknownFieldSet$Field
instanceKlass com/teamdev/jxbrowser/deps/com/google/protobuf/JavaFeaturesProto$JavaFeatures$NestInFileClassFeature$NestInFileClass$1
instanceKlass com/teamdev/jxbrowser/deps/com/google/protobuf/JavaFeaturesProto$JavaFeatures$Utf8Validation$1
instanceKlass com/teamdev/jxbrowser/deps/com/google/protobuf/DescriptorProtos$FeatureSet$VisibilityFeature$DefaultSymbolVisibility$1
instanceKlass com/teamdev/jxbrowser/deps/com/google/protobuf/DescriptorProtos$FeatureSet$EnforceNamingStyle$1
instanceKlass com/teamdev/jxbrowser/deps/com/google/protobuf/DescriptorProtos$FeatureSet$JsonFormat$1
instanceKlass com/teamdev/jxbrowser/deps/com/google/protobuf/DescriptorProtos$FeatureSet$MessageEncoding$1
instanceKlass com/teamdev/jxbrowser/deps/com/google/protobuf/DescriptorProtos$FeatureSet$Utf8Validation$1
instanceKlass com/teamdev/jxbrowser/deps/com/google/protobuf/DescriptorProtos$FeatureSet$RepeatedFieldEncoding$1
instanceKlass com/teamdev/jxbrowser/deps/com/google/protobuf/DescriptorProtos$FeatureSet$EnumType$1
instanceKlass com/teamdev/jxbrowser/deps/com/google/protobuf/DescriptorProtos$FeatureSet$FieldPresence$1
instanceKlass com/teamdev/jxbrowser/deps/com/google/protobuf/SmallSortedMap$Entry
instanceKlass com/teamdev/jxbrowser/deps/com/google/protobuf/FieldSet$1
instanceKlass com/teamdev/jxbrowser/deps/com/google/protobuf/MessageReflection$1
instanceKlass com/teamdev/jxbrowser/deps/com/google/protobuf/MessageReflection
instanceKlass com/teamdev/jxbrowser/deps/com/google/protobuf/MessageReflection$ExtensionBuilderAdapter
instanceKlass com/teamdev/jxbrowser/deps/com/google/protobuf/UnknownFieldSet$Builder
instanceKlass com/teamdev/jxbrowser/deps/com/google/protobuf/FieldSet$Builder
instanceKlass com/teamdev/jxbrowser/deps/com/google/protobuf/DescriptorProtos$FeatureSetDefaults$FeatureSetEditionDefaultOrBuilder
instanceKlass com/teamdev/jxbrowser/deps/com/google/protobuf/ExtensionRegistry$DescriptorIntPair
instanceKlass com/teamdev/jxbrowser/deps/com/google/protobuf/ExtensionRegistry$1
instanceKlass com/teamdev/jxbrowser/deps/com/google/protobuf/GeneratedMessage$GeneratedExtension$1
instanceKlass com/teamdev/jxbrowser/deps/com/google/protobuf/JavaFeaturesProto$JavaFeaturesOrBuilder
instanceKlass com/teamdev/jxbrowser/deps/com/google/protobuf/DescriptorProtos$FeatureSetDefaultsOrBuilder
instanceKlass com/teamdev/jxbrowser/deps/com/google/protobuf/SmallSortedMap$EntryIterator
instanceKlass com/teamdev/jxbrowser/deps/com/google/protobuf/GeneratedMessage$FieldAccessorTable$OneofAccessor
instanceKlass com/teamdev/jxbrowser/deps/com/google/protobuf/GeneratedMessage$FieldAccessorTable$FieldAccessor
instanceKlass com/teamdev/jxbrowser/deps/com/google/protobuf/GeneratedMessage$FieldAccessorTable
instanceKlass com/teamdev/jxbrowser/deps/com/google/protobuf/Descriptors$EnumValueDescriptor$2
instanceKlass com/teamdev/jxbrowser/deps/com/google/protobuf/Descriptors$EnumValueDescriptor$1
instanceKlass com/teamdev/jxbrowser/deps/com/google/protobuf/Descriptors$FieldDescriptor$1
instanceKlass com/teamdev/jxbrowser/deps/com/google/protobuf/Descriptors$NumberGetter
instanceKlass com/teamdev/jxbrowser/deps/com/google/protobuf/Descriptors
instanceKlass java/lang/foreign/MemorySegment
instanceKlass com/teamdev/jxbrowser/deps/com/google/protobuf/UnsafeUtil$1
instanceKlass com/teamdev/jxbrowser/deps/com/google/protobuf/UnsafeUtil$MemoryAccessor
instanceKlass com/teamdev/jxbrowser/deps/com/google/protobuf/UnsafeUtil
instanceKlass com/teamdev/jxbrowser/deps/com/google/protobuf/Utf8$Processor
instanceKlass com/teamdev/jxbrowser/deps/com/google/protobuf/Utf8
instanceKlass com/teamdev/jxbrowser/deps/com/google/protobuf/Descriptors$DescriptorPool
instanceKlass com/teamdev/jxbrowser/deps/com/google/protobuf/DescriptorProtos$FileOptions$OptimizeMode$1
instanceKlass com/teamdev/jxbrowser/deps/com/google/protobuf/DescriptorProtos$Edition$1
instanceKlass com/teamdev/jxbrowser/deps/com/google/protobuf/DescriptorProtos$FieldOptions$OptionTargetType$1
instanceKlass com/teamdev/jxbrowser/deps/com/google/protobuf/DescriptorProtos$EnumValueOptionsOrBuilder
instanceKlass com/teamdev/jxbrowser/deps/com/google/protobuf/DescriptorProtos$EnumDescriptorProto$EnumReservedRangeOrBuilder
instanceKlass com/teamdev/jxbrowser/deps/com/google/protobuf/DescriptorProtos$EnumValueDescriptorProtoOrBuilder
instanceKlass com/teamdev/jxbrowser/deps/com/google/protobuf/DescriptorProtos$EnumOptionsOrBuilder
instanceKlass com/teamdev/jxbrowser/deps/com/google/protobuf/DescriptorProtos$FieldOptions$OptionRetention$1
instanceKlass com/teamdev/jxbrowser/deps/com/google/protobuf/DescriptorProtos$UninterpretedOptionOrBuilder
instanceKlass com/teamdev/jxbrowser/deps/com/google/protobuf/DescriptorProtos$FieldOptions$EditionDefaultOrBuilder
instanceKlass com/teamdev/jxbrowser/deps/com/google/protobuf/MessageReflection$MergeTarget
instanceKlass com/teamdev/jxbrowser/deps/com/google/protobuf/GeneratedMessage$Builder$BuilderParentImpl
instanceKlass com/teamdev/jxbrowser/deps/com/google/protobuf/LazyFieldLite
instanceKlass com/teamdev/jxbrowser/deps/com/google/protobuf/FieldSet
instanceKlass com/teamdev/jxbrowser/deps/com/google/protobuf/DescriptorProtos$FieldOptions$1
instanceKlass com/teamdev/jxbrowser/deps/com/google/protobuf/Internal$IntListAdapter$IntConverter
instanceKlass com/teamdev/jxbrowser/deps/com/google/protobuf/DescriptorProtos$FeatureSetOrBuilder
instanceKlass com/teamdev/jxbrowser/deps/com/google/protobuf/DescriptorProtos$FieldOptions$FeatureSupportOrBuilder
instanceKlass com/teamdev/jxbrowser/deps/com/google/protobuf/GeneratedMessage$ExtendableMessage$ExtensionSerializer
instanceKlass com/teamdev/jxbrowser/deps/com/google/protobuf/SingleFieldBuilder
instanceKlass com/teamdev/jxbrowser/deps/com/google/protobuf/DescriptorProtos$ExtensionRangeOptionsOrBuilder
instanceKlass com/teamdev/jxbrowser/deps/com/google/protobuf/DescriptorProtos$FieldDescriptorProto$Type$1
instanceKlass com/teamdev/jxbrowser/deps/com/google/protobuf/DescriptorProtos$FieldDescriptorProto$Label$1
instanceKlass com/teamdev/jxbrowser/deps/com/google/protobuf/Internal$EnumLiteMap
instanceKlass com/teamdev/jxbrowser/deps/com/google/protobuf/DescriptorProtos$FieldOptionsOrBuilder
instanceKlass com/teamdev/jxbrowser/deps/com/google/protobuf/DescriptorProtos$DescriptorProto$ReservedRangeOrBuilder
instanceKlass com/teamdev/jxbrowser/deps/com/google/protobuf/DescriptorProtos$OneofDescriptorProtoOrBuilder
instanceKlass com/teamdev/jxbrowser/deps/com/google/protobuf/DescriptorProtos$DescriptorProto$ExtensionRangeOrBuilder
instanceKlass sun/net/www/http/HttpCapture$1
instanceKlass sun/net/www/http/HttpCapture
instanceKlass com/teamdev/jxbrowser/deps/com/google/protobuf/DescriptorProtos$MessageOptionsOrBuilder
instanceKlass com/teamdev/jxbrowser/deps/com/google/protobuf/ByteString$2
instanceKlass com/teamdev/jxbrowser/deps/com/google/protobuf/ByteString$ArraysByteArrayCopier
instanceKlass com/teamdev/jxbrowser/deps/com/google/protobuf/Android
instanceKlass com/teamdev/jxbrowser/deps/com/google/protobuf/ByteString$ByteIterator
instanceKlass com/teamdev/jxbrowser/deps/com/google/protobuf/ByteString$ByteArrayCopier
instanceKlass com/teamdev/jxbrowser/deps/com/google/protobuf/ByteString
instanceKlass com/teamdev/jxbrowser/deps/com/google/protobuf/WireFormat
instanceKlass com/teamdev/jxbrowser/deps/com/google/protobuf/DescriptorProtos$FieldDescriptorProtoOrBuilder
instanceKlass com/teamdev/jxbrowser/deps/com/google/protobuf/DescriptorProtos$EnumDescriptorProtoOrBuilder
instanceKlass com/teamdev/jxbrowser/deps/com/google/protobuf/DescriptorProtos$ServiceDescriptorProtoOrBuilder
instanceKlass com/teamdev/jxbrowser/deps/com/google/protobuf/DescriptorProtos$DescriptorProtoOrBuilder
instanceKlass com/teamdev/jxbrowser/deps/com/google/protobuf/PrimitiveNonBoxingCollection
instanceKlass com/teamdev/jxbrowser/deps/com/google/protobuf/LazyStringList
instanceKlass com/teamdev/jxbrowser/deps/com/google/protobuf/ProtocolStringList
instanceKlass com/teamdev/jxbrowser/deps/com/google/protobuf/DescriptorProtos$SourceCodeInfoOrBuilder
instanceKlass com/teamdev/jxbrowser/deps/com/google/protobuf/DescriptorProtos$FileOptionsOrBuilder
instanceKlass com/teamdev/jxbrowser/deps/com/google/protobuf/GeneratedMessage$ExtendableMessageOrBuilder
instanceKlass com/teamdev/jxbrowser/deps/com/google/protobuf/DescriptorProtos$FileDescriptorProtoOrBuilder
instanceKlass com/teamdev/jxbrowser/deps/com/google/protobuf/GeneratedFile
instanceKlass  @bci com/teamdev/jxbrowser/net/internal/NonInterceptableScheme contains (Lcom/teamdev/jxbrowser/net/Scheme;)Z 7 <appendix> member <vmtarget> ; # com/teamdev/jxbrowser/net/internal/NonInterceptableScheme$$Lambda+0x00000008008ae750
instanceKlass com/st/components/swing/JxBrowserEngine$InterceptJarRequestCallback
instanceKlass com/teamdev/jxbrowser/deps/com/google/common/collect/ImmutableCollection$Builder
instanceKlass com/teamdev/jxbrowser/internal/ChromiumLocale
instanceKlass com/teamdev/jxbrowser/internal/ChromiumLanguage
instanceKlass java/util/UUID$Holder
instanceKlass java/util/logging/StreamHandler$1
instanceKlass java/util/logging/Handler$1
instanceKlass java/util/logging/ErrorManager
instanceKlass jdk/internal/logger/SimpleConsoleLogger$Formatting
instanceKlass  @bci java/util/logging/SimpleFormatter <init> ()V 5 <appendix> argL0 ; # java/util/logging/SimpleFormatter$$Lambda+0x000000080084ab78
instanceKlass java/util/logging/Formatter
instanceKlass com/teamdev/jxbrowser/logging/Logger
instanceKlass com/teamdev/jxbrowser/net/internal/rpc/SchemeOrBuilder
instanceKlass com/teamdev/jxbrowser/dom/event/internal/rpc/EventTypeOrBuilder
instanceKlass com/teamdev/jxbrowser/internal/string/StringPreconditions
instanceKlass com/teamdev/jxbrowser/time/internal/TimeConverter
instanceKlass com/teamdev/jxbrowser/deps/com/google/protobuf/AbstractMessage$BuilderParent
instanceKlass com/teamdev/jxbrowser/deps/com/google/protobuf/AbstractMessageLite$Builder
instanceKlass com/teamdev/jxbrowser/deps/com/google/protobuf/ExtensionRegistry$ExtensionInfo
instanceKlass com/teamdev/jxbrowser/deps/com/google/protobuf/ExtensionLite
instanceKlass com/teamdev/jxbrowser/deps/com/google/protobuf/ExtensionRegistryFactory
instanceKlass com/teamdev/jxbrowser/deps/com/google/protobuf/CodedInputStream
instanceKlass com/teamdev/jxbrowser/deps/com/google/protobuf/Internal
instanceKlass com/teamdev/jxbrowser/deps/com/google/protobuf/ProtocolMessageEnum
instanceKlass com/teamdev/jxbrowser/deps/com/google/protobuf/Internal$EnumLite
instanceKlass com/teamdev/jxbrowser/deps/com/google/protobuf/FieldInfo
instanceKlass com/teamdev/jxbrowser/deps/com/google/protobuf/DescriptorMessageInfoFactory$OneofState
instanceKlass com/teamdev/jxbrowser/deps/com/google/protobuf/Descriptors$GenericDescriptor
instanceKlass com/teamdev/jxbrowser/deps/com/google/protobuf/FieldSet$FieldDescriptorLite
instanceKlass com/teamdev/jxbrowser/deps/com/google/protobuf/DescriptorMessageInfoFactory$IsInitializedCheckAnalyzer
instanceKlass com/teamdev/jxbrowser/deps/com/google/protobuf/MessageInfo
instanceKlass com/teamdev/jxbrowser/deps/com/google/protobuf/Internal$EnumVerifier
instanceKlass com/teamdev/jxbrowser/deps/com/google/protobuf/DescriptorMessageInfoFactory
instanceKlass com/teamdev/jxbrowser/deps/com/google/protobuf/GeneratedMessageInfoFactory
instanceKlass com/teamdev/jxbrowser/deps/com/google/protobuf/ManifestSchemaFactory$CompositeMessageInfoFactory
instanceKlass com/teamdev/jxbrowser/deps/com/google/protobuf/ManifestSchemaFactory$1
instanceKlass com/teamdev/jxbrowser/deps/com/google/protobuf/MessageInfoFactory
instanceKlass com/teamdev/jxbrowser/deps/com/google/protobuf/Schema
instanceKlass com/teamdev/jxbrowser/deps/com/google/protobuf/ManifestSchemaFactory
instanceKlass com/teamdev/jxbrowser/deps/com/google/protobuf/SchemaFactory
instanceKlass com/teamdev/jxbrowser/deps/com/google/protobuf/Protobuf
instanceKlass com/teamdev/jxbrowser/deps/com/google/protobuf/ExtensionRegistryLite
instanceKlass com/teamdev/jxbrowser/deps/com/google/protobuf/AbstractParser
instanceKlass com/teamdev/jxbrowser/deps/com/google/protobuf/UnknownFieldSet
instanceKlass com/teamdev/jxbrowser/deps/com/google/protobuf/RuntimeVersion
instanceKlass com/teamdev/jxbrowser/deps/com/google/protobuf/Parser
instanceKlass com/teamdev/jxbrowser/deps/com/google/protobuf/Message$Builder
instanceKlass com/teamdev/jxbrowser/deps/com/google/protobuf/Internal$LongList
instanceKlass com/teamdev/jxbrowser/deps/com/google/protobuf/Internal$BooleanList
instanceKlass com/teamdev/jxbrowser/deps/com/google/protobuf/Internal$FloatList
instanceKlass com/teamdev/jxbrowser/deps/com/google/protobuf/Internal$DoubleList
instanceKlass com/teamdev/jxbrowser/deps/com/google/protobuf/Internal$IntList
instanceKlass com/teamdev/jxbrowser/deps/com/google/protobuf/Internal$ProtobufList
instanceKlass com/teamdev/jxbrowser/deps/com/google/protobuf/GeneratedMessage$ExtensionDescriptorRetriever
instanceKlass com/teamdev/jxbrowser/deps/com/google/protobuf/Reader
instanceKlass com/teamdev/jxbrowser/deps/com/google/protobuf/MutabilityOracle
instanceKlass com/teamdev/jxbrowser/deps/com/google/protobuf/MapFieldReflectionAccessor
instanceKlass com/teamdev/jxbrowser/deps/com/google/protobuf/MessageLite$Builder
instanceKlass com/teamdev/jxbrowser/deps/com/google/protobuf/AbstractMessageLite
instanceKlass com/teamdev/jxbrowser/time/internal/rpc/TimestampOrBuilder
instanceKlass com/teamdev/jxbrowser/deps/com/google/common/collect/PeekingIterator
instanceKlass com/teamdev/jxbrowser/deps/com/google/common/collect/Iterators
instanceKlass  @bci com/teamdev/jxbrowser/engine/internal/ClassPreLoader ensureRequiredClassesLoaded ()V 3 <appendix> argL0 ; # com/teamdev/jxbrowser/engine/internal/ClassPreLoader$$Lambda+0x0000000800898c98
instanceKlass com/teamdev/jxbrowser/deps/com/google/common/math/IntMath$1
instanceKlass com/teamdev/jxbrowser/deps/com/google/common/math/MathPreconditions
instanceKlass com/teamdev/jxbrowser/deps/com/google/common/math/IntMath
instanceKlass com/teamdev/jxbrowser/deps/com/google/common/collect/ImmutableSet$SetBuilderImpl
instanceKlass com/teamdev/jxbrowser/net/Scheme
instanceKlass com/teamdev/jxbrowser/dom/event/EventType
instanceKlass com/teamdev/jxbrowser/time/Timestamp
instanceKlass com/teamdev/jxbrowser/engine/internal/ClassPreLoader
instanceKlass com/teamdev/jxbrowser/internal/IdMap
instanceKlass com/teamdev/jxbrowser/engine/internal/TempUserDataDirs
instanceKlass com/teamdev/jxbrowser/engine/Widevine
instanceKlass com/teamdev/jxbrowser/download/Downloads
instanceKlass com/teamdev/jxbrowser/zoom/ZoomLevels
instanceKlass com/teamdev/jxbrowser/cache/HttpCache
instanceKlass com/teamdev/jxbrowser/plugin/Plugins
instanceKlass com/teamdev/jxbrowser/event/Subscription
instanceKlass com/teamdev/jxbrowser/permission/Permissions
instanceKlass com/teamdev/jxbrowser/deps/com/google/protobuf/Message
instanceKlass com/teamdev/jxbrowser/deps/com/google/protobuf/MessageOrBuilder
instanceKlass com/teamdev/jxbrowser/deps/com/google/protobuf/MessageLite
instanceKlass com/teamdev/jxbrowser/deps/com/google/protobuf/MessageLiteOrBuilder
instanceKlass com/teamdev/jxbrowser/net/proxy/Proxy
instanceKlass com/teamdev/jxbrowser/profile/Profiles
instanceKlass com/teamdev/jxbrowser/engine/EngineService
instanceKlass com/teamdev/jxbrowser/cache/HttpAuthCache
instanceKlass com/teamdev/jxbrowser/spellcheck/SpellChecker
instanceKlass com/teamdev/jxbrowser/cookie/CookieStore
instanceKlass com/teamdev/jxbrowser/net/Network
instanceKlass com/teamdev/jxbrowser/profile/ProfileService
instanceKlass com/teamdev/jxbrowser/callback/Advisable
instanceKlass com/teamdev/jxbrowser/internal/CloseableImpl
instanceKlass com/teamdev/jxbrowser/engine/Engine
instanceKlass com/teamdev/jxbrowser/event/Observable
instanceKlass com/teamdev/jxbrowser/Closeable
instanceKlass  @bci com/teamdev/jxbrowser/os/Environment defaultChromiumDir ()Ljava/nio/file/Path; 26 <appendix> member <vmtarget> ; # com/teamdev/jxbrowser/os/Environment$$Lambda+0x0000000800891998
instanceKlass com/teamdev/jxbrowser/internal/Version
instanceKlass com/teamdev/jxbrowser/os/Environment
instanceKlass com/teamdev/jxbrowser/engine/EngineOptions$Builder
instanceKlass com/teamdev/jxbrowser/engine/EngineOptions
instanceKlass com/st/microxplorer/plugins/usernotification/DTO/UserInfoDTO$Builder
instanceKlass com/teamdev/jxbrowser/deps/com/google/common/collect/Hashing
instanceKlass com/st/microxplorer/plugins/usernotification/DTO/UserInfoDTO
instanceKlass com/teamdev/jxbrowser/deps/com/google/common/base/Preconditions
instanceKlass java/util/concurrent/LinkedTransferQueue$DualNode
instanceKlass java/util/concurrent/TransferQueue
instanceKlass com/st/microxplorer/plugins/usernotification/util/httpUtil/HttpUtil
instanceKlass com/fasterxml/jackson/databind/deser/impl/PropertyValue
instanceKlass com/fasterxml/jackson/databind/deser/impl/PropertyValueBuffer
instanceKlass com/fasterxml/jackson/databind/deser/impl/PropertyBasedCreator
instanceKlass com/teamdev/jxbrowser/deps/com/google/common/collect/CollectPreconditions
instanceKlass com/fasterxml/jackson/databind/BeanProperty$Std
instanceKlass  @bci com/teamdev/jxbrowser/VersionInfo properties ()Ljava/util/Map; 43 <appendix> member <vmtarget> ; # com/teamdev/jxbrowser/VersionInfo$$Lambda+0x000000080088ee40
instanceKlass com/teamdev/jxbrowser/deps/com/google/common/collect/ImmutableMap$Builder
instanceKlass com/fasterxml/jackson/databind/deser/impl/CreatorCandidate$Param
instanceKlass com/fasterxml/jackson/databind/deser/impl/CreatorCandidate
instanceKlass com/st/microxplorer/plugins/projectmanager/util/OSValidator
instanceKlass com/teamdev/jxbrowser/deps/com/google/common/collect/UnmodifiableIterator
instanceKlass com/teamdev/jxbrowser/deps/com/google/common/collect/BiMap
instanceKlass org/apache/commons/collections4/map/AbstractHashedMap$HashEntry
instanceKlass com/teamdev/jxbrowser/deps/com/google/common/collect/ImmutableMap
instanceKlass org/apache/commons/collections4/KeyValue
instanceKlass org/apache/commons/collections4/MapIterator
instanceKlass com/fasterxml/jackson/databind/jdk14/JDK14Util$RawTypeName
instanceKlass com/fasterxml/jackson/databind/introspect/PotentialCreator
instanceKlass com/teamdev/jxbrowser/VersionInfo
instanceKlass com/fasterxml/jackson/annotation/JsonCreator
instanceKlass com/st/components/swing/JxBrowserEngine$SingletonHolder
instanceKlass com/teamdev/jxbrowser/net/callback/InterceptUrlRequestCallback
instanceKlass com/teamdev/jxbrowser/callback/SyncCallback
instanceKlass com/st/components/swing/JxBrowserEngine
instanceKlass org/apache/commons/collections4/IterableMap
instanceKlass org/apache/commons/collections4/IterableGet
instanceKlass org/apache/commons/collections4/Get
# instanceKlass com/fasterxml/jackson/databind/jdk14/JDK14Util$RecordAccessor$$InjectedInvoker+0x0000000800888000
instanceKlass org/apache/commons/collections4/Put
instanceKlass java/lang/invoke/MethodHandleImpl$BindCaller$InjectedInvokerHolder
instanceKlass org/apache/commons/io/Charsets
instanceKlass java/lang/invoke/MethodHandleImpl$BindCaller
# instanceKlass java/lang/invoke/LambdaForm$MH+0x0000000800838c00
# instanceKlass java/lang/invoke/LambdaForm$MH+0x0000000800838800
instanceKlass com/fasterxml/jackson/databind/jdk14/JDK14Util$RecordAccessor
instanceKlass com/st/microxplorer/plugins/projectmanager/security/securityInterface/IMxScratch
instanceKlass com/fasterxml/jackson/databind/jdk14/JDK14Util
instanceKlass com/teamdev/jxbrowser/engine/event/EngineClosed
instanceKlass com/st/microxplorer/plugins/projectmanager/security/securityInterface/IRotMmtServices
instanceKlass com/teamdev/jxbrowser/engine/event/EngineCrashed
instanceKlass com/st/microxplorer/plugins/projectmanager/security/BootPathManager
instanceKlass com/teamdev/jxbrowser/engine/event/EngineEvent
instanceKlass com/teamdev/jxbrowser/navigation/event/NavigationFinished
instanceKlass com/st/microxplorer/util/UserConstant
instanceKlass com/teamdev/jxbrowser/navigation/event/NavigationEvent
instanceKlass com/teamdev/jxbrowser/net/event/NetworkChanged
instanceKlass com/teamdev/jxbrowser/net/event/NetworkEvent
instanceKlass com/teamdev/jxbrowser/event/Event
instanceKlass com/teamdev/jxbrowser/callback/AsyncCallbackAction
instanceKlass com/teamdev/jxbrowser/net/callback/AuthenticateCallback$Params
instanceKlass com/teamdev/jxbrowser/profile/Profile
instanceKlass com/fasterxml/jackson/core/type/TypeReference
instanceKlass com/st/microxplorer/plugins/usernotification/util/prmis/PrmisJsonParser
instanceKlass  @bci com/st/microxplorer/maingui/MainFrame initialization ()V 440 <appendix> argL0 ; # com/st/microxplorer/maingui/MainFrame$$Lambda+0x000000080083a448
instanceKlass  @bci com/st/microxplorer/maingui/MainFrame initialization ()V 425 <appendix> argL0 ; # com/st/microxplorer/maingui/MainFrame$$Lambda+0x000000080083a228
instanceKlass javax/swing/JTable$4
instanceKlass javax/swing/JTable$2
instanceKlass javax/swing/JTable$Resizable3
instanceKlass javax/swing/JTable$Resizable2
instanceKlass sun/awt/im/InputMethodAdapter
instanceKlass java/awt/im/spi/InputMethod
instanceKlass java/awt/im/spi/InputMethodContext
instanceKlass java/awt/im/InputMethodRequests
instanceKlass java/awt/im/InputContext
instanceKlass com/st/microxplorer/maingui/MainPanel$28
instanceKlass com/st/microxplorer/maingui/MainPanel$27
instanceKlass com/st/microxplorer/maingui/MainPanel$26
instanceKlass com/st/microxplorer/maingui/MainPanel$25
instanceKlass com/st/microxplorer/maingui/MainPanel$24
instanceKlass com/st/microxplorer/maingui/MainPanel$23
instanceKlass com/st/microxplorer/maingui/MainPanel$22
instanceKlass com/st/microxplorer/maingui/MainPanel$21
instanceKlass com/st/microxplorer/maingui/MainPanel$20
instanceKlass com/st/microxplorer/maingui/MainPanel$19
instanceKlass com/st/microxplorer/maingui/MainPanel$18
instanceKlass com/st/microxplorer/maingui/MainPanel$17
instanceKlass com/st/microxplorer/maingui/MainPanel$16
instanceKlass com/st/microxplorer/maingui/MainPanel$15
instanceKlass com/st/microxplorer/maingui/MainPanel$14
instanceKlass com/st/microxplorer/maingui/MainPanel$13
instanceKlass com/st/microxplorer/maingui/MainPanel$12
instanceKlass com/st/microxplorer/maingui/MainPanel$11
instanceKlass com/st/microxplorer/maingui/MainPanel$10
instanceKlass com/st/microxplorer/maingui/MainPanel$9
instanceKlass com/st/microxplorer/maingui/MainPanel$8
instanceKlass com/st/microxplorer/maingui/MainPanel$7
instanceKlass com/st/microxplorer/maingui/MainPanel$6
instanceKlass com/st/microxplorer/maingui/MainPanel$5
instanceKlass com/st/microxplorer/maingui/MainPanel$4
# instanceKlass java/lang/invoke/LambdaForm$DMH+0x0000000800838400
instanceKlass com/st/microxplorer/maingui/MainPanel$3
instanceKlass com/st/microxplorer/maingui/MainPanel$2
instanceKlass com/st/microxplorer/maingui/HomePanel$2
instanceKlass com/st/microxplorer/maingui/HomeMainPanel$2
instanceKlass com/st/microxplorer/maingui/HomeMainPanel$1
instanceKlass  @bci com/st/microxplorer/maingui/HomeMainPanel <init> (Ljavax/swing/JPanel;Ljavax/swing/JPanel;Ljavax/swing/JPanel;Ljavax/swing/JPanel;Lcom/st/microxplorer/externaltools/STToolsPanel;)V 417 <appendix> member <vmtarget> ; # com/st/microxplorer/maingui/HomeMainPanel$$Lambda+0x0000000800834cb8
instanceKlass  @bci com/st/microxplorer/maingui/HomeMainPanel <init> (Ljavax/swing/JPanel;Ljavax/swing/JPanel;Ljavax/swing/JPanel;Ljavax/swing/JPanel;Lcom/st/microxplorer/externaltools/STToolsPanel;)V 366 <appendix> member <vmtarget> ; # com/st/microxplorer/maingui/HomeMainPanel$$Lambda+0x0000000800834a90
instanceKlass  @cpi com/teamdev/jxbrowser/internal/rpc/stream/CallbackStream 116 form vmentry <vmtarget> ; # java/lang/invoke/LambdaForm$DMH+0x0000000800838000
# instanceKlass java/lang/invoke/LambdaForm$DMH+0x0000000800834400
instanceKlass com/st/components/pdscmanager/xml/common/Description
instanceKlass java/awt/GridBagLayoutInfo
instanceKlass org/apache/xerces/impl/dtd/models/CMStateSet
instanceKlass com/st/microxplorer/externaltools/STToolsPanel$1
instanceKlass org/apache/xerces/impl/xs/models/XSDFACM
instanceKlass org/apache/xerces/impl/xs/AttributePSVImpl
instanceKlass org/apache/xerces/xs/AttributePSVI
instanceKlass org/apache/xerces/impl/xs/models/XSAllCM
instanceKlass org/apache/xerces/impl/xs/XSConstraints$1
instanceKlass org/apache/xerces/impl/xs/XSConstraints
instanceKlass org/apache/xerces/impl/xpath/regex/RegularExpression$ClosureContext
instanceKlass org/apache/xerces/impl/xpath/regex/RegularExpression$ExpressionTarget
instanceKlass org/apache/xerces/impl/xpath/regex/RegularExpression$Context
instanceKlass org/apache/xerces/impl/dv/xs/XSSimpleTypeDecl$ValidationContextImpl
# instanceKlass java/lang/invoke/LambdaForm$MH+0x0000000800834000
instanceKlass org/apache/xerces/impl/xs/traversers/XSDAbstractTraverser$FacetInfo
instanceKlass org/apache/xerces/xs/datatypes/XSQName
instanceKlass java/awt/GridLayout
instanceKlass org/apache/xerces/impl/xs/XMLSchemaLoader$LocationArray
instanceKlass org/apache/xerces/impl/xs/XMLSchemaValidator$LocalIDKey
instanceKlass org/apache/xerces/impl/xs/XMLSchemaValidator$ValueStoreCache
instanceKlass org/apache/xerces/impl/xs/identity/XPathMatcher
instanceKlass org/apache/xerces/impl/xs/XMLSchemaValidator$XPathMatcherStack
instanceKlass org/apache/xerces/impl/xs/XSNotationDecl
instanceKlass org/apache/xerces/impl/xs/XMLSchemaValidator$XSIErrorReporter
instanceKlass com/st/microxplorer/util/ComparatorMD5DB
instanceKlass org/apache/xerces/impl/xs/ElementPSVImpl
instanceKlass org/apache/xerces/xs/ElementPSVI
instanceKlass org/apache/xerces/xs/ItemPSVI
instanceKlass  @bci com/st/microxplorer/maingui/HomeAdPanel <init> ()V 920 <appendix> member <vmtarget> ; # com/st/microxplorer/maingui/HomeAdPanel$$Lambda+0x000000080082d1a8
instanceKlass  @bci com/st/microxplorer/maingui/HomeAdPanel <init> ()V 910 <appendix> member <vmtarget> ; # com/st/microxplorer/maingui/HomeAdPanel$$Lambda+0x000000080082cf80
instanceKlass  @bci com/st/microxplorer/maingui/HomeAdPanel createAdToggleButtons ()V 111 <appendix> member <vmtarget> ; # com/st/microxplorer/maingui/HomeAdPanel$$Lambda+0x000000080082cd58
instanceKlass  @bci com/st/microxplorer/maingui/HomeAdPanel createAdToggleButtons ()V 101 <appendix> member <vmtarget> ; # com/st/microxplorer/maingui/HomeAdPanel$$Lambda+0x000000080082cb30
instanceKlass org/apache/xerces/impl/xs/identity/ValueStore
instanceKlass org/apache/xerces/impl/xs/XMLSchemaValidator
instanceKlass org/apache/xerces/impl/xs/identity/FieldActivator
instanceKlass com/st/microxplorer/mcufinder/gui/selector/DetailPanel$5
instanceKlass com/st/microxplorer/mcufinder/gui/mcuselector/McuDetailPanel$1
instanceKlass com/st/components/pdscmanager/xml/PdscShemaChecker$PdscCheckErrorHandler
instanceKlass com/st/components/pdscmanager/xml/PdscShemaChecker
instanceKlass com/st/microxplorer/plugins/updater/xml/indexes/pindexes/Pdsc
instanceKlass com/st/microxplorer/plugins/updater/xml/indexes/pindexes/Pindex
instanceKlass org/joda/time/base/AbstractInstant
instanceKlass org/joda/time/ReadableDateTime
instanceKlass org/joda/time/ReadableInstant
instanceKlass org/joda/time/field/FieldUtils
instanceKlass org/joda/time/format/FormatUtils
instanceKlass org/joda/time/format/DateTimeParserBucket$SavedField
instanceKlass org/joda/time/format/DateTimeParserBucket
instanceKlass org/joda/time/tz/CachedDateTimeZone$Info
instanceKlass org/joda/time/tz/DateTimeZoneBuilder
instanceKlass org/joda/time/tz/ZoneInfoProvider$1
instanceKlass org/joda/time/tz/ZoneInfoProvider
instanceKlass org/joda/time/chrono/BasicChronology$YearInfo
instanceKlass org/joda/time/chrono/AssembledChronology$Fields
instanceKlass org/joda/time/DurationField
instanceKlass org/joda/time/DateTimeUtils$SystemMillisProvider
instanceKlass org/joda/time/ReadableInterval
instanceKlass org/joda/time/DateTimeUtils$MillisProvider
instanceKlass org/joda/time/Chronology
instanceKlass org/joda/time/DateTimeUtils
instanceKlass org/joda/time/tz/NameProvider
instanceKlass org/joda/time/tz/Provider
instanceKlass org/joda/time/DateTimeZone
instanceKlass org/joda/time/format/DateTimePrinterInternalPrinter
instanceKlass org/joda/time/format/DateTimeFormatterBuilder$MatchingParser
instanceKlass org/joda/time/format/DateTimeParserInternalParser
instanceKlass org/joda/time/format/InternalParserDateTimeParser
instanceKlass org/joda/time/format/DateTimeParser
instanceKlass java/awt/image/ColorConvertOp
instanceKlass java/awt/image/RasterOp
instanceKlass com/sun/imageio/plugins/jpeg/ImageTypeIterator
instanceKlass org/joda/time/format/DateTimeFormatterBuilder$TimeZoneOffset
instanceKlass com/sun/imageio/plugins/jpeg/ImageTypeProducer
instanceKlass sun/java2d/cmm/lcms/LCMSTransform$NativeTransform
instanceKlass sun/java2d/cmm/lcms/LCMSImageLayout
instanceKlass org/joda/time/format/DateTimeFormatterBuilder$Fraction
instanceKlass  @bci java/awt/color/ICC_Profile getStandardProfileInputStream (Ljava/lang/String;)Ljava/io/InputStream; 1 <appendix> member <vmtarget> ; # java/awt/color/ICC_Profile$$Lambda+0x0000000800842130
instanceKlass sun/java2d/cmm/lcms/LCMSTransform
instanceKlass sun/java2d/cmm/ColorTransform
instanceKlass  @bci sun/java2d/cmm/lcms/LCMSProfile getTag (I)[B 40 <appendix> member <vmtarget> ; # sun/java2d/cmm/lcms/LCMSProfile$$Lambda+0x00000008008414a8
instanceKlass org/joda/time/format/DateTimeFormatterBuilder$StringLiteral
instanceKlass org/joda/time/format/DateTimeFormatterBuilder$CharacterLiteral
instanceKlass org/joda/time/format/DateTimeFormatter
instanceKlass org/joda/time/format/DateTimeFormatterBuilder$Composite
instanceKlass org/joda/time/DateTimeField
instanceKlass org/joda/time/format/DateTimeFormatterBuilder$NumberFormatter
instanceKlass org/joda/time/DurationFieldType
instanceKlass org/joda/time/DateTimeFieldType
instanceKlass org/joda/time/format/InternalParser
instanceKlass org/joda/time/format/InternalPrinter
instanceKlass org/joda/time/format/DateTimeFormatterBuilder
instanceKlass org/joda/time/format/ISODateTimeFormat$Constants
instanceKlass sun/java2d/cmm/lcms/LCMS$1
instanceKlass java/util/concurrent/locks/StampedLock
instanceKlass org/joda/time/format/ISODateTimeFormat
instanceKlass sun/java2d/cmm/lcms/LCMS
instanceKlass sun/java2d/cmm/PCMM
instanceKlass sun/java2d/cmm/CMMServiceProvider
instanceKlass com/st/microxplorer/plugins/updater/xml/indexes/CmsisPackIndexFile
instanceKlass sun/java2d/cmm/CMSManager
instanceKlass sun/java2d/cmm/ProfileDataVerifier
instanceKlass com/sun/imageio/plugins/jpeg/JPEGImageReader$JPEGReaderDisposerRecord
instanceKlass com/sun/imageio/plugins/jpeg/JPEGImageReader$CallBackLock
instanceKlass javax/imageio/plugins/jpeg/JPEGHuffmanTable
instanceKlass javax/imageio/plugins/jpeg/JPEGQTable
instanceKlass com/sun/imageio/plugins/jpeg/JPEGImageReader$1
instanceKlass  @bci com/st/microxplorer/plugins/updater/xml/indexes/CmsisPackIndexFile readFile (Ljava/lang/String;I)Z 134 <adapter> ; # java/lang/invoke/LambdaForm$MH+0x0000000800816800
instanceKlass  @bci com/st/microxplorer/plugins/updater/xml/indexes/CmsisPackIndexFile readFile (Ljava/lang/String;I)Z 134 <appendix> form vmentry <vmtarget> ; # java/lang/invoke/LambdaForm$MH+0x0000000800816400
# instanceKlass java/lang/invoke/LambdaForm$MH+0x0000000800816000
instanceKlass  @bci com/st/microxplorer/plugins/updater/xml/indexes/CmsisPackIndexFile readFile (Ljava/lang/String;I)Z 134 <appendix> form names 6 function resolvedHandle form vmentry <vmtarget> ; # java/lang/invoke/LambdaForm$DMH+0x0000000800815c00
instanceKlass  @bci com/st/microxplorer/plugins/updater/xml/indexes/CmsisPackIndexFile readFile (Ljava/lang/String;I)Z 134 <appendix> argL3 form vmentry <vmtarget> ; # java/lang/invoke/LambdaForm$MH+0x0000000800815800
# instanceKlass java/lang/invoke/LambdaForm$MH+0x0000000800815400
# instanceKlass java/lang/invoke/LambdaForm$MH+0x0000000800815000
# instanceKlass java/lang/invoke/LambdaForm$MH+0x0000000800814c00
# instanceKlass java/lang/invoke/LambdaForm$MH+0x0000000800814800
instanceKlass  @bci com/st/microxplorer/plugins/updater/xml/indexes/CmsisPackIndexFile readFile (Ljava/lang/String;I)Z 134 <appendix> form names 10 function resolvedHandle form vmentry <vmtarget> ; # java/lang/invoke/LambdaForm$DMH+0x0000000800814400
instanceKlass  @bci com/st/microxplorer/plugins/updater/xml/indexes/CmsisPackIndexFile readFile (Ljava/lang/String;I)Z 134 <appendix> argL1 form vmentry <vmtarget> ; # java/lang/invoke/LambdaForm$MH+0x0000000800814000
# instanceKlass java/lang/invoke/LambdaForm$MH+0x00000008007e1c00
# instanceKlass java/lang/invoke/LambdaForm$MH+0x00000008007e1800
# instanceKlass java/lang/invoke/LambdaForm$MH+0x00000008007e1400
instanceKlass  @bci sun/util/locale/provider/JRELocaleProviderAdapter getTimeZoneNameProvider ()Ljava/util/spi/TimeZoneNameProvider; 8 <appendix> member <vmtarget> ; # sun/util/locale/provider/JRELocaleProviderAdapter$$Lambda+0x0000000800796120
instanceKlass sun/util/locale/provider/TimeZoneNameUtility$TimeZoneNameGetter
instanceKlass org/json/JSONTokener
instanceKlass org/json/JSONObject$Null
instanceKlass org/json/JSONArray
instanceKlass org/json/JSONObject
instanceKlass com/st/microxplorer/mcufinder/gui/McuFinderGUIConstants
instanceKlass  @bci java/util/regex/Pattern ALL ()Ljava/util/regex/Pattern$CharPredicate; 0 <appendix> argL0 ; # java/util/regex/Pattern$$Lambda+0x00000008007fe7f8
instanceKlass com/st/microxplorer/maingui/HomeAdPanel$1
instanceKlass com/st/microxplorer/mcufinder/gui/WebUtils
instanceKlass com/st/microxplorer/externaltools/Constants
instanceKlass com/st/microxplorer/util/FileProperty
# instanceKlass java/lang/invoke/LambdaForm$MH+0x00000008007e1000
instanceKlass com/st/microxplorer/maingui/MainPanel$1
instanceKlass javax/accessibility/AccessibleExtendedComponent
instanceKlass javax/swing/plaf/basic/BasicTabbedPaneUI$ScrollableTabSupport
instanceKlass com/st/microxplorer/plugins/power/PowerPluginView$12
instanceKlass com/st/microxplorer/plugins/analytics/AnalyticsUserPreferences$3
instanceKlass com/st/microxplorer/plugins/analytics/AnalyticsUserPreferences$2
instanceKlass com/st/microxplorer/plugins/analytics/AnalyticsUserPreferences$1
instanceKlass com/st/microxplorer/plugins/analytics/AnalyticsUserPreferences$5
instanceKlass com/st/microxplorer/plugins/analytics/PrivacyPageHelper
instanceKlass com/st/microxplorer/plugins/analytics/AnalyticsUserPreferences$4
instanceKlass java/text/BreakIterator
instanceKlass  @bci javax/swing/text/html/MuxingAttributeSet getAttribute (Ljava/lang/Object;)Ljava/lang/Object; 77 <appendix> argL0 ; # javax/swing/text/html/MuxingAttributeSet$$Lambda+0x00000008007f31a8
instanceKlass  @bci javax/swing/text/html/MuxingAttributeSet getAttribute (Ljava/lang/Object;)Ljava/lang/Object; 67 <appendix> argL0 ; # javax/swing/text/html/MuxingAttributeSet$$Lambda+0x00000008007f2f58
instanceKlass  @bci javax/swing/text/html/MuxingAttributeSet getAttribute (Ljava/lang/Object;)Ljava/lang/Object; 57 <appendix> member <vmtarget> ; # javax/swing/text/html/MuxingAttributeSet$$Lambda+0x00000008007f2d10
instanceKlass javax/swing/text/GlyphView$GlyphPainter
instanceKlass javax/swing/text/html/CSSBorder$StrokePainter
instanceKlass javax/swing/text/html/CSSBorder$SolidPainter
instanceKlass javax/swing/text/html/CSSBorder$NullPainter
instanceKlass javax/swing/text/html/CSSBorder$BorderPainter
instanceKlass javax/swing/text/html/StyleSheet$BoxPainter
instanceKlass javax/swing/text/html/StyleSheet$SearchBuffer
instanceKlass javax/swing/text/html/MuxingAttributeSet
instanceKlass javax/swing/text/GapContent$UndoPosRef
instanceKlass javax/swing/event/DocumentEvent$ElementChange
instanceKlass javax/swing/text/DefaultStyledDocument$ElementBuffer$ElemChanges
instanceKlass javax/swing/text/DefaultStyledDocument$ElementSpec
instanceKlass javax/swing/text/html/parser/ContentModelState
instanceKlass javax/swing/text/html/parser/TagStack
instanceKlass javax/swing/text/html/parser/TagElement
instanceKlass javax/swing/text/html/parser/Parser
instanceKlass javax/swing/text/html/HTMLDocument$HTMLReader$TagAction
instanceKlass javax/swing/text/html/HTMLEditorKit$ParserCallback
instanceKlass javax/swing/text/html/parser/AttributeList
instanceKlass javax/swing/text/html/parser/ContentModel
instanceKlass javax/swing/text/html/parser/ParserDelegator$1
instanceKlass javax/swing/text/html/parser/Entity
instanceKlass javax/swing/text/html/parser/Element
instanceKlass javax/swing/text/html/parser/DTD
instanceKlass javax/swing/text/html/parser/DTDConstants
instanceKlass javax/swing/text/html/HTMLEditorKit$Parser
instanceKlass javax/swing/text/html/CSS$ShorthandMarginParser
instanceKlass javax/swing/text/html/CSS$LengthUnit
instanceKlass javax/swing/text/html/HTMLEditorKit$1
instanceKlass javax/swing/text/html/CSSParser
instanceKlass javax/swing/text/html/StyleSheet$CssParser
instanceKlass javax/swing/text/html/CSSParser$CSSParserCallback
instanceKlass javax/swing/text/html/StyleSheet$SelectorMapping
instanceKlass com/st/microxplorer/plugins/updater/util/BufferPool
instanceKlass javax/swing/text/html/CSS$CssValue
instanceKlass javax/swing/text/html/CSS$Value
instanceKlass javax/swing/text/html/CSS$Attribute
instanceKlass javax/swing/text/html/CSS
instanceKlass javax/swing/text/html/HTML$Attribute
instanceKlass javax/swing/text/html/HTML
instanceKlass javax/swing/text/html/HTML$Tag
instanceKlass javax/swing/text/html/HTMLEditorKit$HTMLFactory
instanceKlass sun/net/www/http/KeepAliveEntry
instanceKlass com/st/library/dynamicproxy/AbortIfNull
instanceKlass com/st/library/dynamicproxy/ContextValidator
instanceKlass sun/net/www/http/KeepAliveCache$1
instanceKlass com/st/microxplorer/plugins/analytics/AnalyticsUserPreferences
instanceKlass com/st/microxplorer/maingui/MainPanel$30
instanceKlass com/st/microxplorer/maingui/MenuBar$9
instanceKlass com/st/microxplorer/maingui/UserPreferencesView$5
instanceKlass com/st/microxplorer/maingui/UserPreferencesView$1
instanceKlass com/st/microxplorer/maingui/UserPreferencesView$4
instanceKlass java/awt/peer/DialogPeer
instanceKlass sun/security/provider/ByteArrayAccess$LE
instanceKlass com/st/microxplorer/maingui/UserPreferencesView
instanceKlass  @bci com/st/microxplorer/plugins/updater/engine/ServerAccessManage valueString (FZ)Ljava/lang/String; 99 <appendix> form vmentry <vmtarget> ; # java/lang/invoke/LambdaForm$MH+0x00000008007e0c00
# instanceKlass java/lang/invoke/LambdaForm$MH+0x00000008007e0800
instanceKlass com/st/microxplorer/plugins/tools/ToolsMainPanel$1
instanceKlass jdk/internal/math/MathUtils
instanceKlass jdk/internal/math/FloatToDecimal
instanceKlass  @bci com/st/microxplorer/plugins/updater/engine/ServerAccessManage readHttpFile (Ljava/lang/String;Ljava/lang/String;FLjava/beans/PropertyChangeSupport;)I 561 <appendix> form vmentry <vmtarget> ; # java/lang/invoke/LambdaForm$MH+0x00000008007e0400
instanceKlass  @bci com/st/microxplorer/plugins/filemanager/iocCompare/IocComparePanel CreateUI2 (Z)Ljavax/swing/JPanel; 824 <appendix> member <vmtarget> ; # com/st/microxplorer/plugins/filemanager/iocCompare/IocComparePanel$$Lambda+0x00000008007dd960
instanceKlass sun/net/www/http/KeepAliveStreamCleaner$2
instanceKlass sun/net/www/http/KeepAliveStreamCleaner$1
instanceKlass  @bci com/st/microxplorer/plugins/filemanager/iocCompare/IocComparePanel CreateUI2 (Z)Ljavax/swing/JPanel; 769 <appendix> member <vmtarget> ; # com/st/microxplorer/plugins/filemanager/iocCompare/IocComparePanel$$Lambda+0x00000008007dd738
instanceKlass  @bci com/st/microxplorer/plugins/filemanager/iocCompare/IocComparePanel CreateUI2 (Z)Ljavax/swing/JPanel; 700 <appendix> member <vmtarget> ; # com/st/microxplorer/plugins/filemanager/iocCompare/IocComparePanel$$Lambda+0x00000008007dd510
instanceKlass sun/net/www/http/Hurryable
instanceKlass java/util/OptionalInt
instanceKlass  @bci com/st/microxplorer/plugins/filemanager/iocCompare/IocComparePanel CreateUI2 (Z)Ljavax/swing/JPanel; 648 <appendix> member <vmtarget> ; # com/st/microxplorer/plugins/filemanager/iocCompare/IocComparePanel$$Lambda+0x00000008007dd2e8
instanceKlass sun/net/www/HeaderParser
instanceKlass  @bci com/st/microxplorer/plugins/filemanager/iocCompare/IocComparePanel CreateUI2 (Z)Ljavax/swing/JPanel; 596 <appendix> member <vmtarget> ; # com/st/microxplorer/plugins/filemanager/iocCompare/IocComparePanel$$Lambda+0x00000008007dd0c0
instanceKlass  @bci com/st/microxplorer/plugins/filemanager/iocCompare/IocComparePanel CreateUI2 (Z)Ljavax/swing/JPanel; 442 <appendix> member <vmtarget> ; # com/st/microxplorer/plugins/filemanager/iocCompare/IocComparePanel$$Lambda+0x00000008007dce98
instanceKlass com/st/microxplorer/plugins/filemanager/iocCompare/IocComparePanel$2
instanceKlass  @bci com/st/microxplorer/plugins/filemanager/iocCompare/IocComparePanel CreateUI2 (Z)Ljavax/swing/JPanel; 219 <appendix> form vmentry <vmtarget> ; # java/lang/invoke/LambdaForm$DMH+0x00000008007e0000
instanceKlass  @bci com/st/microxplorer/plugins/filemanager/iocCompare/IocComparePanel CreateUI2 (Z)Ljavax/swing/JPanel; 219 <appendix> member <vmtarget> ; # com/st/microxplorer/plugins/filemanager/iocCompare/IocComparePanel$$Lambda+0x00000008007dca40
instanceKlass  @cpi com/st/microxplorer/plugins/filemanager/iocCompare/IocComparePanel 1328 form vmentry <vmtarget> ; # java/lang/invoke/LambdaForm$DMH+0x00000008007cbc00
instanceKlass  @bci javax/swing/border/TitledBorder installPropertyChangeListeners ()V 32 <appendix> member <vmtarget> ; # javax/swing/border/TitledBorder$$Lambda+0x00000008007a8090
instanceKlass  @bci javax/swing/border/TitledBorder installPropertyChangeListeners ()V 10 <appendix> member <vmtarget> ; # javax/swing/border/TitledBorder$$Lambda+0x00000008007a7e68
instanceKlass  @bci com/st/microxplorer/plugins/filemanager/iocCompare/IocComparePanel initCommands ()V 37 <appendix> member <vmtarget> ; # com/st/microxplorer/plugins/filemanager/iocCompare/IocComparePanel$$Lambda+0x00000008007dc818
instanceKlass  @bci com/st/microxplorer/plugins/filemanager/iocCompare/IocComparePanel initCommands ()V 22 <appendix> member <vmtarget> ; # com/st/microxplorer/plugins/filemanager/iocCompare/IocComparePanel$$Lambda+0x00000008007dc5f0
instanceKlass  @bci com/st/microxplorer/plugins/filemanager/iocCompare/IocComparePanel initCommands ()V 7 <appendix> member <vmtarget> ; # com/st/microxplorer/plugins/filemanager/iocCompare/IocComparePanel$$Lambda+0x00000008007dc3c8
instanceKlass sun/net/www/protocol/http/AuthCacheValue
instanceKlass sun/security/ssl/TransportContext$NotifyHandshake$1
instanceKlass sun/security/ssl/TransportContext$NotifyHandshake
instanceKlass org/apache/poi/ss/usermodel/Row
instanceKlass org/apache/poi/ss/usermodel/CellStyle
instanceKlass sun/security/internal/spec/TlsPrfParameterSpec
instanceKlass sun/security/internal/spec/TlsKeyMaterialSpec
instanceKlass sun/security/internal/spec/TlsKeyMaterialParameterSpec
instanceKlass sun/security/ssl/SSLTrafficKeyDerivation$LegacyTrafficKeyDerivation
instanceKlass org/apache/poi/ss/usermodel/Workbook
instanceKlass com/sun/crypto/provider/TlsMasterSecretGenerator$TlsMasterSecretKey
instanceKlass sun/security/internal/interfaces/TlsMasterSecret
instanceKlass sun/security/internal/spec/TlsMasterSecretParameterSpec
instanceKlass sun/security/ssl/SSLMasterKeyDerivation$LegacyMasterKeyDerivation
instanceKlass sun/security/ssl/SSLMasterKeyDerivation$1
instanceKlass com/st/microxplorer/plugins/filemanager/engine/SaveFileManager$1
instanceKlass com/st/microxplorer/plugins/filemanager/engine/SaveFileManager
instanceKlass sun/security/ssl/ECDHKeyExchange$1
instanceKlass com/st/microxplorer/plugins/filemanager/engine/OpenFileManager$1
instanceKlass sun/security/ssl/ECDHClientKeyExchange$ECDHEClientKeyExchangeProducer
instanceKlass sun/security/ssl/ECDHClientKeyExchange$ECDHEClientKeyExchangeConsumer
instanceKlass com/st/microxplorer/plugins/filemanager/engine/OpenFileManager
instanceKlass sun/security/ssl/ECDHClientKeyExchange$ECDHClientKeyExchangeProducer
instanceKlass sun/security/ssl/ECDHClientKeyExchange$ECDHClientKeyExchangeConsumer
instanceKlass sun/security/ssl/ECDHClientKeyExchange
instanceKlass java/security/spec/ECPublicKeySpec
instanceKlass sun/security/ssl/ECDHKeyExchange$ECDHECredentials
instanceKlass sun/security/ssl/ECDHServerKeyExchange$ECDHServerKeyExchangeProducer
instanceKlass sun/security/ssl/ECDHServerKeyExchange$ECDHServerKeyExchangeConsumer
instanceKlass com/st/microxplorer/plugins/pinoutandconfiguration/PinoutAndConfigurationView$13
instanceKlass sun/security/ssl/ECDHServerKeyExchange
instanceKlass sun/security/util/HostnameChecker
# instanceKlass java/lang/invoke/LambdaForm$DMH+0x00000008007cb800
# instanceKlass java/lang/invoke/LambdaForm$DMH+0x00000008007cb400
instanceKlass com/st/microxplorer/plugins/pinoutandconfiguration/PinoutAndConfigurationView$1
instanceKlass java/security/PKCS12Attribute
instanceKlass java/security/KeyStore$Entry$Attribute
instanceKlass sun/security/pkcs12/PKCS12KeyStore$Entry
instanceKlass sun/security/util/IOUtils
instanceKlass sun/security/util/AnchorCertificates$1
instanceKlass sun/security/util/AnchorCertificates
instanceKlass sun/security/ssl/SSLAuthentication
instanceKlass sun/security/ssl/SSLKeyExchange$SSLKeyExECDHERSAOrPSS
instanceKlass sun/security/ssl/SSLKeyExchange$1
instanceKlass sun/security/ssl/SessionTicketExtension$SessionTicketSpec
instanceKlass sun/security/ssl/RenegoInfoExtension$RenegotiationInfoSpec
instanceKlass sun/security/ssl/HandshakeHash$T12HandshakeHash
instanceKlass sun/net/www/http/KeepAliveKey
instanceKlass sun/net/NetworkClient$1
instanceKlass sun/net/NetworkClient
instanceKlass javax/net/ssl/HandshakeCompletedListener
instanceKlass sun/net/www/protocol/http/HttpURLConnection$7
instanceKlass java/net/ResponseCache
instanceKlass sun/net/www/protocol/http/HttpURLConnection$3
instanceKlass java/net/CookieHandler
instanceKlass sun/net/www/protocol/http/HttpURLConnection$2
instanceKlass sun/net/util/ProxyUtil
instanceKlass  @bci sun/net/www/protocol/http/AuthCacheImpl getAuthCacheFor (Ljava/net/Authenticator;)Lsun/net/www/protocol/http/AuthCacheImpl; 4 <appendix> argL0 ; # sun/net/www/protocol/http/AuthCacheImpl$$Lambda+0x000000080079cd40
instanceKlass sun/net/www/protocol/http/AuthCacheImpl
instanceKlass sun/net/www/protocol/http/AuthCache
instanceKlass  @bci sun/net/www/protocol/http/HttpURLConnection getNetProperty (Ljava/lang/String;)Ljava/lang/String; 1 <appendix> member <vmtarget> ; # sun/net/www/protocol/http/HttpURLConnection$$Lambda+0x000000080079c6c0
instanceKlass sun/swing/MenuItemLayoutHelper$RectSize
instanceKlass com/st/microxplorer/plugins/pinoutandconfiguration/PinoutAndConfigurationView$2
instanceKlass javax/net/ssl/KeyManagerFactorySpi
instanceKlass com/st/microxplorer/plugins/pinoutandconfiguration/PinoutAndConfigurationView$4
instanceKlass  @bci javax/net/ssl/KeyManagerFactory getDefaultAlgorithm ()Ljava/lang/String; 0 <appendix> argL0 ; # javax/net/ssl/KeyManagerFactory$$Lambda+0x000000080079a8f8
instanceKlass javax/net/ssl/KeyManagerFactory
instanceKlass  @bci sun/security/util/KeyStoreDelegator <init> (Ljava/lang/String;Ljava/lang/Class;Ljava/lang/String;Ljava/lang/Class;)V 4 <appendix> argL0 ; # sun/security/util/KeyStoreDelegator$$Lambda+0x000000080079a4c8
# instanceKlass java/lang/invoke/LambdaForm$MH+0x00000008007cb000
instanceKlass sun/security/ssl/SSLContextImpl$DefaultManagersHolder$1
instanceKlass sun/security/ssl/SSLContextImpl$DefaultManagersHolder
instanceKlass javax/swing/plaf/basic/BasicSplitPaneDivider$OneTouchActionHandler
instanceKlass  @bci javax/net/ssl/SSLSocketFactory getSecurityProperty (Ljava/lang/String;)Ljava/lang/String; 1 <appendix> member <vmtarget> ; # javax/net/ssl/SSLSocketFactory$$Lambda+0x0000000800798ac8
instanceKlass javax/net/ssl/SSLSocketFactory$DefaultFactoryHolder
instanceKlass javax/net/ssl/HttpsURLConnection$DefaultHostnameVerifier
instanceKlass com/st/microxplorer/plugins/pinoutandconfiguration/PinoutAndConfigurationView$3
instanceKlass com/st/microxplorer/plugins/updater/cli/UpdaterCli$14
instanceKlass com/st/microxplorer/plugins/updater/cli/UpdaterCli$13
instanceKlass com/st/microxplorer/plugins/updater/cli/UpdaterCli$12
instanceKlass com/st/microxplorer/plugins/updater/cli/UpdaterCli$11
instanceKlass com/st/microxplorer/plugins/updater/cli/UpdaterCli$10
instanceKlass com/st/microxplorer/plugins/updater/cli/UpdaterCli$9
instanceKlass com/st/microxplorer/plugins/updater/cli/UpdaterCli$8
instanceKlass com/st/microxplorer/plugins/updater/cli/UpdaterCli$7
instanceKlass com/st/microxplorer/plugins/updater/cli/UpdaterCli$6
instanceKlass com/st/microxplorer/plugins/updater/cli/UpdaterCli$5
instanceKlass com/st/microxplorer/plugins/updater/cli/UpdaterCli$4
instanceKlass com/st/microxplorer/plugins/updater/cli/UpdaterCli$3
instanceKlass com/st/microxplorer/plugins/updater/cli/UpdaterCli$2
instanceKlass com/st/microxplorer/plugins/updater/cli/UpdaterCli$1
instanceKlass com/st/microxplorer/plugins/updater/cli/UpdaterCli
instanceKlass sun/nio/ch/FileKey
instanceKlass sun/nio/ch/FileLockTable
instanceKlass java/nio/channels/FileLock
instanceKlass sun/security/ssl/Alert$AlertConsumer
instanceKlass  @bci com/st/microxplorer/plugins/updater/engine/CheckConnectionManager getHttpFileSize (Ljava/lang/String;)J 163 <adapter> ; # java/lang/invoke/LambdaForm$MH+0x00000008007cac00
# instanceKlass java/lang/invoke/LambdaForm$DMH+0x00000008007ca800
instanceKlass  @bci com/st/microxplorer/plugins/updater/engine/CheckConnectionManager getHttpFileSize (Ljava/lang/String;)J 163 <appendix> form vmentry <vmtarget> ; # java/lang/invoke/LambdaForm$MH+0x00000008007ca400
# instanceKlass java/lang/invoke/LambdaForm$MH+0x00000008007ca000
instanceKlass  @bci com/st/microxplorer/plugins/updater/engine/CheckConnectionManager getHttpFileSize (Ljava/lang/String;)J 163 <appendix> argL3 form vmentry <vmtarget> ; # java/lang/invoke/LambdaForm$MH+0x00000008007c9c00
# instanceKlass java/lang/invoke/LambdaForm$MH+0x00000008007c9800
# instanceKlass java/lang/invoke/LambdaForm$MH+0x00000008007c9400
# instanceKlass java/lang/invoke/LambdaForm$MH+0x00000008007c9000
# instanceKlass java/lang/invoke/LambdaForm$MH+0x00000008007c8c00
instanceKlass  @bci com/st/microxplorer/plugins/updater/engine/CheckConnectionManager getHttpFileSize (Ljava/lang/String;)J 163 <appendix> argL1 form vmentry <vmtarget> ; # java/lang/invoke/LambdaForm$MH+0x00000008007c8800
# instanceKlass java/lang/invoke/LambdaForm$MH+0x00000008007c8400
# instanceKlass java/lang/invoke/LambdaForm$MH+0x00000008007c8000
# instanceKlass java/lang/invoke/LambdaForm$MH+0x00000008007c4400
instanceKlass org/apache/http/entity/HttpEntityWrapper
instanceKlass org/apache/http/conn/EofSensorWatcher
instanceKlass org/apache/http/impl/execchain/HttpResponseProxy
instanceKlass org/apache/http/message/TokenParser
instanceKlass org/apache/http/HeaderElement
instanceKlass org/apache/http/NameValuePair
instanceKlass org/apache/http/message/BasicHeaderValueParser
instanceKlass org/apache/http/message/HeaderValueParser
instanceKlass org/apache/http/message/BasicHeaderElementIterator
instanceKlass org/apache/http/message/BasicHeaderIterator
instanceKlass org/apache/http/message/BasicTokenIterator
instanceKlass org/apache/http/entity/AbstractHttpEntity
instanceKlass org/apache/http/message/BufferedHeader
instanceKlass org/apache/http/message/BasicStatusLine
instanceKlass org/apache/http/protocol/HTTP
instanceKlass org/apache/http/message/ParserCursor
instanceKlass org/apache/http/FormattedHeader
instanceKlass org/apache/http/message/BasicListHeaderIterator
instanceKlass org/apache/http/impl/auth/HttpAuthenticator$1
instanceKlass org/apache/http/conn/ssl/DefaultHostnameVerifier$1
instanceKlass org/apache/http/conn/ssl/SubjectName
instanceKlass org/apache/http/conn/util/InetAddressUtils
instanceKlass com/sun/crypto/provider/GaloisCounterMode$EncryptOp
instanceKlass sun/security/ssl/SSLBasicKeyDerivation$SecretSizeSpec
instanceKlass sun/security/ssl/SSLBasicKeyDerivation
instanceKlass sun/security/ssl/Finished$1
instanceKlass sun/security/ssl/Finished$T13VerifyDataGenerator
instanceKlass sun/security/ssl/Finished$T12VerifyDataGenerator
instanceKlass sun/security/ssl/Finished$T10VerifyDataGenerator
instanceKlass sun/security/ssl/Finished$S30VerifyDataGenerator
instanceKlass sun/security/ssl/Finished$VerifyDataGenerator
instanceKlass sun/security/rsa/MGF1
instanceKlass sun/security/ssl/X509Authentication$X509Credentials
instanceKlass sun/security/ssl/SSLConfiguration$1
instanceKlass javax/net/ssl/SSLParameters
instanceKlass sun/security/validator/CamerfirmaTLSPolicy
instanceKlass sun/security/validator/EntrustTLSPolicy
instanceKlass sun/security/validator/SymantecTLSPolicy
instanceKlass sun/security/validator/CADistrustPolicy$4
instanceKlass java/security/cert/PKIXCertPathValidatorResult
instanceKlass java/security/cert/CertPathValidatorResult
instanceKlass sun/security/rsa/RSAPadding
instanceKlass sun/security/rsa/RSACore
instanceKlass java/security/interfaces/RSAPrivateCrtKey
instanceKlass java/security/interfaces/RSAPrivateKey
instanceKlass sun/security/util/SignatureUtil
instanceKlass java/security/interfaces/DSAPublicKey
instanceKlass java/security/interfaces/DSAKey
instanceKlass sun/security/provider/certpath/CertPathConstraintsParameters
instanceKlass sun/security/util/ConstraintsParameters
instanceKlass sun/security/provider/certpath/PKIXMasterCertPathValidator
instanceKlass sun/security/provider/certpath/PolicyNodeImpl
instanceKlass java/security/cert/PolicyNode
instanceKlass sun/security/util/DisabledAlgorithmConstraints$CertPathHolder
instanceKlass  @bci sun/security/x509/X509CertImpl getFingerprint (Ljava/lang/String;Lsun/security/util/Debug;)Ljava/lang/String; 7 <appendix> member <vmtarget> ; # sun/security/x509/X509CertImpl$$Lambda+0x000000080078e678
instanceKlass sun/security/util/UntrustedCertificates$1
instanceKlass sun/security/util/UntrustedCertificates
instanceKlass java/security/cert/X509CertSelector
instanceKlass java/security/cert/CertSelector
instanceKlass sun/security/provider/certpath/PKIX$ValidatorParams
instanceKlass sun/security/provider/certpath/PKIX
instanceKlass java/security/cert/CertPath
instanceKlass java/security/cert/CertPathValidatorSpi
instanceKlass java/security/cert/CertPathValidator
instanceKlass java/security/cert/PKIXCertPathChecker
instanceKlass java/security/cert/CertPathChecker
instanceKlass java/security/Timestamp
instanceKlass sun/security/ssl/SSLAlgorithmConstraints$SupportedSignatureAlgorithmConstraints
instanceKlass java/lang/ConditionalSpecialCasing$Entry
instanceKlass java/lang/ConditionalSpecialCasing
# instanceKlass java/lang/invoke/LambdaForm$MH+0x00000008007c4000
instanceKlass jdk/internal/icu/impl/NormalizerImpl$ReorderingBuffer
instanceKlass jdk/internal/icu/impl/Norm2AllModes$NFKCSingleton
instanceKlass jdk/internal/icu/text/NormalizerBase$ModeImpl
instanceKlass jdk/internal/icu/text/NormalizerBase$NFKDModeImpl
instanceKlass jdk/internal/icu/text/NormalizerBase$1
instanceKlass java/text/Normalizer
instanceKlass sun/security/pkcs/SignerInfo
instanceKlass sun/security/pkcs/PKCS9Attribute
instanceKlass sun/security/x509/AVAKeyword
instanceKlass java/security/cert/PKIXParameters
instanceKlass java/security/cert/CertPathParameters
instanceKlass sun/security/provider/certpath/CertPathHelper
instanceKlass java/security/cert/TrustAnchor
instanceKlass sun/security/validator/EndEntityChecker
instanceKlass sun/security/validator/Validator
instanceKlass javax/net/ssl/SSLEngine
instanceKlass sun/security/util/MemoryCache$CacheEntry
instanceKlass sun/security/util/Cache$EqualByteArray
instanceKlass sun/security/ssl/CertificateMessage$CertificateEntry
instanceKlass sun/security/ssl/ServerNameExtension$SHServerNamesSpec
instanceKlass com/sun/crypto/provider/GaloisCounterMode$DecryptOp
instanceKlass com/sun/crypto/provider/GaloisCounterMode$GCMOperation
instanceKlass com/sun/crypto/provider/GHASH
instanceKlass com/sun/crypto/provider/GCM
instanceKlass com/sun/crypto/provider/GaloisCounterMode$GCMEngine
instanceKlass javax/crypto/spec/GCMParameterSpec
instanceKlass sun/security/ssl/ChangeCipherSpec$T13ChangeCipherSpecConsumer
instanceKlass sun/security/ssl/ChangeCipherSpec$T10ChangeCipherSpecProducer
instanceKlass sun/security/ssl/ChangeCipherSpec$T10ChangeCipherSpecConsumer
instanceKlass sun/security/ssl/ChangeCipherSpec
instanceKlass javax/crypto/spec/IvParameterSpec
instanceKlass sun/security/ssl/SSLTrafficKeyDerivation$T13TrafficKeyDerivation
instanceKlass sun/security/ssl/SSLTrafficKeyDerivation$1
instanceKlass sun/security/ssl/SSLTrafficKeyDerivation$T13TrafficKeyDerivationGenerator
instanceKlass sun/security/ssl/SSLTrafficKeyDerivation$T12TrafficKeyDerivationGenerator
instanceKlass sun/security/ssl/SSLTrafficKeyDerivation$T10TrafficKeyDerivationGenerator
instanceKlass sun/security/ssl/SSLTrafficKeyDerivation$S30TrafficKeyDerivationGenerator
instanceKlass sun/security/ssl/SSLKeyDerivationGenerator
instanceKlass sun/security/ssl/SSLSecretDerivation
instanceKlass javax/crypto/MacSpi
instanceKlass javax/crypto/Mac
instanceKlass sun/security/ssl/HKDF
instanceKlass  @bci javax/crypto/spec/SecretKeySpec <clinit> ()V 0 <appendix> argL0 ; # javax/crypto/spec/SecretKeySpec$$Lambda+0x00000008007815f0
instanceKlass jdk/internal/access/JavaxCryptoSpecAccess
instanceKlass javax/crypto/spec/SecretKeySpec
instanceKlass  @bci sun/security/ec/XDHKeyAgreement engineDoPhase (Ljava/security/Key;Z)Ljava/security/Key; 70 <appendix> argL0 ; # sun/security/ec/XDHKeyAgreement$$Lambda+0x00000008007c0460
instanceKlass  @bci sun/security/ec/XDHKeyAgreement initImpl (Ljava/security/Key;)V 66 <appendix> argL0 ; # sun/security/ec/XDHKeyAgreement$$Lambda+0x00000008007c0240
instanceKlass  @bci sun/security/ec/XDHKeyAgreement initImpl (Ljava/security/Key;)V 38 <appendix> argL0 ; # sun/security/ec/XDHKeyAgreement$$Lambda+0x00000008007c0000
instanceKlass  @bci sun/security/ec/XDHKeyAgreement initImpl (Ljava/security/Key;)V 22 <appendix> argL0 ; # sun/security/ec/XDHKeyAgreement$$Lambda+0x000000080073bd50
instanceKlass javax/crypto/SecretKey
instanceKlass javax/crypto/KeyAgreementSpi
instanceKlass sun/security/ssl/KAKeyDerivation
instanceKlass sun/security/ssl/XDHKeyExchange$XDHEKAGenerator
instanceKlass sun/security/ssl/XDHKeyExchange
instanceKlass  @bci sun/security/ec/XDHKeyFactory generatePublicImpl (Ljava/security/spec/KeySpec;)Ljava/security/PublicKey; 65 <appendix> argL0 ; # sun/security/ec/XDHKeyFactory$$Lambda+0x000000080073b8d0
instanceKlass  @bci sun/security/ec/XDHKeyFactory generatePublicImpl (Ljava/security/spec/KeySpec;)Ljava/security/PublicKey; 51 <appendix> argL0 ; # sun/security/ec/XDHKeyFactory$$Lambda+0x000000080073b690
instanceKlass java/security/spec/XECPublicKeySpec
instanceKlass sun/security/ssl/XDHKeyExchange$XDHECredentials
instanceKlass sun/security/ssl/NamedGroupCredentials
instanceKlass sun/security/ssl/KeyShareExtension$SHKeyShareSpec
instanceKlass sun/security/ssl/HandshakeHash$CloneableHash
instanceKlass sun/security/ssl/HandshakeHash$T13HandshakeHash
instanceKlass sun/security/ssl/SupportedVersionsExtension$SHSupportedVersionsSpec
instanceKlass sun/security/ssl/TransportContext$1
instanceKlass sun/security/ssl/Plaintext
instanceKlass sun/security/ssl/OutputRecord$T13PaddingHolder
instanceKlass sun/security/ssl/KeyShareExtension$CHKeyShareSpec
instanceKlass sun/security/util/math/IntegerModuloP$MultiplicativeInverser$Secp256R1
instanceKlass sun/security/ec/ECOperations$PointMultiplier$Default
instanceKlass sun/security/ec/ECOperations$PointMultiplier$Secp256R1GeneratorMultiplier$P256
instanceKlass sun/security/ec/ECOperations$PointMultiplier$Secp256R1GeneratorMultiplier
instanceKlass sun/security/ec/ECOperations$PointMultiplier
instanceKlass  @bci sun/security/ec/ECPrivateKeyImpl calculatePublicKey ()Ljava/security/PublicKey; 9 <appendix> argL0 ; # sun/security/ec/ECPrivateKeyImpl$$Lambda+0x0000000800739740
instanceKlass sun/security/util/ArrayUtil
instanceKlass java/security/interfaces/ECPrivateKey
instanceKlass sun/security/ec/ECOperations
instanceKlass sun/security/ssl/ECDHKeyExchange$ECDHEPossession
instanceKlass sun/security/ssl/KeyShareExtension$KeyShareEntry
instanceKlass sun/security/ssl/XDHKeyExchange$1
instanceKlass sun/security/pkcs/PKCS8Key
instanceKlass sun/security/util/InternalPrivateKey
instanceKlass java/security/interfaces/XECPrivateKey
instanceKlass java/security/interfaces/XECPublicKey
instanceKlass java/security/interfaces/XECKey
instanceKlass java/security/KeyPair
instanceKlass java/math/MutableBigInteger
instanceKlass sun/security/util/math/IntegerModuloP$MultiplicativeInverser$Default
instanceKlass sun/security/util/math/IntegerModuloP$MultiplicativeInverser
instanceKlass sun/security/util/math/MutableIntegerModuloP
instanceKlass sun/security/jca/JCAUtil$CachedSecureRandomHolder
instanceKlass sun/security/ec/XECOperations
instanceKlass sun/security/ec/XECParameters
instanceKlass  @bci sun/security/ec/XDHKeyPairGenerator initialize (Ljava/security/spec/AlgorithmParameterSpec;Ljava/security/SecureRandom;)V 0 <appendix> argL0 ; # sun/security/ec/XDHKeyPairGenerator$$Lambda+0x00000008007384d0
instanceKlass sun/security/ssl/XDHKeyExchange$XDHEPossession
instanceKlass sun/security/ssl/ECDHKeyExchange$ECDHEXDHKAGenerator
instanceKlass sun/security/ssl/ECDHKeyExchange$ECDHEKAGenerator
instanceKlass sun/security/ssl/ECDHKeyExchange$ECDHKAGenerator
instanceKlass sun/security/ssl/ECDHKeyExchange$ECDHEPossessionGenerator
instanceKlass sun/security/ssl/ECDHKeyExchange
instanceKlass sun/security/ssl/DHKeyExchange$DHEKAGenerator
instanceKlass sun/security/ssl/DHKeyExchange$DHEPossessionGenerator
instanceKlass sun/security/ssl/DHKeyExchange
instanceKlass sun/security/ssl/RSAKeyExchange$RSAKAGenerator
instanceKlass sun/security/ssl/RSAKeyExchange$EphemeralRSAPossessionGenerator
instanceKlass sun/security/ssl/RSAKeyExchange
instanceKlass sun/security/ssl/SSLKeyExchange$T13KeyAgreement
instanceKlass sun/security/ssl/SSLKeyAgreement
instanceKlass sun/security/ssl/SSLPossessionGenerator
instanceKlass sun/security/ssl/SSLKeyExchange
instanceKlass sun/security/ssl/SSLHandshakeBinding
instanceKlass sun/security/ssl/SSLKeyAgreementGenerator
instanceKlass sun/security/ssl/PskKeyExchangeModesExtension$PskKeyExchangeModesSpec
instanceKlass sun/security/ssl/SupportedVersionsExtension$CHSupportedVersionsSpec
instanceKlass sun/security/ssl/SignatureAlgorithmsExtension$SignatureSchemesSpec
instanceKlass  @bci sun/security/util/DisabledAlgorithmConstraints permits (Ljava/lang/String;Ljava/util/Set;)Z 20 <appendix> member <vmtarget> ; # sun/security/util/DisabledAlgorithmConstraints$$Lambda+0x0000000800779fd8
instanceKlass sun/security/ssl/ExtendedMasterSecretExtension$ExtendedMasterSecretSpec
instanceKlass sun/security/ssl/CertStatusExtension$CertStatusRequestV2Spec
instanceKlass sun/security/ssl/ECPointFormatsExtension$ECPointFormatsSpec
instanceKlass sun/security/ssl/SupportedGroupsExtension$SupportedGroupsSpec
instanceKlass sun/security/ssl/CertStatusExtension$CertStatusRequest
instanceKlass sun/security/ssl/CertStatusExtension$CertStatusRequestSpec
instanceKlass sun/security/ssl/ServerNameExtension$CHServerNamesSpec
instanceKlass sun/security/ssl/SSLExtension$SSLExtensionSpec
instanceKlass sun/security/ssl/SSLExtension$ClientExtensions
instanceKlass sun/security/ssl/PreSharedKeyExtension$SHPreSharedKeyStringizer
instanceKlass sun/security/ssl/PreSharedKeyExtension$SHPreSharedKeyAbsence
instanceKlass sun/security/ssl/PreSharedKeyExtension$SHPreSharedKeyConsumer
instanceKlass sun/security/ssl/PreSharedKeyExtension$SHPreSharedKeyProducer
instanceKlass sun/security/ssl/PreSharedKeyExtension$CHPreSharedKeyStringizer
instanceKlass sun/security/ssl/PreSharedKeyExtension$CHPreSharedKeyOnTradeAbsence
instanceKlass sun/security/ssl/PreSharedKeyExtension$CHPreSharedKeyUpdate
instanceKlass sun/security/ssl/PreSharedKeyExtension$CHPreSharedKeyOnLoadAbsence
instanceKlass sun/security/ssl/PreSharedKeyExtension$CHPreSharedKeyConsumer
instanceKlass sun/security/ssl/PreSharedKeyExtension$CHPreSharedKeyProducer
instanceKlass sun/security/ssl/PreSharedKeyExtension
instanceKlass sun/security/ssl/RenegoInfoExtension$RenegotiationInfoStringizer
instanceKlass sun/security/ssl/RenegoInfoExtension$SHRenegotiationInfoAbsence
instanceKlass sun/security/ssl/RenegoInfoExtension$SHRenegotiationInfoConsumer
instanceKlass sun/security/ssl/RenegoInfoExtension$SHRenegotiationInfoProducer
instanceKlass sun/security/ssl/RenegoInfoExtension$CHRenegotiationInfoAbsence
instanceKlass sun/security/ssl/RenegoInfoExtension$CHRenegotiationInfoConsumer
instanceKlass sun/security/ssl/RenegoInfoExtension$CHRenegotiationInfoProducer
instanceKlass sun/security/ssl/RenegoInfoExtension
instanceKlass sun/security/ssl/KeyShareExtension$HRRKeyShareStringizer
instanceKlass sun/security/ssl/KeyShareExtension$HRRKeyShareReproducer
instanceKlass sun/security/ssl/KeyShareExtension$HRRKeyShareConsumer
instanceKlass sun/security/ssl/KeyShareExtension$HRRKeyShareProducer
instanceKlass sun/security/ssl/KeyShareExtension$SHKeyShareStringizer
instanceKlass sun/security/ssl/KeyShareExtension$SHKeyShareAbsence
instanceKlass sun/security/ssl/KeyShareExtension$SHKeyShareConsumer
instanceKlass sun/security/ssl/KeyShareExtension$SHKeyShareProducer
instanceKlass sun/security/ssl/KeyShareExtension$CHKeyShareStringizer
instanceKlass sun/security/ssl/KeyShareExtension$CHKeyShareOnTradeAbsence
instanceKlass sun/security/ssl/KeyShareExtension$CHKeyShareConsumer
instanceKlass sun/security/ssl/KeyShareExtension$CHKeyShareProducer
instanceKlass sun/security/ssl/KeyShareExtension
instanceKlass sun/security/ssl/CertSignAlgsExtension$CertSignatureSchemesStringizer
instanceKlass sun/security/ssl/CertSignAlgsExtension$CRCertSignatureSchemesUpdate
instanceKlass sun/security/ssl/CertSignAlgsExtension$CRCertSignatureSchemesConsumer
instanceKlass sun/security/ssl/CertSignAlgsExtension$CRCertSignatureSchemesProducer
instanceKlass sun/security/ssl/CertSignAlgsExtension$CHCertSignatureSchemesUpdate
instanceKlass sun/security/ssl/CertSignAlgsExtension$CHCertSignatureSchemesConsumer
instanceKlass sun/security/ssl/CertSignAlgsExtension$CHCertSignatureSchemesProducer
instanceKlass sun/security/ssl/CertSignAlgsExtension
instanceKlass sun/security/ssl/CertificateAuthoritiesExtension$CertificateAuthoritiesStringizer
instanceKlass sun/security/ssl/CertificateAuthoritiesExtension$CRCertificateAuthoritiesConsumer
instanceKlass sun/security/ssl/CertificateAuthoritiesExtension$CRCertificateAuthoritiesProducer
instanceKlass sun/security/ssl/CertificateAuthoritiesExtension$CHCertificateAuthoritiesConsumer
instanceKlass sun/security/ssl/CertificateAuthoritiesExtension$CHCertificateAuthoritiesProducer
instanceKlass sun/security/ssl/CertificateAuthoritiesExtension
instanceKlass sun/security/ssl/PskKeyExchangeModesExtension$PskKeyExchangeModesStringizer
instanceKlass sun/security/ssl/PskKeyExchangeModesExtension$PskKeyExchangeModesOnTradeAbsence
instanceKlass sun/security/ssl/PskKeyExchangeModesExtension$PskKeyExchangeModesOnLoadAbsence
instanceKlass sun/security/ssl/PskKeyExchangeModesExtension$PskKeyExchangeModesConsumer
instanceKlass sun/security/ssl/PskKeyExchangeModesExtension$PskKeyExchangeModesProducer
instanceKlass sun/security/ssl/PskKeyExchangeModesExtension
instanceKlass sun/security/ssl/CookieExtension$CookieStringizer
instanceKlass sun/security/ssl/CookieExtension$HRRCookieReproducer
instanceKlass sun/security/ssl/CookieExtension$HRRCookieConsumer
instanceKlass sun/security/ssl/CookieExtension$HRRCookieProducer
instanceKlass sun/security/ssl/CookieExtension$CHCookieUpdate
instanceKlass sun/security/ssl/CookieExtension$CHCookieConsumer
instanceKlass sun/security/ssl/CookieExtension$CHCookieProducer
instanceKlass sun/security/ssl/CookieExtension
instanceKlass sun/security/ssl/SupportedVersionsExtension$HRRSupportedVersionsReproducer
instanceKlass sun/security/ssl/SupportedVersionsExtension$HRRSupportedVersionsConsumer
instanceKlass sun/security/ssl/SupportedVersionsExtension$HRRSupportedVersionsProducer
instanceKlass sun/security/ssl/SupportedVersionsExtension$SHSupportedVersionsStringizer
instanceKlass sun/security/ssl/SupportedVersionsExtension$SHSupportedVersionsConsumer
instanceKlass sun/security/ssl/SupportedVersionsExtension$SHSupportedVersionsProducer
instanceKlass sun/security/ssl/SupportedVersionsExtension$CHSupportedVersionsStringizer
instanceKlass sun/security/ssl/SupportedVersionsExtension$CHSupportedVersionsConsumer
instanceKlass sun/security/ssl/SupportedVersionsExtension$CHSupportedVersionsProducer
instanceKlass sun/security/ssl/SupportedVersionsExtension
instanceKlass sun/security/ssl/SignatureAlgorithmsExtension$SignatureSchemesStringizer
instanceKlass sun/security/ssl/SignatureAlgorithmsExtension$CRSignatureSchemesUpdate
instanceKlass sun/security/ssl/SignatureAlgorithmsExtension$CRSignatureSchemesAbsence
instanceKlass sun/security/ssl/SignatureAlgorithmsExtension$CRSignatureSchemesConsumer
instanceKlass sun/security/ssl/SignatureAlgorithmsExtension$CRSignatureSchemesProducer
instanceKlass sun/security/ssl/SignatureAlgorithmsExtension$CHSignatureSchemesOnTradeAbsence
instanceKlass sun/security/ssl/SignatureAlgorithmsExtension$CHSignatureSchemesUpdate
instanceKlass sun/security/ssl/SignatureAlgorithmsExtension$CHSignatureSchemesOnLoadAbsence
instanceKlass sun/security/ssl/SignatureAlgorithmsExtension$CHSignatureSchemesConsumer
instanceKlass sun/security/ssl/SignatureAlgorithmsExtension$CHSignatureSchemesProducer
instanceKlass sun/security/ssl/SignatureAlgorithmsExtension
instanceKlass sun/security/ssl/SessionTicketExtension$SessionTicketStringizer
instanceKlass sun/security/ssl/SessionTicketExtension$T12SHSessionTicketConsumer
instanceKlass sun/security/ssl/SessionTicketExtension$T12SHSessionTicketProducer
instanceKlass sun/security/ssl/SessionTicketExtension$T12CHSessionTicketConsumer
instanceKlass sun/security/ssl/SessionTicketExtension$T12CHSessionTicketProducer
instanceKlass sun/security/ssl/SessionTicketExtension
instanceKlass sun/security/ssl/ExtendedMasterSecretExtension$ExtendedMasterSecretStringizer
instanceKlass sun/security/ssl/ExtendedMasterSecretExtension$SHExtendedMasterSecretAbsence
instanceKlass sun/security/ssl/ExtendedMasterSecretExtension$SHExtendedMasterSecretConsumer
instanceKlass sun/security/ssl/ExtendedMasterSecretExtension$SHExtendedMasterSecretProducer
instanceKlass sun/security/ssl/ExtendedMasterSecretExtension$CHExtendedMasterSecretAbsence
instanceKlass sun/security/ssl/ExtendedMasterSecretExtension$CHExtendedMasterSecretConsumer
instanceKlass sun/security/ssl/ExtendedMasterSecretExtension$CHExtendedMasterSecretProducer
instanceKlass sun/security/ssl/ExtendedMasterSecretExtension
instanceKlass  @bci sun/security/ssl/AlpnExtension <clinit> ()V 100 <appendix> argL0 ; # sun/security/ssl/AlpnExtension$$Lambda+0x000000080076b1e8
instanceKlass sun/security/ssl/AlpnExtension$AlpnStringizer
instanceKlass sun/security/ssl/AlpnExtension$SHAlpnAbsence
instanceKlass sun/security/ssl/AlpnExtension$SHAlpnConsumer
instanceKlass sun/security/ssl/AlpnExtension$SHAlpnProducer
instanceKlass sun/security/ssl/AlpnExtension$CHAlpnAbsence
instanceKlass sun/security/ssl/AlpnExtension$CHAlpnConsumer
instanceKlass sun/security/ssl/AlpnExtension$CHAlpnProducer
instanceKlass sun/security/ssl/AlpnExtension
instanceKlass sun/security/ssl/ECPointFormatsExtension$ECPointFormatsStringizer
instanceKlass sun/security/ssl/ECPointFormatsExtension$SHECPointFormatsConsumer
instanceKlass sun/security/ssl/ECPointFormatsExtension$CHECPointFormatsConsumer
instanceKlass sun/security/ssl/ECPointFormatsExtension$CHECPointFormatsProducer
instanceKlass sun/security/ssl/ECPointFormatsExtension
instanceKlass sun/security/ssl/SupportedGroupsExtension$EESupportedGroupsConsumer
instanceKlass sun/security/ssl/SupportedGroupsExtension$EESupportedGroupsProducer
instanceKlass sun/security/ssl/SupportedGroupsExtension$SupportedGroupsStringizer
instanceKlass sun/security/ssl/SupportedGroupsExtension$CHSupportedGroupsOnTradeAbsence
instanceKlass sun/security/ssl/SupportedGroupsExtension$CHSupportedGroupsConsumer
instanceKlass sun/security/ssl/SupportedGroupsExtension$CHSupportedGroupsProducer
instanceKlass sun/security/ssl/SupportedGroupsExtension
instanceKlass sun/security/ssl/CertStatusExtension$CertStatusRespStringizer
instanceKlass sun/security/ssl/CertStatusExtension$CertStatusRequestsStringizer
instanceKlass sun/security/ssl/CertStatusExtension$SHCertStatusReqV2Consumer
instanceKlass sun/security/ssl/CertStatusExtension$SHCertStatusReqV2Producer
instanceKlass sun/security/ssl/CertStatusExtension$CHCertStatusReqV2Consumer
instanceKlass sun/security/ssl/CertStatusExtension$CHCertStatusReqV2Producer
instanceKlass sun/security/ssl/CertStatusExtension$CertStatusRequestStringizer
instanceKlass sun/security/ssl/CertStatusExtension$CTCertStatusResponseConsumer
instanceKlass sun/security/ssl/CertStatusExtension$CTCertStatusResponseProducer
instanceKlass sun/security/ssl/CertStatusExtension$SHCertStatusReqConsumer
instanceKlass sun/security/ssl/CertStatusExtension$SHCertStatusReqProducer
instanceKlass sun/security/ssl/CertStatusExtension$CHCertStatusReqConsumer
instanceKlass sun/security/ssl/CertStatusExtension$CHCertStatusReqProducer
instanceKlass sun/security/ssl/CertStatusExtension
instanceKlass sun/security/ssl/MaxFragExtension$MaxFragLenStringizer
instanceKlass sun/security/ssl/MaxFragExtension$EEMaxFragmentLengthUpdate
instanceKlass sun/security/ssl/MaxFragExtension$EEMaxFragmentLengthConsumer
instanceKlass sun/security/ssl/MaxFragExtension$EEMaxFragmentLengthProducer
instanceKlass sun/security/ssl/MaxFragExtension$SHMaxFragmentLengthUpdate
instanceKlass sun/security/ssl/MaxFragExtension$SHMaxFragmentLengthConsumer
instanceKlass sun/security/ssl/MaxFragExtension$SHMaxFragmentLengthProducer
instanceKlass sun/security/ssl/MaxFragExtension$CHMaxFragmentLengthConsumer
instanceKlass sun/security/ssl/MaxFragExtension$CHMaxFragmentLengthProducer
instanceKlass sun/security/ssl/MaxFragExtension
instanceKlass sun/security/ssl/ServerNameExtension$EEServerNameConsumer
instanceKlass sun/security/ssl/ServerNameExtension$EEServerNameProducer
instanceKlass sun/security/ssl/ServerNameExtension$SHServerNamesStringizer
instanceKlass sun/security/ssl/ServerNameExtension$SHServerNameConsumer
instanceKlass sun/security/ssl/ServerNameExtension$SHServerNameProducer
instanceKlass sun/security/ssl/ServerNameExtension$CHServerNamesStringizer
instanceKlass sun/security/ssl/ServerNameExtension$CHServerNameConsumer
instanceKlass sun/security/ssl/SSLExtension$ExtensionConsumer
instanceKlass sun/security/ssl/ServerNameExtension$CHServerNameProducer
instanceKlass sun/security/ssl/ServerNameExtension
instanceKlass sun/security/ssl/SSLStringizer
instanceKlass sun/security/ssl/SSLExtensions
instanceKlass sun/security/ssl/SSLHandshake$HandshakeMessage
instanceKlass sun/security/ssl/RandomCookie
instanceKlass sun/security/util/KeyUtil
instanceKlass sun/security/ssl/SSLKeyDerivation
instanceKlass sun/security/ssl/SSLCredentials
instanceKlass sun/security/ssl/NamedGroupPossession
instanceKlass sun/security/ssl/SSLPossession
instanceKlass sun/security/ssl/HandshakeContext
instanceKlass jdk/internal/icu/impl/Trie2$UTrie2Header
instanceKlass jdk/internal/icu/impl/Trie2$1
instanceKlass jdk/internal/icu/impl/Trie2$ValueMapper
instanceKlass jdk/internal/icu/impl/Trie2
instanceKlass jdk/internal/icu/impl/UCharacterProperty$IsAcceptable
instanceKlass jdk/internal/icu/impl/UCharacterProperty$IntProperty
instanceKlass jdk/internal/icu/impl/UCharacterProperty
instanceKlass jdk/internal/icu/impl/Trie
instanceKlass jdk/internal/icu/text/StringPrep$StringPrepTrieImpl
instanceKlass jdk/internal/icu/impl/Trie$DataManipulate
instanceKlass jdk/internal/icu/impl/StringPrepDataReader
instanceKlass jdk/internal/icu/text/StringPrep
instanceKlass java/net/IDN
instanceKlass javax/net/ssl/SNIServerName
instanceKlass sun/security/ssl/DTLSRecord
instanceKlass sun/security/ssl/SessionId
instanceKlass java/security/spec/MGF1ParameterSpec
instanceKlass sun/security/ec/ParametersMap$1
instanceKlass  @bci sun/security/ec/ed/EdDSAParameters <clinit> ()V 268 <appendix> argL0 ; # sun/security/ec/ed/EdDSAParameters$$Lambda+0x0000000800737828
instanceKlass sun/security/ec/ed/EdDSAParameters$SHAKE256DigesterFactory
instanceKlass sun/security/ec/point/ProjectivePoint
instanceKlass  @bci sun/security/ec/ed/EdDSAParameters <clinit> ()V 117 <appendix> argL0 ; # sun/security/ec/ed/EdDSAParameters$$Lambda+0x0000000800736e60
instanceKlass sun/security/ec/ed/EdDSAParameters$Digester
instanceKlass sun/security/ec/ed/EdDSAParameters$SHA512DigesterFactory
instanceKlass sun/security/ec/point/ExtendedHomogeneousPoint
instanceKlass sun/security/ec/point/AffinePoint
instanceKlass sun/security/util/math/intpoly/IntegerPolynomial$Limb
instanceKlass sun/security/util/math/SmallValue
instanceKlass sun/security/ec/point/ImmutablePoint
instanceKlass sun/security/ec/point/MutablePoint
instanceKlass sun/security/ec/point/Point
instanceKlass sun/security/util/math/intpoly/IntegerPolynomial$Element
instanceKlass sun/security/util/math/ImmutableIntegerModuloP
instanceKlass sun/security/util/math/IntegerModuloP
instanceKlass sun/security/util/math/intpoly/IntegerPolynomial
instanceKlass sun/security/ec/ParametersMap
instanceKlass sun/security/ec/ed/EdECOperations
instanceKlass sun/security/ec/ed/EdDSAParameters$DigesterFactory
instanceKlass sun/security/util/math/IntegerFieldModuloP
instanceKlass sun/security/ec/ed/EdDSAParameters
instanceKlass  @bci sun/security/ec/ed/EdDSASignature <init> (Ljava/security/spec/NamedParameterSpec;)V 27 <appendix> argL0 ; # sun/security/ec/ed/EdDSASignature$$Lambda+0x0000000800734c70
instanceKlass java/security/spec/EdDSAParameterSpec
instanceKlass sun/security/ec/ed/EdDSASignature$MessageAccumulator
instanceKlass javax/net/ssl/ExtendedSSLSession
instanceKlass javax/net/ssl/SSLSession
instanceKlass javax/crypto/spec/DHParameterSpec
instanceKlass sun/security/ssl/PredefinedDHParameterSpecs$1
instanceKlass sun/security/ssl/PredefinedDHParameterSpecs
instanceKlass sun/security/ssl/NamedGroup$SupportedGroups
instanceKlass sun/security/ssl/SSLConfiguration$CustomizedClientSignatureSchemes
instanceKlass javax/crypto/KeyGeneratorSpi
instanceKlass javax/crypto/KeyGenerator
instanceKlass sun/security/ssl/SSLConfiguration
instanceKlass sun/security/ssl/SSLCipher$SSLWriteCipher
instanceKlass sun/security/ssl/KeyUpdate$KeyUpdateProducer
instanceKlass sun/security/ssl/KeyUpdate$KeyUpdateConsumer
instanceKlass sun/security/ssl/KeyUpdate$KeyUpdateKickstartProducer
instanceKlass sun/security/ssl/KeyUpdate
instanceKlass sun/security/ssl/CertificateStatus$CertificateStatusAbsence
instanceKlass sun/security/ssl/HandshakeAbsence
instanceKlass sun/security/ssl/CertificateStatus$CertificateStatusProducer
instanceKlass sun/security/ssl/CertificateStatus$CertificateStatusConsumer
instanceKlass sun/security/ssl/CertificateStatus
instanceKlass sun/security/ssl/Finished$T13FinishedProducer
instanceKlass sun/security/ssl/Finished$T13FinishedConsumer
instanceKlass sun/security/ssl/Finished$T12FinishedProducer
instanceKlass sun/security/ssl/Finished$T12FinishedConsumer
instanceKlass sun/security/ssl/Finished
instanceKlass sun/security/ssl/ClientKeyExchange$ClientKeyExchangeProducer
instanceKlass sun/security/ssl/ClientKeyExchange$ClientKeyExchangeConsumer
instanceKlass sun/security/ssl/ClientKeyExchange
instanceKlass sun/security/ssl/CertificateVerify$T13CertificateVerifyProducer
instanceKlass sun/security/ssl/CertificateVerify$T13CertificateVerifyConsumer
instanceKlass sun/security/ssl/CertificateVerify$T12CertificateVerifyProducer
instanceKlass sun/security/ssl/CertificateVerify$T12CertificateVerifyConsumer
instanceKlass sun/security/ssl/CertificateVerify$T10CertificateVerifyProducer
instanceKlass sun/security/ssl/CertificateVerify$T10CertificateVerifyConsumer
instanceKlass sun/security/ssl/CertificateVerify$S30CertificateVerifyProducer
instanceKlass sun/security/ssl/CertificateVerify$S30CertificateVerifyConsumer
instanceKlass sun/security/ssl/CertificateVerify
instanceKlass sun/security/ssl/ServerHelloDone$ServerHelloDoneProducer
instanceKlass sun/security/ssl/ServerHelloDone$ServerHelloDoneConsumer
instanceKlass sun/security/ssl/ServerHelloDone
instanceKlass sun/security/ssl/CertificateRequest$T13CertificateRequestProducer
instanceKlass sun/security/ssl/CertificateRequest$T13CertificateRequestConsumer
instanceKlass sun/security/ssl/CertificateRequest$T12CertificateRequestProducer
instanceKlass sun/security/ssl/CertificateRequest$T12CertificateRequestConsumer
instanceKlass sun/security/ssl/CertificateRequest$T10CertificateRequestProducer
instanceKlass sun/security/ssl/CertificateRequest$T10CertificateRequestConsumer
instanceKlass sun/security/ssl/CertificateRequest
instanceKlass sun/security/ssl/ServerKeyExchange$ServerKeyExchangeProducer
instanceKlass sun/security/ssl/ServerKeyExchange$ServerKeyExchangeConsumer
instanceKlass sun/security/ssl/ServerKeyExchange
instanceKlass sun/security/ssl/CertificateMessage$T13CertificateProducer
instanceKlass sun/security/ssl/CertificateMessage$T13CertificateConsumer
instanceKlass sun/security/ssl/CertificateMessage$T12CertificateProducer
instanceKlass sun/security/ssl/CertificateMessage$T12CertificateConsumer
instanceKlass sun/security/ssl/CertificateMessage
instanceKlass sun/security/ssl/EncryptedExtensions$EncryptedExtensionsConsumer
instanceKlass sun/security/ssl/EncryptedExtensions$EncryptedExtensionsProducer
instanceKlass sun/security/ssl/EncryptedExtensions
instanceKlass sun/security/ssl/NewSessionTicket$T12NewSessionTicketProducer
instanceKlass sun/security/ssl/NewSessionTicket$T13NewSessionTicketProducer
instanceKlass sun/security/ssl/NewSessionTicket$T12NewSessionTicketConsumer
instanceKlass sun/security/ssl/NewSessionTicket$T13NewSessionTicketConsumer
instanceKlass sun/security/ssl/NewSessionTicket
instanceKlass sun/security/ssl/HelloVerifyRequest$HelloVerifyRequestProducer
instanceKlass sun/security/ssl/HelloVerifyRequest$HelloVerifyRequestConsumer
instanceKlass sun/security/ssl/HelloVerifyRequest
instanceKlass sun/security/ssl/ServerHello$T13HelloRetryRequestConsumer
instanceKlass sun/security/ssl/ServerHello$T13ServerHelloConsumer
instanceKlass sun/security/ssl/ServerHello$T12ServerHelloConsumer
instanceKlass sun/security/ssl/ServerHello$T13HelloRetryRequestReproducer
instanceKlass sun/security/ssl/ServerHello$T13HelloRetryRequestProducer
instanceKlass sun/security/ssl/ServerHello$T13ServerHelloProducer
instanceKlass sun/security/ssl/ServerHello$T12ServerHelloProducer
instanceKlass sun/security/ssl/ServerHello$ServerHelloConsumer
instanceKlass sun/security/ssl/ServerHello
instanceKlass sun/security/ssl/ClientHello$D13ClientHelloConsumer
instanceKlass sun/security/ssl/ClientHello$D12ClientHelloConsumer
instanceKlass sun/security/ssl/ClientHello$T13ClientHelloConsumer
instanceKlass sun/security/ssl/ClientHello$T12ClientHelloConsumer
instanceKlass sun/security/ssl/HandshakeConsumer
instanceKlass sun/security/ssl/ClientHello$ClientHelloProducer
instanceKlass sun/security/ssl/ClientHello$ClientHelloConsumer
instanceKlass sun/security/ssl/ClientHello$ClientHelloKickstartProducer
instanceKlass sun/security/ssl/ClientHello
instanceKlass sun/security/ssl/HelloRequest$HelloRequestProducer
instanceKlass sun/security/ssl/HelloRequest$HelloRequestConsumer
instanceKlass sun/security/ssl/HelloRequest$HelloRequestKickstartProducer
instanceKlass sun/security/ssl/SSLProducer
instanceKlass sun/security/ssl/HelloRequest
instanceKlass sun/security/ssl/HandshakeProducer
instanceKlass sun/security/ssl/SSLConsumer
instanceKlass sun/security/ssl/Authenticator$MacImpl
instanceKlass sun/security/ssl/Authenticator$MAC
instanceKlass sun/security/ssl/Authenticator
instanceKlass sun/security/ssl/SSLCipher$SSLReadCipher
instanceKlass sun/security/ssl/InputRecord
instanceKlass sun/security/ssl/SSLRecord
instanceKlass sun/security/ssl/Record
instanceKlass sun/security/ssl/TransportContext
instanceKlass sun/security/ssl/ConnectionContext
instanceKlass sun/security/ssl/HandshakeHash$CacheOnlyHash
instanceKlass sun/security/ssl/HandshakeHash$TranscriptHash
instanceKlass sun/security/ssl/HandshakeHash
instanceKlass sun/security/ssl/SSLTransport
instanceKlass sun/net/NetHooks
instanceKlass sun/net/spi/DefaultProxySelector$3
instanceKlass sun/net/spi/DefaultProxySelector$NonProxyInfo
instanceKlass sun/net/NetProperties$1
instanceKlass sun/net/NetProperties
instanceKlass sun/net/spi/DefaultProxySelector$1
instanceKlass java/net/Proxy
instanceKlass java/net/ProxySelector
instanceKlass java/net/SocksSocketImpl$3
instanceKlass java/net/InetSocketAddress$InetSocketAddressHolder
instanceKlass sun/nio/ch/ExtendedSocketOption$1
instanceKlass sun/nio/ch/ExtendedSocketOption
instanceKlass sun/nio/ch/OptionKey
instanceKlass sun/nio/ch/SocketOptionRegistry$LazyInitialization
instanceKlass sun/nio/ch/SocketOptionRegistry$RegistryKey
instanceKlass sun/nio/ch/SocketOptionRegistry
instanceKlass java/net/StandardSocketOptions$StdSocketOption
instanceKlass java/net/StandardSocketOptions
instanceKlass  @bci sun/nio/ch/NioSocketImpl closerFor (Ljava/io/FileDescriptor;Z)Ljava/lang/Runnable; 5 <appendix> member <vmtarget> ; # sun/nio/ch/NioSocketImpl$$Lambda+0x0000000800745148
instanceKlass jdk/net/ExtendedSocketOptions$2
instanceKlass jdk/net/ExtendedSocketOptions$PlatformSocketOptions
instanceKlass jdk/net/ExtendedSocketOptions$ExtSocketOption
instanceKlass java/net/SocketOption
instanceKlass jdk/net/ExtendedSocketOptions
instanceKlass sun/net/ext/ExtendedSocketOptions
instanceKlass sun/nio/ch/Net$1
instanceKlass java/net/ProtocolFamily
instanceKlass sun/nio/ch/Net
instanceKlass java/net/SocksConsts
instanceKlass sun/net/PlatformSocketImpl
instanceKlass java/net/SocketImpl
instanceKlass java/net/SocketOptions
instanceKlass org/apache/http/config/SocketConfig$Builder
instanceKlass org/apache/http/config/SocketConfig
instanceKlass org/apache/http/conn/routing/RouteTracker
instanceKlass org/apache/http/impl/execchain/ConnectionHolder
instanceKlass org/apache/http/conn/ConnectionReleaseTrigger
instanceKlass org/apache/http/impl/conn/CPoolProxy
instanceKlass org/apache/http/impl/conn/Wire
instanceKlass org/apache/http/impl/io/AbstractMessageParser
instanceKlass org/apache/http/util/CharArrayBuffer
instanceKlass org/apache/http/impl/io/AbstractMessageWriter
instanceKlass org/apache/http/impl/HttpConnectionMetricsImpl
instanceKlass org/apache/http/impl/io/SessionOutputBufferImpl
instanceKlass org/apache/http/util/ByteArrayBuffer
instanceKlass org/apache/http/config/MessageConstraints$Builder
instanceKlass org/apache/http/config/MessageConstraints
instanceKlass org/apache/http/impl/io/SessionInputBufferImpl
instanceKlass org/apache/http/io/BufferInfo
instanceKlass org/apache/http/impl/io/HttpTransportMetricsImpl
instanceKlass org/apache/http/HttpConnectionMetrics
instanceKlass org/apache/http/io/HttpTransportMetrics
instanceKlass org/apache/http/io/SessionInputBuffer
instanceKlass org/apache/http/io/SessionOutputBuffer
instanceKlass org/apache/http/config/ConnectionConfig$Builder
instanceKlass org/apache/http/config/ConnectionConfig
instanceKlass org/apache/http/impl/conn/PoolingHttpClientConnectionManager$1
instanceKlass org/apache/http/pool/AbstractConnPool$2
instanceKlass org/apache/http/util/Asserts
instanceKlass org/apache/http/impl/cookie/DefaultCookieSpec
instanceKlass org/apache/http/impl/cookie/BasicDomainHandler
instanceKlass org/apache/http/impl/cookie/RFC2109DomainHandler
instanceKlass org/apache/http/impl/cookie/RFC2965DiscardAttributeHandler
instanceKlass org/apache/http/impl/cookie/RFC2965CommentUrlAttributeHandler
instanceKlass org/apache/http/impl/cookie/AbstractCookieAttributeHandler
instanceKlass org/apache/http/impl/cookie/RFC2965PortAttributeHandler
instanceKlass org/apache/http/impl/cookie/PublicSuffixDomainFilter
instanceKlass org/apache/http/impl/cookie/RFC2965DomainAttributeHandler
instanceKlass org/apache/http/impl/cookie/RFC2965VersionAttributeHandler
instanceKlass org/apache/http/cookie/SetCookie
instanceKlass org/apache/http/cookie/Cookie
instanceKlass org/apache/http/impl/cookie/AbstractCookieSpec
instanceKlass org/apache/http/cookie/CookieOrigin
instanceKlass org/apache/http/message/BasicHeader
instanceKlass org/apache/http/client/utils/URIBuilder
instanceKlass org/apache/http/conn/routing/HttpRoute
instanceKlass org/apache/http/auth/AuthState
instanceKlass org/apache/http/protocol/HttpCoreContext
instanceKlass org/apache/http/protocol/BasicHttpContext
instanceKlass org/apache/http/message/BasicRequestLine
instanceKlass org/apache/http/params/HttpProtocolParams
instanceKlass org/apache/http/params/CoreProtocolPNames
instanceKlass org/apache/http/params/AbstractHttpParams
instanceKlass org/apache/http/params/HttpParamsNames
instanceKlass org/apache/http/HttpEntityEnclosingRequest
instanceKlass org/apache/http/HttpHost
instanceKlass org/apache/http/client/utils/URIUtils
instanceKlass org/apache/http/message/HeaderGroup
instanceKlass org/apache/http/params/HttpParams
instanceKlass org/apache/http/message/AbstractHttpMessage
instanceKlass org/apache/http/client/methods/AbortableHttpRequest
instanceKlass org/apache/http/client/methods/HttpExecutionAware
instanceKlass org/apache/http/conn/ClientConnectionManager
instanceKlass org/apache/http/impl/client/HttpClientBuilder$2
instanceKlass org/apache/http/cookie/CookieIdentityComparator
instanceKlass org/apache/http/impl/client/BasicCookieStore
instanceKlass org/apache/http/impl/cookie/IgnoreSpecProvider
instanceKlass org/apache/http/impl/cookie/NetscapeDraftSpecProvider
instanceKlass org/apache/http/impl/cookie/RFC6265CookieSpecProvider
instanceKlass org/apache/http/cookie/CookieSpec
instanceKlass org/apache/http/impl/cookie/BasicPathHandler
instanceKlass org/apache/http/cookie/CommonCookieAttributeHandler
instanceKlass org/apache/http/cookie/CookieAttributeHandler
instanceKlass org/apache/http/impl/cookie/DefaultCookieSpecProvider
instanceKlass org/apache/http/cookie/CookieSpecProvider
instanceKlass org/apache/http/impl/client/CookieSpecRegistries
instanceKlass org/apache/http/impl/auth/KerberosSchemeFactory
instanceKlass org/apache/http/impl/auth/SPNegoSchemeFactory
instanceKlass org/apache/http/impl/auth/NTLMSchemeFactory
instanceKlass org/apache/http/impl/auth/DigestSchemeFactory
instanceKlass org/apache/http/auth/AuthScheme
instanceKlass org/apache/http/impl/auth/BasicSchemeFactory
instanceKlass org/apache/http/auth/AuthSchemeProvider
instanceKlass org/apache/http/auth/AuthSchemeFactory
instanceKlass org/apache/http/impl/execchain/RedirectExec
instanceKlass org/apache/http/impl/client/DefaultRedirectStrategy
instanceKlass org/apache/http/impl/conn/DefaultRoutePlanner
instanceKlass org/apache/http/impl/execchain/RetryExec
instanceKlass org/apache/http/impl/client/DefaultHttpRequestRetryHandler
instanceKlass org/apache/http/impl/execchain/ProtocolExec
instanceKlass org/apache/http/client/entity/DeflateInputStreamFactory
instanceKlass org/apache/http/client/entity/GZIPInputStreamFactory
instanceKlass org/apache/http/client/entity/InputStreamFactory
instanceKlass org/apache/http/client/protocol/ResponseContentEncoding
instanceKlass org/apache/http/client/protocol/ResponseProcessCookies
instanceKlass org/apache/http/client/protocol/RequestAuthCache
instanceKlass org/apache/http/client/protocol/RequestAcceptEncoding
instanceKlass org/apache/http/client/protocol/RequestAddCookies
instanceKlass org/apache/http/protocol/ChainBuilder
instanceKlass org/apache/http/client/protocol/RequestExpectContinue
instanceKlass org/apache/http/client/protocol/RequestClientConnControl
instanceKlass org/apache/http/protocol/RequestContent
instanceKlass org/apache/http/client/protocol/RequestDefaultHeaders
instanceKlass org/apache/http/protocol/HttpProcessorBuilder
instanceKlass org/apache/http/conn/routing/BasicRouteDirector
instanceKlass org/apache/http/impl/auth/HttpAuthenticator
instanceKlass org/apache/http/client/methods/CloseableHttpResponse
instanceKlass org/apache/http/conn/routing/HttpRouteDirector
instanceKlass org/apache/http/HttpEntity
instanceKlass org/apache/http/conn/routing/RouteInfo
instanceKlass org/apache/http/impl/execchain/MainClientExec
instanceKlass org/apache/http/protocol/RequestUserAgent
instanceKlass org/apache/http/protocol/RequestTargetHost
instanceKlass org/apache/http/protocol/ImmutableHttpProcessor
instanceKlass org/apache/http/util/VersionInfo
instanceKlass org/apache/http/impl/client/DefaultUserTokenHandler
instanceKlass org/apache/http/client/AuthCache
instanceKlass org/apache/http/impl/client/AuthenticationStrategyImpl
instanceKlass org/apache/http/HeaderElementIterator
instanceKlass org/apache/http/impl/client/DefaultConnectionKeepAliveStrategy
instanceKlass org/apache/http/HeaderIterator
instanceKlass org/apache/http/TokenIterator
instanceKlass org/apache/http/impl/DefaultConnectionReuseStrategy
instanceKlass org/apache/http/impl/entity/StrictContentLengthStrategy
instanceKlass org/apache/http/impl/entity/LaxContentLengthStrategy
instanceKlass org/apache/http/impl/EnglishReasonPhraseCatalog
instanceKlass org/apache/http/ReasonPhraseCatalog
instanceKlass org/apache/http/HttpResponse
instanceKlass org/apache/http/impl/DefaultHttpResponseFactory
instanceKlass org/apache/http/Header
instanceKlass org/apache/http/StatusLine
instanceKlass org/apache/http/RequestLine
instanceKlass org/apache/http/message/BasicLineParser
instanceKlass org/apache/http/io/HttpMessageParser
instanceKlass org/apache/http/HttpResponseFactory
instanceKlass org/apache/http/message/LineParser
instanceKlass org/apache/http/impl/conn/DefaultHttpResponseParserFactory
instanceKlass org/apache/http/message/BasicLineFormatter
instanceKlass org/apache/http/io/HttpMessageWriter
instanceKlass org/apache/http/message/LineFormatter
instanceKlass org/apache/http/impl/io/DefaultHttpRequestWriterFactory
instanceKlass org/apache/http/impl/BHttpConnectionBase
instanceKlass org/apache/http/conn/ManagedHttpClientConnection
instanceKlass org/apache/http/HttpInetConnection
instanceKlass org/apache/http/HttpClientConnection
instanceKlass org/apache/http/HttpConnection
instanceKlass org/apache/http/entity/ContentLengthStrategy
instanceKlass org/apache/http/io/HttpMessageParserFactory
instanceKlass org/apache/http/io/HttpMessageWriterFactory
instanceKlass org/apache/http/impl/conn/ManagedHttpClientConnectionFactory
instanceKlass org/apache/http/conn/HttpConnectionFactory
instanceKlass org/apache/http/impl/conn/PoolingHttpClientConnectionManager$InternalConnectionFactory
instanceKlass org/apache/http/pool/RouteSpecificPool
instanceKlass org/apache/http/pool/PoolEntryCallback
instanceKlass org/apache/http/pool/AbstractConnPool
instanceKlass org/apache/http/pool/ConnPool
instanceKlass org/apache/http/impl/conn/PoolingHttpClientConnectionManager$ConfigData
instanceKlass org/apache/http/impl/conn/SystemDefaultDnsResolver
instanceKlass org/apache/http/impl/conn/DefaultSchemePortResolver
instanceKlass org/apache/http/protocol/HttpContext
instanceKlass org/apache/http/conn/DnsResolver
instanceKlass org/apache/http/impl/conn/DefaultHttpClientConnectionOperator
instanceKlass org/apache/http/config/Registry
instanceKlass org/apache/http/util/TextUtils
instanceKlass org/apache/http/conn/socket/PlainConnectionSocketFactory
instanceKlass org/apache/http/config/RegistryBuilder
instanceKlass org/apache/http/pool/ConnFactory
instanceKlass org/apache/http/conn/HttpClientConnectionOperator
instanceKlass org/apache/http/pool/PoolEntry
instanceKlass org/apache/http/conn/ConnectionRequest
instanceKlass org/apache/http/concurrent/Cancellable
instanceKlass org/apache/http/impl/conn/PoolingHttpClientConnectionManager
instanceKlass org/apache/http/pool/ConnPoolControl
instanceKlass javax/net/SocketFactory
instanceKlass  @bci sun/security/ssl/SSLContextImpl engineInit ([Ljavax/net/ssl/KeyManager;[Ljavax/net/ssl/TrustManager;Ljava/security/SecureRandom;)V 57 <appendix> argL0 ; # sun/security/ssl/SSLContextImpl$$Lambda+0x0000000800740468
instanceKlass javax/net/ssl/X509ExtendedTrustManager
instanceKlass javax/net/ssl/X509TrustManager
instanceKlass javax/net/ssl/TrustManager
instanceKlass sun/security/mscapi/CKeyStore$1
instanceKlass sun/security/validator/TrustStoreUtil
# instanceKlass java/lang/invoke/LambdaForm$MH+0x0000000800710c00
# instanceKlass java/lang/invoke/LambdaForm$MH+0x0000000800710800
# instanceKlass java/lang/invoke/LambdaForm$MH+0x0000000800710400
# instanceKlass java/lang/invoke/LambdaForm$DMH+0x0000000800710000
instanceKlass sun/security/x509/CertificatePolicyMap
instanceKlass sun/security/x509/NetscapeCertTypeExtension$MapEntry
instanceKlass sun/security/x509/RFC822Name
instanceKlass sun/security/x509/AccessDescription
instanceKlass java/security/interfaces/ECPublicKey
instanceKlass sun/security/x509/DNSName
instanceKlass sun/security/x509/URIName
instanceKlass sun/security/x509/GeneralName
instanceKlass sun/security/x509/GeneralNames
instanceKlass sun/security/x509/DistributionPoint
instanceKlass sun/security/x509/KeyIdentifier
instanceKlass sun/security/mscapi/CKeyStore$KeyEntry
instanceKlass jdk/internal/event/EventHelper$ThreadTrackHolder
instanceKlass java/util/jar/JarFile$ThreadTrackHolder
instanceKlass jdk/internal/event/EventHelper
instanceKlass sun/security/jca/JCAUtil
instanceKlass java/security/cert/PolicyQualifierInfo
instanceKlass sun/security/x509/CertificatePolicyId
instanceKlass sun/security/x509/PolicyInformation
instanceKlass sun/security/x509/OIDMap$OIDInfo
instanceKlass sun/security/x509/PKIXExtensions
instanceKlass sun/security/x509/OIDMap
instanceKlass sun/security/x509/Extension
instanceKlass java/security/cert/Extension
instanceKlass sun/security/x509/CertificateExtensions
instanceKlass sun/security/rsa/RSAUtil
instanceKlass java/security/interfaces/RSAPublicKey
instanceKlass java/security/interfaces/RSAKey
instanceKlass java/security/spec/PSSParameterSpec
instanceKlass java/security/spec/RSAPrivateKeySpec
instanceKlass java/security/spec/RSAPublicKeySpec
instanceKlass  @bci java/security/spec/EncodedKeySpec <clinit> ()V 0 <appendix> argL0 ; # java/security/spec/EncodedKeySpec$$Lambda+0x00000008006f7670
instanceKlass jdk/internal/access/JavaSecuritySpecAccess
instanceKlass java/security/spec/EncodedKeySpec
instanceKlass java/security/spec/KeySpec
instanceKlass sun/security/util/BitArray
instanceKlass sun/security/x509/X509Key
instanceKlass sun/security/x509/CertificateX509Key
instanceKlass sun/security/x509/CertificateValidity
instanceKlass sun/security/x509/AVA
instanceKlass sun/security/x509/RDN
instanceKlass javax/security/auth/x500/X500Principal
instanceKlass  @bci sun/security/x509/X500Name <clinit> ()V 153 <appendix> argL0 ; # sun/security/x509/X500Name$$Lambda+0x00000008006f5300
instanceKlass sun/security/x509/X500Name
instanceKlass sun/security/x509/GeneralNameInterface
instanceKlass sun/security/x509/CertificateAlgorithmId
instanceKlass sun/security/x509/SerialNumber
instanceKlass sun/security/x509/CertificateSerialNumber
instanceKlass sun/security/x509/CertificateVersion
instanceKlass sun/security/x509/X509CertInfo
instanceKlass sun/security/x509/AlgorithmId
instanceKlass sun/security/util/DerValue
instanceKlass sun/security/pkcs/ContentInfo
instanceKlass sun/security/util/DerInputStream
instanceKlass sun/security/pkcs/PKCS7
instanceKlass java/security/cert/CertificateFactorySpi
instanceKlass java/security/cert/CertificateFactory
instanceKlass sun/security/action/OpenFileInputStreamAction
instanceKlass  @bci sun/security/mscapi/CKeyStore <init> (Ljava/lang/String;I)V 20 <appendix> argL0 ; # sun/security/mscapi/CKeyStore$$Lambda+0x000000080070f308
instanceKlass java/security/cert/X509Extension
instanceKlass sun/security/mscapi/CKey
instanceKlass sun/security/util/Length
instanceKlass com/sun/security/sasl/Provider$1
instanceKlass  @bci sun/security/provider/certpath/ldap/JdkLDAP <init> ()V 15 <appendix> member <vmtarget> ; # sun/security/provider/certpath/ldap/JdkLDAP$$Lambda+0x00000008006f0470
instanceKlass sun/security/smartcardio/SunPCSC$1
instanceKlass java/security/KeyStoreSpi
instanceKlass  @bci java/security/KeyStore getDefaultType ()Ljava/lang/String; 0 <appendix> argL0 ; # java/security/KeyStore$$Lambda+0x00000008006efac8
instanceKlass java/security/KeyStore
instanceKlass sun/security/ssl/TrustStoreManager$TrustStoreDescriptor$1
instanceKlass sun/security/util/FilePaths
instanceKlass sun/security/ssl/TrustStoreManager$TrustStoreDescriptor
instanceKlass sun/security/ssl/TrustStoreManager$TrustAnchorManager
instanceKlass sun/security/ssl/TrustStoreManager
instanceKlass javax/net/ssl/TrustManagerFactorySpi
instanceKlass  @bci javax/net/ssl/TrustManagerFactory getDefaultAlgorithm ()Ljava/lang/String; 0 <appendix> argL0 ; # javax/net/ssl/TrustManagerFactory$$Lambda+0x00000008006ee5a0
instanceKlass javax/net/ssl/TrustManagerFactory
instanceKlass javax/net/ssl/X509ExtendedKeyManager
instanceKlass javax/net/ssl/X509KeyManager
instanceKlass javax/net/ssl/KeyManager
instanceKlass sun/security/util/Cache
instanceKlass sun/security/ssl/SSLSessionContextImpl
instanceKlass javax/net/ssl/SSLSessionContext
instanceKlass sun/security/ssl/EphemeralKeyManager$EphemeralKeyPair
instanceKlass sun/security/ssl/EphemeralKeyManager
instanceKlass sun/security/ssl/SSLContextImpl$CustomizedSSLProtocols
instanceKlass java/security/spec/NamedParameterSpec
instanceKlass sun/security/util/ECKeySizeParameterSpec
instanceKlass java/security/AlgorithmParametersSpi
instanceKlass java/security/AlgorithmParameters
instanceKlass sun/security/util/ECUtil
instanceKlass java/security/KeyPairGeneratorSpi
instanceKlass java/security/PrivateKey
instanceKlass javax/security/auth/Destroyable
instanceKlass java/security/PublicKey
instanceKlass java/security/KeyFactorySpi
instanceKlass java/security/KeyFactory
instanceKlass javax/crypto/KeyAgreement
instanceKlass java/security/interfaces/ECKey
instanceKlass java/security/Signature$1
instanceKlass jdk/internal/access/JavaSecuritySignatureAccess
instanceKlass java/security/SignatureSpi
instanceKlass sun/security/ssl/JsseJce$EcAvailability
instanceKlass sun/security/ssl/SSLAlgorithmDecomposer$1
instanceKlass sun/security/ssl/Utilities
instanceKlass sun/security/ssl/JsseJce
instanceKlass sun/security/ssl/NamedGroup$XDHScheme
instanceKlass sun/security/ssl/NamedGroup$FFDHEScheme
instanceKlass sun/security/ssl/NamedGroup$ECDHEScheme
instanceKlass sun/security/ssl/NamedGroup$NamedGroupScheme
instanceKlass sun/security/ssl/SSLCipher$1
instanceKlass sun/security/ssl/SSLCipher$T13CC20P1305WriteCipherGenerator
instanceKlass sun/security/ssl/SSLCipher$T12CC20P1305WriteCipherGenerator
instanceKlass sun/security/ssl/SSLCipher$T13CC20P1305ReadCipherGenerator
instanceKlass sun/security/ssl/SSLCipher$T12CC20P1305ReadCipherGenerator
instanceKlass sun/security/ssl/SSLCipher$T13GcmWriteCipherGenerator
instanceKlass sun/security/ssl/SSLCipher$T13GcmReadCipherGenerator
instanceKlass sun/security/ssl/SSLCipher$T12GcmWriteCipherGenerator
instanceKlass sun/security/ssl/SSLCipher$T12GcmReadCipherGenerator
instanceKlass com/sun/crypto/provider/AESConstants
instanceKlass java/util/Vector$1
instanceKlass  @bci javax/crypto/JceSecurityManager <clinit> ()V 67 <appendix> argL0 ; # javax/crypto/JceSecurityManager$$Lambda+0x00000008006e33f0
instanceKlass  @bci javax/crypto/JceSecurityManager <clinit> ()V 49 <appendix> argL0 ; # javax/crypto/JceSecurityManager$$Lambda+0x00000008006e31d0
instanceKlass javax/crypto/JceSecurityManager
instanceKlass sun/security/ssl/SSLCipher$T11BlockWriteCipherGenerator
instanceKlass sun/security/ssl/SSLCipher$T11BlockReadCipherGenerator
instanceKlass com/sun/crypto/provider/PKCS5Padding
instanceKlass com/sun/crypto/provider/Padding
instanceKlass com/sun/crypto/provider/FeedbackCipher
instanceKlass com/sun/crypto/provider/SymmetricCipher
instanceKlass com/sun/crypto/provider/DESConstants
instanceKlass com/sun/crypto/provider/CipherCore
instanceKlass sun/security/ssl/SSLCipher$T10BlockWriteCipherGenerator
instanceKlass sun/security/ssl/SSLCipher$T10BlockReadCipherGenerator
instanceKlass javax/crypto/CipherSpi
instanceKlass javax/crypto/ProviderVerifier
instanceKlass java/lang/Class$Holder
instanceKlass javax/crypto/JceSecurity$3
instanceKlass javax/crypto/JceSecurity$2
instanceKlass java/util/Vector$Itr
instanceKlass javax/crypto/CryptoPolicyParser$CryptoPermissionEntry
instanceKlass javax/crypto/CryptoPolicyParser$GrantEntry
instanceKlass java/io/StreamTokenizer
instanceKlass javax/crypto/CryptoPolicyParser
instanceKlass java/nio/file/Files$1
instanceKlass sun/nio/fs/WindowsFileSystem$2
instanceKlass java/nio/file/PathMatcher
instanceKlass sun/nio/fs/Globs
instanceKlass sun/nio/fs/WindowsFileSystemProvider$1
instanceKlass javax/crypto/JceSecurity$1
instanceKlass javax/crypto/JceSecurity
instanceKlass sun/security/jca/ProviderList$ServiceList$1
instanceKlass sun/security/jca/ServiceId
instanceKlass javax/crypto/Cipher$Transform
instanceKlass javax/crypto/Cipher
instanceKlass sun/security/ssl/SSLCipher$StreamWriteCipherGenerator
instanceKlass sun/security/ssl/SSLCipher$StreamReadCipherGenerator
instanceKlass sun/security/ssl/SSLCipher$NullWriteCipherGenerator
instanceKlass sun/security/ssl/SSLCipher$WriteCipherGenerator
instanceKlass sun/security/ssl/SSLCipher$NullReadCipherGenerator
instanceKlass sun/security/ssl/SSLCipher$ReadCipherGenerator
instanceKlass sun/security/util/DisabledAlgorithmConstraints$Constraints$Holder
instanceKlass sun/security/util/DisabledAlgorithmConstraints$Constraint
instanceKlass sun/security/util/DisabledAlgorithmConstraints$Constraints
instanceKlass sun/security/util/AbstractAlgorithmConstraints$1
instanceKlass sun/security/util/AlgorithmDecomposer
instanceKlass sun/security/util/AbstractAlgorithmConstraints
instanceKlass sun/security/ssl/SSLAlgorithmConstraints
instanceKlass java/security/AlgorithmConstraints
instanceKlass sun/security/ssl/SSLLogger
instanceKlass  @bci sun/security/ssl/SunJSSE registerAlgorithms ()V 1 <appendix> member <vmtarget> ; # sun/security/ssl/SunJSSE$$Lambda+0x00000008006d6d50
instanceKlass java/security/spec/ECFieldF2m
instanceKlass sun/security/util/ObjectIdentifier
instanceKlass sun/security/util/ByteArrayTagOrder
instanceKlass sun/security/util/ByteArrayLexOrder
instanceKlass sun/security/util/DerEncoder
instanceKlass java/security/spec/ECParameterSpec
instanceKlass java/security/spec/ECPoint
instanceKlass java/security/spec/EllipticCurve
instanceKlass java/security/spec/ECFieldFp
instanceKlass java/security/spec/ECField
instanceKlass sun/security/util/CurveDB
instanceKlass sun/security/ec/SunEC$1
instanceKlass sun/security/mscapi/SunMSCAPI$2
instanceKlass sun/security/mscapi/SunMSCAPI$1
instanceKlass com/sun/security/sasl/gsskerb/JdkSASL$1
instanceKlass org/jcp/xml/dsig/internal/dom/XMLDSigRI$2
instanceKlass org/jcp/xml/dsig/internal/dom/XMLDSigRI$1
instanceKlass  @bci sun/security/jgss/SunProvider <init> ()V 15 <appendix> member <vmtarget> ; # sun/security/jgss/SunProvider$$Lambda+0x00000008006b5db8
instanceKlass  @bci sun/security/pkcs11/SunPKCS11 register (Lsun/security/pkcs11/SunPKCS11$Descriptor;)V 27 <appendix> argL0 ; # sun/security/pkcs11/SunPKCS11$$Lambda+0x00000008006b5488
instanceKlass sun/security/pkcs11/SunPKCS11$Descriptor
instanceKlass javax/security/auth/callback/CallbackHandler
instanceKlass sun/security/jca/ProviderConfig$ProviderLoader
instanceKlass sun/security/jca/ProviderConfig$3
instanceKlass sun/security/rsa/SunRsaSignEntries
instanceKlass javax/net/ssl/SSLContextSpi
instanceKlass javax/net/ssl/SSLContext
instanceKlass org/apache/http/ssl/SSLContexts
instanceKlass org/apache/http/conn/ssl/AbstractVerifier
instanceKlass org/apache/http/conn/ssl/X509HostnameVerifier
instanceKlass java/net/Socket
instanceKlass org/apache/http/conn/ssl/SSLConnectionSocketFactory
instanceKlass org/apache/commons/logging/impl/Log4JLogger
instanceKlass org/apache/commons/logging/Log
instanceKlass org/apache/commons/logging/impl/LogFactoryImpl$3
instanceKlass org/apache/commons/logging/impl/LogFactoryImpl$1
instanceKlass org/apache/commons/logging/impl/LogFactoryImpl$2
instanceKlass org/apache/commons/logging/LogFactory$2
instanceKlass org/apache/commons/logging/LogFactory$3
instanceKlass org/apache/commons/logging/LogFactory$4
instanceKlass org/apache/commons/logging/impl/WeakHashtable$Referenced
instanceKlass org/apache/commons/logging/LogFactory$1
instanceKlass org/apache/commons/logging/LogFactory$6
instanceKlass org/apache/commons/logging/LogFactory
instanceKlass org/apache/http/conn/ssl/DefaultHostnameVerifier
instanceKlass org/apache/http/ProtocolVersion
instanceKlass org/apache/http/protocol/HttpRequestExecutor
instanceKlass org/apache/http/conn/util/PublicSuffixMatcher
instanceKlass org/apache/http/conn/util/PublicSuffixList
instanceKlass org/apache/http/Consts
instanceKlass org/apache/http/conn/util/PublicSuffixListParser
instanceKlass org/apache/http/conn/util/PublicSuffixMatcherLoader
instanceKlass org/apache/http/client/methods/Configurable
instanceKlass org/apache/http/client/CookieStore
instanceKlass org/apache/http/client/RedirectStrategy
instanceKlass org/apache/http/conn/routing/HttpRoutePlanner
instanceKlass org/apache/http/conn/SchemePortResolver
instanceKlass org/apache/http/client/HttpRequestRetryHandler
instanceKlass org/apache/http/config/Lookup
instanceKlass org/apache/http/protocol/HttpProcessor
instanceKlass org/apache/http/HttpResponseInterceptor
instanceKlass org/apache/http/HttpRequestInterceptor
instanceKlass org/apache/http/client/UserTokenHandler
instanceKlass org/apache/http/client/AuthenticationStrategy
instanceKlass org/apache/http/conn/ConnectionKeepAliveStrategy
instanceKlass org/apache/http/ConnectionReuseStrategy
instanceKlass org/apache/http/conn/socket/LayeredConnectionSocketFactory
instanceKlass org/apache/http/conn/socket/ConnectionSocketFactory
instanceKlass javax/net/ssl/HostnameVerifier
instanceKlass org/apache/http/impl/execchain/ClientExecChain
instanceKlass org/apache/http/impl/client/HttpClientBuilder
instanceKlass org/apache/http/impl/client/CloseableHttpClient
instanceKlass org/apache/http/client/HttpClient
instanceKlass org/apache/http/conn/HttpClientConnectionManager
instanceKlass org/apache/http/impl/client/HttpClients
instanceKlass org/apache/http/client/config/RequestConfig$Builder
instanceKlass org/apache/http/client/config/RequestConfig
instanceKlass org/apache/http/util/LangUtils
instanceKlass org/apache/http/auth/BasicUserPrincipal
instanceKlass org/apache/http/util/Args
instanceKlass org/apache/http/auth/UsernamePasswordCredentials
instanceKlass org/apache/http/auth/AuthScope
instanceKlass org/apache/http/impl/client/BasicCredentialsProvider
instanceKlass org/apache/http/client/methods/HttpUriRequest
instanceKlass org/apache/http/HttpRequest
instanceKlass org/apache/http/HttpMessage
instanceKlass org/apache/http/auth/Credentials
instanceKlass org/apache/http/client/CredentialsProvider
instanceKlass com/st/microxplorer/plugins/updater/engine/CheckConnectionManager
instanceKlass org/apache/commons/net/SocketClient
instanceKlass org/apache/commons/net/ftp/Configurable
instanceKlass java/net/Authenticator
instanceKlass com/st/microxplorer/plugins/updater/engine/ServerAccessManage
instanceKlass org/apache/commons/io/FilenameUtils
instanceKlass java/net/spi/URLStreamHandlerProvider
instanceKlass java/net/URL$1
instanceKlass java/net/URL$2
instanceKlass java/net/URL$ThreadTrackHolder
instanceKlass com/st/microxplorer/plugins/updater/xml/ThirdPartyIndex
instanceKlass com/st/microxplorer/plugins/updater/xml/manifest/ManifestFirmware
instanceKlass com/st/microxplorer/plugins/updater/xml/manifest/Manifest
instanceKlass com/st/microxplorer/plugins/updater/xml/manifest/ManifestRelease
instanceKlass com/st/microxplorer/plugins/updater/xml/Software$DataBaseRelease
instanceKlass com/st/microxplorer/plugins/updater/xml/OsSpecific
instanceKlass com/st/microxplorer/plugins/updater/xml/OS
instanceKlass com/st/microxplorer/plugins/updater/xml/UpdaterFile$SiteAccess
instanceKlass com/sun/org/apache/xml/internal/serializer/WriterChain
instanceKlass com/sun/org/apache/xerces/internal/util/XMLChar
instanceKlass com/sun/org/apache/xml/internal/serializer/ToStream$CharacterBuffer$GenericCharacters
instanceKlass com/sun/org/apache/xalan/internal/xsltc/trax/DOM2TO
instanceKlass javax/xml/transform/stax/StAXSource
instanceKlass javax/xml/transform/sax/SAXSource
instanceKlass sun/nio/cs/Surrogate
instanceKlass sun/nio/cs/Surrogate$Parser
instanceKlass com/sun/org/apache/xml/internal/serializer/NamespaceMappings$MappingRecord
instanceKlass com/sun/org/apache/xml/internal/serializer/NamespaceMappings
instanceKlass sun/nio/cs/DelegatableDecoder
instanceKlass java/nio/charset/Charset$1
instanceKlass java/nio/charset/Charset$2
instanceKlass jdk/internal/misc/ThreadTracker
instanceKlass java/nio/charset/Charset$ThreadTrackHolder
instanceKlass java/nio/charset/Charset$ExtendedProviderHolder$1
instanceKlass java/nio/charset/Charset$ExtendedProviderHolder
instanceKlass  @bci jdk/xml/internal/SecuritySupport getResourceAsStream (Ljava/lang/String;)Ljava/io/InputStream; 1 <appendix> member <vmtarget> ; # jdk/xml/internal/SecuritySupport$$Lambda+0x00000008006c8f70
instanceKlass com/sun/org/apache/xml/internal/serializer/Encodings$EncodingInfos
instanceKlass com/sun/org/apache/xml/internal/serializer/Encodings
instanceKlass com/sun/org/apache/xml/internal/serializer/ToStream$CharacterBuffer
instanceKlass com/sun/org/apache/xml/internal/serializer/EncodingInfo
instanceKlass com/sun/org/apache/xml/internal/serializer/ToStream$BoolStack
instanceKlass com/sun/org/apache/xml/internal/serializer/ElemContext
instanceKlass org/xml/sax/helpers/AttributesImpl
instanceKlass com/sun/org/apache/xml/internal/serializer/CharInfo$CharKey
instanceKlass com/sun/org/apache/xml/internal/serializer/CharInfo
instanceKlass com/sun/org/apache/xml/internal/serializer/SerializerBase
instanceKlass com/sun/org/apache/xml/internal/serializer/SerializerConstants
instanceKlass com/sun/org/apache/xml/internal/serializer/SerializationHandler
instanceKlass com/sun/org/apache/xml/internal/serializer/Serializer
instanceKlass com/sun/org/apache/xml/internal/serializer/DOMSerializer
instanceKlass com/sun/org/apache/xml/internal/serializer/XSLOutputAttributes
instanceKlass com/sun/org/apache/xml/internal/serializer/ExtendedLexicalHandler
instanceKlass com/sun/org/apache/xml/internal/serializer/ExtendedContentHandler
instanceKlass javax/xml/transform/dom/DOMResult
instanceKlass javax/xml/transform/stax/StAXResult
instanceKlass javax/xml/transform/sax/SAXResult
instanceKlass com/sun/org/apache/xalan/internal/xsltc/runtime/output/TransletOutputHandlerFactory
instanceKlass com/sun/org/apache/xml/internal/utils/XMLReaderManager
instanceKlass com/sun/org/apache/xml/internal/serializer/OutputPropertiesFactory
instanceKlass javax/xml/transform/Transformer
instanceKlass com/sun/org/apache/xalan/internal/xsltc/DOMCache
instanceKlass  @bci javax/xml/catalog/CatalogFeatures setProperties (Ljavax/xml/catalog/CatalogFeatures$Builder;)V 5 <appendix> member <vmtarget> ; # javax/xml/catalog/CatalogFeatures$$Lambda+0x00000008006c2d18
instanceKlass javax/xml/catalog/CatalogMessages
instanceKlass javax/xml/catalog/Util
instanceKlass jdk/xml/internal/JdkXmlUtils
instanceKlass  @bci javax/xml/transform/FactoryFinder newInstance (Ljava/lang/Class;Ljava/lang/String;Ljava/lang/ClassLoader;Z)Ljava/lang/Object; 107 <appendix> member <vmtarget> ; # javax/xml/transform/FactoryFinder$$Lambda+0x00000008006c19e8
instanceKlass jdk/xml/internal/JdkProperty
instanceKlass com/sun/org/apache/xalan/internal/utils/FeaturePropertyBase
instanceKlass jdk/xml/internal/JdkConstants
instanceKlass javax/xml/catalog/CatalogFeatures$Builder
instanceKlass javax/xml/catalog/CatalogFeatures
instanceKlass jdk/xml/internal/TransformErrorListener
instanceKlass javax/xml/transform/ErrorListener
instanceKlass com/sun/org/apache/xalan/internal/xsltc/compiler/SourceLoader
instanceKlass  @bci javax/xml/transform/FactoryFinder find (Ljava/lang/Class;Ljava/lang/String;)Ljava/lang/Object; 123 <appendix> member <vmtarget> ; # javax/xml/transform/FactoryFinder$$Lambda+0x00000008005ff4f8
instanceKlass javax/xml/transform/FactoryFinder$1
instanceKlass  @bci javax/xml/transform/FactoryFinder find (Ljava/lang/Class;Ljava/lang/String;)Ljava/lang/Object; 24 <appendix> member <vmtarget> ; # javax/xml/transform/FactoryFinder$$Lambda+0x00000008005ff0a0
instanceKlass javax/xml/transform/FactoryFinder
instanceKlass javax/xml/transform/TransformerFactory
instanceKlass javax/xml/transform/stream/StreamResult
instanceKlass javax/xml/transform/dom/DOMSource
instanceKlass java/util/Collections$ReverseComparator
instanceKlass com/st/microxplorer/plugins/updater/xml/Note
instanceKlass com/st/microxplorer/plugins/updater/util/AbstractXmlFileManage
instanceKlass com/st/microxplorer/plugins/updater/xml/PackageFile
instanceKlass com/st/microxplorer/plugins/updater/xml/FileInformation
instanceKlass com/st/microxplorer/plugins/updater/xml/ComputerFile
instanceKlass com/st/microxplorer/plugins/updater/xml/CheckUpdatesFile
instanceKlass com/st/microxplorer/plugins/updater/xml/packcontrol/Packs
instanceKlass com/st/microxplorer/plugins/updater/xml/packcontrol/PackControlFlags
instanceKlass com/st/microxplorer/plugins/updater/xml/UpdaterFile
instanceKlass  @bci java/lang/reflect/Executable sharedToString (IZ[Ljava/lang/Class;[Ljava/lang/Class;)Ljava/lang/String; 29 <appendix> argL0 ; # java/lang/reflect/Executable$$Lambda+0x00000008005fe020
instanceKlass com/st/microxplorer/plugins/updater/util/WinRegistry
instanceKlass com/st/microxplorer/plugins/updater/util/Utils$9
instanceKlass com/st/microxplorer/plugins/updater/util/Utils$8
instanceKlass com/st/microxplorer/plugins/updater/util/Utils$7
instanceKlass com/st/microxplorer/plugins/updater/util/Utils$6
instanceKlass com/st/microxplorer/plugins/updater/util/Utils$5
instanceKlass com/st/microxplorer/plugins/updater/util/Utils$4
instanceKlass com/st/microxplorer/plugins/updater/util/Utils$3
instanceKlass com/st/microxplorer/plugins/updater/util/Utils$2
instanceKlass com/st/microxplorer/plugins/updater/util/Utils
instanceKlass com/st/microxplorer/plugins/updater/util/UserPreferencesManager
instanceKlass com/st/microxplorer/plugins/updater/util/ParameterSetting
instanceKlass com/st/microxplorer/plugins/updater/engine/MainUpdater$4
instanceKlass com/st/microxplorer/plugins/updater/engine/MainUpdater$3
instanceKlass com/st/microxplorer/plugins/updater/engine/MainUpdater$2
instanceKlass com/st/microxplorer/plugins/updater/engine/MainUpdater$1
instanceKlass com/st/microxplorer/plugins/updater/gui/ILicenseAgreementAcceptance
instanceKlass com/st/microxplorer/plugins/updater/gui/IPdscErrorDisplay
instanceKlass com/st/microxplorer/plugin/IPluginWinMgrCallbacks
instanceKlass com/st/microxplorer/plugins/updater/xml/PackDescription
instanceKlass com/st/microxplorer/plugins/updater/engine/MainUpdater
instanceKlass com/st/microxplorer/plugins/updater/engine/UpdaterConstants
instanceKlass com/st/microxplorer/plugins/updater/gui/GuiConstants
instanceKlass com/st/microxplorer/maingui/MicroXplorer$3
instanceKlass java/awt/GridBagLayout
instanceKlass com/st/microxplorer/plugins/ipmanager/gui/BlockDiagram$2
instanceKlass com/st/microxplorer/plugins/ipmanager/gui/IPsOverviews$IPperValue
instanceKlass com/st/microxplorer/plugins/ip/usbx/gui/UsbxConstants
instanceKlass com/st/microxplorer/plugins/ip/usart/gui/UsartConstants
instanceKlass com/st/microxplorer/plugins/ip/spi/gui/SpiConstants
instanceKlass com/st/microxplorer/plugins/ip/sai/gui/SaiConstants
instanceKlass  @bci com/st/microxplorer/plugins/ip/plateformsettings/gui/PlatformSettingsCli addCommands ()V 34 <appendix> member <vmtarget> ; # com/st/microxplorer/plugins/ip/plateformsettings/gui/PlatformSettingsCli$$Lambda+0x0000000800681c68
instanceKlass  @bci com/st/microxplorer/plugins/ip/plateformsettings/gui/PlatformSettingsCli addCommands ()V 20 <appendix> member <vmtarget> ; # com/st/microxplorer/plugins/ip/plateformsettings/gui/PlatformSettingsCli$$Lambda+0x0000000800681a40
instanceKlass  @bci com/st/microxplorer/plugins/ip/plateformsettings/gui/PlatformSettingsCli addCommands ()V 6 <appendix> member <vmtarget> ; # com/st/microxplorer/plugins/ip/plateformsettings/gui/PlatformSettingsCli$$Lambda+0x0000000800681818
instanceKlass com/st/microxplorer/plugins/ip/plateformsettings/gui/PlatformSettingsCli
instanceKlass com/st/microxplorer/plugins/ip/plateformsettings/model/Resource
instanceKlass com/st/microxplorer/plugins/ip/plateformsettings/model/AbstractModel
instanceKlass com/st/microxplorer/plugins/ip/plateformsettings/model/Observable
instanceKlass com/st/microxplorer/plugins/ip/plateformsettings/model/Observer
instanceKlass com/st/microxplorer/plugins/ip/plateformsettings/controller/AbstractController
instanceKlass com/st/microxplorer/plugins/ipmanager/util/DuplicationUtils
instanceKlass com/st/microxplorer/plugins/ip/openamp/model/OpenampConstants
instanceKlass com/st/microxplorer/plugins/ip/nvic/NvicCellListener
instanceKlass com/st/microxplorer/mcu/UserDMARequest
instanceKlass com/st/microxplorer/plugins/ip/ipddr/gui/DdrConstants
instanceKlass com/st/microxplorer/plugins/ip/i3c/gui/I3cConstants
instanceKlass com/st/microxplorer/plugins/ip/i2s/gui/I2sConstants
instanceKlass com/st/microxplorer/plugins/ip/i2c/gui/I2cConstants
instanceKlass com/st/microxplorer/plugins/ip/hsp_engine/gui/HspConstants
instanceKlass com/st/microxplorer/mcu/hsp/HspRefParameterConstants
instanceKlass com/st/microxplorer/plugins/ip/gic/GicCellListener
instanceKlass com/st/microxplorer/plugins/ipmanager/generictreatment/model/ParamTabInterface
instanceKlass com/st/microxplorer/plugins/ip/fmc/FmcConstants
instanceKlass com/st/microxplorer/util/CommonComponent
instanceKlass com/st/microxplorer/plugins/ip/dma/GuiConstants
instanceKlass com/st/microxplorer/plugins/ip/dfsdm/gui/DfsdmConstants
instanceKlass com/st/microxplorer/plugins/ip/ddr_ctrl_phy/gui/Constants
instanceKlass com/st/microxplorer/util/CommonComponentProvider
instanceKlass com/st/microxplorer/plugins/ip/can/gui/CanConstants
instanceKlass com/st/microxplorer/plugins/ipmanager/generictreatment/model/ParamManager
instanceKlass com/st/microxplorer/plugins/ip/adc/gui/ADCConstants
instanceKlass com/l2fprod/common/propertysheet/PropertySheet
instanceKlass com/st/microxplorer/plugins/ipmanager/pluginmanagement/IPUIPlugin
instanceKlass com/st/microxplorer/plugins/ipmanager/pluginmanagement/PluginManager$1
instanceKlass com/st/microxplorer/plugins/ipmanager/pluginmanagement/PluginManager
instanceKlass com/st/microxplorer/plugins/ipmanager/pluginmanagement/ButtonStateConstants
instanceKlass com/st/microxplorer/plugins/ipmanager/pluginmanagement/IpPluginManagement
instanceKlass com/st/microxplorer/plugins/power/util/peripheral/PeripheralService
instanceKlass com/st/microxplorer/plugins/power/util/SharedServices
instanceKlass com/lowagie/text/Document
instanceKlass com/lowagie/text/DocListener
instanceKlass com/lowagie/text/ElementListener
instanceKlass com/st/microxplorer/plugins/power/PowerPluginView$2
instanceKlass com/st/microxplorer/plugins/power/PowerPluginView$1
instanceKlass com/st/microxplorer/plugins/power/util/Traces
instanceKlass com/st/microxplorer/plugins/power/PowerMsg
instanceKlass com/st/microxplorer/plugins/memorymap/gui/RegColor
instanceKlass java/awt/GridBagConstraints
instanceKlass com/st/microxplorer/plugins/memorymap/gui/ListenerEvent
instanceKlass com/st/microxplorer/plugins/memorymap/gui/ListenerRoot
instanceKlass javax/swing/JFormattedTextField$AbstractFormatter
instanceKlass com/st/microxplorer/stobjects/STTabbedPane$1
instanceKlass com/st/microxplorer/plugins/clock/ClockTreeView$1
instanceKlass javax/swing/ActionPropertyChangeListener
instanceKlass com/st/microxplorer/plugins/clock/utils/ImageLoader
instanceKlass com/st/microxplorer/plugins/clock/gui/ClockTreeUI
instanceKlass com/st/microxplorer/plugins/clock/ClockConfigurationView$1
instanceKlass javax/swing/plaf/basic/BasicSplitPaneUI$Handler
instanceKlass javax/swing/plaf/basic/BasicSplitPaneUI$BasicHorizontalLayoutManager
instanceKlass javax/swing/plaf/basic/BasicSplitPaneDivider$DividerLayout
instanceKlass com/st/microxplorer/plugins/pinoutconfig/gui/PinOutPanel$6
instanceKlass com/st/microxplorer/plugins/pinoutconfig/gui/PinOutPanel$5
instanceKlass com/st/microxplorer/plugins/pinoutconfig/gui/PinOutPanel$4
instanceKlass com/st/microxplorer/plugins/pinoutconfig/gui/PinOutPanel$3
instanceKlass com/st/microxplorer/plugins/pinoutconfig/gui/PinOutPanel$2
instanceKlass com/st/microxplorer/plugins/pinoutconfig/gui/PinOutPanel$1
instanceKlass sun/java2d/loops/GraphicsPrimitive$GeneralBinaryOp
instanceKlass java/awt/image/PixelGrabber
instanceKlass sun/awt/image/OffScreenImageSource
instanceKlass java/awt/image/FilteredImageSource
instanceKlass java/awt/image/ImageFilter
instanceKlass com/st/microxplorer/plugins/pinoutconfig/gui/PinOutPanel$PinOutMouseListener
instanceKlass com/st/microxplorer/plugins/pinoutconfig/gui/PinOutPanel$ShowUserLabelActionListener
instanceKlass com/st/microxplorer/plugins/pinoutconfig/gui/FindPanel$1
instanceKlass com/st/microxplorer/ctxdoc/ToolTipSelection
instanceKlass com/st/microxplorer/plugins/pinoutconfig/gui/PinOutPanel$InputLabel$2
instanceKlass com/st/microxplorer/plugins/pinoutconfig/gui/PinOutPanel$InputLabel$1
instanceKlass com/st/microxplorer/plugins/pinoutconfig/gui/PinOutPanel$19
instanceKlass com/st/microxplorer/plugins/pinoutconfig/gui/PinOutPanel$18
instanceKlass com/st/microxplorer/plugins/pinoutconfig/gui/PinOutPanel$17
instanceKlass com/st/microxplorer/plugins/pinoutconfig/gui/PinOutPanel$16
instanceKlass com/st/microxplorer/plugins/pinoutconfig/gui/PinOutPanel$15
instanceKlass com/st/microxplorer/plugins/pinoutconfig/gui/PinOutPanel$14
instanceKlass com/st/microxplorer/plugins/pinoutconfig/gui/PinOutPanel$13
instanceKlass com/st/microxplorer/plugins/pinoutconfig/engine/AbstractPackage
instanceKlass com/st/microxplorer/plugins/pinoutconfig/guiV5/PeripheralsSelectionPanel$DisableAllModesListener
instanceKlass com/st/microxplorer/plugins/pinoutconfig/guiV5/PeripheralsSelectionPanel$TabbedPaneListener
instanceKlass com/st/microxplorer/plugins/pinoutconfig/guiV5/SinglePeripheralPanel$1
# instanceKlass java/lang/invoke/LambdaForm$MH+0x00000008005e8000
instanceKlass com/st/microxplorer/plugins/pinoutconfig/gui/PeripheralSearchPanel$PeriphSearchActionListener
instanceKlass com/st/components/swing/AutocompleteComboBox$ComboMultiListener
instanceKlass com/st/components/swing/AutocompleteComboBox$4
instanceKlass com/st/components/swing/AutocompleteComboBox$2
instanceKlass javax/swing/plaf/basic/BasicComboBoxUI$DefaultKeySelectionManager
instanceKlass javax/swing/JComboBox$KeySelectionManager
instanceKlass javax/swing/plaf/basic/BasicComboBoxUI$Handler
instanceKlass javax/swing/plaf/basic/BasicComboBoxEditor
instanceKlass javax/swing/ComboBoxEditor
instanceKlass javax/swing/plaf/basic/BasicComboPopup$Handler
instanceKlass javax/swing/plaf/basic/BasicListUI$Handler
instanceKlass javax/swing/plaf/basic/BasicComboPopup$EmptyListModelClass
instanceKlass javax/swing/plaf/basic/ComboPopup
instanceKlass javax/swing/AncestorNotifier
instanceKlass javax/swing/JComboBox$1
instanceKlass javax/swing/AbstractListModel
instanceKlass javax/swing/MutableComboBoxModel
instanceKlass com/st/components/util/StringSearchable
instanceKlass com/st/components/util/Searchable
instanceKlass com/st/microxplorer/plugins/pinoutconfig/guiV5/PeripheralsSelectionPanel$DynaInitCheckBoxListener
instanceKlass com/st/microxplorer/plugins/pinoutconfig/guiV5/PeripheralsSelectionPanel$PowerDomainCheckBoxListener
instanceKlass com/st/microxplorer/plugins/pinoutconfig/guiV5/PeripheralsSelectionPanel$1
instanceKlass com/st/microxplorer/plugins/pinoutconfig/guiV5/PeripheralsSelectionPanel$ContextCheckBoxListener
instanceKlass com/st/microxplorer/plugins/pinoutconfig/guiV5/PeripheralsSelectionPanel$OptionPopupMenuFocusListener
instanceKlass com/st/microxplorer/plugins/pinoutconfig/guiV5/PeripheralsSelectionPanel$OptionButtonActionListener
instanceKlass com/st/microxplorer/ctxdoc/PanelToolTipUI$6
instanceKlass com/st/microxplorer/ctxdoc/PanelToolTipUI$5
instanceKlass com/st/microxplorer/ctxdoc/PanelToolTipUI$1
instanceKlass com/st/microxplorer/ctxdoc/db/CtxDocDbReaderDefault$1
# instanceKlass java/lang/invoke/LambdaForm$DMH+0x00000008005cfc00
# instanceKlass java/lang/invoke/LambdaForm$DMH+0x00000008005cf800
instanceKlass com/st/microxplorer/ctxdoc/db/CtxDocDbReader
instanceKlass com/st/microxplorer/ctxdoc/db/ICtxDocDbReader
instanceKlass com/st/microxplorer/ctxdoc/CtxDoc
instanceKlass com/st/microxplorer/ctxdoc/IPopupToolTip
instanceKlass com/st/microxplorer/peripheralpanel/IPContextTable$IPContextTableModelListener
instanceKlass com/st/microxplorer/plugins/pinoutconfig/guiV5/CategoriesPane$CollapseAllCategoriesListener
instanceKlass com/st/microxplorer/plugins/pinoutconfig/guiV5/CategoriesPane$ExpandAllCategoriesListener
instanceKlass com/st/microxplorer/plugins/pinoutconfig/gui/PeripheralFindDoer
instanceKlass com/st/microxplorer/plugins/lpbam/MulticonfigView$3
instanceKlass com/st/microxplorer/plugins/lpbam/LPBAMQueueSynoptic$SynopticMouseListener
instanceKlass com/st/microxplorer/plugins/lpbam/LPBAMQueueSynoptic$SynopticMouseMotionListener
instanceKlass com/st/microxplorer/plugins/lpbam/LPBAMQueueSynoptic$3
instanceKlass com/st/microxplorer/plugins/lpbam/LPBAMQueueSynoptic$2
instanceKlass com/st/microxplorer/plugins/lpbam/LPBAMQueueSynoptic$1
instanceKlass javax/swing/plaf/basic/BasicToolTipUI$PropertyChangeHandler
instanceKlass com/st/microxplorer/plugins/lpbam/LPBAMQueueSynoptic$UIFunction
instanceKlass  @bci java/awt/Dimension toString ()Ljava/lang/String; 15 <adapter> ; # java/lang/invoke/LambdaForm$MH+0x00000008005cf400
# instanceKlass java/lang/invoke/LambdaForm$DMH+0x00000008005cf000
instanceKlass  @bci java/awt/Dimension toString ()Ljava/lang/String; 15 <appendix> form vmentry <vmtarget> ; # java/lang/invoke/LambdaForm$MH+0x00000008005cec00
# instanceKlass java/lang/invoke/LambdaForm$MH+0x00000008005ce800
instanceKlass  @bci java/awt/Dimension toString ()Ljava/lang/String; 15 <appendix> form names 7 function resolvedHandle form vmentry <vmtarget> ; # java/lang/invoke/LambdaForm$DMH+0x00000008005ce400
instanceKlass  @bci java/awt/Dimension toString ()Ljava/lang/String; 15 <appendix> argL3 form vmentry <vmtarget> ; # java/lang/invoke/LambdaForm$MH+0x00000008005ce000
# instanceKlass java/lang/invoke/LambdaForm$MH+0x00000008005cdc00
# instanceKlass java/lang/invoke/LambdaForm$MH+0x00000008005cd800
# instanceKlass java/lang/invoke/LambdaForm$MH+0x00000008005cd400
# instanceKlass java/lang/invoke/LambdaForm$MH+0x00000008005cd000
instanceKlass  @bci java/awt/Dimension toString ()Ljava/lang/String; 15 <appendix> form names 11 function resolvedHandle form vmentry <vmtarget> ; # java/lang/invoke/LambdaForm$DMH+0x00000008005ccc00
instanceKlass  @bci java/awt/Dimension toString ()Ljava/lang/String; 15 <appendix> argL1 form vmentry <vmtarget> ; # java/lang/invoke/LambdaForm$MH+0x00000008005cc800
# instanceKlass java/lang/invoke/LambdaForm$MH+0x00000008005cc400
# instanceKlass java/lang/invoke/LambdaForm$MH+0x00000008005cc000
# instanceKlass java/lang/invoke/LambdaForm$MH+0x00000008005bbc00
instanceKlass javax/swing/text/Utilities
instanceKlass javax/swing/text/Segment
instanceKlass java/text/CharacterIterator
instanceKlass javax/swing/text/SegmentCache
instanceKlass javax/swing/SizeRequirements
instanceKlass com/st/microxplorer/plugins/lpbam/LPBAMFunctionSettings$3
instanceKlass com/st/microxplorer/plugins/lpbam/LPBAMFunctionSettings$2
instanceKlass com/st/microxplorer/plugins/lpbam/LPBAMFunctionSettings$1
instanceKlass com/st/microxplorer/plugins/lpbam/LPBAMConfigurationSettings$TaskPanePropertyChangeListener
instanceKlass org/jdesktop/swingx/JXTaskPane$1
instanceKlass org/jdesktop/swingx/plaf/basic/BasicTaskPaneUI$ChangeListener
instanceKlass org/jdesktop/swingx/plaf/basic/BasicTaskPaneUI$ContentPaneBorder
instanceKlass org/jdesktop/swingx/icon/EmptyIcon
instanceKlass org/jdesktop/swingx/plaf/basic/BasicTaskPaneUI$PaneBorder
instanceKlass org/jdesktop/swingx/plaf/basic/BasicTaskPaneUI$RepaintOnFocus
instanceKlass  @bci javax/swing/TimerQueue startIfNeeded ()V 33 <appendix> member <vmtarget> ; # javax/swing/TimerQueue$$Lambda+0x0000000800473060
instanceKlass javax/swing/TimerQueue
instanceKlass org/jdesktop/swingx/JXCollapsiblePane$AnimationListener
instanceKlass org/jdesktop/swingx/JXCollapsiblePane$AnimationParams
instanceKlass com/st/microxplorer/plugins/lpbam/LPBAMConfigurationSettings$4
instanceKlass com/st/microxplorer/plugins/lpbam/LPBAMConfigurationSettings$3
instanceKlass com/st/microxplorer/plugins/lpbam/LPBAMConfigurationSettings$2
instanceKlass javax/swing/JTree$TreeSelectionRedirector
instanceKlass javax/swing/DefaultCellEditor$EditorDelegate
instanceKlass javax/swing/tree/DefaultTreeCellEditor
instanceKlass javax/swing/JTree$TreeModelHandler
instanceKlass javax/swing/tree/AbstractLayoutCache$NodeDimensions
instanceKlass javax/swing/tree/AbstractLayoutCache
instanceKlass javax/swing/tree/RowMapper
instanceKlass  @bci sun/swing/SwingUtilities2 lambda$makeIcon$1 (ZLjava/lang/Class;Ljava/lang/Class;Ljava/lang/String;Ljavax/swing/UIDefaults;)Ljava/lang/Object; 7 <appendix> member <vmtarget> ; # sun/swing/SwingUtilities2$$Lambda+0x000000080046d2f0
instanceKlass javax/swing/plaf/basic/BasicTreeUI$Handler
instanceKlass javax/swing/event/TreeModelListener
instanceKlass javax/swing/event/TreeExpansionListener
instanceKlass javax/swing/plaf/metal/MetalTreeUI$LineListener
instanceKlass javax/swing/tree/TreePath
instanceKlass javax/swing/tree/DefaultTreeSelectionModel
instanceKlass javax/swing/tree/TreeSelectionModel
instanceKlass com/st/microxplorer/plugins/lpbam/LPBAMConfigurationSettings$5
instanceKlass javax/swing/tree/DefaultTreeModel
instanceKlass javax/swing/event/TreeSelectionListener
instanceKlass javax/swing/tree/TreeModel
instanceKlass javax/swing/tree/TreeCellRenderer
instanceKlass javax/swing/tree/DefaultMutableTreeNode
instanceKlass javax/swing/tree/MutableTreeNode
instanceKlass java/awt/event/ContainerAdapter
instanceKlass org/jdesktop/swingx/VerticalLayout
instanceKlass org/jdesktop/swingx/painter/effects/AreaEffect
instanceKlass java/awt/image/BufferedImageOp
instanceKlass java/beans/VetoableChangeSupport
instanceKlass java/awt/GradientPaint
instanceKlass org/jdesktop/beans/AbstractBean
instanceKlass org/jdesktop/swingx/plaf/PainterUIResource
instanceKlass javax/swing/plaf/BorderUIResource
instanceKlass  @bci java/awt/Color toString ()Ljava/lang/String; 19 <adapter> ; # java/lang/invoke/LambdaForm$MH+0x00000008005bb800
# instanceKlass java/lang/invoke/LambdaForm$DMH+0x00000008005bb400
instanceKlass  @bci java/awt/Color toString ()Ljava/lang/String; 19 <appendix> form vmentry <vmtarget> ; # java/lang/invoke/LambdaForm$MH+0x00000008005bb000
# instanceKlass java/lang/invoke/LambdaForm$MH+0x00000008005bac00
instanceKlass  @bci java/awt/Color toString ()Ljava/lang/String; 19 <appendix> form names 8 function resolvedHandle form vmentry <vmtarget> ; # java/lang/invoke/LambdaForm$DMH+0x00000008005ba800
instanceKlass  @bci java/awt/Color toString ()Ljava/lang/String; 19 <appendix> argL3 form vmentry <vmtarget> ; # java/lang/invoke/LambdaForm$MH+0x00000008005ba400
# instanceKlass java/lang/invoke/LambdaForm$MH+0x00000008005ba000
instanceKlass  @bci java/awt/Color toString ()Ljava/lang/String; 19 <appendix> argL3 form names 7 function resolvedHandle form vmentry <vmtarget> ; # java/lang/invoke/LambdaForm$DMH+0x00000008005b9c00
# instanceKlass java/lang/invoke/LambdaForm$MH+0x00000008005b9800
# instanceKlass java/lang/invoke/LambdaForm$MH+0x00000008005b9400
# instanceKlass java/lang/invoke/LambdaForm$MH+0x00000008005b9000
instanceKlass  @bci java/awt/Color toString ()Ljava/lang/String; 19 <appendix> form names 12 function resolvedHandle form vmentry <vmtarget> ; # java/lang/invoke/LambdaForm$DMH+0x00000008005b8c00
instanceKlass  @bci java/awt/Color toString ()Ljava/lang/String; 19 <appendix> argL1 form vmentry <vmtarget> ; # java/lang/invoke/LambdaForm$MH+0x00000008005b8800
# instanceKlass java/lang/invoke/LambdaForm$MH+0x00000008005b8400
# instanceKlass java/lang/invoke/LambdaForm$MH+0x00000008005b8000
# instanceKlass java/lang/invoke/LambdaForm$MH+0x00000008005ab400
instanceKlass org/jdesktop/swingx/util/Contract
instanceKlass org/jdesktop/swingx/plaf/DefaultsList
instanceKlass org/jdesktop/swingx/plaf/LookAndFeelAddons$UpdateAddon
instanceKlass org/jdesktop/swingx/plaf/UIManagerExt$UIDefaultsExt
instanceKlass org/jdesktop/swingx/plaf/UIManagerExt
instanceKlass org/jdesktop/swingx/util/OS
instanceKlass org/jdesktop/swingx/plaf/LookAndFeelAddons
instanceKlass org/jdesktop/swingx/painter/Painter
instanceKlass org/jdesktop/swingx/plaf/AbstractComponentAddon
instanceKlass org/jdesktop/swingx/plaf/ComponentAddon
instanceKlass org/jdesktop/swingx/JXCollapsiblePane$CollapsiblePaneContainer
instanceKlass com/st/microxplorer/plugins/lpbam/QueueSettingsPanel$4
instanceKlass com/st/microxplorer/plugins/lpbam/QueueSettingsPanel$3
instanceKlass com/st/microxplorer/plugins/lpbam/QueueSettingsPanel$2
instanceKlass javax/swing/JTextField$ScrollRepainter
instanceKlass javax/swing/text/PlainView$1
instanceKlass javax/swing/text/PlainView$FPMethodItem
instanceKlass com/st/microxplorer/plugins/lpbam/QueueSettingsPanel$1
instanceKlass com/st/microxplorer/mcu/RefParameter
instanceKlass com/st/microxplorer/plugin/PluginManage$4
instanceKlass java/security/Key
instanceKlass java/security/spec/AlgorithmParameterSpec
instanceKlass com/st/microxplorer/plugins/usernotification/util/StringCryptAES
instanceKlass com/st/microxplorer/plugins/usernotification/util/fileUtil/PrefFileManager
instanceKlass  @bci com/st/microxplorer/plugins/usernotification/util/fileUtil/PrefFileManager <init> ()V 22 <appendix> form vmentry <vmtarget> ; # java/lang/invoke/LambdaForm$MH+0x00000008005ab000
# instanceKlass java/lang/invoke/LambdaForm$MH+0x00000008005aac00
# instanceKlass java/lang/invoke/LambdaForm$MH+0x00000008005aa800
# instanceKlass java/lang/invoke/LambdaForm$MH+0x00000008005aa400
# instanceKlass java/lang/invoke/LambdaForm$MH+0x00000008005aa000
# instanceKlass java/lang/invoke/LambdaForm$MH+0x00000008005a9c00
# instanceKlass java/lang/invoke/LambdaForm$MH+0x00000008005a9800
instanceKlass com/st/microxplorer/plugins/usernotification/util/fileUtil/IniFileManager
instanceKlass com/st/microxplorer/plugins/usernotification/util/jsonUtil/JsonUtils
instanceKlass com/st/microxplorer/plugins/usernotification/UserNotificationConstants
instanceKlass com/st/microxplorer/plugins/userauth/UserauthConstants
instanceKlass com/st/microxplorer/plugins/updater/Updater$6
instanceKlass com/st/microxplorer/plugins/updater/util/UpdaterResources
instanceKlass  @bci com/st/microxplorer/plugins/updater/Updater initMenuToolBar ()V 357 <appendix> member <vmtarget> ; # com/st/microxplorer/plugins/updater/Updater$$Lambda+0x00000008005a7460
instanceKlass com/st/microxplorer/plugins/updater/Updater$5
instanceKlass com/st/microxplorer/plugins/updater/Updater$4
instanceKlass com/st/microxplorer/plugins/updater/Updater$3
instanceKlass com/st/microxplorer/plugins/updater/Updater$2
instanceKlass com/st/microxplorer/plugins/updater/Updater$1
instanceKlass com/st/microxplorer/plugin/IPluginUserPreferencesChange
instanceKlass com/st/microxplorer/plugins/updater/xml/UpdtXmlConstants
instanceKlass com/st/microxplorer/plugins/updater/engine/EngineConstants
instanceKlass com/fasterxml/jackson/core/util/InternalJacksonUtil
# instanceKlass java/lang/invoke/LambdaForm$MH+0x00000008005a5c00
# instanceKlass java/lang/invoke/LambdaForm$MH+0x00000008005a5800
# instanceKlass java/lang/invoke/LambdaForm$MH+0x00000008005a5400
# instanceKlass java/lang/invoke/LambdaForm$BMH+0x00000008005a5000
# instanceKlass java/lang/invoke/LambdaForm$DMH+0x00000008005a4c00
# instanceKlass java/lang/invoke/LambdaForm$MH+0x00000008005a4800
# instanceKlass java/lang/invoke/LambdaForm$DMH+0x00000008005a4400
# instanceKlass java/lang/invoke/LambdaForm$DMH+0x00000008005a4000
instanceKlass com/fasterxml/jackson/core/io/NumberInput
instanceKlass com/st/microxplorer/plugins/tutovideos/model/ExtraServerVideo
instanceKlass com/fasterxml/jackson/databind/annotation/JacksonStdImpl
instanceKlass com/fasterxml/jackson/databind/deser/ContextualKeyDeserializer
instanceKlass com/fasterxml/jackson/databind/util/LinkedNode
instanceKlass com/fasterxml/jackson/databind/deser/std/NumberDeserializers
instanceKlass com/fasterxml/jackson/databind/deser/BasicDeserializerFactory$ContainerDefaultMappings
instanceKlass com/fasterxml/jackson/databind/deser/impl/ReadableObjectId$Referring
instanceKlass com/fasterxml/jackson/databind/deser/impl/BeanPropertyMap
instanceKlass com/fasterxml/jackson/annotation/JsonAlias
instanceKlass com/fasterxml/jackson/databind/introspect/POJOPropertyBuilder$1
instanceKlass com/fasterxml/jackson/databind/introspect/POJOPropertyBuilder$4
instanceKlass com/fasterxml/jackson/databind/introspect/POJOPropertyBuilder$2
instanceKlass com/fasterxml/jackson/databind/deser/impl/NullsConstantProvider
instanceKlass com/fasterxml/jackson/databind/annotation/JsonTypeResolver
instanceKlass com/fasterxml/jackson/annotation/JsonIgnoreType
instanceKlass com/fasterxml/jackson/databind/util/IgnorePropertiesUtil
instanceKlass com/fasterxml/jackson/annotation/JsonIncludeProperties$Value
instanceKlass com/fasterxml/jackson/annotation/JsonIncludeProperties
instanceKlass com/fasterxml/jackson/annotation/JsonIgnoreProperties$Value
instanceKlass com/fasterxml/jackson/annotation/JsonIgnoreProperties
instanceKlass com/fasterxml/jackson/databind/deser/BeanDeserializerBuilder
instanceKlass com/fasterxml/jackson/databind/deser/impl/CreatorCollector
instanceKlass com/fasterxml/jackson/databind/type/TypeBindings$AsKey
instanceKlass com/fasterxml/jackson/databind/type/TypeBindings$TypeParamStash
instanceKlass com/st/microxplorer/plugins/tutovideos/model/TutoVideo
instanceKlass com/st/microxplorer/plugins/tutovideos/model/TutoVideoGetters
instanceKlass com/fasterxml/jackson/databind/PropertyMetadata
instanceKlass com/fasterxml/jackson/annotation/JsonPropertyDescription
instanceKlass com/fasterxml/jackson/annotation/JsonPropertyOrder
instanceKlass com/fasterxml/jackson/databind/annotation/JsonNaming
instanceKlass com/fasterxml/jackson/annotation/JacksonInject
instanceKlass com/fasterxml/jackson/databind/introspect/POJOPropertyBuilder$6
instanceKlass com/fasterxml/jackson/databind/introspect/POJOPropertyBuilder$5
instanceKlass com/fasterxml/jackson/databind/cfg/ConstructorDetector
instanceKlass com/fasterxml/jackson/annotation/JsonGetter
instanceKlass com/fasterxml/jackson/databind/introspect/AnnotatedMethodMap
instanceKlass com/fasterxml/jackson/annotation/JacksonAnnotationsInside
instanceKlass com/fasterxml/jackson/annotation/JacksonAnnotation
instanceKlass com/fasterxml/jackson/databind/introspect/AnnotatedMethodCollector$MethodBuilder
instanceKlass com/fasterxml/jackson/databind/introspect/MemberKey
instanceKlass com/fasterxml/jackson/databind/introspect/POJOPropertyBuilder$Linked
instanceKlass com/fasterxml/jackson/databind/AnnotationIntrospector$ReferenceProperty
instanceKlass com/fasterxml/jackson/databind/introspect/POJOPropertyBuilder$WithMember
instanceKlass com/fasterxml/jackson/annotation/JsonIgnore
instanceKlass com/fasterxml/jackson/annotation/JsonAutoDetect$1
instanceKlass com/fasterxml/jackson/annotation/JsonProperty
instanceKlass com/fasterxml/jackson/annotation/JsonSetter
instanceKlass com/fasterxml/jackson/annotation/JsonAnySetter
instanceKlass com/fasterxml/jackson/annotation/JsonAnyGetter
instanceKlass com/fasterxml/jackson/annotation/JsonValue
instanceKlass com/fasterxml/jackson/annotation/JsonKey
instanceKlass com/fasterxml/jackson/databind/introspect/AnnotatedFieldCollector$FieldBuilder
instanceKlass com/st/microxplorer/plugins/tutovideos/model/VideoServerDB
instanceKlass com/fasterxml/jackson/databind/introspect/TypeResolutionContext$Basic
instanceKlass com/fasterxml/jackson/databind/introspect/AnnotationMap
instanceKlass com/fasterxml/jackson/databind/introspect/CollectorBase
instanceKlass com/fasterxml/jackson/databind/introspect/PotentialCreators
instanceKlass com/fasterxml/jackson/core/JsonLocation
instanceKlass com/fasterxml/jackson/databind/deser/ValueInstantiator
instanceKlass com/fasterxml/jackson/databind/deser/impl/JDKValueInstantiators
instanceKlass com/fasterxml/jackson/databind/annotation/JsonValueInstantiator
instanceKlass com/fasterxml/jackson/databind/util/BeanUtil
instanceKlass com/fasterxml/jackson/databind/jsontype/impl/SubTypeValidator
instanceKlass java/net/SocketAddress
instanceKlass com/fasterxml/jackson/databind/deser/std/JdkDeserializers
instanceKlass com/fasterxml/jackson/databind/ext/Java7Handlers
instanceKlass com/fasterxml/jackson/databind/ext/OptionalHandlerFactory
instanceKlass com/fasterxml/jackson/databind/util/ArrayIterator
instanceKlass com/fasterxml/jackson/annotation/JsonIdentityInfo
instanceKlass com/fasterxml/jackson/annotation/JsonAutoDetect
instanceKlass com/fasterxml/jackson/databind/introspect/POJOPropertiesCollector
instanceKlass com/fasterxml/jackson/databind/util/internal/PrivateMaxEntriesMap$AddTask
instanceKlass com/fasterxml/jackson/databind/util/internal/PrivateMaxEntriesMap$WeightedValue
instanceKlass com/fasterxml/jackson/databind/type/ClassStack
instanceKlass com/fasterxml/jackson/core/util/JacksonFeatureSet
instanceKlass com/fasterxml/jackson/core/JsonStreamContext
instanceKlass com/fasterxml/jackson/core/json/ByteSourceJsonBootstrapper
instanceKlass com/fasterxml/jackson/core/util/TextBuffer
instanceKlass com/fasterxml/jackson/core/io/IOContext
instanceKlass com/fasterxml/jackson/core/util/BufferRecycler
instanceKlass com/fasterxml/jackson/core/util/BufferRecyclers
instanceKlass com/fasterxml/jackson/core/io/ContentReference
instanceKlass com/st/microxplorer/plugins/tutovideos/model/TutoVideoDB
instanceKlass com/fasterxml/jackson/databind/ser/BeanSerializerModifier
instanceKlass com/fasterxml/jackson/databind/ser/Serializers
instanceKlass com/fasterxml/jackson/databind/cfg/SerializerFactoryConfig
instanceKlass com/fasterxml/jackson/databind/ser/std/StdJdkSerializers
instanceKlass com/fasterxml/jackson/databind/ser/std/NumberSerializers
instanceKlass com/fasterxml/jackson/databind/deser/DeserializerCache
instanceKlass com/fasterxml/jackson/databind/KeyDeserializer
instanceKlass com/fasterxml/jackson/databind/deser/std/StdKeyDeserializers
instanceKlass com/fasterxml/jackson/databind/deser/KeyDeserializers
instanceKlass com/fasterxml/jackson/databind/deser/ValueInstantiators
instanceKlass com/fasterxml/jackson/databind/AbstractTypeResolver
instanceKlass com/fasterxml/jackson/databind/deser/BeanDeserializerModifier
instanceKlass com/fasterxml/jackson/databind/cfg/DeserializerFactoryConfig
instanceKlass com/fasterxml/jackson/databind/PropertyName
instanceKlass com/fasterxml/jackson/databind/deser/Deserializers
instanceKlass com/fasterxml/jackson/annotation/ObjectIdGenerator
instanceKlass com/fasterxml/jackson/databind/deser/ResolvableDeserializer
instanceKlass com/fasterxml/jackson/databind/deser/ValueInstantiator$Gettable
instanceKlass com/fasterxml/jackson/databind/deser/ContextualDeserializer
instanceKlass com/fasterxml/jackson/databind/JsonDeserializer
instanceKlass com/fasterxml/jackson/databind/deser/NullValueProvider
instanceKlass com/fasterxml/jackson/databind/ser/SerializerCache
instanceKlass com/fasterxml/jackson/databind/ser/ResolvableSerializer
instanceKlass com/fasterxml/jackson/databind/jsonschema/SchemaAware
instanceKlass com/fasterxml/jackson/databind/ser/ContextualSerializer
instanceKlass com/fasterxml/jackson/databind/JsonSerializer
instanceKlass com/fasterxml/jackson/databind/jsonFormatVisitors/JsonFormatVisitable
instanceKlass com/fasterxml/jackson/databind/node/JsonNodeFactory
instanceKlass com/fasterxml/jackson/databind/node/JsonNodeCreator
instanceKlass com/fasterxml/jackson/databind/cfg/ContextAttributes
instanceKlass com/fasterxml/jackson/databind/cfg/DatatypeFeature
instanceKlass com/fasterxml/jackson/databind/cfg/DatatypeFeatures$DefaultHolder
instanceKlass com/fasterxml/jackson/databind/cfg/DatatypeFeatures
instanceKlass com/fasterxml/jackson/core/util/DefaultPrettyPrinter$NopIndenter
instanceKlass com/fasterxml/jackson/core/util/Separators
instanceKlass com/fasterxml/jackson/core/util/DefaultPrettyPrinter$Indenter
instanceKlass com/fasterxml/jackson/core/util/DefaultPrettyPrinter
instanceKlass com/fasterxml/jackson/core/util/Instantiatable
instanceKlass com/fasterxml/jackson/databind/cfg/ConfigFeature
instanceKlass com/fasterxml/jackson/databind/cfg/ConfigOverride
instanceKlass com/fasterxml/jackson/annotation/JsonFormat$Features
instanceKlass com/fasterxml/jackson/annotation/JsonFormat$Value
instanceKlass com/fasterxml/jackson/core/PrettyPrinter
instanceKlass com/fasterxml/jackson/databind/cfg/CoercionConfig
instanceKlass com/fasterxml/jackson/databind/cfg/CoercionConfigs
instanceKlass com/fasterxml/jackson/databind/introspect/VisibilityChecker$Std
instanceKlass com/fasterxml/jackson/annotation/JsonSetter$Value
instanceKlass com/fasterxml/jackson/annotation/JsonInclude$Value
instanceKlass com/fasterxml/jackson/annotation/JacksonAnnotationValue
instanceKlass com/fasterxml/jackson/databind/cfg/ConfigOverrides
instanceKlass com/fasterxml/jackson/databind/introspect/AnnotatedClass$Creators
instanceKlass com/fasterxml/jackson/databind/introspect/AnnotationCollector$NoAnnotations
instanceKlass com/fasterxml/jackson/databind/util/Annotations
instanceKlass com/fasterxml/jackson/databind/introspect/AnnotationCollector
instanceKlass com/fasterxml/jackson/databind/introspect/AnnotatedClassResolver
instanceKlass com/fasterxml/jackson/databind/BeanDescription
instanceKlass com/fasterxml/jackson/databind/cfg/MapperConfig
instanceKlass com/fasterxml/jackson/databind/introspect/SimpleMixInResolver
instanceKlass com/fasterxml/jackson/databind/introspect/ClassIntrospector$MixInResolver
instanceKlass com/fasterxml/jackson/databind/util/RootNameLookup
instanceKlass com/fasterxml/jackson/core/sym/CharsToNameCanonicalizer$Bucket
instanceKlass com/fasterxml/jackson/core/sym/CharsToNameCanonicalizer$TableInfo
instanceKlass com/fasterxml/jackson/core/sym/CharsToNameCanonicalizer
instanceKlass com/fasterxml/jackson/core/ErrorReportConfiguration
instanceKlass com/fasterxml/jackson/core/StreamWriteConstraints
instanceKlass com/fasterxml/jackson/core/StreamReadConstraints
instanceKlass com/fasterxml/jackson/core/util/RecyclerPool$WithPool
instanceKlass com/fasterxml/jackson/core/util/RecyclerPool$ThreadLocalPoolBase
instanceKlass com/fasterxml/jackson/core/util/RecyclerPool
instanceKlass com/fasterxml/jackson/core/util/JsonRecyclerPools
instanceKlass com/fasterxml/jackson/core/sym/ByteQuadsCanonicalizer$TableInfo
instanceKlass com/fasterxml/jackson/core/sym/ByteQuadsCanonicalizer
instanceKlass com/fasterxml/jackson/core/io/CharTypes
instanceKlass com/fasterxml/jackson/core/io/JsonStringEncoder
instanceKlass com/fasterxml/jackson/core/io/SerializedString
instanceKlass com/fasterxml/jackson/core/util/JacksonFeature
instanceKlass com/fasterxml/jackson/core/async/ByteArrayFeeder
instanceKlass com/fasterxml/jackson/core/TSFBuilder
instanceKlass com/fasterxml/jackson/core/SerializableString
instanceKlass com/fasterxml/jackson/core/async/ByteBufferFeeder
instanceKlass com/fasterxml/jackson/core/async/NonBlockingInputFeeder
instanceKlass com/fasterxml/jackson/databind/cfg/DefaultCacheProvider
instanceKlass com/fasterxml/jackson/databind/cfg/CacheProvider
instanceKlass com/fasterxml/jackson/databind/introspect/AccessorNamingStrategy
instanceKlass com/fasterxml/jackson/core/Base64Variant
instanceKlass com/fasterxml/jackson/core/Base64Variants
instanceKlass com/fasterxml/jackson/databind/type/TypeBindings
instanceKlass com/fasterxml/jackson/databind/type/TypeParser
instanceKlass com/fasterxml/jackson/databind/type/TypeFactory
instanceKlass com/fasterxml/jackson/databind/cfg/BaseSettings
instanceKlass java/util/concurrent/atomic/AtomicReferenceArray
instanceKlass java/util/concurrent/atomic/AtomicLongArray
instanceKlass com/fasterxml/jackson/databind/util/internal/Linked
instanceKlass com/fasterxml/jackson/databind/util/internal/PrivateMaxEntriesMap$Builder
instanceKlass com/fasterxml/jackson/databind/util/LRUMap
instanceKlass com/fasterxml/jackson/databind/util/LookupCache
instanceKlass java/beans/ConstructorProperties
instanceKlass java/beans/Transient
instanceKlass com/fasterxml/jackson/databind/util/ClassUtil$Ctor
instanceKlass com/fasterxml/jackson/databind/util/ClassUtil
instanceKlass com/fasterxml/jackson/databind/ext/Java7Support
instanceKlass com/fasterxml/jackson/annotation/JsonMerge
instanceKlass com/fasterxml/jackson/databind/annotation/JsonDeserialize
instanceKlass com/fasterxml/jackson/annotation/JsonManagedReference
instanceKlass com/fasterxml/jackson/annotation/JsonBackReference
instanceKlass com/fasterxml/jackson/annotation/JsonUnwrapped
instanceKlass com/fasterxml/jackson/annotation/JsonRawValue
instanceKlass com/fasterxml/jackson/annotation/JsonTypeInfo
instanceKlass com/fasterxml/jackson/annotation/JsonFormat
instanceKlass com/fasterxml/jackson/annotation/JsonView
instanceKlass com/fasterxml/jackson/databind/annotation/JsonSerialize
instanceKlass com/fasterxml/jackson/databind/introspect/ConcreteBeanPropertyBase
instanceKlass com/fasterxml/jackson/databind/BeanProperty
instanceKlass com/fasterxml/jackson/databind/introspect/BeanPropertyDefinition
instanceKlass com/fasterxml/jackson/databind/util/Named
instanceKlass com/fasterxml/jackson/databind/introspect/TypeResolutionContext
instanceKlass com/fasterxml/jackson/databind/introspect/Annotated
instanceKlass com/fasterxml/jackson/databind/Module$SetupContext
instanceKlass com/fasterxml/jackson/core/util/BufferRecycler$Gettable
instanceKlass com/fasterxml/jackson/core/type/ResolvedType
instanceKlass com/fasterxml/jackson/databind/jsontype/TypeResolverBuilder
instanceKlass com/fasterxml/jackson/core/JsonGenerator
instanceKlass com/fasterxml/jackson/databind/introspect/VisibilityChecker
instanceKlass com/fasterxml/jackson/databind/introspect/ClassIntrospector
instanceKlass com/fasterxml/jackson/databind/jsontype/PolymorphicTypeValidator
instanceKlass com/fasterxml/jackson/databind/introspect/AccessorNamingStrategy$Provider
instanceKlass com/fasterxml/jackson/databind/AnnotationIntrospector
instanceKlass com/fasterxml/jackson/databind/ser/SerializerFactory
instanceKlass com/fasterxml/jackson/databind/deser/DeserializerFactory
instanceKlass com/fasterxml/jackson/databind/DatabindContext
instanceKlass com/fasterxml/jackson/databind/jsontype/SubtypeResolver
instanceKlass com/fasterxml/jackson/core/TokenStreamFactory
instanceKlass com/st/microxplorer/plugins/tutovideos/TutoVideosMain
instanceKlass com/st/microxplorer/plugins/tutovideos/TutoVideosPlugin$1
instanceKlass com/st/microxplorer/ctxdoc/viewers/CtxTutoBrowser
instanceKlass com/st/microxplorer/plugins/thirdparty/db/solver/Toolchain
instanceKlass com/st/microxplorer/plugins/thirdparty/engine/DatabaseStatusFileBackup
instanceKlass com/st/microxplorer/plugins/thirdparty/ThirdParty$1
instanceKlass com/st/microxplorer/plugins/thirdparty/engine/DatabaseStatusBackup
instanceKlass com/st/microxplorer/plugins/thirdparty/db/solver/getter/device/DeviceNameGetter
instanceKlass com/st/microxplorer/plugins/thirdparty/db/solver/getter/component/ComponentVariantGetter
instanceKlass com/st/microxplorer/plugins/thirdparty/db/solver/getter/component/ComponentGroupGetter
instanceKlass com/st/microxplorer/plugins/thirdparty/db/solver/getter/component/ComponentClassGetter
instanceKlass com/st/microxplorer/plugins/thirdparty/db/solver/getter/component/ComponentAttributeGetter$1
instanceKlass com/st/microxplorer/plugins/thirdparty/db/solver/getter/component/ComponentAttributeGetter
instanceKlass com/st/microxplorer/plugins/thirdparty/xml/XmlComponent
instanceKlass com/st/microxplorer/plugins/thirdparty/xml/Components
instanceKlass com/st/ipmodeconfigmanager/xml/FilterDevice
instanceKlass com/st/ipmodeconfigmanager/xml/MxPackages
instanceKlass com/st/ipmodeconfigmanager/xml/FilterComponent
instanceKlass com/st/ipmodeconfigmanager/engine/ConditionMgr$ConditionEntry
instanceKlass com/st/components/util/VersionDescriptor
instanceKlass com/st/microxplorer/plugins/thirdparty/xml/PackRequirement
instanceKlass com/st/microxplorer/plugins/thirdparty/db/solver/getter/device/DeviceFamilyGetter
instanceKlass com/st/microxplorer/plugins/thirdparty/db/solver/getter/device/DeviceAttributeGetter$1
instanceKlass com/st/microxplorer/plugins/thirdparty/db/solver/getter/device/DeviceAttributeGetter
instanceKlass com/st/microxplorer/plugins/thirdparty/db/solver/matcher/StrictMatcher
instanceKlass com/st/microxplorer/plugins/thirdparty/db/solver/matcher/WildcardMatcher
instanceKlass com/st/microxplorer/plugins/thirdparty/db/solver/matcher/ValueMatcherBuilder$1
instanceKlass com/st/microxplorer/plugins/thirdparty/db/solver/matcher/ValueMatcher
instanceKlass com/st/microxplorer/plugins/thirdparty/db/solver/matcher/ValueMatcherBuilder
instanceKlass com/st/microxplorer/plugins/thirdparty/db/solver/matcher/GenericMatcher
instanceKlass com/st/microxplorer/plugins/thirdparty/db/solver/condition/EvaluatedConditionItem
instanceKlass com/st/microxplorer/plugins/thirdparty/db/solver/condition/EvaluatedConditionItemBuilder
instanceKlass com/st/microxplorer/plugins/thirdparty/db/solver/checker/TestChecker
instanceKlass com/st/microxplorer/plugins/thirdparty/db/solver/condition/RealEvaluatedCondition
instanceKlass com/st/microxplorer/plugins/thirdparty/db/solver/condition/EvaluatedCondition
instanceKlass com/st/microxplorer/plugins/thirdparty/db/solver/ConditionSolver
instanceKlass com/st/microxplorer/plugins/thirdparty/xml/PackRestriction
instanceKlass com/st/microxplorer/plugins/thirdparty/db/solver/DummyConditionSolver
instanceKlass com/st/microxplorer/plugins/thirdparty/xml/XmlIntegratedPack$AdditionalChecker
instanceKlass com/st/microxplorer/plugins/thirdparty/db/solver/ConditionSolverInterface
instanceKlass com/st/ipmodeconfigmanager/engine/TaxonomyMgr
instanceKlass com/st/ipmodeconfigmanager/engine/ConditionMgr
instanceKlass com/st/components/pdscmanager/xml/components/Bundle
instanceKlass com/st/components/pdscmanager/xml/common/LibraryFile
instanceKlass com/st/components/pdscmanager/xml/utils/PdscXmlUtils
instanceKlass com/st/components/pdscmanager/xml/components/Component
instanceKlass com/st/components/pdscmanager/xml/conditions/Test
instanceKlass com/st/components/pdscmanager/xml/conditions/Condition
instanceKlass com/vdurmont/semver4j/Semver
instanceKlass com/st/components/pdscmanager/xml/requirements/VersionRange
instanceKlass com/st/components/pdscmanager/xml/requirements/Package
instanceKlass com/st/components/pdscmanager/xml/common/Release
instanceKlass org/apache/xerces/dom/DeepNodeListImpl
instanceKlass com/st/components/pdscmanager/xml/XmlFileManage
instanceKlass com/st/components/pdscmanager/xml/requirements/Requirements
instanceKlass com/st/components/pdscmanager/xml/PdscPackages
instanceKlass com/st/components/pdscmanager/xml/PdscXmlConstants
instanceKlass com/st/microxplorer/plugins/thirdparty/engine/PackLoader
instanceKlass  @bci com/st/microxplorer/plugins/thirdparty/ThirdPartyApiDb getIntegratedPacksFromMcuDb ()Ljava/util/List; 57 <appendix> argL0 ; # com/st/microxplorer/plugins/thirdparty/ThirdPartyApiDb$$Lambda+0x000000080051c5d8
instanceKlass com/st/microxplorer/plugins/thirdparty/xml/ThirdPartyDb
instanceKlass com/st/microxplorer/plugins/thirdparty/ThirdPartyApiDb
instanceKlass com/st/microxplorer/plugins/thirdparty/engine/Engine
instanceKlass java/util/HashMap$UnsafeHolder
# instanceKlass java/lang/invoke/LambdaForm$MH+0x000000080051b400
instanceKlass java/io/SerialCallbackContext
instanceKlass java/io/ObjectStreamClass$ClassDataSlot
instanceKlass  @bci jdk/internal/reflect/MethodHandleLongFieldAccessorImpl getLong (Ljava/lang/Object;)J 11 <adapter> ; # java/lang/invoke/LambdaForm$MH+0x000000080051a800
# instanceKlass java/lang/invoke/LambdaForm$DMH+0x000000080051a400
instanceKlass java/io/ObjectStreamClass$5
instanceKlass java/io/ObjectStreamClass$4
instanceKlass java/io/ObjectStreamClass$3
instanceKlass java/io/ObjectStreamClass$MemberSignature
instanceKlass java/io/ObjectStreamClass$1
instanceKlass java/io/ObjectStreamClass$FieldReflector
instanceKlass java/io/ObjectStreamClass$FieldReflectorKey
instanceKlass jdk/internal/reflect/ClassDefiner$1
instanceKlass jdk/internal/reflect/ClassDefiner
instanceKlass jdk/internal/reflect/MethodAccessorGenerator$1
instanceKlass jdk/internal/reflect/Label$PatchInfo
instanceKlass jdk/internal/reflect/Label
instanceKlass jdk/internal/reflect/UTF8
instanceKlass jdk/internal/reflect/ClassFileAssembler
instanceKlass jdk/internal/reflect/ByteVectorImpl
instanceKlass jdk/internal/reflect/ByteVector
instanceKlass jdk/internal/reflect/ByteVectorFactory
instanceKlass jdk/internal/reflect/AccessorGenerator
instanceKlass jdk/internal/reflect/ClassFileConstants
instanceKlass java/io/ObjectStreamClass$2
instanceKlass java/io/ClassCache
instanceKlass java/io/ObjectStreamClass$Caches
instanceKlass java/io/ObjectStreamClass
instanceKlass  @bci java/io/ObjectInputFilter$Config <clinit> ()V 368 <appendix> argL0 ; # java/io/ObjectInputFilter$Config$$Lambda+0x000000080045aee0
instanceKlass jdk/internal/access/JavaObjectInputFilterAccess
instanceKlass java/io/ObjectInputFilter$Config$BuiltinFilterFactory
instanceKlass  @bci java/io/ObjectInputFilter$Config <clinit> ()V 80 <appendix> argL0 ; # java/io/ObjectInputFilter$Config$$Lambda+0x000000080045a878
instanceKlass  @bci java/io/ObjectInputFilter$Config <clinit> ()V 56 <appendix> argL0 ; # java/io/ObjectInputFilter$Config$$Lambda+0x000000080045a658
instanceKlass java/io/ObjectInputFilter$Config
instanceKlass java/io/ObjectInputStream$ValidationList
instanceKlass java/io/ObjectInputStream$HandleTable$HandleList
instanceKlass java/io/ObjectInputStream$HandleTable
instanceKlass  @bci java/io/ObjectInputStream <clinit> ()V 100 <appendix> argL0 ; # java/io/ObjectInputStream$$Lambda+0x00000008004592d8
instanceKlass jdk/internal/access/JavaObjectInputStreamReadString
instanceKlass  @bci java/io/ObjectInputStream <clinit> ()V 92 <appendix> argL0 ; # java/io/ObjectInputStream$$Lambda+0x0000000800458eb8
instanceKlass jdk/internal/access/JavaObjectInputStreamAccess
instanceKlass com/st/microxplorer/plugins/thirdparty/preferences/Preferences
instanceKlass com/st/microxplorer/plugins/thirdparty/model/EmptyThirdPartyModelManager
instanceKlass com/st/microxplorer/plugins/thirdparty/model/ThirdPartyModelManager
instanceKlass com/st/microxplorer/plugins/thirdparty/system/AbstractThirdPartySystem
instanceKlass com/st/microxplorer/plugins/thirdparty/gui/view/Observer
instanceKlass com/st/microxplorer/plugins/thirdparty/AbstractThirdPartyCodeGen
instanceKlass com/st/microxplorer/plugins/thirdparty/AbstractThirdPartyUpdaterManager
instanceKlass com/st/microxplorer/plugins/thirdparty/xml/XmlPack
instanceKlass com/st/microxplorer/plugins/thirdparty/engine/IntegrityCheckThread$IntegrityCheckStatusCallback
instanceKlass com/st/microxplorer/plugins/thirdparty/ThirdPartyMcuManagerInterface
instanceKlass com/st/microxplorer/plugins/thirdparty/ThirdPartyIpManagerInterface
instanceKlass com/st/microxplorer/plugins/thirdparty/ThirdPartyDownloadManagerInterface
instanceKlass com/st/microxplorer/plugins/thirdparty/ThirdPartyPackRequestProcessorInterface
instanceKlass com/st/microxplorer/plugins/projectmanager/ProjectManagerView$2
instanceKlass com/st/microxplorer/plugins/projectmanager/engine/MainProjectManager$20
instanceKlass com/st/microxplorer/plugins/projectmanager/engine/MainProjectManager$19
instanceKlass com/st/microxplorer/plugins/projectmanager/engine/MainProjectManager$18
instanceKlass com/st/microxplorer/plugins/projectmanager/engine/MainProjectManager$17
instanceKlass com/st/microxplorer/plugins/projectmanager/engine/MainProjectManager$16
instanceKlass com/st/microxplorer/plugins/projectmanager/engine/MainProjectManager$15
instanceKlass com/st/microxplorer/plugins/projectmanager/engine/MainProjectManager$14
instanceKlass com/st/microxplorer/plugins/projectmanager/engine/MainProjectManager$13
instanceKlass com/st/microxplorer/plugins/projectmanager/engine/MainProjectManager$12
instanceKlass com/st/microxplorer/plugins/projectmanager/engine/MainProjectManager$11
instanceKlass com/st/microxplorer/plugins/projectmanager/engine/MainProjectManager$10
instanceKlass com/st/microxplorer/plugins/projectmanager/engine/MainProjectManager$9
instanceKlass com/st/microxplorer/plugins/projectmanager/engine/MainProjectManager$8
instanceKlass com/st/microxplorer/plugins/projectmanager/engine/MainProjectManager$7
instanceKlass com/st/microxplorer/plugins/projectmanager/engine/MainProjectManager$6
instanceKlass com/st/microxplorer/plugins/projectmanager/engine/MainProjectManager$5
instanceKlass com/st/microxplorer/plugins/projectmanager/engine/MainProjectManager$4
instanceKlass  @bci com/st/microxplorer/plugins/projectmanager/engine/MainProjectManager initCommands ()V 70 <appendix> member <vmtarget> ; # com/st/microxplorer/plugins/projectmanager/engine/MainProjectManager$$Lambda+0x00000008005094b0
instanceKlass  @bci com/st/microxplorer/plugins/projectmanager/engine/MainProjectManager initCommands ()V 56 <appendix> member <vmtarget> ; # com/st/microxplorer/plugins/projectmanager/engine/MainProjectManager$$Lambda+0x0000000800509288
instanceKlass com/st/microxplorer/plugins/projectmanager/engine/MainProjectManager$3
instanceKlass com/st/microxplorer/plugins/projectmanager/engine/MainProjectManager$2
instanceKlass com/st/microxplorer/plugins/projectmanager/engine/MainProjectManager$1
instanceKlass com/st/microxplorer/plugins/projectmanager/engine/ReportBuilder
instanceKlass com/st/microxplorer/plugins/projectmanager/model/ConfigFileManager
instanceKlass com/st/microxplorer/plugins/projectmanager/model/ToolchainGenerator
instanceKlass com/st/microxplorer/plugins/projectmanager/engine/ProjectBuilder$10
instanceKlass com/st/microxplorer/plugins/projectmanager/engine/ProjectBuilder$9
instanceKlass com/st/microxplorer/plugins/projectmanager/engine/ProjectBuilder$8
instanceKlass com/st/microxplorer/plugins/projectmanager/engine/ProjectBuilder$7
instanceKlass com/st/microxplorer/plugins/projectmanager/gui/ProjectChoiceTab$24
instanceKlass com/st/microxplorer/plugins/projectmanager/gui/ProjectChoiceTab$23
instanceKlass com/st/microxplorer/plugins/projectmanager/gui/ProjectChoiceTab$22
instanceKlass com/st/microxplorer/plugins/projectmanager/gui/ProjectChoiceTab$21
instanceKlass com/st/microxplorer/plugins/projectmanager/gui/ProjectChoiceTab$18
instanceKlass com/st/microxplorer/plugins/projectmanager/gui/ProjectChoiceTab$17
instanceKlass com/st/microxplorer/plugins/projectmanager/gui/ProjectChoiceTab$16
instanceKlass com/st/microxplorer/plugins/projectmanager/gui/ProjectChoiceTab$15
instanceKlass com/st/microxplorer/plugins/projectmanager/gui/ProjectChoiceTab$14
instanceKlass com/st/microxplorer/plugins/projectmanager/gui/ProjectChoiceTab$13
instanceKlass com/st/microxplorer/plugins/projectmanager/gui/ProjectChoiceTab$12
instanceKlass com/st/microxplorer/plugins/projectmanager/gui/ProjectChoiceTab$11
instanceKlass com/st/microxplorer/plugins/projectmanager/gui/ProjectChoiceTab$10
instanceKlass com/st/microxplorer/plugins/projectmanager/gui/ProjectChoiceTab$9
instanceKlass com/st/microxplorer/plugins/projectmanager/gui/ProjectChoiceTab$8
instanceKlass com/st/microxplorer/plugins/projectmanager/gui/ProjectChoiceTab$7
instanceKlass com/st/microxplorer/plugins/projectmanager/gui/ProjectChoiceTab$6
instanceKlass com/st/microxplorer/plugins/projectmanager/gui/ProjectChoiceTab$5
instanceKlass com/st/microxplorer/plugins/projectmanager/gui/ProjectChoiceTab$4
instanceKlass com/st/microxplorer/plugins/projectmanager/engine/ProjectFilesGenerator
instanceKlass java/awt/EventQueue$1AWTInvocationLock
instanceKlass com/st/microxplorer/plugins/projectmanager/engine/ProjectBuilder
instanceKlass com/st/microxplorer/plugins/projectmanager/model/ProjectSettings
instanceKlass com/st/microxplorer/plugins/projectmanager/engine/MainProjectManager
instanceKlass com/st/microxplorer/plugins/projectmanager/ProjectManagerView$8
instanceKlass com/st/microxplorer/plugins/projectmanager/ProjectManagerView$7
instanceKlass com/st/microxplorer/plugins/projectmanager/ProjectManagerView$6
instanceKlass com/st/microxplorer/plugins/projectmanager/ProjectManagerView$5
instanceKlass com/st/microxplorer/plugins/projectmanager/ProjectManagerView$4
instanceKlass com/st/microxplorer/plugins/projectmanager/ProjectManagerView$3
instanceKlass com/st/microxplorer/plugins/projectmanager/ProjectManagerView$1
instanceKlass com/st/microxplorer/plugins/projectmanager/engine/EngineConstants
instanceKlass com/st/microxplorer/plugins/projectmanager/gui/GuiConstants
instanceKlass com/st/microxplorer/plugins/power/PowerPluginView$11
instanceKlass com/st/microxplorer/plugins/power/PowerPluginView$10
instanceKlass com/st/microxplorer/plugins/power/PowerPluginView$9
instanceKlass com/st/microxplorer/plugins/power/PowerPluginView$8
instanceKlass com/st/microxplorer/plugins/power/PowerPluginView$7
instanceKlass com/st/microxplorer/plugins/power/PowerPluginView$6
instanceKlass com/st/microxplorer/plugins/power/PowerPluginView$5
instanceKlass com/st/microxplorer/plugins/power/PowerPluginView$4
instanceKlass com/st/microxplorer/plugins/power/PowerPluginView$3
instanceKlass com/st/microxplorer/mcu/Mcu$PinoutConfig
instanceKlass com/st/microxplorer/mcu/Signal
instanceKlass jp/ac/kobe_u/cs/cream/Variable
instanceKlass com/st/microxplorer/mcu/PinoutRecombination
instanceKlass  @bci java/util/regex/CharPredicates ctype (I)Ljava/util/regex/Pattern$CharPredicate; 1 <appendix> member <vmtarget> ; # java/util/regex/CharPredicates$$Lambda+0x0000000800458820
instanceKlass  @bci java/util/regex/CharPredicates range (II)Ljava/util/regex/Pattern$CharPredicate; 2 <appendix> member <vmtarget> ; # java/util/regex/CharPredicates$$Lambda+0x0000000800458590
instanceKlass com/bestcode/mathparser/IsDouble
instanceKlass jdk/internal/icu/text/ReplaceableString
instanceKlass jdk/internal/icu/text/Replaceable
instanceKlass jdk/internal/icu/text/UCharacterIterator
instanceKlass jdk/internal/icu/text/NormalizerBase
instanceKlass jdk/internal/icu/text/NormalizerBase$Mode
instanceKlass sun/text/CollatorUtilities
instanceKlass java/text/CollationElementIterator
instanceKlass sun/text/ComposedCharIter
instanceKlass java/text/EntryPair
instanceKlass java/text/PatternEntry
instanceKlass java/text/PatternEntry$Parser
instanceKlass java/text/MergeCollation
instanceKlass jdk/internal/icu/lang/UCharacter
instanceKlass jdk/internal/icu/text/UTF16
instanceKlass jdk/internal/icu/impl/NormalizerImpl$UTF16Plus
instanceKlass jdk/internal/icu/util/CodePointTrie$Data
instanceKlass jdk/internal/icu/util/CodePointMap
instanceKlass jdk/internal/icu/util/VersionInfo
instanceKlass jdk/internal/icu/impl/ICUBinary$1
instanceKlass jdk/internal/icu/impl/ICUBinary
instanceKlass jdk/internal/icu/impl/Norm2AllModes$Norm2AllModesSingleton
instanceKlass jdk/internal/icu/impl/Norm2AllModes$NFCSingleton
instanceKlass jdk/internal/icu/impl/Norm2AllModes
instanceKlass jdk/internal/icu/text/Normalizer2
instanceKlass jdk/internal/icu/impl/NormalizerImpl$IsAcceptable
instanceKlass jdk/internal/icu/impl/ICUBinary$Authenticate
instanceKlass jdk/internal/icu/impl/NormalizerImpl
instanceKlass sun/text/UCompactIntArray
instanceKlass sun/text/IntHashtable
instanceKlass java/text/RBCollationTables$BuildAPI
instanceKlass java/text/RBTableBuilder
instanceKlass java/text/RBCollationTables
instanceKlass  @bci sun/util/locale/provider/JRELocaleProviderAdapter getCollatorProvider ()Ljava/text/spi/CollatorProvider; 8 <appendix> member <vmtarget> ; # sun/util/locale/provider/JRELocaleProviderAdapter$$Lambda+0x0000000800450738
instanceKlass java/text/Collator
instanceKlass com/bestcode/util/QuickSort
instanceKlass com/st/microxplorer/mxsystem/MxSystem$DummyProgressBar
instanceKlass com/st/microxplorer/mcu/rtos/freertos/HeapUsageCalculator
instanceKlass org/glassfish/jaxb/runtime/DatatypeConverterImpl
instanceKlass jakarta/xml/bind/DatatypeConverterInterface
# instanceKlass java/lang/invoke/LambdaForm$MH+0x00000008004f8000
instanceKlass org/glassfish/jaxb/runtime/v2/runtime/unmarshaller/TagName
instanceKlass org/glassfish/jaxb/runtime/v2/runtime/unmarshaller/SAXConnector
instanceKlass org/apache/xerces/util/SecurityManager
instanceKlass org/glassfish/jaxb/core/v2/util/XmlFactory$1
instanceKlass org/glassfish/jaxb/core/v2/util/XmlFactory
instanceKlass org/glassfish/jaxb/runtime/v2/runtime/unmarshaller/UnmarshallingContext$State
instanceKlass org/glassfish/jaxb/runtime/v2/runtime/unmarshaller/Scope
instanceKlass jakarta/xml/bind/ValidationEventLocator
instanceKlass org/glassfish/jaxb/runtime/v2/runtime/unmarshaller/LocatorExWrapper
instanceKlass org/xml/sax/helpers/LocatorImpl
instanceKlass org/glassfish/jaxb/runtime/v2/runtime/Coordinator
instanceKlass org/glassfish/jaxb/runtime/v2/runtime/unmarshaller/XmlVisitor$TextPredictor
instanceKlass jakarta/xml/bind/helpers/DefaultValidationEventHandler
instanceKlass jakarta/xml/bind/UnmarshallerHandler
instanceKlass org/glassfish/jaxb/runtime/IDResolver
instanceKlass org/glassfish/jaxb/runtime/v2/runtime/unmarshaller/XmlVisitor
instanceKlass org/glassfish/jaxb/core/v2/runtime/unmarshaller/LocatorEx
instanceKlass jakarta/xml/bind/helpers/AbstractUnmarshallerImpl
instanceKlass jakarta/xml/bind/ValidationEventHandler
instanceKlass org/glassfish/jaxb/runtime/v2/runtime/NameList
instanceKlass org/glassfish/jaxb/runtime/v2/runtime/unmarshaller/ChildLoader
instanceKlass org/glassfish/jaxb/runtime/v2/runtime/property/ArrayERProperty$ReceiverImpl
instanceKlass org/glassfish/jaxb/runtime/v2/runtime/unmarshaller/StructureLoader$1
instanceKlass org/glassfish/jaxb/runtime/v2/runtime/property/UnmarshallerChain
instanceKlass jakarta/xml/bind/annotation/W3CDomHandler
instanceKlass jakarta/xml/bind/annotation/DomHandler
instanceKlass org/glassfish/jaxb/runtime/v2/model/runtime/RuntimeArrayInfo
instanceKlass org/glassfish/jaxb/runtime/v2/runtime/ElementBeanInfoImpl$1
instanceKlass org/glassfish/jaxb/runtime/v2/runtime/unmarshaller/Intercepter
instanceKlass jakarta/xml/bind/JAXBElement
instanceKlass org/glassfish/jaxb/runtime/v2/runtime/property/TagAndType
instanceKlass org/glassfish/jaxb/runtime/v2/runtime/JaxBeanInfo$1
instanceKlass org/glassfish/jaxb/runtime/v2/runtime/LifecycleMethods
instanceKlass org/glassfish/jaxb/runtime/v2/runtime/reflect/TransducedAccessor
instanceKlass org/glassfish/jaxb/runtime/v2/runtime/Name
instanceKlass org/glassfish/jaxb/runtime/v2/runtime/reflect/Utils$1
instanceKlass org/glassfish/jaxb/runtime/v2/runtime/reflect/Utils
instanceKlass org/glassfish/jaxb/runtime/v2/runtime/reflect/Lister$2
instanceKlass org/glassfish/jaxb/runtime/v2/runtime/reflect/ListIterator
instanceKlass org/glassfish/jaxb/runtime/v2/runtime/reflect/Lister
instanceKlass org/glassfish/jaxb/runtime/v2/runtime/property/Utils$1
instanceKlass org/glassfish/jaxb/runtime/v2/runtime/property/Utils
# instanceKlass java/lang/invoke/LambdaForm$MH+0x00000008004ec400
# instanceKlass java/lang/invoke/LambdaForm$MH+0x00000008004ec000
instanceKlass org/glassfish/jaxb/runtime/v2/runtime/property/PropertyFactory$1
instanceKlass org/glassfish/jaxb/runtime/v2/model/runtime/RuntimeMapPropertyInfo
instanceKlass org/glassfish/jaxb/runtime/v2/model/runtime/RuntimeReferencePropertyInfo
instanceKlass org/glassfish/jaxb/runtime/v2/runtime/property/PropertyFactory
instanceKlass org/glassfish/jaxb/runtime/v2/runtime/property/PropertyImpl
instanceKlass org/glassfish/jaxb/runtime/v2/runtime/property/Property
instanceKlass org/glassfish/jaxb/runtime/v2/runtime/property/StructureLoaderBuilder
instanceKlass org/glassfish/jaxb/runtime/v2/runtime/unmarshaller/Loader
instanceKlass jakarta/xml/bind/annotation/XmlEnumValue
instanceKlass org/glassfish/jaxb/core/v2/util/FlattenIterator
instanceKlass org/glassfish/jaxb/runtime/v2/model/runtime/RuntimeValuePropertyInfo
instanceKlass org/glassfish/jaxb/runtime/v2/model/impl/EnumConstantImpl
instanceKlass org/glassfish/jaxb/core/v2/model/core/EnumConstant
instanceKlass org/glassfish/jaxb/runtime/v2/model/runtime/RuntimeEnumLeafInfo
instanceKlass com/st/microxplorer/mcu/rtos/RtosApiDefinition$RtosDataFieldValue
instanceKlass com/st/microxplorer/mcu/rtos/RtosApiDefinition$EnabledCondition
instanceKlass com/st/microxplorer/mcu/rtos/RtosApiDefinition$RtosDataField
instanceKlass com/st/microxplorer/mcu/rtos/data/RtosUserConfiguration$RtosUserDataObjectSet
instanceKlass com/st/microxplorer/mcu/rtos/RtosApiDefinition$RtosData
instanceKlass jakarta/xml/bind/annotation/XmlSeeAlso
instanceKlass com/st/microxplorer/mcu/rtos/RtosApiDefinition$RtosDataGroup
instanceKlass com/st/microxplorer/mcu/rtos/RtosApiDefinition$RtosApiAttributes
instanceKlass org/glassfish/jaxb/core/v2/TODO
instanceKlass java/beans/Introspector$1
instanceKlass jdk/internal/access/JavaBeansAccess
instanceKlass java/beans/FeatureDescriptor
instanceKlass java/beans/Introspector
instanceKlass org/glassfish/jaxb/runtime/v2/model/runtime/RuntimeAttributePropertyInfo
instanceKlass org/glassfish/jaxb/runtime/v2/model/impl/GetterSetterPropertySeed
instanceKlass org/glassfish/jaxb/runtime/v2/model/annotation/MethodLocatable
instanceKlass  @bci org/glassfish/jaxb/runtime/v2/model/impl/ClassInfoImpl collectGetterSetters (Ljava/lang/Object;Ljava/util/Map;Ljava/util/Map;)V 201 <appendix> argL0 ; # org/glassfish/jaxb/runtime/v2/model/impl/ClassInfoImpl$$Lambda+0x00000008004dd0a8
instanceKlass org/glassfish/jaxb/core/v2/model/nav/ReflectionNavigator$5
instanceKlass jakarta/xml/bind/annotation/XmlSchemaTypes
instanceKlass org/glassfish/jaxb/core/v2/model/nav/ParameterizedTypeImpl
instanceKlass org/glassfish/jaxb/core/v2/model/nav/ReflectionNavigator$BinderArg
instanceKlass jakarta/xml/bind/annotation/adapters/XmlJavaTypeAdapters
instanceKlass org/glassfish/jaxb/runtime/v2/model/impl/Util
instanceKlass org/glassfish/jaxb/runtime/v2/model/runtime/RuntimeTypeRef
instanceKlass org/glassfish/jaxb/runtime/v2/model/impl/TypeRefImpl
instanceKlass org/glassfish/jaxb/core/v2/model/core/TypeRef
instanceKlass org/glassfish/jaxb/runtime/v2/model/impl/PropertyInfoImpl
instanceKlass org/glassfish/jaxb/runtime/v2/model/runtime/RuntimeElementPropertyInfo
instanceKlass org/glassfish/jaxb/runtime/v2/model/runtime/RuntimePropertyInfo
instanceKlass org/glassfish/jaxb/runtime/v2/model/impl/ClassInfoImpl$1
instanceKlass com/st/microxplorer/mcu/rtos/RtosApiDefinition$RtosApiDescription
instanceKlass org/glassfish/jaxb/runtime/v2/model/impl/FieldPropertySeed
instanceKlass org/glassfish/jaxb/runtime/v2/model/impl/RuntimeClassInfoImpl$RuntimePropertySeed
instanceKlass jakarta/xml/bind/annotation/XmlElement$DEFAULT
instanceKlass org/glassfish/jaxb/core/annotation/XmlLocation
instanceKlass org/glassfish/jaxb/core/v2/model/nav/ReflectionNavigator$3
instanceKlass  @bci java/lang/reflect/Proxy getProxyConstructor (Ljava/lang/Class;Ljava/lang/ClassLoader;[Ljava/lang/Class;)Ljava/lang/reflect/Constructor; 80 <appendix> argL0 ; # java/lang/reflect/Proxy$$Lambda+0x000000080044e378
instanceKlass org/glassfish/jaxb/runtime/v2/model/annotation/SecureLoader
instanceKlass org/glassfish/jaxb/runtime/AccessorFactoryImpl
instanceKlass org/glassfish/jaxb/runtime/InternalAccessorFactory
instanceKlass jakarta/xml/bind/annotation/XmlAccessorOrder
instanceKlass org/glassfish/jaxb/core/api/impl/NameUtil
instanceKlass org/glassfish/jaxb/core/api/impl/NameConverter
instanceKlass java/lang/Package$1PackageInfoProxy
instanceKlass  @bci java/lang/Package getPackageInfo ()Ljava/lang/Class; 41 <appendix> member <vmtarget> ; # java/lang/Package$$Lambda+0x000000080044df48
instanceKlass  @bci org/glassfish/jaxb/runtime/v2/model/annotation/RuntimeInlineAnnotationReader getPackageAnnotation (Ljava/lang/Class;Ljava/lang/Class;Lorg/glassfish/jaxb/core/v2/model/annotation/Locatable;)Ljava/lang/annotation/Annotation; 18 <appendix> argL0 ; # org/glassfish/jaxb/runtime/v2/model/annotation/RuntimeInlineAnnotationReader$$Lambda+0x00000008004d5048
instanceKlass org/glassfish/jaxb/core/annotation/OverrideAnnotationOf
instanceKlass jakarta/xml/bind/annotation/XmlMixed
instanceKlass jakarta/xml/bind/annotation/XmlAnyElement
instanceKlass jakarta/xml/bind/annotation/XmlElements
instanceKlass jakarta/xml/bind/annotation/XmlAnyAttribute
instanceKlass jakarta/xml/bind/annotation/XmlList
instanceKlass jakarta/xml/bind/annotation/XmlElementWrapper
instanceKlass jakarta/xml/bind/annotation/XmlAttachmentRef
instanceKlass jakarta/xml/bind/annotation/XmlMimeType
instanceKlass jakarta/xml/bind/annotation/XmlInlineBinaryData
instanceKlass jakarta/xml/bind/annotation/XmlIDREF
instanceKlass jakarta/xml/bind/annotation/XmlID
instanceKlass jakarta/xml/bind/annotation/adapters/XmlJavaTypeAdapter
instanceKlass org/glassfish/jaxb/runtime/v2/runtime/reflect/Accessor
instanceKlass org/glassfish/jaxb/runtime/v2/runtime/unmarshaller/Receiver
instanceKlass org/glassfish/jaxb/runtime/AccessorFactory
instanceKlass org/glassfish/jaxb/runtime/v2/model/runtime/RuntimeNonElementRef
instanceKlass org/glassfish/jaxb/core/v2/model/core/ReferencePropertyInfo
instanceKlass org/glassfish/jaxb/core/v2/model/core/ValuePropertyInfo
instanceKlass org/glassfish/jaxb/core/v2/model/core/AttributePropertyInfo
instanceKlass org/glassfish/jaxb/core/v2/model/core/NonElementRef
instanceKlass org/glassfish/jaxb/core/v2/model/core/ElementPropertyInfo
instanceKlass org/glassfish/jaxb/runtime/v2/model/impl/PropertySeed
instanceKlass org/glassfish/jaxb/core/v2/model/core/MapPropertyInfo
instanceKlass org/glassfish/jaxb/core/v2/model/core/PropertyInfo
instanceKlass org/glassfish/jaxb/core/v2/model/annotation/AnnotationSource
instanceKlass org/glassfish/jaxb/runtime/v2/model/runtime/RuntimeClassInfo
instanceKlass jakarta/xml/bind/annotation/XmlValue
instanceKlass jakarta/xml/bind/annotation/XmlType
instanceKlass jakarta/xml/bind/annotation/XmlTransient
instanceKlass jakarta/xml/bind/annotation/XmlSchemaType
instanceKlass jakarta/xml/bind/annotation/XmlEnum
instanceKlass jakarta/xml/bind/annotation/XmlElementRefs
instanceKlass jakarta/xml/bind/annotation/XmlElementRef
instanceKlass jakarta/xml/bind/annotation/XmlElementDecl
instanceKlass jakarta/xml/bind/annotation/XmlElement
instanceKlass jakarta/xml/bind/annotation/XmlAttribute
instanceKlass org/glassfish/jaxb/runtime/v2/model/annotation/Quick
instanceKlass org/glassfish/jaxb/runtime/v2/model/annotation/Init
instanceKlass org/glassfish/jaxb/runtime/v2/model/annotation/LocatableAnnotation
instanceKlass jakarta/xml/bind/annotation/XmlAccessorType
instanceKlass jakarta/xml/bind/annotation/XmlRootElement
instanceKlass jakarta/xml/bind/annotation/XmlRegistry
instanceKlass org/glassfish/jaxb/core/v2/model/core/Ref
instanceKlass org/glassfish/jaxb/runtime/api/CompositeStructure
instanceKlass org/glassfish/jaxb/runtime/v2/runtime/IllegalAnnotationsException$Builder
instanceKlass org/glassfish/jaxb/core/v2/runtime/RuntimeUtil
instanceKlass org/glassfish/jaxb/runtime/v2/model/impl/AnyTypeImpl
instanceKlass org/glassfish/jaxb/runtime/v2/model/impl/TypeInfoSetImpl$1
instanceKlass org/glassfish/jaxb/runtime/v2/model/impl/RuntimeBuiltinLeafInfoImpl$28
instanceKlass javax/xml/namespace/NamespaceContext
instanceKlass jakarta/activation/DataHandler
instanceKlass jakarta/activation/DataSource
instanceKlass org/glassfish/jaxb/runtime/v2/runtime/output/Pcdata
instanceKlass jakarta/xml/bind/ValidationEvent
instanceKlass javax/xml/datatype/DatatypeConstants$Field
instanceKlass javax/xml/datatype/DatatypeConstants
instanceKlass javax/xml/namespace/QName
instanceKlass org/glassfish/jaxb/runtime/v2/model/impl/RuntimeBuiltinLeafInfoImpl$1
instanceKlass org/glassfish/jaxb/runtime/v2/model/impl/LeafInfoImpl
instanceKlass org/glassfish/jaxb/runtime/v2/model/runtime/RuntimeBuiltinLeafInfo
instanceKlass org/glassfish/jaxb/core/v2/model/core/BuiltinLeafInfo
instanceKlass org/glassfish/jaxb/runtime/v2/model/impl/TypeInfoImpl
instanceKlass org/glassfish/jaxb/runtime/v2/model/runtime/RuntimeElementInfo
instanceKlass org/glassfish/jaxb/runtime/v2/model/runtime/RuntimeElement
instanceKlass org/glassfish/jaxb/runtime/v2/model/impl/TypeInfoSetImpl
instanceKlass org/glassfish/jaxb/runtime/v2/model/runtime/RuntimeTypeInfoSet
instanceKlass org/glassfish/jaxb/runtime/v2/model/impl/ModelBuilder$1
instanceKlass org/glassfish/jaxb/runtime/v2/model/impl/Utils$1
instanceKlass org/glassfish/jaxb/core/v2/model/nav/TypeVisitor
instanceKlass org/glassfish/jaxb/core/v2/runtime/Location
instanceKlass org/glassfish/jaxb/core/v2/model/nav/ReflectionNavigator
instanceKlass org/glassfish/jaxb/core/v2/model/nav/Navigator
instanceKlass org/glassfish/jaxb/runtime/v2/model/impl/Utils
instanceKlass org/glassfish/jaxb/core/WhiteSpaceProcessor
instanceKlass jakarta/xml/bind/annotation/XmlSchema
instanceKlass org/glassfish/jaxb/runtime/v2/runtime/Transducer
instanceKlass org/glassfish/jaxb/core/v2/model/core/ElementInfo
instanceKlass org/glassfish/jaxb/core/v2/model/core/Element
instanceKlass org/glassfish/jaxb/core/v2/model/core/RegistryInfo
instanceKlass org/glassfish/jaxb/core/v2/model/core/ArrayInfo
instanceKlass org/glassfish/jaxb/core/v2/model/core/EnumLeafInfo
instanceKlass org/glassfish/jaxb/core/v2/model/core/ClassInfo
instanceKlass org/glassfish/jaxb/runtime/v2/model/impl/ModelBuilder
instanceKlass org/glassfish/jaxb/core/v2/model/impl/ModelBuilderI
instanceKlass org/glassfish/jaxb/runtime/v2/runtime/NameBuilder
instanceKlass com/sun/istack/Pool$Impl
instanceKlass org/glassfish/jaxb/runtime/v2/util/QNameMap$Entry
instanceKlass org/glassfish/jaxb/runtime/v2/util/QNameMap
instanceKlass org/glassfish/jaxb/runtime/v2/runtime/JAXBContextImpl$6
instanceKlass org/glassfish/jaxb/core/v2/model/core/TypeInfoSet
instanceKlass jakarta/xml/bind/JAXBIntrospector
instanceKlass org/glassfish/jaxb/runtime/api/RawAccessor
instanceKlass org/glassfish/jaxb/runtime/v2/runtime/AttributeAccessor
instanceKlass org/glassfish/jaxb/runtime/v2/runtime/JaxBeanInfo
instanceKlass org/glassfish/jaxb/runtime/api/Bridge
instanceKlass org/glassfish/jaxb/runtime/v2/model/runtime/RuntimeLeafInfo
instanceKlass org/glassfish/jaxb/runtime/v2/model/runtime/RuntimeNonElement
instanceKlass org/glassfish/jaxb/runtime/v2/model/runtime/RuntimeTypeInfo
instanceKlass org/glassfish/jaxb/core/v2/model/core/LeafInfo
instanceKlass org/glassfish/jaxb/core/v2/model/core/MaybeElement
instanceKlass org/glassfish/jaxb/core/v2/model/core/NonElement
instanceKlass org/glassfish/jaxb/core/v2/model/core/TypeInfo
instanceKlass org/glassfish/jaxb/core/v2/model/annotation/Locatable
instanceKlass com/sun/istack/Pool
instanceKlass org/glassfish/jaxb/core/v2/model/core/ErrorHandler
instanceKlass jakarta/xml/bind/Binder
instanceKlass org/glassfish/jaxb/core/unmarshaller/InfosetScanner
instanceKlass jakarta/xml/bind/Marshaller
instanceKlass org/glassfish/jaxb/core/api/ErrorListener
instanceKlass jakarta/xml/bind/Unmarshaller
instanceKlass org/glassfish/jaxb/runtime/v2/model/annotation/AbstractInlineAnnotationReaderImpl
instanceKlass org/glassfish/jaxb/runtime/v2/runtime/JAXBContextImpl$JAXBContextBuilder
instanceKlass org/glassfish/jaxb/runtime/v2/util/TypeCast
instanceKlass org/glassfish/jaxb/runtime/v2/model/annotation/RuntimeAnnotationReader
instanceKlass org/glassfish/jaxb/core/v2/model/annotation/AnnotationReader
instanceKlass  @bci org/glassfish/jaxb/core/StackHelper lambda$getCallerClassName$0 (Ljava/util/stream/Stream;)Ljava/lang/String; 1 <appendix> argL0 ; # org/glassfish/jaxb/core/StackHelper$$Lambda+0x00000008004b3f78
instanceKlass  @bci org/glassfish/jaxb/core/StackHelper getCallerClassName ()Ljava/lang/String; 3 <appendix> argL0 ; # org/glassfish/jaxb/core/StackHelper$$Lambda+0x00000008004b3d38
instanceKlass org/glassfish/jaxb/core/StackHelper
instanceKlass org/glassfish/jaxb/core/Utils
instanceKlass org/glassfish/jaxb/core/v2/ClassFactory
instanceKlass org/glassfish/jaxb/runtime/v2/MUtils
instanceKlass org/glassfish/jaxb/runtime/v2/ContextFactory
instanceKlass jakarta/xml/bind/ModuleUtil
instanceKlass org/glassfish/jaxb/runtime/v2/JAXBContextFactory
instanceKlass jakarta/xml/bind/ServiceLoaderUtil
instanceKlass jakarta/xml/bind/JAXBContextFactory
instanceKlass jakarta/xml/bind/GetPropertyAction
instanceKlass jakarta/xml/bind/ServiceLoaderUtil$ExceptionHandler
instanceKlass jakarta/xml/bind/ContextFinder
instanceKlass jakarta/xml/bind/JAXBContext
instanceKlass com/st/microxplorer/mcu/rtos/RtosApiDefinition
instanceKlass org/apache/xerces/jaxp/validation/Util
instanceKlass org/apache/xerces/util/ErrorHandlerWrapper$1
instanceKlass org/apache/xerces/impl/xs/util/XSObjectListImpl$1
instanceKlass org/apache/xerces/impl/xs/opti/NamedNodeMapImpl
instanceKlass org/apache/xerces/impl/xs/identity/IdentityConstraint
instanceKlass org/apache/xerces/impl/xs/traversers/XSDAbstractParticleTraverser$ParticleArray
instanceKlass org/apache/xerces/xs/XSAnnotation
instanceKlass org/apache/xerces/impl/xs/traversers/XSDAbstractTraverser
instanceKlass org/apache/xerces/impl/xs/traversers/Container
instanceKlass org/apache/xerces/impl/xs/traversers/OneAttr
instanceKlass org/apache/xerces/impl/xs/XSAttributeDecl
instanceKlass org/apache/xerces/impl/xs/XSGroupDecl
instanceKlass org/apache/xerces/impl/xs/XSAttributeUseImpl
instanceKlass org/apache/xerces/xs/XSAttributeUse
instanceKlass org/apache/xerces/impl/xs/XSAttributeGroupDecl
instanceKlass org/apache/xerces/impl/xs/XSModelGroupImpl
instanceKlass org/apache/xerces/xs/XSModelGroup
instanceKlass org/apache/xerces/impl/xs/XSWildcardDecl
instanceKlass org/apache/xerces/xs/XSWildcard
instanceKlass org/apache/xerces/xs/XSNamedMap
instanceKlass org/apache/xerces/impl/xs/XSComplexTypeDecl
instanceKlass org/apache/xerces/xs/XSComplexTypeDefinition
instanceKlass org/apache/xerces/xs/XSModelGroupDefinition
instanceKlass org/apache/xerces/xs/XSAttributeDeclaration
instanceKlass org/apache/xerces/xs/XSNotationDeclaration
instanceKlass org/apache/xerces/xs/XSAttributeGroupDefinition
instanceKlass org/apache/xerces/xs/XSIDCDefinition
instanceKlass org/apache/xerces/impl/xs/util/XInt
instanceKlass org/apache/xerces/impl/xs/util/XIntPool
instanceKlass org/apache/xerces/impl/xs/SchemaGrammar
instanceKlass org/apache/xerces/xs/XSNamespaceItem
instanceKlass org/apache/xerces/xni/grammars/XSGrammar
instanceKlass org/apache/xerces/impl/xs/traversers/XSAttributeChecker
instanceKlass org/apache/xerces/impl/xs/traversers/XSDHandler$XSDKey
instanceKlass org/apache/xerces/util/DOMUtil
instanceKlass org/apache/xerces/impl/xs/SchemaSymbols
instanceKlass org/apache/xerces/impl/xs/opti/DefaultNode
instanceKlass org/apache/xerces/impl/ExternalSubsetResolver
instanceKlass org/apache/xerces/impl/xpath/regex/Token
instanceKlass org/apache/xerces/impl/xpath/regex/REUtil
instanceKlass org/apache/xerces/impl/xpath/regex/RegexParser
instanceKlass org/apache/xerces/impl/xpath/regex/Op
instanceKlass org/apache/xerces/impl/xpath/regex/RegularExpression
instanceKlass org/apache/xerces/impl/dv/xs/DecimalDV$XDecimal
instanceKlass org/apache/xerces/xs/datatypes/XSDecimal
instanceKlass org/apache/xerces/impl/dv/ValidatedInfo
instanceKlass org/apache/xerces/xs/XSValue
instanceKlass org/apache/xerces/impl/dv/XSFacets
instanceKlass org/apache/xerces/impl/dv/xs/XSSimpleTypeDecl$4
instanceKlass org/apache/xerces/impl/dv/xs/XSSimpleTypeDecl$1
instanceKlass org/apache/xerces/impl/dv/xs/AbstractDateTimeDV$DateTimeData
instanceKlass org/apache/xerces/xs/datatypes/XSDateTime
instanceKlass org/apache/xerces/impl/dv/xs/TypeValidator$1
instanceKlass org/apache/xerces/impl/dv/xs/TypeValidator
instanceKlass org/apache/xerces/xs/XSObjectList
instanceKlass org/apache/xerces/xs/StringList
instanceKlass org/apache/xerces/xs/ShortList
instanceKlass org/apache/xerces/xs/datatypes/ObjectList
instanceKlass org/apache/xerces/impl/dv/xs/XSSimpleTypeDecl
instanceKlass org/apache/xerces/impl/dv/XSSimpleType
instanceKlass org/apache/xerces/xs/XSSimpleTypeDefinition
instanceKlass org/apache/xerces/impl/dv/SchemaDVFactory
instanceKlass org/apache/xerces/util/XMLGrammarPoolImpl$Entry
instanceKlass org/apache/xerces/util/XMLGrammarPoolImpl
instanceKlass javax/xml/transform/stream/StreamSource
instanceKlass  @bci javax/xml/validation/SchemaFactoryFinder newFactory (Ljava/lang/String;)Ljavax/xml/validation/SchemaFactory; 24 <appendix> member <vmtarget> ; # javax/xml/validation/SchemaFactoryFinder$$Lambda+0x000000080044c0d0
instanceKlass javax/xml/validation/SchemaFactoryFinder$1
instanceKlass org/apache/xerces/jaxp/validation/XMLSchemaFactory$XMLGrammarPoolWrapper
instanceKlass org/apache/xerces/util/DOMEntityResolverWrapper
instanceKlass org/apache/xerces/jaxp/validation/DraconianErrorHandler
instanceKlass org/apache/xerces/impl/xs/opti/SchemaDOMParser$BooleanStack
instanceKlass org/apache/xerces/impl/xs/opti/DefaultXMLDocumentHandler
instanceKlass org/apache/xerces/impl/xs/util/SimpleLocator
instanceKlass org/apache/xerces/util/SymbolHash$Entry
instanceKlass org/apache/xerces/util/SymbolHash
instanceKlass org/apache/xerces/impl/xs/traversers/XSDocumentInfo
instanceKlass org/apache/xerces/impl/xs/XSParticleDecl
instanceKlass org/apache/xerces/xs/XSParticle
instanceKlass org/apache/xerces/impl/xs/traversers/XSDHandler
instanceKlass org/apache/xerces/impl/xs/models/XSEmptyCM
instanceKlass org/apache/xerces/impl/xs/models/XSCMValidator
instanceKlass org/apache/xerces/impl/xs/models/CMBuilder
instanceKlass org/apache/xerces/impl/dtd/models/CMNode
instanceKlass org/apache/xerces/impl/xs/models/CMNodeFactory
instanceKlass org/apache/xerces/impl/xs/SubstitutionGroupHandler$OneSubGroup
instanceKlass org/apache/xerces/impl/xs/XSElementDecl
instanceKlass org/apache/xerces/xs/XSElementDeclaration
instanceKlass org/apache/xerces/xs/XSTerm
instanceKlass org/apache/xerces/impl/xs/SubstitutionGroupHandler
instanceKlass org/apache/xerces/impl/xs/XSGrammarBucket
instanceKlass org/apache/xerces/impl/xs/XSMessageFormatter
instanceKlass org/apache/xerces/util/DefaultErrorHandler
instanceKlass org/apache/xerces/xni/grammars/XMLSchemaDescription
instanceKlass org/w3c/dom/DOMStringList
instanceKlass org/apache/xerces/xs/XSModel
instanceKlass org/apache/xerces/impl/xs/XMLSchemaLoader
instanceKlass org/apache/xerces/xs/XSLoader
instanceKlass org/apache/xerces/impl/xs/XSElementDeclHelper
instanceKlass org/apache/xerces/xni/grammars/XMLGrammarLoader
instanceKlass org/apache/xerces/jaxp/validation/XSGrammarPoolContainer
instanceKlass javax/xml/validation/SchemaFactoryFinder$2
instanceKlass  @bci javax/xml/validation/SchemaFactoryFinder _newFactory (Ljava/lang/String;)Ljavax/xml/validation/SchemaFactory; 56 <appendix> argL0 ; # javax/xml/validation/SchemaFactoryFinder$$Lambda+0x000000080044b1e0
instanceKlass  @bci javax/xml/validation/SchemaFactoryFinder _newFactory (Ljava/lang/String;)Ljavax/xml/validation/SchemaFactory; 14 <appendix> member <vmtarget> ; # javax/xml/validation/SchemaFactoryFinder$$Lambda+0x000000080044afb8
instanceKlass javax/xml/validation/SchemaFactoryFinder
instanceKlass javax/xml/validation/SchemaFactory
instanceKlass org/apache/commons/lang3/StringUtils
instanceKlass com/st/microxplorer/mcu/rtos/api/SupportedApi
instanceKlass com/st/microxplorer/mcu/rtos/RtosManager
instanceKlass com/st/microxplorer/plugins/pinoutconfig/PinoutConfigView$2
instanceKlass com/st/microxplorer/plugins/pinoutconfig/PinoutConfigView$1
instanceKlass javax/swing/plaf/basic/BasicButtonUI$KeyHandler
instanceKlass javax/swing/plaf/metal/MetalIconFactory$CheckBoxIcon
instanceKlass javax/swing/plaf/basic/BasicBorders
instanceKlass com/st/microxplorer/plugins/pinoutconfig/PinoutConfigView$4
instanceKlass com/st/microxplorer/plugins/pinoutconfig/PinoutConfigView$3
instanceKlass com/st/microxplorer/plugins/pinoutconfig/PinoutConfigView$12
instanceKlass com/st/microxplorer/plugins/pinoutconfig/PinoutConfigView$11
instanceKlass com/st/microxplorer/plugins/pinoutconfig/PinoutConfigView$10
instanceKlass com/st/microxplorer/plugins/pinoutconfig/PinoutConfigView$9
instanceKlass com/st/microxplorer/plugins/pinoutconfig/PinoutConfigView$8
instanceKlass com/st/microxplorer/plugins/pinoutconfig/PinoutConfigView$7
instanceKlass com/st/microxplorer/plugins/pinoutconfig/PinoutConfigView$6
instanceKlass com/st/microxplorer/plugins/pinoutconfig/PinoutConfigView$5
instanceKlass com/st/microxplorer/plugins/pinoutconfig/gui/PinSearch
instanceKlass com/st/microxplorer/plugins/pinoutconfig/engine/UndoRedoManager$4
instanceKlass com/st/microxplorer/plugins/pinoutconfig/engine/UndoRedoManager$3
instanceKlass com/st/microxplorer/plugins/pinoutconfig/engine/UndoRedoManager
instanceKlass com/st/microxplorer/plugins/pinoutandconfiguration/PinoutAndConfigurationView$22
instanceKlass com/st/microxplorer/plugins/pinoutandconfiguration/PinoutAndConfigurationView$21
instanceKlass com/st/microxplorer/plugins/pinoutandconfiguration/PinoutAndConfigurationView$20
instanceKlass com/st/microxplorer/plugins/pinoutandconfiguration/PinoutAndConfigurationView$19
instanceKlass com/st/microxplorer/plugins/pinoutandconfiguration/PinoutAndConfigurationView$18
instanceKlass com/st/microxplorer/plugins/pinoutandconfiguration/PinoutAndConfigurationView$17
instanceKlass com/st/microxplorer/plugins/pinoutandconfiguration/PinoutAndConfigurationView$16
instanceKlass  @bci org/apache/log4j/Hierarchy getInstance (Lorg/apache/logging/log4j/spi/LoggerContext;Ljava/lang/String;Lorg/apache/log4j/Hierarchy$PrivateLoggerAdapter;)Lorg/apache/log4j/Logger; 8 <appendix> member <vmtarget> ; # org/apache/log4j/Hierarchy$$Lambda+0x00000008004864d0
instanceKlass  @bci org/apache/log4j/Hierarchy getLoggersMap (Lorg/apache/logging/log4j/spi/LoggerContext;)Ljava/util/concurrent/ConcurrentMap; 10 <appendix> argL0 ; # org/apache/log4j/Hierarchy$$Lambda+0x0000000800486290
instanceKlass org/apache/log4j/DefaultCategoryFactory
instanceKlass org/apache/log4j/or/DefaultRenderer
instanceKlass org/apache/log4j/or/ObjectRenderer
instanceKlass org/apache/log4j/or/RendererMap
instanceKlass org/apache/log4j/legacy/core/CategoryUtil
instanceKlass org/apache/log4j/spi/NOPLoggerRepository
instanceKlass org/apache/log4j/spi/DefaultRepositorySelector
instanceKlass org/apache/logging/log4j/spi/AbstractLoggerAdapter
instanceKlass org/apache/logging/log4j/spi/LoggerAdapter
instanceKlass org/apache/log4j/spi/LoggerFactory
instanceKlass org/apache/log4j/Hierarchy
instanceKlass org/apache/log4j/spi/ThrowableRendererSupport
instanceKlass org/apache/log4j/spi/RendererSupport
instanceKlass org/apache/log4j/spi/RepositorySelector
instanceKlass org/apache/log4j/spi/LoggerRepository
instanceKlass org/apache/log4j/LogManager
instanceKlass org/apache/log4j/Appender
instanceKlass org/apache/log4j/Priority
instanceKlass org/apache/log4j/Category
instanceKlass org/apache/log4j/spi/AppenderAttachable
instanceKlass com/st/microxplorer/plugins/lpbam/MulticonfigView$10
instanceKlass com/st/microxplorer/plugins/lpbam/MulticonfigView$7
instanceKlass com/st/microxplorer/plugins/lpbam/MulticonfigView$5
instanceKlass com/st/microxplorer/ctxdoc/ICtxDocContext
instanceKlass com/st/microxplorer/plugins/lpbam/LBAMConfigurationManagement
instanceKlass com/st/microxplorer/plugins/lpbam/MulticonfigViewConstant
instanceKlass com/st/microxplorer/plugins/ipmanager/IPPluginView$2
instanceKlass com/st/microxplorer/plugins/ipmanager/IPPluginView$1
instanceKlass com/st/microxplorer/plugins/projectmanager/engine/MainProjectManager$20
instanceKlass com/st/microxplorer/plugins/projectmanager/engine/MainProjectManager$19
instanceKlass com/st/microxplorer/plugins/projectmanager/engine/MainProjectManager$18
instanceKlass com/st/microxplorer/plugins/projectmanager/engine/MainProjectManager$17
instanceKlass com/st/microxplorer/plugins/projectmanager/engine/MainProjectManager$16
instanceKlass com/st/microxplorer/plugins/projectmanager/engine/MainProjectManager$15
instanceKlass com/st/microxplorer/plugins/projectmanager/engine/MainProjectManager$14
instanceKlass com/st/microxplorer/plugins/projectmanager/engine/MainProjectManager$13
instanceKlass com/st/microxplorer/plugins/projectmanager/engine/MainProjectManager$12
instanceKlass com/st/microxplorer/plugins/projectmanager/engine/MainProjectManager$11
instanceKlass com/st/microxplorer/plugins/projectmanager/engine/MainProjectManager$10
instanceKlass com/st/microxplorer/plugins/projectmanager/engine/MainProjectManager$9
instanceKlass com/st/microxplorer/plugins/projectmanager/engine/MainProjectManager$8
instanceKlass com/st/microxplorer/plugins/projectmanager/engine/MainProjectManager$7
instanceKlass com/st/microxplorer/plugins/projectmanager/engine/MainProjectManager$6
instanceKlass com/st/microxplorer/plugins/projectmanager/engine/MainProjectManager$5
instanceKlass com/st/microxplorer/plugins/projectmanager/engine/MainProjectManager$4
instanceKlass  @bci com/st/microxplorer/plugins/projectmanager/engine/MainProjectManager initCommands ()V 70 <appendix> member <vmtarget> ; # com/st/microxplorer/plugins/projectmanager/engine/MainProjectManager$$Lambda+0x0000000800423798
instanceKlass  @bci com/st/microxplorer/plugins/projectmanager/engine/MainProjectManager initCommands ()V 56 <appendix> member <vmtarget> ; # com/st/microxplorer/plugins/projectmanager/engine/MainProjectManager$$Lambda+0x0000000800423570
instanceKlass com/st/microxplorer/plugins/projectmanager/engine/MainProjectManager$3
instanceKlass com/st/microxplorer/plugins/projectmanager/engine/MainProjectManager$2
instanceKlass com/st/microxplorer/plugins/projectmanager/engine/MainProjectManager$1
instanceKlass com/st/microxplorer/plugins/projectmanager/engine/ReportBuilder
instanceKlass com/st/microxplorer/util/ThirdPartySwApiManager
instanceKlass org/w3c/dom/traversal/NodeFilter
instanceKlass stm32Families/Families
instanceKlass freemarker/template/ObjectWrapper
instanceKlass com/st/microxplorer/plugins/projectmanager/model/ConfigFileManager
instanceKlass Util/Setting
instanceKlass Util/ISetting
instanceKlass result/Result
instanceKlass result/IResult
instanceKlass com/sun/org/apache/xpath/internal/jaxp/XPathImplUtil
instanceKlass javax/xml/xpath/XPath
instanceKlass  @bci javax/xml/xpath/XPathFactoryFinder newFactory (Ljava/lang/String;)Ljavax/xml/xpath/XPathFactory; 24 <appendix> member <vmtarget> ; # javax/xml/xpath/XPathFactoryFinder$$Lambda+0x00000008004489d8
instanceKlass com/sun/org/apache/xerces/internal/utils/XMLSecurityPropertyManager
instanceKlass jdk/xml/internal/XMLSecurityManager
instanceKlass jdk/xml/internal/JdkXmlFeatures
instanceKlass  @bci javax/xml/xpath/XPathFactoryFinder _newFactory (Ljava/lang/String;)Ljavax/xml/xpath/XPathFactory; 154 <appendix> argL0 ; # javax/xml/xpath/XPathFactoryFinder$$Lambda+0x0000000800445cd8
instanceKlass javax/xml/xpath/XPathFactoryFinder$2
instanceKlass  @bci javax/xml/xpath/XPathFactoryFinder _newFactory (Ljava/lang/String;)Ljavax/xml/xpath/XPathFactory; 58 <appendix> argL0 ; # javax/xml/xpath/XPathFactoryFinder$$Lambda+0x0000000800445880
instanceKlass  @bci javax/xml/xpath/XPathFactoryFinder _newFactory (Ljava/lang/String;)Ljavax/xml/xpath/XPathFactory; 16 <appendix> member <vmtarget> ; # javax/xml/xpath/XPathFactoryFinder$$Lambda+0x0000000800445658
instanceKlass javax/xml/xpath/XPathFactoryFinder
instanceKlass  @bci jdk/xml/internal/SecuritySupport getContextClassLoader ()Ljava/lang/ClassLoader; 0 <appendix> argL0 ; # jdk/xml/internal/SecuritySupport$$Lambda+0x0000000800445218
instanceKlass javax/xml/xpath/XPathFactory
instanceKlass builders/Builder
instanceKlass tool/Tool
instanceKlass stm32Families/DevicesDbFile
instanceKlass Util/Functions
instanceKlass javax/xml/transform/Result
instanceKlass generators/Generator
instanceKlass parsers/Parser
instanceKlass convertor/Convertor
instanceKlass  @bci com/st/microxplorer/plugins/projectmanager/model/ToolchainGenerator <init> (Lcom/st/microxplorer/plugins/projectmanager/model/ProjectSettings;)V 110 <appendix> form vmentry <vmtarget> ; # java/lang/invoke/LambdaForm$MH+0x0000000800425800
# instanceKlass java/lang/invoke/LambdaForm$MH+0x0000000800425400
# instanceKlass java/lang/invoke/LambdaForm$MH+0x0000000800425000
# instanceKlass java/lang/invoke/LambdaForm$MH+0x0000000800424c00
# instanceKlass java/lang/invoke/LambdaForm$MH+0x0000000800424800
# instanceKlass java/lang/invoke/LambdaForm$MH+0x0000000800424400
# instanceKlass java/lang/invoke/LambdaForm$MH+0x0000000800424000
instanceKlass com/st/microxplorer/plugins/projectmanager/model/ToolchainGenerator
instanceKlass com/st/components/util/ParameterSetting
instanceKlass com/st/microxplorer/plugins/projectmanager/engine/ProjectBuilder$10
instanceKlass com/st/microxplorer/plugins/projectmanager/engine/ProjectBuilder$9
instanceKlass com/st/microxplorer/plugins/projectmanager/engine/ProjectBuilder$8
instanceKlass com/st/microxplorer/plugins/projectmanager/engine/ProjectBuilder$7
instanceKlass com/st/microxplorer/plugins/projectmanager/gui/ProjectChoiceTab$24
instanceKlass com/st/microxplorer/plugins/projectmanager/gui/ProjectChoiceTab$23
instanceKlass com/st/microxplorer/plugins/projectmanager/gui/ProjectChoiceTab$22
instanceKlass com/st/microxplorer/plugins/projectmanager/gui/ProjectChoiceTab$21
instanceKlass com/st/microxplorer/plugins/projectmanager/gui/ProjectChoiceTab$18
instanceKlass com/st/microxplorer/plugins/projectmanager/gui/ProjectChoiceTab$17
instanceKlass com/st/microxplorer/plugins/projectmanager/gui/ProjectChoiceTab$16
instanceKlass com/st/microxplorer/plugins/projectmanager/gui/ProjectChoiceTab$15
instanceKlass com/st/microxplorer/plugins/projectmanager/gui/ProjectChoiceTab$14
instanceKlass com/st/microxplorer/plugins/projectmanager/gui/ProjectChoiceTab$13
instanceKlass com/st/microxplorer/plugins/projectmanager/gui/ProjectChoiceTab$12
instanceKlass com/st/microxplorer/plugins/projectmanager/gui/ProjectChoiceTab$11
instanceKlass com/st/microxplorer/plugins/projectmanager/gui/ProjectChoiceTab$10
instanceKlass com/st/microxplorer/plugins/projectmanager/gui/ProjectChoiceTab$9
instanceKlass com/st/microxplorer/plugins/projectmanager/gui/ProjectChoiceTab$8
instanceKlass com/st/microxplorer/plugins/projectmanager/gui/ProjectChoiceTab$7
instanceKlass com/st/microxplorer/plugins/projectmanager/gui/ProjectChoiceTab$6
instanceKlass com/st/microxplorer/plugins/projectmanager/gui/ProjectChoiceTab$5
instanceKlass com/st/microxplorer/plugins/projectmanager/gui/ProjectChoiceTab$4
instanceKlass javax/swing/ListCellRenderer
instanceKlass javax/swing/event/ListDataListener
instanceKlass javax/swing/ComboBoxModel
instanceKlass javax/swing/ListModel
instanceKlass com/st/microxplorer/plugin/IProgressBarMonitor
instanceKlass com/st/microxplorer/plugins/projectmanager/engine/ProjectFilesGenerator
instanceKlass com/st/microxplorer/plugins/projectmanager/engine/ProjectBuilder
instanceKlass org/jdesktop/swingworker/SwingWorker
instanceKlass com/st/microxplorer/plugins/projectmanager/model/ProjectSettings
instanceKlass javax/swing/event/HyperlinkListener
instanceKlass com/st/microxplorer/plugins/projectmanager/engine/MainProjectManager
instanceKlass com/st/microxplorer/plugins/projectmanager/gui/GuiConstants
instanceKlass com/st/microxplorer/plugins/projectmanager/engine/EngineConstants
instanceKlass com/st/microxplorer/plugins/filemanager/engine/MainFileManager$1
instanceKlass com/st/microxplorer/plugins/filemanager/FileManagerView$1
instanceKlass com/st/microxplorer/plugins/filemanager/engine/MostRecentFilesMenu$2
instanceKlass com/st/microxplorer/plugins/filemanager/engine/MostRecentFilesMenu$1
instanceKlass com/st/microxplorer/plugins/filemanager/engine/MainFileManager
instanceKlass sun/awt/image/GifFrame
instanceKlass  @bci sun/awt/image/ImageWatched$WeakLink update (Ljava/awt/image/ImageObserver;Ljava/security/AccessControlContext;Ljava/awt/Image;IIIII)Z 21 <adapter> ; # java/lang/invoke/LambdaForm$MH+0x0000000800417c00
# instanceKlass java/lang/invoke/LambdaForm$DMH+0x0000000800417800
instanceKlass  @bci sun/awt/image/ImageWatched$WeakLink update (Ljava/awt/image/ImageObserver;Ljava/security/AccessControlContext;Ljava/awt/Image;IIIII)Z 21 <appendix> form vmentry <vmtarget> ; # java/lang/invoke/LambdaForm$DMH+0x0000000800417400
instanceKlass  @bci sun/awt/image/ImageWatched$WeakLink update (Ljava/awt/image/ImageObserver;Ljava/security/AccessControlContext;Ljava/awt/Image;IIIII)Z 21 <appendix> member <vmtarget> ; # sun/awt/image/ImageWatched$WeakLink$$Lambda+0x00000008003bfd68
instanceKlass  @cpi sun/awt/image/ImageWatched$WeakLink 112 form vmentry <vmtarget> ; # java/lang/invoke/LambdaForm$DMH+0x0000000800417000
instanceKlass sun/awt/image/ImageDecoder
instanceKlass sun/awt/image/ImageFetcher$1
instanceKlass sun/awt/image/FetcherInfo
instanceKlass sun/awt/image/ImageConsumerQueue
instanceKlass sun/awt/image/ImageWatched$Link
instanceKlass sun/awt/image/ImageWatched
instanceKlass java/awt/image/ImageConsumer
instanceKlass sun/awt/image/InputStreamImageSource
instanceKlass sun/awt/image/ImageFetchable
instanceKlass java/awt/image/ImageProducer
instanceKlass com/st/microxplorer/plugins/filemanager/FileManagerView$11
instanceKlass com/st/microxplorer/plugins/filemanager/FileManagerView$10
instanceKlass com/st/microxplorer/plugins/filemanager/FileManagerView$9
instanceKlass com/st/microxplorer/plugins/filemanager/FileManagerView$8
instanceKlass com/st/microxplorer/plugins/filemanager/FileManagerView$7
instanceKlass com/st/microxplorer/plugins/filemanager/FileManagerView$6
instanceKlass com/st/microxplorer/plugins/filemanager/FileManagerView$5
instanceKlass com/st/microxplorer/plugins/filemanager/FileManagerView$4
instanceKlass com/st/microxplorer/plugins/filemanager/FileManagerView$3
instanceKlass com/st/microxplorer/plugins/filemanager/FileManagerView$2
instanceKlass com/st/microxplorer/plugins/filemanager/engine/EngineConstants
instanceKlass com/st/microxplorer/plugins/ddr/Constants
instanceKlass com/st/components/swing/ActionDoneListener
instanceKlass com/st/microxplorer/plugins/clock/utils/UndoRedoManager
instanceKlass com/st/microxplorer/plugins/clock/ClockConfigurationView$12
instanceKlass com/st/microxplorer/plugins/clock/ClockConfigurationView$11
instanceKlass com/st/microxplorer/plugins/clock/ClockConfigurationView$10
instanceKlass com/st/microxplorer/plugins/clock/ClockConfigurationView$8
instanceKlass com/st/microxplorer/plugins/clock/ClockConfigurationView$7
instanceKlass com/st/microxplorer/plugins/clock/ClockConfigurationView$6
instanceKlass com/st/microxplorer/plugins/clock/ClockConfigurationView$5
instanceKlass com/st/microxplorer/plugins/clock/ClockConfigurationView$4
instanceKlass com/st/microxplorer/plugins/clock/ClockConfigurationView$3
instanceKlass com/lowagie/text/Element
instanceKlass java/util/WeakHashMap$HashIterator
instanceKlass com/teamdev/jxbrowser/callback/Callback
instanceKlass  @bci com/st/microxplorer/plugin/PluginManage loadPluginJar (Ljava/lang/Object;ZLjava/io/File;Ljava/lang/String;)V 384 <adapter> ; # java/lang/invoke/LambdaForm$MH+0x000000080040ac00
# instanceKlass java/lang/invoke/LambdaForm$DMH+0x000000080040a800
instanceKlass  @bci com/st/microxplorer/plugin/PluginManage loadPluginJar (Ljava/lang/Object;ZLjava/io/File;Ljava/lang/String;)V 384 <appendix> form vmentry <vmtarget> ; # java/lang/invoke/LambdaForm$MH+0x000000080040a400
# instanceKlass java/lang/invoke/LambdaForm$MH+0x000000080040a000
instanceKlass  @bci com/st/microxplorer/plugin/PluginManage loadPluginJar (Ljava/lang/Object;ZLjava/io/File;Ljava/lang/String;)V 384 <appendix> form names 8 function resolvedHandle form vmentry <vmtarget> ; # java/lang/invoke/LambdaForm$DMH+0x0000000800409c00
instanceKlass  @bci com/st/microxplorer/plugin/PluginManage loadPluginJar (Ljava/lang/Object;ZLjava/io/File;Ljava/lang/String;)V 384 <appendix> argL3 form vmentry <vmtarget> ; # java/lang/invoke/LambdaForm$MH+0x0000000800409800
# instanceKlass java/lang/invoke/LambdaForm$MH+0x0000000800409400
# instanceKlass java/lang/invoke/LambdaForm$MH+0x0000000800409000
# instanceKlass java/lang/invoke/LambdaForm$MH+0x0000000800408c00
# instanceKlass java/lang/invoke/LambdaForm$MH+0x0000000800408800
instanceKlass  @bci com/st/microxplorer/plugin/PluginManage loadPluginJar (Ljava/lang/Object;ZLjava/io/File;Ljava/lang/String;)V 384 <appendix> form names 12 function resolvedHandle form vmentry <vmtarget> ; # java/lang/invoke/LambdaForm$DMH+0x0000000800408400
instanceKlass  @bci com/st/microxplorer/plugin/PluginManage loadPluginJar (Ljava/lang/Object;ZLjava/io/File;Ljava/lang/String;)V 384 <appendix> argL1 form vmentry <vmtarget> ; # java/lang/invoke/LambdaForm$MH+0x0000000800408000
# instanceKlass java/lang/invoke/LambdaForm$MH+0x0000000800400c00
# instanceKlass java/lang/invoke/LambdaForm$MH+0x0000000800400800
# instanceKlass java/lang/invoke/LambdaForm$MH+0x0000000800400400
instanceKlass java/lang/Thread$ThreadNumbering
instanceKlass com/st/microxplorer/plugins/analytics/AnalyticsPlugin$1
instanceKlass com/st/library/rawvaluescontainer/RawDataHolder
instanceKlass com/st/library/rawvaluescontainer/RawDataRepository
instanceKlass com/st/library/rawvaluescontainer/DataHolder
instanceKlass com/st/library/analyticscore/initialization/UserProfileFactory
instanceKlass org/joda/time/ReadableInstant
instanceKlass com/st/library/requestcontroller/RequestController
instanceKlass com/st/library/parser/IocParser
instanceKlass com/st/library/parser/ToolValuesFileParser
instanceKlass com/st/library/analyticscore/initialization/ToolParserFactory
instanceKlass com/thoughtworks/xstream/io/AttributeNameIterator
instanceKlass com/thoughtworks/xstream/io/path/Path
instanceKlass com/thoughtworks/xstream/mapper/DynamicProxyMapper$DynamicProxy
instanceKlass com/thoughtworks/xstream/core/util/Types
instanceKlass com/thoughtworks/xstream/core/util/PrioritizedList$PrioritizedItemIterator
instanceKlass com/thoughtworks/xstream/core/util/Primitives
instanceKlass com/thoughtworks/xstream/core/util/HierarchicalStreams
instanceKlass com/thoughtworks/xstream/io/ReaderWrapper
instanceKlass com/thoughtworks/xstream/io/path/PathTracker
instanceKlass com/thoughtworks/xstream/io/xml/AbstractDocumentReader$Pointer
instanceKlass com/thoughtworks/xstream/core/util/Cloneables
instanceKlass com/thoughtworks/xstream/io/AbstractReader
instanceKlass com/thoughtworks/xstream/io/ExtendedHierarchicalStreamReader
instanceKlass com/thoughtworks/xstream/io/xml/DocumentReader
# instanceKlass java/lang/invoke/LambdaForm$MH+0x0000000800400000
# instanceKlass java/lang/invoke/LambdaForm$MH+0x00000008003ffc00
# instanceKlass java/lang/invoke/LambdaForm$MH+0x00000008003ff800
# instanceKlass java/lang/invoke/LambdaForm$MH+0x00000008003ff400
# instanceKlass java/lang/invoke/LambdaForm$BMH+0x00000008003ff000
# instanceKlass java/lang/invoke/LambdaForm$DMH+0x00000008003fec00
# instanceKlass java/lang/invoke/LambdaForm$DMH+0x00000008003fe800
instanceKlass javax/xml/validation/Schema
instanceKlass com/st/library/analyticscore/DataVariable
instanceKlass com/st/library/analyticscore/UserSpecification
instanceKlass com/st/library/analyticscore/initialization/UserSpecificationFactory$1
instanceKlass com/st/library/analyticscore/initialization/UserSpecificationFactory
instanceKlass com/st/library/analyticscore/initialization/configuration/ConfigurationParser
instanceKlass com/st/library/analyticscore/initialization/configuration/ConfigurationHolder
instanceKlass com/thoughtworks/xstream/security/ExplicitTypePermission$1
instanceKlass java/time/chrono/Ser
instanceKlass java/time/Ser
instanceKlass com/thoughtworks/xstream/security/InterfaceTypePermission
instanceKlass com/thoughtworks/xstream/security/ArrayTypePermission
instanceKlass com/thoughtworks/xstream/security/PrimitiveTypePermission
instanceKlass com/thoughtworks/xstream/security/NullPermission
instanceKlass com/st/library/analyticscore/initialization/configuration/ConfigurationRetriever
instanceKlass com/st/library/publisher/AdobePublisher
instanceKlass com/st/library/publisher/ProductionPublisher
instanceKlass com/st/library/analyticscore/initialization/PublisherFactory$1
instanceKlass com/st/library/publisher/IPublisher
instanceKlass com/st/library/analyticscore/initialization/PublisherFactory
instanceKlass com/st/library/utils/serverdata/Utilities
instanceKlass com/st/library/layout/AdobeLayout
instanceKlass com/st/library/analyticscore/initialization/DataLayoutFactory$1
instanceKlass com/st/library/layout/IDataLayout
instanceKlass com/st/library/analyticscore/initialization/DataLayoutFactory
instanceKlass com/st/library/analyticscore/AnalyticsContext$1
# instanceKlass java/lang/invoke/LambdaForm$MH+0x00000008003fe400
# instanceKlass java/lang/invoke/LambdaForm$MH+0x00000008003fe000
# instanceKlass java/lang/invoke/LambdaForm$MH+0x00000008003fdc00
# instanceKlass java/lang/invoke/LambdaForm$MH+0x00000008003fd800
# instanceKlass java/lang/invoke/LambdaForm$MH+0x00000008003fd400
# instanceKlass java/lang/invoke/LambdaForm$MH+0x00000008003fd000
# instanceKlass java/lang/invoke/LambdaForm$MH+0x00000008003fcc00
# instanceKlass java/lang/invoke/LambdaForm$BMH+0x00000008003fc800
# instanceKlass java/lang/invoke/LambdaForm$DMH+0x00000008003fc400
# instanceKlass java/lang/invoke/LambdaForm$DMH+0x00000008003fc000
instanceKlass com/st/library/rawvaluescontainer/UserProfile
instanceKlass com/st/library/requestcontroller/LocalSettings
instanceKlass  @bci com/st/library/analyticscore/AnalyticsContext setRamAmounts ()V 48 <appendix> form vmentry <vmtarget> ; # java/lang/invoke/LambdaForm$MH+0x00000008003f7000
instanceKlass  @bci com/st/library/analyticscore/AnalyticsContext setRamAmounts ()V 48 <appendix> argL3 form vmentry <vmtarget> ; # java/lang/invoke/LambdaForm$MH+0x00000008003f6c00
# instanceKlass java/lang/invoke/LambdaForm$MH+0x00000008003f6800
# instanceKlass java/lang/invoke/LambdaForm$MH+0x00000008003f6400
# instanceKlass java/lang/invoke/LambdaForm$MH+0x00000008003f6000
# instanceKlass java/lang/invoke/LambdaForm$MH+0x00000008003f5c00
instanceKlass  @bci com/st/library/analyticscore/AnalyticsContext setRamAmounts ()V 48 <appendix> argL1 form vmentry <vmtarget> ; # java/lang/invoke/LambdaForm$MH+0x00000008003f5800
# instanceKlass java/lang/invoke/LambdaForm$MH+0x00000008003f5400
# instanceKlass java/lang/invoke/LambdaForm$MH+0x00000008003f5000
# instanceKlass java/lang/invoke/LambdaForm$MH+0x00000008003f4c00
instanceKlass com/thoughtworks/xstream/core/TreeMarshaller
instanceKlass com/thoughtworks/xstream/converters/MarshallingContext
instanceKlass com/thoughtworks/xstream/core/TreeUnmarshaller
instanceKlass com/thoughtworks/xstream/converters/UnmarshallingContext
instanceKlass com/thoughtworks/xstream/core/AbstractTreeMarshallingStrategy
instanceKlass com/thoughtworks/xstream/core/util/SelfStreamingInstanceChecker
# instanceKlass java/lang/invoke/LambdaForm$MH+0x00000008003f4800
# instanceKlass java/lang/invoke/LambdaForm$MH+0x00000008003f4400
# instanceKlass java/lang/invoke/LambdaForm$MH+0x00000008003f4000
instanceKlass com/thoughtworks/xstream/converters/time/ZoneIdConverter
instanceKlass java/time/temporal/TemporalQueries$7
instanceKlass java/time/temporal/TemporalQueries$6
instanceKlass java/time/temporal/TemporalQueries$5
instanceKlass java/time/temporal/TemporalQueries$4
instanceKlass java/time/temporal/TemporalQueries$3
instanceKlass java/time/temporal/TemporalQueries$2
instanceKlass java/time/temporal/TemporalQueries$1
instanceKlass java/time/temporal/TemporalQueries
instanceKlass com/thoughtworks/xstream/converters/time/ZonedDateTimeConverter
instanceKlass com/thoughtworks/xstream/converters/time/WeekFieldsConverter
instanceKlass com/thoughtworks/xstream/converters/time/ValueRangeConverter
instanceKlass com/thoughtworks/xstream/converters/time/SystemClockConverter
instanceKlass com/thoughtworks/xstream/converters/time/OffsetTimeConverter
instanceKlass com/thoughtworks/xstream/converters/time/OffsetDateTimeConverter
instanceKlass com/thoughtworks/xstream/converters/time/LocalTimeConverter
instanceKlass com/thoughtworks/xstream/converters/time/LocalDateTimeConverter
instanceKlass  @bci java/time/chrono/HijrahChronology registerCustomChrono ()V 0 <appendix> argL0 ; # java/time/chrono/HijrahChronology$$Lambda+0x00000008003b7740
instanceKlass  @bci java/time/chrono/HijrahChronology <clinit> ()V 36 <appendix> argL0 ; # java/time/chrono/HijrahChronology$$Lambda+0x00000008003b7520
instanceKlass com/thoughtworks/xstream/converters/time/ChronologyConverter
instanceKlass com/thoughtworks/xstream/converters/enums/EnumSetConverter
instanceKlass com/thoughtworks/xstream/converters/enums/EnumConverter
instanceKlass javax/xml/datatype/XMLGregorianCalendar
instanceKlass javax/xml/datatype/FactoryFinder$1
instanceKlass  @bci javax/xml/datatype/FactoryFinder find (Ljava/lang/Class;Ljava/lang/String;)Ljava/lang/Object; 6 <appendix> member <vmtarget> ; # javax/xml/datatype/FactoryFinder$$Lambda+0x00000008003b6450
instanceKlass javax/xml/datatype/FactoryFinder
instanceKlass com/thoughtworks/xstream/converters/extended/DurationConverter$1
instanceKlass javax/xml/datatype/DatatypeFactory
instanceKlass com/thoughtworks/xstream/converters/extended/RegexPatternConverter
instanceKlass com/thoughtworks/xstream/converters/extended/StackTraceElementFactory
instanceKlass  @bci java/util/regex/Pattern negate (Ljava/util/regex/Pattern$CharPredicate;)Ljava/util/regex/Pattern$CharPredicate; 1 <appendix> member <vmtarget> ; # java/util/regex/Pattern$$Lambda+0x00000008003b5ad0
instanceKlass com/thoughtworks/xstream/converters/extended/ThrowableConverter
instanceKlass com/thoughtworks/xstream/converters/extended/GregorianCalendarConverter
instanceKlass com/thoughtworks/xstream/converters/extended/ColorConverter
instanceKlass com/thoughtworks/xstream/converters/extended/FontConverter
instanceKlass com/thoughtworks/xstream/converters/extended/JavaFieldConverter
instanceKlass com/thoughtworks/xstream/converters/extended/JavaMethodConverter
instanceKlass com/thoughtworks/xstream/converters/extended/DynamicProxyConverter
instanceKlass com/thoughtworks/xstream/converters/extended/EncodedByteArrayConverter
instanceKlass com/thoughtworks/xstream/converters/collections/PropertiesConverter
instanceKlass com/thoughtworks/xstream/converters/collections/CharArrayConverter
instanceKlass com/thoughtworks/xstream/converters/collections/AbstractCollectionConverter
instanceKlass com/thoughtworks/xstream/converters/collections/BitSetConverter
instanceKlass com/thoughtworks/xstream/core/util/ThreadSafeSimpleDateFormat$1
instanceKlass com/thoughtworks/xstream/core/util/Pool
instanceKlass com/thoughtworks/xstream/core/util/Pool$Factory
instanceKlass com/thoughtworks/xstream/core/util/ThreadSafeSimpleDateFormat
instanceKlass com/thoughtworks/xstream/core/util/WeakCache$Visitor
instanceKlass com/thoughtworks/xstream/converters/basic/CharConverter
instanceKlass com/thoughtworks/xstream/converters/basic/AbstractSingleValueConverter
instanceKlass com/thoughtworks/xstream/converters/basic/NullConverter
instanceKlass com/thoughtworks/xstream/converters/reflection/ExternalizableConverter
instanceKlass com/thoughtworks/xstream/converters/reflection/ReflectionProviderWrapper
instanceKlass com/thoughtworks/xstream/core/util/PrioritizedList$PrioritizedItem
instanceKlass com/thoughtworks/xstream/core/util/FastField
instanceKlass com/thoughtworks/xstream/core/util/SerializationMembers$1
instanceKlass com/thoughtworks/xstream/core/util/SerializationMembers
instanceKlass com/thoughtworks/xstream/converters/reflection/SerializationMethodInvoker
instanceKlass com/thoughtworks/xstream/converters/reflection/AbstractReflectionConverter$FieldMarshaller
instanceKlass com/thoughtworks/xstream/core/util/ArrayIterator
instanceKlass com/thoughtworks/xstream/converters/reflection/ReflectionProvider$Visitor
instanceKlass com/thoughtworks/xstream/converters/reflection/AbstractReflectionConverter
instanceKlass java/lang/invoke/SerializedLambda
instanceKlass java/time/temporal/WeekFields$ComputedDayOfField
instanceKlass java/time/temporal/WeekFields
instanceKlass java/util/Locale$LocaleKey
instanceKlass sun/util/locale/InternalLocaleBuilder$CaseInsensitiveString
instanceKlass sun/util/calendar/Era
instanceKlass java/time/chrono/JapaneseEra
instanceKlass java/time/chrono/Era
instanceKlass java/time/chrono/ChronoLocalDateImpl
instanceKlass java/time/ZonedDateTime
instanceKlass java/time/chrono/ChronoZonedDateTime
instanceKlass java/time/YearMonth
instanceKlass java/time/Year
instanceKlass  @bci java/util/regex/Pattern CIRange (II)Ljava/util/regex/Pattern$CharPredicate; 2 <appendix> member <vmtarget> ; # java/util/regex/Pattern$$Lambda+0x00000008003afad0
instanceKlass  @bci java/util/regex/Pattern SingleI (II)Ljava/util/regex/Pattern$BmpCharPredicate; 2 <appendix> member <vmtarget> ; # java/util/regex/Pattern$$Lambda+0x00000008003af840
instanceKlass java/time/OffsetTime
instanceKlass java/time/OffsetDateTime
instanceKlass  @bci java/time/format/DateTimeFormatter <clinit> ()V 1075 <appendix> argL0 ; # java/time/format/DateTimeFormatter$$Lambda+0x00000008003af070
instanceKlass  @bci java/time/format/DateTimeFormatter <clinit> ()V 1067 <appendix> argL0 ; # java/time/format/DateTimeFormatter$$Lambda+0x00000008003aee50
instanceKlass java/time/Period
instanceKlass java/time/chrono/ChronoPeriod
instanceKlass java/time/format/DateTimeFormatterBuilder$TextPrinterParser
instanceKlass java/time/format/DateTimeTextProvider$1
instanceKlass java/time/format/DateTimeTextProvider
instanceKlass java/time/format/DateTimeTextProvider$LocaleStore
instanceKlass java/time/format/DateTimeFormatterBuilder$InstantPrinterParser
instanceKlass java/time/format/DateTimeFormatterBuilder$ZoneIdPrinterParser
instanceKlass java/time/format/DateTimeFormatterBuilder$OffsetIdPrinterParser
instanceKlass java/time/format/DecimalStyle
instanceKlass java/time/format/DateTimeFormatter
instanceKlass java/time/format/DateTimeFormatterBuilder$CompositePrinterParser
instanceKlass java/time/format/DateTimeFormatterBuilder$CharLiteralPrinterParser
instanceKlass java/time/format/DateTimeFormatterBuilder$NumberPrinterParser
instanceKlass java/time/format/DateTimeFormatterBuilder$StringLiteralPrinterParser
instanceKlass java/time/format/DateTimeFormatterBuilder$DateTimePrinterParser
instanceKlass java/time/temporal/JulianFields
instanceKlass java/time/temporal/IsoFields
instanceKlass  @bci java/time/format/DateTimeFormatterBuilder <clinit> ()V 0 <appendix> argL0 ; # java/time/format/DateTimeFormatterBuilder$$Lambda+0x00000008003a9260
instanceKlass java/time/temporal/TemporalQuery
instanceKlass java/time/format/DateTimeFormatterBuilder
instanceKlass java/time/MonthDay
instanceKlass javax/xml/datatype/Duration
instanceKlass java/util/Currency$OtherCurrencyEntry
instanceKlass java/util/Currency$SpecialCaseEntry
instanceKlass java/util/Currency$1
instanceKlass java/util/Currency
instanceKlass javax/security/auth/Subject
instanceKlass javax/sql/rowset/BaseRowSet
instanceKlass com/thoughtworks/xstream/security/TypeHierarchyPermission
instanceKlass com/thoughtworks/xstream/security/RegExpTypePermission
instanceKlass com/thoughtworks/xstream/security/NoPermission
instanceKlass com/thoughtworks/xstream/security/ExplicitTypePermission
instanceKlass com/thoughtworks/xstream/security/NoTypePermission
instanceKlass com/thoughtworks/xstream/security/AnyTypePermission
# instanceKlass java/lang/invoke/LambdaForm$MH+0x00000008003e2800
# instanceKlass java/lang/invoke/LambdaForm$MH+0x00000008003e2400
# instanceKlass java/lang/invoke/LambdaForm$DMH+0x00000008003e2000
instanceKlass  @cpi com/teamdev/jxbrowser/engine/ChromiumBinaries 101 form vmentry <vmtarget> ; # java/lang/invoke/LambdaForm$DMH+0x00000008003e1c00
# instanceKlass java/lang/invoke/LambdaForm$DMH+0x00000008003e1800
instanceKlass java/lang/invoke/MethodHandleImpl$ArrayAccessor
instanceKlass java/lang/invoke/MethodHandleImpl$LoopClauses
instanceKlass java/lang/invoke/MethodHandleImpl$CasesHolder
# instanceKlass java/lang/invoke/LambdaForm$MH+0x00000008003e1400
# instanceKlass java/lang/invoke/LambdaForm$MH+0x00000008003e1000
# instanceKlass java/lang/invoke/LambdaForm$MH+0x00000008003e0c00
# instanceKlass java/lang/invoke/LambdaForm$MH+0x00000008003e0800
# instanceKlass java/lang/invoke/LambdaForm$MH+0x00000008003e0400
# instanceKlass java/lang/invoke/LambdaForm$DMH+0x00000008003e0000
instanceKlass com/thoughtworks/xstream/core/util/TypedNull
instanceKlass com/thoughtworks/xstream/converters/SingleValueConverterWrapper
instanceKlass com/thoughtworks/xstream/mapper/AnnotationConfiguration
instanceKlass com/thoughtworks/xstream/mapper/Mapper$Null
instanceKlass com/thoughtworks/xstream/mapper/Mapper$ImplicitCollectionMapping
instanceKlass com/thoughtworks/xstream/mapper/PackageAliasingMapper$1
instanceKlass com/thoughtworks/xstream/XStream$2
instanceKlass com/thoughtworks/xstream/XStream$1
instanceKlass com/thoughtworks/xstream/core/util/PrioritizedList
instanceKlass com/thoughtworks/xstream/core/DefaultConverterLookup
instanceKlass com/thoughtworks/xstream/core/ClassLoaderReference
# instanceKlass java/lang/invoke/LambdaForm$MH+0x00000008003d0c00
# instanceKlass java/lang/invoke/LambdaForm$MH+0x00000008003d0800
instanceKlass java/util/Base64
instanceKlass java/util/Base64$Decoder
instanceKlass java/util/Base64$Encoder
instanceKlass com/thoughtworks/xstream/core/util/Base64JavaUtilCodec
instanceKlass com/thoughtworks/xstream/core/util/FastStack
instanceKlass java/io/ObjectOutputStream$PutField
instanceKlass sun/util/resources/provider/NonBaseLocaleDataMetaInfo
instanceKlass  @bci sun/util/locale/provider/JRELocaleProviderAdapter createSupportedLocaleString (Ljava/lang/String;)Ljava/lang/String; 6 <appendix> member <vmtarget> ; # sun/util/locale/provider/JRELocaleProviderAdapter$$Lambda+0x00000008003a4618
instanceKlass sun/util/locale/provider/BaseLocaleDataMetaInfo
instanceKlass java/time/chrono/AbstractChronology
instanceKlass java/time/chrono/Chronology
instanceKlass java/time/LocalDate
instanceKlass java/time/chrono/ChronoLocalDate
instanceKlass java/time/zone/ZoneOffsetTransition
instanceKlass java/time/temporal/ValueRange
instanceKlass java/time/Duration
instanceKlass java/time/temporal/TemporalAmount
instanceKlass java/time/temporal/TemporalUnit
instanceKlass java/time/temporal/TemporalField
instanceKlass java/time/LocalTime
instanceKlass java/time/LocalDateTime
instanceKlass java/time/chrono/ChronoLocalDateTime
instanceKlass java/time/zone/ZoneOffsetTransitionRule
instanceKlass java/time/zone/ZoneRules
instanceKlass java/time/zone/Ser
instanceKlass java/time/zone/ZoneRulesProvider$1
instanceKlass java/time/zone/ZoneRulesProvider
instanceKlass sun/util/cldr/CLDRBaseLocaleDataMetaInfo$TZCanonicalIDMapHolder
instanceKlass  @bci sun/util/locale/provider/LocaleResources getZoneStrings ()[[Ljava/lang/String; 136 <appendix> member <vmtarget> ; # sun/util/locale/provider/LocaleResources$$Lambda+0x000000080039d828
instanceKlass  @bci sun/util/locale/provider/LocaleResources getZoneStrings ()[[Ljava/lang/String; 123 <appendix> argL0 ; # sun/util/locale/provider/LocaleResources$$Lambda+0x000000080039d5d8
instanceKlass  @bci sun/util/cldr/CLDRLocaleProviderAdapter getTimeZoneNameProvider ()Ljava/util/spi/TimeZoneNameProvider; 8 <appendix> member <vmtarget> ; # sun/util/cldr/CLDRLocaleProviderAdapter$$Lambda+0x000000080039c2f8
instanceKlass sun/util/locale/provider/TimeZoneNameUtility
instanceKlass java/text/CalendarBuilder
instanceKlass java/text/ParsePosition
instanceKlass com/thoughtworks/xstream/core/util/PresortedSet
instanceKlass com/thoughtworks/xstream/core/util/PresortedMap$1
instanceKlass com/thoughtworks/xstream/core/util/PresortedMap
instanceKlass com/thoughtworks/xstream/core/JVM$1
instanceKlass com/thoughtworks/xstream/converters/reflection/FieldUtil15
instanceKlass com/thoughtworks/xstream/converters/reflection/ImmutableFieldKeySorter
instanceKlass com/thoughtworks/xstream/converters/reflection/FieldDictionary$DictionaryEntry
instanceKlass com/thoughtworks/xstream/converters/reflection/FieldDictionary$FieldUtil
instanceKlass com/thoughtworks/xstream/converters/reflection/FieldKey
instanceKlass com/thoughtworks/xstream/converters/reflection/FieldDictionary
instanceKlass com/thoughtworks/xstream/core/util/DependencyInjectionFactory
instanceKlass com/thoughtworks/xstream/converters/reflection/FieldKeySorter
instanceKlass com/thoughtworks/xstream/converters/reflection/PureJavaReflectionProvider
instanceKlass com/thoughtworks/xstream/converters/reflection/ReflectionProvider
# instanceKlass java/lang/invoke/LambdaForm$MH+0x00000008003d0400
# instanceKlass java/lang/invoke/LambdaForm$MH+0x00000008003d0000
instanceKlass jdk/internal/vm/annotation/ForceInline
instanceKlass com/thoughtworks/xstream/core/JVM$Test
instanceKlass sun/misc/Unsafe
instanceKlass com/thoughtworks/xstream/core/StringCodec
instanceKlass com/thoughtworks/xstream/core/JVM
instanceKlass com/thoughtworks/xstream/core/Caching
instanceKlass com/thoughtworks/xstream/io/xml/XmlFriendlyNameCoder
instanceKlass com/thoughtworks/xstream/io/HierarchicalStreamReader
instanceKlass com/thoughtworks/xstream/converters/ErrorReporter
instanceKlass com/thoughtworks/xstream/io/HierarchicalStreamWriter
instanceKlass com/thoughtworks/xstream/io/naming/NameCoder
instanceKlass com/thoughtworks/xstream/io/AbstractDriver
instanceKlass com/thoughtworks/xstream/converters/ConverterRegistry
instanceKlass com/thoughtworks/xstream/converters/ConverterLookup
instanceKlass com/thoughtworks/xstream/MarshallingStrategy
instanceKlass com/thoughtworks/xstream/converters/ErrorWriter
instanceKlass java/io/ObjectOutput
instanceKlass com/thoughtworks/xstream/core/util/CustomObjectOutputStream$StreamCallback
instanceKlass com/thoughtworks/xstream/core/util/CustomObjectInputStream$StreamCallback
instanceKlass com/thoughtworks/xstream/converters/DataHolder
instanceKlass com/thoughtworks/xstream/converters/SingleValueConverter
instanceKlass com/thoughtworks/xstream/converters/Converter
instanceKlass com/thoughtworks/xstream/converters/ConverterMatcher
instanceKlass com/thoughtworks/xstream/mapper/MapperWrapper
instanceKlass com/thoughtworks/xstream/mapper/DefaultMapper
instanceKlass com/thoughtworks/xstream/mapper/Mapper
instanceKlass com/thoughtworks/xstream/security/TypePermission
instanceKlass com/thoughtworks/xstream/XStream
instanceKlass com/thoughtworks/xstream/io/HierarchicalStreamDriver
instanceKlass com/st/library/rawvaluescontainer/FilesUtils
instanceKlass com/st/library/analyticscore/AnalyticsContext
instanceKlass com/st/library/dynamicproxy/AnalyticsInvocationHandler
instanceKlass com/st/library/analyticscore/Analytics
instanceKlass com/st/library/builder/AnalyticsBuilder
instanceKlass com/st/library/analyticscore/AnalyticsAPI
instanceKlass java/io/PrintWriter$1
instanceKlass jdk/internal/access/JavaIOPrintWriterAccess
instanceKlass org/apache/commons/io/IOUtils
instanceKlass java/net/URLClassLoader$2
instanceKlass com/st/microxplorer/plugins/analytics/AnalyticsPlugin$3
instanceKlass com/st/microxplorer/userpreference/UserPreferencesMenuTab
instanceKlass  @bci java/io/FilePermissionCollection add (Ljava/security/Permission;)V 68 <appendix> argL0 ; # java/io/FilePermissionCollection$$Lambda+0x0000000800399d68
instanceKlass java/net/URLClassLoader$1
instanceKlass com/st/microxplorer/plugin/PluginManage$1
instanceKlass com/st/components/util/FilesUtils
instanceKlass com/st/microxplorer/plugin/PluginManage
instanceKlass com/st/microxplorer/maingui/RibbonManager
instanceKlass com/st/microxplorer/maingui/RibbonBar$2
instanceKlass com/st/microxplorer/maingui/RibbonBar$1
instanceKlass jdk/internal/util/ByteArrayLittleEndian
instanceKlass javax/swing/plaf/basic/BasicToolBarUI$Handler
instanceKlass javax/swing/plaf/basic/BasicToolBarUI$DockingListener
instanceKlass javax/swing/plaf/metal/MetalBumps
instanceKlass javax/swing/JToolBar$DefaultToolBarLayout
instanceKlass com/st/microxplorer/maingui/ToolBars$2
instanceKlass com/st/microxplorer/maingui/ToolBars$1
instanceKlass com/st/microxplorer/ctxdoc/db/CtxDocAppliHandler
instanceKlass javax/swing/plaf/basic/BasicProgressBarUI$Handler
instanceKlass javax/swing/JProgressBar$ModelListener
instanceKlass javax/swing/SwingWorker
instanceKlass java/util/concurrent/RunnableFuture
instanceKlass com/st/microxplorer/util/ImportTextPane$PopupListener$2
instanceKlass com/st/microxplorer/util/ImportTextPane$PopupListener$1
instanceKlass javax/swing/plaf/synth/SynthUI
instanceKlass javax/swing/plaf/synth/SynthConstants
instanceKlass javax/swing/text/JTextComponent$DefaultKeymap
instanceKlass javax/swing/text/Keymap
instanceKlass javax/swing/text/TabableView
instanceKlass javax/swing/text/FlowView$FlowStrategy
instanceKlass javax/swing/text/TabExpander
instanceKlass javax/swing/text/DefaultStyledDocument$AbstractChangeHandler
instanceKlass sun/swing/text/UndoableEditLockSupport
instanceKlass javax/swing/event/DocumentEvent$EventType
instanceKlass javax/swing/event/DocumentEvent
instanceKlass javax/swing/undo/AbstractUndoableEdit
instanceKlass javax/swing/undo/UndoableEdit
instanceKlass javax/swing/text/DefaultStyledDocument$ElementBuffer
instanceKlass javax/swing/text/StyleContext$KeyEnumeration
instanceKlass javax/swing/text/GapContent$StickyPosition
instanceKlass javax/swing/text/Position
instanceKlass javax/swing/text/AbstractDocument$1
instanceKlass javax/swing/text/AbstractDocument$AbstractElement
instanceKlass javax/swing/tree/TreeNode
instanceKlass javax/swing/text/Element
instanceKlass javax/swing/text/StyleContext$SmallAttributeSet
instanceKlass javax/swing/text/StyleContext$NamedStyle
instanceKlass javax/swing/text/Style
instanceKlass javax/swing/text/StyleContext$FontKey
instanceKlass javax/swing/text/AttributeSet$ParagraphAttribute
instanceKlass javax/swing/text/AttributeSet$ColorAttribute
instanceKlass javax/swing/text/AttributeSet$FontAttribute
instanceKlass javax/swing/text/AttributeSet$CharacterAttribute
instanceKlass javax/swing/text/StyleConstants
instanceKlass javax/swing/text/StyleContext
instanceKlass javax/swing/text/AbstractDocument$AttributeContext
instanceKlass javax/swing/text/GapVector
instanceKlass javax/swing/text/AbstractDocument$Content
instanceKlass javax/swing/text/AbstractDocument
instanceKlass javax/swing/text/StyledDocument
instanceKlass javax/swing/text/SimpleAttributeSet$EmptyAttributeSet
instanceKlass javax/swing/text/SimpleAttributeSet
instanceKlass javax/swing/text/MutableAttributeSet
instanceKlass javax/swing/text/StyledEditorKit$AttributeTracker
instanceKlass javax/swing/event/CaretListener
instanceKlass javax/swing/text/StyledEditorKit$StyledViewFactory
instanceKlass javax/swing/text/DefaultHighlighter$SafeDamager
instanceKlass javax/swing/text/LayeredHighlighter$LayerPainter
instanceKlass javax/swing/text/Highlighter$HighlightPainter
instanceKlass javax/swing/text/Highlighter$Highlight
instanceKlass javax/swing/text/LayeredHighlighter
instanceKlass javax/swing/text/Highlighter
instanceKlass javax/swing/text/Document
instanceKlass javax/swing/text/DefaultCaret$Handler
instanceKlass java/awt/datatransfer/ClipboardOwner
instanceKlass javax/swing/text/Caret
instanceKlass javax/swing/plaf/basic/BasicTextUI$UpdateHandler
instanceKlass javax/swing/event/DocumentListener
instanceKlass javax/swing/text/View
instanceKlass javax/swing/text/Position$Bias
instanceKlass javax/swing/AbstractAction
instanceKlass javax/swing/text/ViewFactory
instanceKlass com/sun/beans/util/Cache$CacheEntry
instanceKlass com/sun/beans/util/Cache
instanceKlass javax/swing/text/JTextComponent$1
instanceKlass sun/swing/SwingAccessor$JTextComponentAccessor
instanceKlass javax/swing/text/AttributeSet
instanceKlass javax/accessibility/AccessibleRelationSet
instanceKlass javax/accessibility/AccessibleContext$1
instanceKlass sun/awt/AWTAccessor$AccessibleContextAccessor
instanceKlass javax/accessibility/AccessibleContext
instanceKlass javax/accessibility/AccessibleValue
instanceKlass javax/accessibility/AccessibleComponent
instanceKlass javax/swing/plaf/metal/MetalScrollPaneUI$1
instanceKlass javax/swing/plaf/basic/BasicScrollPaneUI$Handler
instanceKlass java/awt/event/ComponentAdapter
instanceKlass javax/swing/plaf/basic/BasicScrollBarUI$ScrollListener
instanceKlass javax/swing/plaf/basic/BasicScrollBarUI$Handler
instanceKlass javax/swing/plaf/basic/BasicScrollBarUI$ModelListener
instanceKlass java/beans/VetoableChangeListener
instanceKlass javax/swing/event/AncestorListener
instanceKlass javax/swing/plaf/basic/BasicButtonListener
instanceKlass javax/swing/plaf/metal/MetalBorders
instanceKlass javax/swing/DefaultBoundedRangeModel
instanceKlass javax/swing/BoundedRangeModel
instanceKlass javax/swing/JScrollBar$ModelListener
instanceKlass java/awt/Adjustable
instanceKlass javax/swing/ViewportLayout
instanceKlass javax/swing/ScrollPaneLayout
instanceKlass com/st/microxplorer/maingui/McuScanResultList$3
instanceKlass com/st/microxplorer/maingui/McuScanResultList$2
instanceKlass javax/swing/JTable$SortManager
instanceKlass javax/swing/DefaultRowSorter$ModelWrapper
instanceKlass javax/swing/table/TableRowSorter$ComparableComparator
instanceKlass javax/swing/RowSorter
instanceKlass javax/swing/table/TableColumn
instanceKlass javax/swing/plaf/basic/BasicTableUI$Handler
instanceKlass javax/swing/plaf/basic/DragRecognitionSupport$BeforeDrag
instanceKlass javax/swing/TransferHandler$TransferSupport
instanceKlass javax/swing/TransferHandler$DropHandler
instanceKlass java/awt/datatransfer/SystemFlavorMap$SoftCache
instanceKlass  @bci java/awt/datatransfer/SystemFlavorMap getDefaultFlavorMap ()Ljava/awt/datatransfer/FlavorMap; 3 <appendix> argL0 ; # java/awt/datatransfer/SystemFlavorMap$$Lambda+0x0000000800375a58
instanceKlass java/awt/datatransfer/DataFlavor
instanceKlass java/io/Externalizable
instanceKlass sun/awt/datatransfer/DesktopDatatransferServiceImpl
instanceKlass sun/datatransfer/DataFlavorUtil$DefaultDesktopDatatransferService
instanceKlass sun/datatransfer/DesktopDatatransferService
instanceKlass sun/datatransfer/DataFlavorUtil
instanceKlass java/awt/datatransfer/SystemFlavorMap
instanceKlass java/awt/datatransfer/FlavorTable
instanceKlass java/awt/datatransfer/FlavorMap
instanceKlass java/awt/dnd/DropTargetContext$1
instanceKlass sun/awt/AWTAccessor$DropTargetContextAccessor
instanceKlass java/awt/dnd/DropTargetContext
instanceKlass java/awt/dnd/DropTarget
instanceKlass java/awt/dnd/DropTargetListener
instanceKlass javax/swing/ClientPropertyKey$1
instanceKlass sun/awt/AWTAccessor$ClientPropertyKeyAccessor
instanceKlass sun/swing/UIAction
instanceKlass javax/swing/Action
instanceKlass javax/swing/TransferHandler
instanceKlass javax/swing/AbstractCellEditor
instanceKlass javax/swing/tree/TreeCellEditor
instanceKlass javax/swing/table/TableCellEditor
instanceKlass javax/swing/CellEditor
instanceKlass javax/swing/plaf/basic/BasicTableHeaderUI$MouseInputHandler
instanceKlass javax/swing/plaf/basic/BasicTableHeaderUI$1
instanceKlass sun/swing/table/DefaultTableCellHeaderRenderer$EmptyIcon
instanceKlass  @bci javax/swing/JTable createDefaultEditors ()V 53 <appendix> argL0 ; # javax/swing/JTable$$Lambda+0x000000080036c1f8
instanceKlass  @bci javax/swing/JTable createDefaultEditors ()V 37 <appendix> argL0 ; # javax/swing/JTable$$Lambda+0x000000080036bfd8
instanceKlass  @bci javax/swing/JTable createDefaultEditors ()V 22 <appendix> argL0 ; # javax/swing/JTable$$Lambda+0x000000080036bdb8
instanceKlass  @bci javax/swing/JTable createDefaultRenderers ()V 134 <appendix> argL0 ; # javax/swing/JTable$$Lambda+0x000000080036bb98
instanceKlass  @bci javax/swing/JTable createDefaultRenderers ()V 118 <appendix> argL0 ; # javax/swing/JTable$$Lambda+0x000000080036b978
instanceKlass  @bci javax/swing/JTable createDefaultRenderers ()V 102 <appendix> argL0 ; # javax/swing/JTable$$Lambda+0x000000080036b758
instanceKlass  @bci javax/swing/JTable createDefaultRenderers ()V 86 <appendix> argL0 ; # javax/swing/JTable$$Lambda+0x000000080036b538
instanceKlass  @bci javax/swing/JTable createDefaultRenderers ()V 70 <appendix> argL0 ; # javax/swing/JTable$$Lambda+0x000000080036b318
instanceKlass  @bci javax/swing/JTable createDefaultRenderers ()V 54 <appendix> argL0 ; # javax/swing/JTable$$Lambda+0x000000080036b0f8
instanceKlass  @bci javax/swing/JTable createDefaultRenderers ()V 38 <appendix> argL0 ; # javax/swing/JTable$$Lambda+0x000000080036aed8
instanceKlass  @bci javax/swing/JTable createDefaultRenderers ()V 23 <appendix> argL0 ; # javax/swing/JTable$$Lambda+0x000000080036acb8
instanceKlass javax/swing/table/AbstractTableModel
instanceKlass javax/swing/DefaultListSelectionModel
instanceKlass javax/swing/ListSelectionModel
instanceKlass javax/swing/table/DefaultTableColumnModel
instanceKlass javax/swing/table/TableColumnModel
instanceKlass javax/swing/table/TableCellRenderer
instanceKlass javax/swing/table/TableModel
instanceKlass javax/swing/plaf/basic/BasicTabbedPaneUI$Handler
instanceKlass javax/swing/plaf/basic/BasicTabbedPaneUI$TabbedPaneLayout
# instanceKlass java/lang/invoke/LambdaForm$MH+0x000000080032a000
instanceKlass sun/reflect/misc/Trampoline
instanceKlass sun/reflect/misc/MethodUtil$1
instanceKlass javax/swing/JTabbedPane$ModelListener
instanceKlass javax/swing/ScrollPaneConstants
instanceKlass javax/swing/KeyboardManager$ComponentKeyStrokePair
instanceKlass  @bci com/st/microxplorer/mxsystem/MxSystem removePropertyChangeListener (Ljava/beans/PropertyChangeListener;)V 56 <adapter> ; # java/lang/invoke/LambdaForm$MH+0x0000000800329400
# instanceKlass java/lang/invoke/LambdaForm$DMH+0x0000000800329000
instanceKlass  @bci com/st/microxplorer/mxsystem/MxSystem removePropertyChangeListener (Ljava/beans/PropertyChangeListener;)V 56 <appendix> form vmentry <vmtarget> ; # java/lang/invoke/LambdaForm$MH+0x0000000800328c00
# instanceKlass java/lang/invoke/LambdaForm$MH+0x0000000800328800
# instanceKlass java/lang/invoke/LambdaForm$MH+0x0000000800328400
# instanceKlass java/lang/invoke/LambdaForm$MH+0x0000000800328000
# instanceKlass java/lang/invoke/LambdaForm$MH+0x0000000800320c00
# instanceKlass java/lang/invoke/LambdaForm$MH+0x0000000800320800
# instanceKlass java/lang/invoke/LambdaForm$MH+0x0000000800320400
instanceKlass java/lang/StackTraceElement$HashedModules
instanceKlass java/awt/event/KeyAdapter
instanceKlass java/awt/event/MouseMotionAdapter
instanceKlass javax/swing/ToolTipManager$stillInsideTimerAction
instanceKlass javax/swing/ToolTipManager$outsideTimerAction
instanceKlass javax/swing/Timer$DoPostEvent
instanceKlass javax/swing/ToolTipManager$insideTimerAction
instanceKlass javax/swing/Timer
instanceKlass java/awt/event/MouseAdapter
instanceKlass javax/swing/ButtonGroup
instanceKlass java/awt/event/WindowAdapter
instanceKlass java/awt/event/FocusAdapter
instanceKlass javax/swing/plaf/basic/BasicPopupMenuUI$MenuKeyboardHelper
instanceKlass javax/swing/plaf/basic/BasicPopupMenuUI$MouseGrabber
instanceKlass javax/swing/plaf/basic/BasicPopupMenuUI$BasicMenuKeyListener
instanceKlass javax/swing/plaf/basic/BasicPopupMenuUI$BasicPopupMenuListener
instanceKlass javax/swing/event/PopupMenuListener
instanceKlass javax/swing/plaf/basic/BasicLookAndFeel$1
instanceKlass java/awt/Toolkit$SelectiveAWTEventListener
instanceKlass javax/swing/plaf/basic/BasicLookAndFeel$AWTEventHelper
instanceKlass com/st/microxplorer/maingui/MenuBar$OutputTabMenuItem$1
instanceKlass javax/swing/plaf/metal/MetalIconFactory$MenuItemArrowIcon
instanceKlass javax/swing/MenuSelectionManager
instanceKlass javax/swing/plaf/basic/BasicMenuItemUI$Handler
instanceKlass javax/swing/event/MouseInputListener
instanceKlass javax/swing/event/MenuDragMouseListener
instanceKlass javax/swing/event/MenuKeyListener
instanceKlass sun/swing/MenuItemLayoutHelper
instanceKlass javax/swing/plaf/basic/BasicGraphicsUtils
instanceKlass javax/swing/plaf/metal/MetalIconFactory$MenuArrowIcon
instanceKlass javax/swing/plaf/metal/MetalIconFactory
instanceKlass javax/swing/JMenuItem$MenuItemFocusListener
instanceKlass javax/swing/JMenu$MenuChangeListener
instanceKlass javax/swing/AbstractButton$Handler
instanceKlass javax/swing/DefaultButtonModel
instanceKlass javax/swing/ButtonModel
instanceKlass com/st/microxplorer/maingui/MenuBar$8
instanceKlass javax/swing/filechooser/FileFilter
instanceKlass javax/swing/filechooser/FileView
instanceKlass com/st/microxplorer/maingui/MenuBar$7
instanceKlass com/st/microxplorer/maingui/MenuBar$6
instanceKlass com/st/microxplorer/maingui/MenuBar$5
instanceKlass com/st/microxplorer/maingui/MenuBar$4
instanceKlass com/st/microxplorer/maingui/MenuBar$3
instanceKlass com/st/microxplorer/maingui/MenuBar$2
instanceKlass com/st/microxplorer/maingui/MenuBar$1
instanceKlass javax/swing/KeyboardManager
instanceKlass javax/swing/plaf/basic/BasicMenuBarUI$Handler
instanceKlass javax/swing/BoxLayout
instanceKlass javax/swing/DefaultSingleSelectionModel
instanceKlass javax/swing/SingleSelectionModel
instanceKlass com/st/microxplorer/plugin/IPluginWinMgrActions
instanceKlass javax/swing/event/MenuListener
instanceKlass com/st/microxplorer/util/MXGuiUtils
instanceKlass com/sun/jna/WeakMemoryHolder
instanceKlass com/sun/jna/NativeString
instanceKlass com/sun/jna/platform/win32/Shell32
instanceKlass com/sun/jna/platform/win32/ShellAPI
instanceKlass com/sun/jna/Function$PostCallRead
instanceKlass com/sun/jna/Klass
instanceKlass com/sun/jna/NativeMappedConverter
instanceKlass com/sun/jna/Library$Handler$FunctionInfo
instanceKlass com/sun/jna/VarArgsChecker
# instanceKlass java/lang/invoke/LambdaForm$MH+0x0000000800320000
instanceKlass java/lang/foreign/ValueLayout
instanceKlass java/lang/foreign/MemoryLayout
instanceKlass java/lang/reflect/AnnotatedType
instanceKlass com/sun/jna/internal/ReflectionUtils
instanceKlass com/sun/jna/platform/win32/COM/IUnknown
instanceKlass com/sun/jna/NativeLibrary
instanceKlass com/sun/jna/Library$Handler
instanceKlass com/sun/jna/Native$2
instanceKlass com/sun/jna/Structure$FFIType$FFITypes
instanceKlass com/sun/jna/Native$ffi_callback
instanceKlass com/sun/jna/JNIEnv
instanceKlass com/sun/jna/PointerType
instanceKlass com/sun/jna/NativeMapped
instanceKlass com/sun/jna/WString
instanceKlass com/sun/jna/CallbackProxy
instanceKlass com/sun/jna/Callback
instanceKlass com/sun/jna/Structure$ByValue
instanceKlass com/sun/jna/ToNativeContext
instanceKlass com/sun/jna/Structure
instanceKlass com/sun/jna/Pointer
instanceKlass java/io/FileOutputStream$1
instanceKlass java/io/DeleteOnExitHook$1
instanceKlass java/io/DeleteOnExitHook
instanceKlass java/io/File$TempDirectory
instanceKlass com/sun/jna/Native$5
instanceKlass com/sun/jna/Platform
instanceKlass com/sun/jna/Native$1
instanceKlass java/util/logging/Logger$SystemLoggerHelper$1
instanceKlass java/util/logging/Logger$SystemLoggerHelper
instanceKlass com/sun/jna/FromNativeContext
instanceKlass com/sun/jna/Callback$UncaughtExceptionHandler
instanceKlass com/sun/jna/Native
instanceKlass com/sun/jna/Version
instanceKlass com/sun/jna/win32/W32APIFunctionMapper
instanceKlass com/sun/jna/win32/W32APITypeMapper$2
instanceKlass com/sun/jna/DefaultTypeMapper$Entry
instanceKlass com/sun/jna/win32/W32APITypeMapper$1
instanceKlass com/sun/jna/TypeConverter
instanceKlass com/sun/jna/ToNativeConverter
instanceKlass com/sun/jna/FromNativeConverter
instanceKlass com/sun/jna/DefaultTypeMapper
instanceKlass com/sun/jna/TypeMapper
instanceKlass com/sun/jna/win32/W32APIOptions
instanceKlass com/sun/jna/FunctionMapper
instanceKlass com/sun/jna/platform/win32/Ole32
instanceKlass com/sun/jna/win32/StdCallLibrary
instanceKlass com/sun/jna/win32/StdCall
instanceKlass com/sun/jna/AltCallingConvention
instanceKlass com/sun/jna/Library
instanceKlass com/st/components/util/UtilMem
instanceKlass java/awt/ItemSelectable
instanceKlass com/st/microxplorer/maingui/McuSelectorResult
instanceKlass javax/swing/event/RowSorterListener
instanceKlass javax/swing/event/CellEditorListener
instanceKlass javax/swing/event/ListSelectionListener
instanceKlass javax/swing/event/TableModelListener
instanceKlass org/jdesktop/swingx/event/TableColumnModelExtListener
instanceKlass javax/swing/event/TableColumnModelListener
instanceKlass com/st/microxplorer/mcufinder/db/McuInfo
instanceKlass com/st/microxplorer/db/TechDoc
instanceKlass com/st/microxplorer/plugin/PluginView
instanceKlass com/st/microxplorer/plugin/IPluginView
instanceKlass com/st/microxplorer/userpreference/UserPreferences
instanceKlass com/st/microxplorer/maingui/ColorsManager
instanceKlass com/st/microxplorer/plugin/IPluginColorsManager
instanceKlass javax/swing/event/ChangeListener
instanceKlass com/st/microxplorer/plugin/IPluginRibbonBar
instanceKlass com/st/microxplorer/plugin/IPluginToolBar
instanceKlass javax/swing/text/EditorKit
instanceKlass com/st/components/swing/GuiUtils
instanceKlass com/st/microxplorer/stobjects/STCheckIcon
instanceKlass org/jdesktop/swingx/graphics/GraphicsUtilities
instanceKlass javax/swing/BorderFactory
instanceKlass com/st/microxplorer/customgui/STFonts
instanceKlass com/st/microxplorer/stobjects/EmptySquareIcon
instanceKlass com/st/microxplorer/customgui/STGuiConst
instanceKlass com/st/microxplorer/ctxdoc/db/ICtxDocAppliInfo
instanceKlass com/st/microxplorer/plugin/IPluginApplicationInformation
instanceKlass com/st/microxplorer/plugin/IPluginMainPanel
instanceKlass com/st/microxplorer/util/GuiChangeEvents
instanceKlass com/st/microxplorer/plugin/IPluginMenuBar
instanceKlass javax/swing/MenuElement
instanceKlass java/util/prefs/AbstractPreferences$1
instanceKlass java/util/prefs/NodeChangeListener
instanceKlass java/util/prefs/PreferenceChangeListener
instanceKlass  @bci java/util/prefs/WindowsPreferences loadPrefsLib ()V 0 <appendix> argL0 ; # java/util/prefs/WindowsPreferences$$Lambda+0x00000008002bea38
instanceKlass java/util/prefs/WindowsPreferencesFactory
instanceKlass java/util/prefs/Preferences$3
instanceKlass java/util/prefs/PreferencesFactory
instanceKlass java/util/prefs/Preferences$2
instanceKlass java/util/prefs/Preferences$1
instanceKlass java/util/prefs/Preferences
instanceKlass com/st/components/swing/ToolPreferences
instanceKlass com/st/microxplorer/codegenerator/CodeGenerator$1
instanceKlass com/st/microxplorer/devicetreegenerator/DTGenerator$1
instanceKlass com/st/microxplorer/devicetreegenerator/dtdatamodels/IDTDataModel
instanceKlass com/st/microxplorer/devicetreegenerator/DTGenerator
instanceKlass java/util/stream/Sink$ChainedInt
instanceKlass java/util/stream/Sink$OfInt
instanceKlass java/util/function/IntConsumer
instanceKlass  @bci java/io/WinNTFileSystem listRoots ()[Ljava/io/File; 38 <appendix> argL0 ; # java/io/WinNTFileSystem$$Lambda+0x00000008002bc558
instanceKlass  @bci java/io/WinNTFileSystem listRoots ()[Ljava/io/File; 28 <appendix> member <vmtarget> ; # java/io/WinNTFileSystem$$Lambda+0x00000008002bc108
instanceKlass  @bci java/io/WinNTFileSystem listRoots ()[Ljava/io/File; 17 <appendix> member <vmtarget> ; # java/io/WinNTFileSystem$$Lambda+0x00000008002bb9e8
instanceKlass java/util/stream/IntStream
instanceKlass java/util/BitSet$1BitSetSpliterator
instanceKlass java/util/BitSet
instanceKlass com/st/microxplorer/codegenerator/ProjectSettings
instanceKlass sun/management/NotificationEmitterSupport$ListenerInfo
instanceKlass com/st/microxplorer/mxsystem/MxSystem$1
instanceKlass  @bci java/lang/management/ManagementFactory getPlatformMXBeans (Ljava/lang/Class;)Ljava/util/List; 35 <appendix> member <vmtarget> ; # java/lang/management/ManagementFactory$$Lambda+0x00000008002ba138
instanceKlass  @bci java/lang/management/ManagementFactory$PlatformMBeanFinder findFirst (Ljava/lang/Class;)Lsun/management/spi/PlatformMBeanProvider$PlatformComponent; 19 <appendix> member <vmtarget> ; # java/lang/management/ManagementFactory$PlatformMBeanFinder$$Lambda+0x00000008002b9ee0
instanceKlass com/st/microxplorer/mcu/Mcu$77
instanceKlass  @bci java/util/regex/CharPredicates ASCII_WORD ()Ljava/util/regex/Pattern$BmpCharPredicate; 0 <appendix> argL0 ; # java/util/regex/CharPredicates$$Lambda+0x00000008002b9c50
instanceKlass com/st/microxplorer/util/CommandLineExporter
instanceKlass com/st/microxplorer/mcu/Mcu$76
instanceKlass com/st/microxplorer/mcu/Mcu$75
instanceKlass com/st/microxplorer/mcu/Mcu$74
instanceKlass com/st/microxplorer/mcu/Mcu$73
instanceKlass com/st/microxplorer/mcu/Mcu$72
instanceKlass com/st/microxplorer/mcu/Mcu$71
instanceKlass com/st/microxplorer/mcu/Mcu$70
instanceKlass com/st/microxplorer/mcu/Mcu$69
instanceKlass com/st/microxplorer/mcu/Mcu$68
instanceKlass com/st/microxplorer/mcu/Mcu$67
instanceKlass com/st/microxplorer/mcu/Mcu$66
instanceKlass com/st/microxplorer/mcu/Mcu$65
instanceKlass com/st/microxplorer/mcu/Mcu$64
instanceKlass com/st/microxplorer/mcu/Mcu$63
instanceKlass com/st/microxplorer/mcu/Mcu$62
instanceKlass com/st/microxplorer/mcu/Mcu$61
instanceKlass com/st/microxplorer/mcu/Mcu$60
instanceKlass com/st/microxplorer/mcu/Mcu$59
instanceKlass com/st/microxplorer/mcu/Mcu$58
instanceKlass com/st/microxplorer/mcu/Mcu$57
instanceKlass com/st/microxplorer/mcu/Mcu$56
instanceKlass com/st/microxplorer/mcu/Mcu$55
instanceKlass com/st/microxplorer/mcu/Mcu$54
instanceKlass com/st/microxplorer/mcu/Mcu$53
instanceKlass com/st/microxplorer/mcu/Mcu$52
instanceKlass com/st/microxplorer/mcu/Mcu$51
instanceKlass com/st/microxplorer/mcu/Mcu$50
instanceKlass com/st/microxplorer/mcu/Mcu$49
instanceKlass com/st/microxplorer/mcu/Mcu$48
instanceKlass com/st/microxplorer/mcu/Mcu$47
instanceKlass com/st/microxplorer/mcu/Mcu$46
instanceKlass com/st/microxplorer/mcu/Mcu$45
instanceKlass com/st/microxplorer/mcu/Mcu$44
instanceKlass com/st/microxplorer/mcu/Mcu$43
instanceKlass com/st/microxplorer/mcu/Mcu$42
instanceKlass com/st/microxplorer/mcu/Mcu$41
instanceKlass com/st/microxplorer/mcu/Mcu$40
instanceKlass com/st/microxplorer/mcu/Mcu$39
instanceKlass com/st/microxplorer/mcu/Mcu$38
instanceKlass com/st/microxplorer/mcu/Mcu$37
instanceKlass com/st/microxplorer/mcu/Mcu$36
instanceKlass com/st/microxplorer/mcu/Mcu$35
instanceKlass com/st/microxplorer/mcu/Mcu$34
instanceKlass com/st/microxplorer/mcu/Mcu$33
instanceKlass com/st/microxplorer/mcu/Mcu$32
instanceKlass com/st/microxplorer/mcu/Mcu$31
instanceKlass com/st/microxplorer/mcu/Mcu$30
instanceKlass com/st/microxplorer/mcu/Mcu$29
instanceKlass com/st/microxplorer/mcu/Mcu$28
instanceKlass com/st/microxplorer/mcu/Mcu$27
instanceKlass com/st/microxplorer/mcu/Mcu$26
instanceKlass com/st/microxplorer/mcu/Mcu$25
instanceKlass com/st/microxplorer/mcu/Mcu$24
instanceKlass com/st/microxplorer/mcu/Mcu$23
instanceKlass com/st/microxplorer/mcu/Mcu$22
instanceKlass com/st/microxplorer/mcu/Mcu$21
instanceKlass com/st/microxplorer/mcu/Mcu$20
instanceKlass com/st/microxplorer/mcu/Mcu$19
instanceKlass com/st/microxplorer/mcu/Mcu$18
instanceKlass com/st/microxplorer/mcu/Mcu$17
instanceKlass com/st/microxplorer/mcu/Mcu$16
instanceKlass com/st/microxplorer/mcu/Mcu$15
instanceKlass com/st/microxplorer/mcu/Mcu$14
instanceKlass com/st/microxplorer/mcu/Mcu$13
instanceKlass com/st/microxplorer/mcu/Mcu$12
instanceKlass com/st/microxplorer/mcu/Mcu$11
instanceKlass com/st/microxplorer/mcu/Mcu$10
instanceKlass com/st/microxplorer/mcu/Mcu$9
instanceKlass com/st/microxplorer/mcu/Mcu$8
instanceKlass com/st/microxplorer/mcu/Mcu$7
instanceKlass com/st/microxplorer/mcu/Mcu$6
instanceKlass com/st/microxplorer/mcu/Mcu$5
instanceKlass org/apache/commons/cli/CommandLineParser
instanceKlass com/st/microxplorer/mcu/Mcu$4
instanceKlass com/st/microxplorer/mcu/Mcu$3
instanceKlass com/st/microxplorer/mcu/Mcu$2
instanceKlass com/st/microxplorer/mcu/Mcu$1
instanceKlass com/st/microxplorer/importproject/ImportInfo
instanceKlass com/st/microxplorer/db/Rule
instanceKlass org/jdom/ContentList$FilterListIterator
instanceKlass org/jdom/filter/AbstractFilter
instanceKlass org/jdom/Attribute
instanceKlass org/jdom/Verifier
instanceKlass org/jdom/filter/Filter
instanceKlass org/jdom/NamespaceKey
instanceKlass org/jdom/Namespace
instanceKlass org/apache/xerces/util/EncodingMap
instanceKlass org/apache/xerces/parsers/AbstractSAXParser$LocatorProxy
instanceKlass org/xml/sax/ext/Locator2
instanceKlass org/apache/xerces/util/SAXMessageFormatter
instanceKlass org/apache/xerces/util/ErrorHandlerWrapper
instanceKlass org/jdom/input/BuilderErrorHandler
instanceKlass org/apache/xerces/parsers/AbstractSAXParser$AttributesProxy
instanceKlass org/xml/sax/ext/Attributes2
instanceKlass org/xml/sax/Attributes
instanceKlass org/xml/sax/AttributeList
instanceKlass org/xml/sax/Parser
instanceKlass org/xml/sax/DocumentHandler
instanceKlass org/apache/xerces/xs/PSVIProvider
instanceKlass javax/xml/parsers/SAXParser
instanceKlass javax/xml/parsers/SAXParserFactory
# instanceKlass java/lang/invoke/LambdaForm$MH+0x00000008002ea000
# instanceKlass java/lang/invoke/LambdaForm$MH+0x00000008002e9c00
# instanceKlass java/lang/invoke/LambdaForm$MH+0x00000008002e9800
# instanceKlass java/lang/invoke/LambdaForm$DMH+0x00000008002e9400
instanceKlass java/lang/invoke/ClassSpecializer$Factory$1Var
# instanceKlass java/lang/invoke/LambdaForm$DMH+0x00000008002e9000
instanceKlass sun/invoke/util/ValueConversions$1
instanceKlass sun/invoke/util/ValueConversions$WrapperCache
# instanceKlass java/lang/invoke/LambdaForm$MH+0x00000008002e8c00
# instanceKlass java/lang/invoke/LambdaForm$BMH+0x00000008002e8800
# instanceKlass java/lang/invoke/LambdaForm$DMH+0x00000008002e8400
# instanceKlass java/lang/invoke/LambdaForm$DMH+0x00000008002e8000
instanceKlass sun/invoke/util/VerifyAccess$1
instanceKlass org/jdom/input/JAXPParserFactory
instanceKlass org/jdom/Document
instanceKlass org/jdom/input/TextBuffer
instanceKlass org/jdom/Content
instanceKlass org/jdom/Parent
instanceKlass org/xml/sax/helpers/DefaultHandler
instanceKlass org/xml/sax/ext/DeclHandler
instanceKlass org/xml/sax/ext/LexicalHandler
instanceKlass org/jdom/DefaultJDOMFactory
instanceKlass org/jdom/JDOMFactory
instanceKlass org/xml/sax/XMLReader
instanceKlass org/xml/sax/DTDHandler
instanceKlass org/xml/sax/ContentHandler
instanceKlass org/jdom/input/SAXBuilder
instanceKlass com/st/microxplorer/db/ApplicableRules
instanceKlass com/st/microxplorer/db/RulesReader
instanceKlass com/st/microxplorer/mxsystem/Board
instanceKlass com/st/microxplorer/util/LogicalParser$UnknownVariable
instanceKlass com/bestcode/mathparser/Variable
instanceKlass java/util/ResourceBundle$Control$2
instanceKlass  @bci java/util/ResourceBundle$ResourceBundleControlProviderHolder lambda$static$0 ()Ljava/util/List; 11 <appendix> argL0 ; # java/util/ResourceBundle$ResourceBundleControlProviderHolder$$Lambda+0x00000008002b5708
instanceKlass java/util/ServiceLoader$ProviderSpliterator
instanceKlass java/util/spi/ResourceBundleControlProvider
instanceKlass  @bci java/util/ResourceBundle$ResourceBundleControlProviderHolder <clinit> ()V 0 <appendix> argL0 ; # java/util/ResourceBundle$ResourceBundleControlProviderHolder$$Lambda+0x00000008002b5048
instanceKlass java/util/ResourceBundle$ResourceBundleControlProviderHolder
instanceKlass com/bestcode/util/StrUtil
instanceKlass com/bestcode/mathparser/__if
instanceKlass com/bestcode/mathparser/OneParamFunc
instanceKlass com/bestcode/mathparser/TwoParamFunc
instanceKlass com/bestcode/mathparser/__sum
instanceKlass com/bestcode/mathparser/IVariableResolver
instanceKlass com/bestcode/mathparser/Node
instanceKlass com/bestcode/mathparser/IParameter
instanceKlass com/bestcode/mathparser/IFunction
instanceKlass com/bestcode/mathparser/MathParserImpl
instanceKlass com/bestcode/mathparser/IMathParser
instanceKlass com/st/microxplorer/mcu/McuExternalApplication
instanceKlass com/st/microxplorer/mcu/ContextAllowed
instanceKlass com/st/microxplorer/mcu/GenTypeFirmwareName
instanceKlass com/st/microxplorer/mcu/lpbam/ILPBAMService
instanceKlass com/st/microxplorer/mcu/memorymap/IMemoryMapService
instanceKlass com/st/microxplorer/mcu/Mcu
instanceKlass com/st/microxplorer/mcu/McuMiscChangeEvents
instanceKlass com/st/microxplorer/mcu/McuErrorCode
instanceKlass com/st/microxplorer/util/IOutputUI
instanceKlass com/st/microxplorer/util/IGenericProgressBar
instanceKlass com/st/microxplorer/importproject/ImportEngine
instanceKlass com/st/microxplorer/codegenerator/ConfigCacheType
instanceKlass com/st/microxplorer/mcu/IDMAService
instanceKlass com/st/microxplorer/mcu/IP
instanceKlass java/io/FileFilter
instanceKlass com/st/microxplorer/codegenerator/CodeGenerator
instanceKlass com/st/microxplorer/mcufinder/db/crossselector/CrossReferenceDbSqlite
instanceKlass com/st/microxplorer/mcufinder/db/crossselector/CrossReferenceDb
instanceKlass com/st/microxplorer/mcufinder/db/DbMcusAds
instanceKlass com/st/microxplorer/mcufinder/db/McuFinderConstants
instanceKlass com/st/microxplorer/mcufinder/util/AppliInfo
instanceKlass  @bci javax/swing/text/html/parser/Parser error (Ljava/lang/String;Ljava/lang/String;Ljava/lang/String;Ljava/lang/String;)V 10 <appendix> form vmentry <vmtarget> ; # java/lang/invoke/LambdaForm$MH+0x00000008002cd400
# instanceKlass java/lang/invoke/LambdaForm$MH+0x00000008002cd000
instanceKlass javax/swing/Scrollable
instanceKlass  @bci javax/swing/text/html/parser/Parser error (Ljava/lang/String;Ljava/lang/String;Ljava/lang/String;Ljava/lang/String;)V 10 <appendix> argL3 form vmentry <vmtarget> ; # java/lang/invoke/LambdaForm$MH+0x00000008002ccc00
instanceKlass  @bci com/st/microxplorer/plugins/usernotification/util/fileUtil/PrefFileManager <init> ()V 22 <appendix> argL4 form vmentry <vmtarget> ; # java/lang/invoke/LambdaForm$MH+0x00000008002cc800
# instanceKlass java/lang/invoke/LambdaForm$MH+0x00000008002cc400
# instanceKlass java/lang/invoke/LambdaForm$MH+0x00000008002cc000
# instanceKlass java/lang/invoke/LambdaForm$MH+0x00000008002cbc00
instanceKlass  @bci javax/swing/text/html/parser/Parser error (Ljava/lang/String;Ljava/lang/String;Ljava/lang/String;Ljava/lang/String;)V 10 <appendix> argL1 form vmentry <vmtarget> ; # java/lang/invoke/LambdaForm$MH+0x00000008002cb800
# instanceKlass java/lang/invoke/LambdaForm$MH+0x00000008002cb400
# instanceKlass java/lang/invoke/LambdaForm$MH+0x00000008002cb000
# instanceKlass java/lang/invoke/LambdaForm$MH+0x00000008002cac00
instanceKlass com/st/microxplorer/mcufinder/util/CrossPlatformAppliInfo
instanceKlass  @bci com/st/library/analyticscore/initialization/configuration/ConfigurationRetriever getToolHeader ()Ljava/lang/String; 11 <appendix> form vmentry <vmtarget> ; # java/lang/invoke/LambdaForm$MH+0x00000008002ca800
# instanceKlass java/lang/invoke/LambdaForm$MH+0x00000008002ca400
instanceKlass  @bci com/st/library/analyticscore/initialization/configuration/ConfigurationRetriever getToolHeader ()Ljava/lang/String; 11 <appendix> argL3 form vmentry <vmtarget> ; # java/lang/invoke/LambdaForm$MH+0x00000008002ca000
# instanceKlass java/lang/invoke/LambdaForm$MH+0x00000008002c9c00
# instanceKlass java/lang/invoke/LambdaForm$MH+0x00000008002c9800
# instanceKlass java/lang/invoke/LambdaForm$MH+0x00000008002c9400
# instanceKlass java/lang/invoke/LambdaForm$MH+0x00000008002c9000
instanceKlass  @bci com/st/library/analyticscore/initialization/configuration/ConfigurationRetriever getToolHeader ()Ljava/lang/String; 11 <appendix> argL1 form vmentry <vmtarget> ; # java/lang/invoke/LambdaForm$MH+0x00000008002c8c00
# instanceKlass java/lang/invoke/LambdaForm$MH+0x00000008002c8800
# instanceKlass java/lang/invoke/LambdaForm$MH+0x00000008002c8400
# instanceKlass java/lang/invoke/LambdaForm$MH+0x00000008002c8000
instanceKlass com/st/microxplorer/mcufinder/db/McuFinderGlobals
instanceKlass com/st/microxplorer/mcufinder/db/DbFile
instanceKlass sun/font/CMap
instanceKlass com/st/microxplorer/mcufinder/db/ApiDb
instanceKlass sun/font/FontScaler
instanceKlass com/st/microxplorer/mcufinder/db/DbUtils
instanceKlass sun/font/TrueTypeFont$DirectoryEntry
instanceKlass java/nio/channels/spi/AbstractInterruptibleChannel$1
instanceKlass sun/nio/ch/Interruptible
instanceKlass com/st/microxplorer/mcu/Context
instanceKlass sun/font/TrueTypeFont$1
instanceKlass sun/font/TrueTypeFont$TTDisposerRecord
instanceKlass sun/font/StrikeCache$DisposableStrike
instanceKlass sun/font/FontStrikeDisposer
instanceKlass sun/java2d/Disposer$PollDisposable
instanceKlass sun/font/FontStrikeDesc
instanceKlass sun/font/FontDesignMetrics$MetricsKey
instanceKlass java/awt/FontMetrics
instanceKlass com/st/microxplorer/util/IMXSemaphore
instanceKlass com/st/microxplorer/db/ApiDbMcu
instanceKlass com/st/microxplorer/mcu/ErrorCode
instanceKlass sun/swing/SwingUtilities2$KeyPair
instanceKlass sun/awt/image/BufImgSurfaceData$ICMColorData
instanceKlass com/st/microxplorer/mxsystem/ILPBAMProjectConfigurator
instanceKlass java/awt/event/MouseEvent$1
instanceKlass sun/awt/AWTAccessor$MouseEventAccessor
instanceKlass com/st/microxplorer/mxsystem/ProjectConfigurator
instanceKlass com/st/microxplorer/mxsystem/ProjectFactory
instanceKlass com/st/microxplorer/mxsystem/MxSystemChangeEvents
instanceKlass com/st/microxplorer/mcu/McuChangeEvents
instanceKlass sun/java2d/opengl/OGLGraphicsConfig
instanceKlass sun/java2d/pipe/hw/AccelGraphicsConfig
instanceKlass sun/java2d/pipe/hw/BufferedContextProvider
instanceKlass  @bci java/util/regex/Pattern DOT ()Ljava/util/regex/Pattern$CharPredicate; 0 <appendix> argL0 ; # java/util/regex/Pattern$$Lambda+0x00000008002a96d0
instanceKlass sun/awt/SunGraphicsCallback
instanceKlass com/st/components/util/ApplicationProperties
instanceKlass javax/swing/RepaintManager$4
instanceKlass java/awt/Cursor$CursorDisposer
instanceKlass sun/awt/GlobalCursorManager$NativeUpdater
instanceKlass sun/awt/GlobalCursorManager
instanceKlass javax/swing/RepaintManager$2$1
instanceKlass java/util/LinkedList$ListItr
instanceKlass java/awt/TrayIcon
instanceKlass java/awt/MenuComponent
instanceKlass java/awt/SplashScreen
instanceKlass com/st/microxplorer/stobjects/STSplash$2
instanceKlass com/st/microxplorer/stobjects/STSplash$1
instanceKlass javax/swing/RepaintManager$2
instanceKlass sun/awt/NullComponentPeer
instanceKlass sun/awt/LightweightPeerHolder
instanceKlass sun/awt/ModalExclude
instanceKlass java/awt/peer/LightweightPeer
instanceKlass sun/awt/im/ExecutableInputMethodManager$3
instanceKlass sun/awt/im/InputMethodLocator
instanceKlass sun/awt/windows/WInputMethodDescriptor
instanceKlass java/awt/im/spi/InputMethodDescriptor
instanceKlass sun/awt/im/InputMethodManager
instanceKlass  @bci jp/ac/kobe_u/cs/cream/Solver <init> (Ljp/ac/kobe_u/cs/cream/Network;ILjava/lang/String;)V 117 <appendix> form vmentry <vmtarget> ; # java/lang/invoke/LambdaForm$MH+0x00000008002c3400
# instanceKlass java/lang/invoke/LambdaForm$MH+0x00000008002c3000
instanceKlass  @bci jp/ac/kobe_u/cs/cream/Solver <init> (Ljp/ac/kobe_u/cs/cream/Network;ILjava/lang/String;)V 117 <appendix> argL3 form vmentry <vmtarget> ; # java/lang/invoke/LambdaForm$MH+0x00000008002c2c00
# instanceKlass java/lang/invoke/LambdaForm$MH+0x00000008002c2800
# instanceKlass java/lang/invoke/LambdaForm$MH+0x00000008002c2400
# instanceKlass java/lang/invoke/LambdaForm$MH+0x00000008002c2000
# instanceKlass java/lang/invoke/LambdaForm$MH+0x00000008002c1c00
instanceKlass  @bci com/st/microxplorer/mcu/ContextAllowed$ContextSplit removeContext (Lcom/st/microxplorer/mcu/Context;)V 16 <appendix> argL1 argL0 form vmentry <vmtarget> ; # java/lang/invoke/LambdaForm$MH+0x00000008002c1800
# instanceKlass java/lang/invoke/LambdaForm$MH+0x00000008002c1400
# instanceKlass java/lang/invoke/LambdaForm$MH+0x00000008002c1000
# instanceKlass java/lang/invoke/LambdaForm$MH+0x00000008002c0c00
instanceKlass sun/awt/FontConfiguration$2
instanceKlass sun/awt/Win32FontManager$2
instanceKlass sun/font/FontFamily
instanceKlass sun/font/CompositeFontDescriptor
instanceKlass sun/font/SunFontManager$FontRegistrationInfo
instanceKlass sun/awt/FontDescriptor
instanceKlass sun/awt/FontConfiguration
instanceKlass sun/font/SunFontManager$2
instanceKlass sun/awt/Win32FontManager$1
instanceKlass sun/font/PlatformFontInfo
instanceKlass sun/font/FontManagerFactory
instanceKlass sun/font/GlyphList
instanceKlass sun/font/StrikeCache$1
instanceKlass sun/font/StrikeCache
instanceKlass sun/font/FontStrike
instanceKlass sun/font/CharToGlyphMapper
instanceKlass sun/font/StrikeMetrics
instanceKlass sun/font/Font2D
instanceKlass sun/font/FontManagerNativeLibrary$1
instanceKlass sun/font/FontManagerNativeLibrary
instanceKlass sun/font/SunFontManager$1
instanceKlass sun/font/SunFontManager$T1Filter
instanceKlass sun/font/SunFontManager$TTFilter
instanceKlass java/io/FilenameFilter
instanceKlass sun/font/Font2DHandle
instanceKlass sun/font/SunFontManager
instanceKlass sun/font/FontManagerForSGE
instanceKlass sun/font/FontManager
instanceKlass sun/java2d/FontSupport
instanceKlass sun/awt/NativeLibLoader$1
instanceKlass sun/awt/NativeLibLoader
instanceKlass sun/awt/PlatformFont
instanceKlass java/awt/peer/FontPeer
instanceKlass  @bci java/awt/SystemColor <clinit> ()V 643 <appendix> argL0 ; # java/awt/SystemColor$$Lambda+0x0000000800297178
instanceKlass  @cpi java/awt/SystemColor 241 form vmentry <vmtarget> ; # java/lang/invoke/LambdaForm$DMH+0x00000008002c0800
instanceKlass sun/awt/AWTAccessor$SystemColorAccessor
instanceKlass sun/java2d/StateTracker$2
instanceKlass sun/java2d/StateTracker$1
instanceKlass sun/java2d/StateTracker
instanceKlass sun/java2d/SurfaceDataProxy
instanceKlass sun/awt/image/SurfaceManager$FlushableCacheData
instanceKlass sun/java2d/DefaultDisposerRecord
instanceKlass sun/java2d/loops/GraphicsPrimitiveMgr$PrimitiveSpec
instanceKlass sun/java2d/loops/RenderLoops
instanceKlass sun/java2d/windows/GDIRenderer
instanceKlass sun/java2d/loops/GraphicsPrimitiveMgr$2
instanceKlass sun/java2d/loops/GraphicsPrimitiveMgr$1
instanceKlass sun/java2d/loops/GeneralRenderer
instanceKlass sun/java2d/loops/CustomComponent
instanceKlass sun/java2d/pipe/ValidatePipe
instanceKlass java/awt/BasicStroke
instanceKlass java/awt/Stroke
instanceKlass java/awt/geom/Path2D
instanceKlass java/awt/AlphaComposite
instanceKlass java/awt/Graphics
instanceKlass sun/awt/ConstrainableGraphics
instanceKlass sun/java2d/loops/GraphicsPrimitiveMgr
instanceKlass sun/java2d/loops/CompositeType
instanceKlass sun/java2d/loops/GraphicsPrimitiveMgr$GeneralPrimitives
instanceKlass sun/java2d/loops/GraphicsPrimitive
instanceKlass java/awt/EventQueue$5
instanceKlass java/awt/EventQueue$4
instanceKlass sun/awt/dnd/SunDragSourceContextPeer
instanceKlass java/awt/dnd/peer/DragSourceContextPeer
instanceKlass sun/java2d/loops/XORComposite
instanceKlass java/awt/Composite
instanceKlass sun/java2d/ScreenUpdateManager
instanceKlass java/awt/ModalEventFilter
instanceKlass java/awt/EventDispatchThread$HierarchyEventFilter
instanceKlass java/awt/EventFilter
instanceKlass java/awt/EventDispatchThread$1
instanceKlass java/awt/Conditional
instanceKlass sun/awt/windows/WComponentPeer$2
instanceKlass java/awt/EventQueue$6
instanceKlass sun/awt/EventQueueItem
instanceKlass java/awt/SequencedEvent$2
instanceKlass java/awt/SequencedEvent$1
instanceKlass sun/awt/AWTAccessor$SequencedEventAccessor
instanceKlass java/awt/event/InvocationEvent$1
instanceKlass sun/awt/AWTAccessor$InvocationEventAccessor
instanceKlass java/awt/ActiveEvent
instanceKlass  @bci sun/awt/windows/WWindowPeer displayChanged ()V 5 <appendix> member <vmtarget> ; # sun/awt/windows/WWindowPeer$$Lambda+0x0000000800289190
instanceKlass  @cpi com/teamdev/jxbrowser/internal/RpcThreadImpl 101 form vmentry <vmtarget> ; # java/lang/invoke/LambdaForm$DMH+0x00000008002c0400
instanceKlass sun/awt/im/InputMethodWindow
instanceKlass sun/awt/ExtendedKeyCodes
instanceKlass sun/awt/RepaintArea
instanceKlass sun/awt/windows/WWindowPeer$GuiDisposedListener
instanceKlass sun/awt/windows/WWindowPeer$ActiveWindowListener
instanceKlass java/awt/peer/CanvasPeer
instanceKlass java/awt/peer/PanelPeer
instanceKlass java/awt/peer/FramePeer
instanceKlass java/awt/peer/WindowPeer
instanceKlass java/awt/peer/ContainerPeer
instanceKlass javax/swing/plaf/basic/BasicHTML
instanceKlass javax/swing/plaf/metal/DefaultMetalTheme$FontDelegate$1
instanceKlass javax/swing/ActionMap
instanceKlass  @bci jdk/internal/reflect/MethodHandleIntegerFieldAccessorImpl getInt (Ljava/lang/Object;)I 11 <adapter> ; # java/lang/invoke/LambdaForm$MH+0x00000008002c0000
instanceKlass java/awt/event/KeyEvent$1
instanceKlass sun/awt/AWTAccessor$KeyEventAccessor
instanceKlass java/awt/VKCollection
instanceKlass javax/swing/InputMap
instanceKlass javax/swing/LayoutComparator
instanceKlass javax/swing/RepaintManager$PaintManager
instanceKlass javax/swing/JRootPane$RootLayout
instanceKlass javax/swing/ArrayTable
instanceKlass com/sun/java/swing/SwingUtilities3
instanceKlass javax/swing/RepaintManager$ProcessingRunnable
instanceKlass javax/swing/plaf/ComponentUI
instanceKlass sun/util/ResourceBundleEnumeration
instanceKlass javax/swing/UIDefaults$1
instanceKlass javax/swing/UIManager$2
instanceKlass sun/awt/PaintEventDispatcher
instanceKlass javax/swing/RepaintManager$1
instanceKlass sun/swing/SwingAccessor$RepaintManagerAccessor
instanceKlass javax/swing/RepaintManager$DisplayChangedHandler
instanceKlass javax/swing/RepaintManager
instanceKlass javax/swing/plaf/metal/OceanTheme$6
instanceKlass javax/swing/plaf/metal/OceanTheme$5
instanceKlass javax/swing/plaf/metal/OceanTheme$4
instanceKlass javax/swing/plaf/metal/OceanTheme$3
instanceKlass javax/swing/plaf/metal/OceanTheme$2
instanceKlass javax/swing/plaf/metal/OceanTheme$1
instanceKlass  @bci javax/swing/plaf/metal/OceanTheme addCustomEntriesToTable (Ljavax/swing/UIDefaults;)V 1 <appendix> member <vmtarget> ; # javax/swing/plaf/metal/OceanTheme$$Lambda+0x000000080021c030
instanceKlass java/util/EventListenerProxy
instanceKlass  @bci javax/swing/plaf/metal/MetalLookAndFeel initComponentDefaults (Ljavax/swing/UIDefaults;)V 12018 <appendix> argL0 ; # javax/swing/plaf/metal/MetalLookAndFeel$$Lambda+0x000000080021b738
instanceKlass  @bci javax/swing/plaf/metal/MetalLookAndFeel initComponentDefaults (Ljavax/swing/UIDefaults;)V 11955 <appendix> argL0 ; # javax/swing/plaf/metal/MetalLookAndFeel$$Lambda+0x000000080021b518
instanceKlass  @bci javax/swing/plaf/metal/MetalLookAndFeel initComponentDefaults (Ljavax/swing/UIDefaults;)V 11907 <appendix> argL0 ; # javax/swing/plaf/metal/MetalLookAndFeel$$Lambda+0x000000080021b2f8
instanceKlass  @bci javax/swing/plaf/metal/MetalLookAndFeel initComponentDefaults (Ljavax/swing/UIDefaults;)V 11758 <appendix> argL0 ; # javax/swing/plaf/metal/MetalLookAndFeel$$Lambda+0x000000080021b0d8
instanceKlass  @bci javax/swing/plaf/metal/MetalLookAndFeel initComponentDefaults (Ljavax/swing/UIDefaults;)V 11740 <appendix> argL0 ; # javax/swing/plaf/metal/MetalLookAndFeel$$Lambda+0x000000080021aeb8
instanceKlass  @bci javax/swing/plaf/metal/MetalLookAndFeel initComponentDefaults (Ljavax/swing/UIDefaults;)V 10675 <appendix> argL0 ; # javax/swing/plaf/metal/MetalLookAndFeel$$Lambda+0x000000080021ac98
instanceKlass  @bci javax/swing/plaf/metal/MetalLookAndFeel initComponentDefaults (Ljavax/swing/UIDefaults;)V 10657 <appendix> argL0 ; # javax/swing/plaf/metal/MetalLookAndFeel$$Lambda+0x000000080021aa78
instanceKlass  @bci javax/swing/plaf/metal/MetalLookAndFeel initComponentDefaults (Ljavax/swing/UIDefaults;)V 10639 <appendix> argL0 ; # javax/swing/plaf/metal/MetalLookAndFeel$$Lambda+0x000000080021a858
instanceKlass  @bci javax/swing/plaf/metal/MetalLookAndFeel initComponentDefaults (Ljavax/swing/UIDefaults;)V 10621 <appendix> argL0 ; # javax/swing/plaf/metal/MetalLookAndFeel$$Lambda+0x000000080021a638
instanceKlass  @bci javax/swing/plaf/metal/MetalLookAndFeel initComponentDefaults (Ljavax/swing/UIDefaults;)V 10603 <appendix> argL0 ; # javax/swing/plaf/metal/MetalLookAndFeel$$Lambda+0x000000080021a418
instanceKlass  @bci javax/swing/plaf/metal/MetalLookAndFeel initComponentDefaults (Ljavax/swing/UIDefaults;)V 10124 <appendix> argL0 ; # javax/swing/plaf/metal/MetalLookAndFeel$$Lambda+0x000000080021a1f8
instanceKlass  @bci javax/swing/plaf/metal/MetalLookAndFeel initComponentDefaults (Ljavax/swing/UIDefaults;)V 10106 <appendix> argL0 ; # javax/swing/plaf/metal/MetalLookAndFeel$$Lambda+0x0000000800219fd8
instanceKlass  @bci javax/swing/plaf/metal/MetalLookAndFeel initComponentDefaults (Ljavax/swing/UIDefaults;)V 9938 <appendix> argL0 ; # javax/swing/plaf/metal/MetalLookAndFeel$$Lambda+0x0000000800219db8
instanceKlass  @bci javax/swing/plaf/metal/MetalLookAndFeel initComponentDefaults (Ljavax/swing/UIDefaults;)V 9920 <appendix> argL0 ; # javax/swing/plaf/metal/MetalLookAndFeel$$Lambda+0x0000000800219b98
instanceKlass  @bci javax/swing/plaf/metal/MetalLookAndFeel initComponentDefaults (Ljavax/swing/UIDefaults;)V 9259 <appendix> argL0 ; # javax/swing/plaf/metal/MetalLookAndFeel$$Lambda+0x0000000800219978
instanceKlass  @bci javax/swing/plaf/metal/MetalLookAndFeel initComponentDefaults (Ljavax/swing/UIDefaults;)V 9241 <appendix> argL0 ; # javax/swing/plaf/metal/MetalLookAndFeel$$Lambda+0x0000000800219758
instanceKlass  @bci javax/swing/plaf/metal/MetalLookAndFeel initComponentDefaults (Ljavax/swing/UIDefaults;)V 9074 <appendix> argL0 ; # javax/swing/plaf/metal/MetalLookAndFeel$$Lambda+0x0000000800219538
instanceKlass  @bci javax/swing/plaf/metal/MetalLookAndFeel initComponentDefaults (Ljavax/swing/UIDefaults;)V 9056 <appendix> argL0 ; # javax/swing/plaf/metal/MetalLookAndFeel$$Lambda+0x0000000800219318
instanceKlass  @bci javax/swing/plaf/metal/MetalLookAndFeel initComponentDefaults (Ljavax/swing/UIDefaults;)V 8779 <appendix> argL0 ; # javax/swing/plaf/metal/MetalLookAndFeel$$Lambda+0x00000008002190f8
instanceKlass  @bci javax/swing/plaf/metal/MetalLookAndFeel initComponentDefaults (Ljavax/swing/UIDefaults;)V 5003 <appendix> member <vmtarget> ; # javax/swing/plaf/metal/MetalLookAndFeel$$Lambda+0x0000000800218ed8
instanceKlass  @bci javax/swing/plaf/metal/MetalLookAndFeel initComponentDefaults (Ljavax/swing/UIDefaults;)V 4983 <appendix> member <vmtarget> ; # javax/swing/plaf/metal/MetalLookAndFeel$$Lambda+0x0000000800218cb8
instanceKlass  @bci javax/swing/plaf/metal/MetalLookAndFeel initComponentDefaults (Ljavax/swing/UIDefaults;)V 4963 <appendix> member <vmtarget> ; # javax/swing/plaf/metal/MetalLookAndFeel$$Lambda+0x0000000800218a98
instanceKlass  @bci javax/swing/plaf/metal/MetalLookAndFeel initComponentDefaults (Ljavax/swing/UIDefaults;)V 4943 <appendix> member <vmtarget> ; # javax/swing/plaf/metal/MetalLookAndFeel$$Lambda+0x0000000800218878
instanceKlass  @bci javax/swing/plaf/metal/MetalLookAndFeel initComponentDefaults (Ljavax/swing/UIDefaults;)V 4923 <appendix> argL0 ; # javax/swing/plaf/metal/MetalLookAndFeel$$Lambda+0x0000000800218658
instanceKlass  @bci javax/swing/plaf/metal/MetalLookAndFeel initComponentDefaults (Ljavax/swing/UIDefaults;)V 4887 <appendix> argL0 ; # javax/swing/plaf/metal/MetalLookAndFeel$$Lambda+0x0000000800218438
instanceKlass  @bci javax/swing/plaf/metal/MetalLookAndFeel initComponentDefaults (Ljavax/swing/UIDefaults;)V 4869 <appendix> argL0 ; # javax/swing/plaf/metal/MetalLookAndFeel$$Lambda+0x0000000800218218
instanceKlass  @bci javax/swing/plaf/metal/MetalLookAndFeel initComponentDefaults (Ljavax/swing/UIDefaults;)V 4851 <appendix> argL0 ; # javax/swing/plaf/metal/MetalLookAndFeel$$Lambda+0x0000000800217ff8
instanceKlass  @bci javax/swing/plaf/metal/MetalLookAndFeel initComponentDefaults (Ljavax/swing/UIDefaults;)V 4833 <appendix> argL0 ; # javax/swing/plaf/metal/MetalLookAndFeel$$Lambda+0x0000000800217dd8
instanceKlass  @bci javax/swing/plaf/metal/MetalLookAndFeel initComponentDefaults (Ljavax/swing/UIDefaults;)V 4204 <appendix> argL0 ; # javax/swing/plaf/metal/MetalLookAndFeel$$Lambda+0x0000000800217bb8
instanceKlass  @bci javax/swing/plaf/metal/MetalLookAndFeel initComponentDefaults (Ljavax/swing/UIDefaults;)V 4186 <appendix> argL0 ; # javax/swing/plaf/metal/MetalLookAndFeel$$Lambda+0x0000000800217998
instanceKlass  @bci javax/swing/plaf/metal/MetalLookAndFeel initComponentDefaults (Ljavax/swing/UIDefaults;)V 3874 <appendix> argL0 ; # javax/swing/plaf/metal/MetalLookAndFeel$$Lambda+0x0000000800217778
instanceKlass  @bci javax/swing/plaf/metal/MetalLookAndFeel initComponentDefaults (Ljavax/swing/UIDefaults;)V 3858 <appendix> argL0 ; # javax/swing/plaf/metal/MetalLookAndFeel$$Lambda+0x0000000800217558
instanceKlass  @bci javax/swing/plaf/metal/MetalLookAndFeel initComponentDefaults (Ljavax/swing/UIDefaults;)V 3842 <appendix> argL0 ; # javax/swing/plaf/metal/MetalLookAndFeel$$Lambda+0x0000000800217338
instanceKlass  @bci javax/swing/plaf/metal/MetalLookAndFeel initComponentDefaults (Ljavax/swing/UIDefaults;)V 3826 <appendix> argL0 ; # javax/swing/plaf/metal/MetalLookAndFeel$$Lambda+0x0000000800217118
instanceKlass  @bci javax/swing/plaf/metal/MetalLookAndFeel initComponentDefaults (Ljavax/swing/UIDefaults;)V 3810 <appendix> argL0 ; # javax/swing/plaf/metal/MetalLookAndFeel$$Lambda+0x0000000800216ef8
instanceKlass  @bci javax/swing/plaf/metal/MetalLookAndFeel initComponentDefaults (Ljavax/swing/UIDefaults;)V 3794 <appendix> argL0 ; # javax/swing/plaf/metal/MetalLookAndFeel$$Lambda+0x0000000800216cd8
instanceKlass  @bci javax/swing/plaf/metal/MetalLookAndFeel initComponentDefaults (Ljavax/swing/UIDefaults;)V 3778 <appendix> argL0 ; # javax/swing/plaf/metal/MetalLookAndFeel$$Lambda+0x0000000800216ab8
instanceKlass  @bci javax/swing/plaf/metal/MetalLookAndFeel initComponentDefaults (Ljavax/swing/UIDefaults;)V 3762 <appendix> argL0 ; # javax/swing/plaf/metal/MetalLookAndFeel$$Lambda+0x0000000800216898
instanceKlass  @bci javax/swing/plaf/metal/MetalLookAndFeel initComponentDefaults (Ljavax/swing/UIDefaults;)V 3746 <appendix> argL0 ; # javax/swing/plaf/metal/MetalLookAndFeel$$Lambda+0x0000000800216678
instanceKlass  @bci javax/swing/plaf/metal/MetalLookAndFeel initComponentDefaults (Ljavax/swing/UIDefaults;)V 3730 <appendix> argL0 ; # javax/swing/plaf/metal/MetalLookAndFeel$$Lambda+0x0000000800216458
instanceKlass  @bci javax/swing/plaf/metal/MetalLookAndFeel initComponentDefaults (Ljavax/swing/UIDefaults;)V 3509 <appendix> argL0 ; # javax/swing/plaf/metal/MetalLookAndFeel$$Lambda+0x0000000800216238
instanceKlass  @bci javax/swing/plaf/metal/MetalLookAndFeel initComponentDefaults (Ljavax/swing/UIDefaults;)V 3399 <appendix> argL0 ; # javax/swing/plaf/metal/MetalLookAndFeel$$Lambda+0x0000000800216018
instanceKlass javax/swing/plaf/metal/MetalLookAndFeel$FontActiveValue
instanceKlass  @bci javax/swing/plaf/metal/MetalLookAndFeel initComponentDefaults (Ljavax/swing/UIDefaults;)V 2174 <appendix> member <vmtarget> ; # javax/swing/plaf/metal/MetalLookAndFeel$$Lambda+0x0000000800215bc0
instanceKlass  @bci javax/swing/plaf/metal/MetalLookAndFeel initComponentDefaults (Ljavax/swing/UIDefaults;)V 2165 <appendix> member <vmtarget> ; # javax/swing/plaf/metal/MetalLookAndFeel$$Lambda+0x0000000800215998
instanceKlass  @bci javax/swing/plaf/metal/MetalLookAndFeel initComponentDefaults (Ljavax/swing/UIDefaults;)V 2156 <appendix> member <vmtarget> ; # javax/swing/plaf/metal/MetalLookAndFeel$$Lambda+0x0000000800215770
instanceKlass  @bci javax/swing/plaf/metal/MetalLookAndFeel initComponentDefaults (Ljavax/swing/UIDefaults;)V 2147 <appendix> member <vmtarget> ; # javax/swing/plaf/metal/MetalLookAndFeel$$Lambda+0x0000000800215548
instanceKlass  @bci javax/swing/plaf/metal/MetalLookAndFeel initComponentDefaults (Ljavax/swing/UIDefaults;)V 2138 <appendix> argL0 ; # javax/swing/plaf/metal/MetalLookAndFeel$$Lambda+0x0000000800215328
instanceKlass  @bci javax/swing/plaf/metal/MetalLookAndFeel initComponentDefaults (Ljavax/swing/UIDefaults;)V 2126 <appendix> argL0 ; # javax/swing/plaf/metal/MetalLookAndFeel$$Lambda+0x0000000800215108
instanceKlass  @bci javax/swing/plaf/metal/MetalLookAndFeel initComponentDefaults (Ljavax/swing/UIDefaults;)V 2119 <appendix> argL0 ; # javax/swing/plaf/metal/MetalLookAndFeel$$Lambda+0x0000000800214ee8
instanceKlass  @bci javax/swing/plaf/metal/MetalLookAndFeel initComponentDefaults (Ljavax/swing/UIDefaults;)V 2112 <appendix> argL0 ; # javax/swing/plaf/metal/MetalLookAndFeel$$Lambda+0x0000000800214cc8
instanceKlass  @bci javax/swing/plaf/metal/MetalLookAndFeel initComponentDefaults (Ljavax/swing/UIDefaults;)V 2105 <appendix> argL0 ; # javax/swing/plaf/metal/MetalLookAndFeel$$Lambda+0x0000000800214aa8
instanceKlass  @bci javax/swing/plaf/metal/MetalLookAndFeel initComponentDefaults (Ljavax/swing/UIDefaults;)V 2098 <appendix> member <vmtarget> ; # javax/swing/plaf/metal/MetalLookAndFeel$$Lambda+0x0000000800214880
instanceKlass  @bci javax/swing/plaf/metal/MetalLookAndFeel initComponentDefaults (Ljavax/swing/UIDefaults;)V 2089 <appendix> argL0 ; # javax/swing/plaf/metal/MetalLookAndFeel$$Lambda+0x0000000800214660
instanceKlass  @bci javax/swing/plaf/metal/MetalLookAndFeel initComponentDefaults (Ljavax/swing/UIDefaults;)V 2082 <appendix> argL0 ; # javax/swing/plaf/metal/MetalLookAndFeel$$Lambda+0x0000000800214440
instanceKlass  @bci javax/swing/plaf/metal/MetalLookAndFeel initComponentDefaults (Ljavax/swing/UIDefaults;)V 2075 <appendix> argL0 ; # javax/swing/plaf/metal/MetalLookAndFeel$$Lambda+0x0000000800214220
instanceKlass  @bci javax/swing/plaf/metal/MetalLookAndFeel initComponentDefaults (Ljavax/swing/UIDefaults;)V 126 <appendix> argL0 ; # javax/swing/plaf/metal/MetalLookAndFeel$$Lambda+0x0000000800214000
instanceKlass  @bci javax/swing/plaf/metal/MetalLookAndFeel initComponentDefaults (Ljavax/swing/UIDefaults;)V 119 <appendix> argL0 ; # javax/swing/plaf/metal/MetalLookAndFeel$$Lambda+0x0000000800213de0
instanceKlass  @bci javax/swing/plaf/metal/MetalLookAndFeel initComponentDefaults (Ljavax/swing/UIDefaults;)V 112 <appendix> argL0 ; # javax/swing/plaf/metal/MetalLookAndFeel$$Lambda+0x0000000800213bc0
instanceKlass  @bci javax/swing/plaf/basic/BasicLookAndFeel initComponentDefaults (Ljavax/swing/UIDefaults;)V 10900 <appendix> argL0 ; # javax/swing/plaf/basic/BasicLookAndFeel$$Lambda+0x00000008002139a0
instanceKlass  @bci javax/swing/plaf/basic/BasicLookAndFeel initComponentDefaults (Ljavax/swing/UIDefaults;)V 10882 <appendix> argL0 ; # javax/swing/plaf/basic/BasicLookAndFeel$$Lambda+0x0000000800213780
instanceKlass  @bci javax/swing/plaf/basic/BasicLookAndFeel initComponentDefaults (Ljavax/swing/UIDefaults;)V 2622 <appendix> argL0 ; # javax/swing/plaf/basic/BasicLookAndFeel$$Lambda+0x0000000800213560
instanceKlass  @bci javax/swing/plaf/basic/BasicLookAndFeel initComponentDefaults (Ljavax/swing/UIDefaults;)V 2604 <appendix> argL0 ; # javax/swing/plaf/basic/BasicLookAndFeel$$Lambda+0x0000000800213340
instanceKlass  @bci javax/swing/plaf/basic/BasicLookAndFeel initComponentDefaults (Ljavax/swing/UIDefaults;)V 2586 <appendix> argL0 ; # javax/swing/plaf/basic/BasicLookAndFeel$$Lambda+0x0000000800213120
instanceKlass  @bci javax/swing/plaf/basic/BasicLookAndFeel initComponentDefaults (Ljavax/swing/UIDefaults;)V 2568 <appendix> argL0 ; # javax/swing/plaf/basic/BasicLookAndFeel$$Lambda+0x0000000800212f00
instanceKlass javax/swing/UIDefaults$LazyInputMap
instanceKlass  @bci javax/swing/plaf/basic/BasicLookAndFeel initComponentDefaults (Ljavax/swing/UIDefaults;)V 789 <appendix> argL0 ; # javax/swing/plaf/basic/BasicLookAndFeel$$Lambda+0x0000000800212ab0
instanceKlass  @bci javax/swing/plaf/basic/BasicLookAndFeel initComponentDefaults (Ljavax/swing/UIDefaults;)V 730 <appendix> argL0 ; # javax/swing/plaf/basic/BasicLookAndFeel$$Lambda+0x0000000800212890
instanceKlass  @bci javax/swing/plaf/basic/BasicLookAndFeel initComponentDefaults (Ljavax/swing/UIDefaults;)V 723 <appendix> argL0 ; # javax/swing/plaf/basic/BasicLookAndFeel$$Lambda+0x0000000800212670
instanceKlass  @bci javax/swing/plaf/basic/BasicLookAndFeel initComponentDefaults (Ljavax/swing/UIDefaults;)V 671 <appendix> argL0 ; # javax/swing/plaf/basic/BasicLookAndFeel$$Lambda+0x0000000800212450
instanceKlass  @bci javax/swing/plaf/basic/BasicLookAndFeel initComponentDefaults (Ljavax/swing/UIDefaults;)V 664 <appendix> member <vmtarget> ; # javax/swing/plaf/basic/BasicLookAndFeel$$Lambda+0x0000000800212230
instanceKlass  @bci javax/swing/plaf/basic/BasicLookAndFeel initComponentDefaults (Ljavax/swing/UIDefaults;)V 655 <appendix> member <vmtarget> ; # javax/swing/plaf/basic/BasicLookAndFeel$$Lambda+0x0000000800212010
instanceKlass  @bci javax/swing/plaf/basic/BasicLookAndFeel initComponentDefaults (Ljavax/swing/UIDefaults;)V 642 <appendix> member <vmtarget> ; # javax/swing/plaf/basic/BasicLookAndFeel$$Lambda+0x0000000800211df0
instanceKlass  @bci javax/swing/plaf/basic/BasicLookAndFeel initComponentDefaults (Ljavax/swing/UIDefaults;)V 611 <appendix> argL0 ; # javax/swing/plaf/basic/BasicLookAndFeel$$Lambda+0x0000000800211990
instanceKlass  @bci javax/swing/plaf/basic/BasicLookAndFeel initComponentDefaults (Ljavax/swing/UIDefaults;)V 604 <appendix> argL0 ; # javax/swing/plaf/basic/BasicLookAndFeel$$Lambda+0x0000000800211770
instanceKlass  @bci javax/swing/plaf/basic/BasicLookAndFeel initComponentDefaults (Ljavax/swing/UIDefaults;)V 597 <appendix> argL0 ; # javax/swing/plaf/basic/BasicLookAndFeel$$Lambda+0x0000000800211550
instanceKlass  @bci javax/swing/plaf/basic/BasicLookAndFeel initComponentDefaults (Ljavax/swing/UIDefaults;)V 590 <appendix> argL0 ; # javax/swing/plaf/basic/BasicLookAndFeel$$Lambda+0x0000000800211330
instanceKlass  @bci javax/swing/plaf/basic/BasicLookAndFeel initComponentDefaults (Ljavax/swing/UIDefaults;)V 583 <appendix> argL0 ; # javax/swing/plaf/basic/BasicLookAndFeel$$Lambda+0x0000000800211110
instanceKlass  @bci javax/swing/plaf/basic/BasicLookAndFeel initComponentDefaults (Ljavax/swing/UIDefaults;)V 576 <appendix> argL0 ; # javax/swing/plaf/basic/BasicLookAndFeel$$Lambda+0x0000000800210ef0
instanceKlass  @bci javax/swing/plaf/basic/BasicLookAndFeel initComponentDefaults (Ljavax/swing/UIDefaults;)V 569 <appendix> argL0 ; # javax/swing/plaf/basic/BasicLookAndFeel$$Lambda+0x0000000800210cd0
instanceKlass  @bci javax/swing/plaf/basic/BasicLookAndFeel initComponentDefaults (Ljavax/swing/UIDefaults;)V 562 <appendix> argL0 ; # javax/swing/plaf/basic/BasicLookAndFeel$$Lambda+0x0000000800210ab0
instanceKlass javax/swing/plaf/basic/BasicLookAndFeel$2
instanceKlass  @bci javax/swing/plaf/basic/BasicLookAndFeel initComponentDefaults (Ljavax/swing/UIDefaults;)V 545 <appendix> argL0 ; # javax/swing/plaf/basic/BasicLookAndFeel$$Lambda+0x0000000800210668
instanceKlass  @bci sun/swing/SwingUtilities2 makeIcon (Ljava/lang/Class;Ljava/lang/Class;Ljava/lang/String;Z)Ljava/lang/Object; 4 <adapter> ; # java/lang/invoke/LambdaForm$MH+0x000000080020d400
# instanceKlass java/lang/invoke/LambdaForm$DMH+0x000000080020d000
instanceKlass  @bci sun/swing/SwingUtilities2 makeIcon (Ljava/lang/Class;Ljava/lang/Class;Ljava/lang/String;Z)Ljava/lang/Object; 4 <appendix> form vmentry <vmtarget> ; # java/lang/invoke/LambdaForm$DMH+0x000000080020cc00
instanceKlass  @bci sun/swing/SwingUtilities2 makeIcon (Ljava/lang/Class;Ljava/lang/Class;Ljava/lang/String;Z)Ljava/lang/Object; 4 <appendix> member <vmtarget> ; # sun/swing/SwingUtilities2$$Lambda+0x0000000800210440
instanceKlass  @cpi sun/swing/SwingUtilities2 1496 form vmentry <vmtarget> ; # java/lang/invoke/LambdaForm$DMH+0x000000080020c800
instanceKlass  @bci javax/swing/plaf/basic/BasicLookAndFeel initComponentDefaults (Ljavax/swing/UIDefaults;)V 398 <appendix> argL0 ; # javax/swing/plaf/basic/BasicLookAndFeel$$Lambda+0x0000000800210220
instanceKlass  @bci javax/swing/plaf/basic/BasicLookAndFeel initComponentDefaults (Ljavax/swing/UIDefaults;)V 391 <appendix> argL0 ; # javax/swing/plaf/basic/BasicLookAndFeel$$Lambda+0x0000000800210000
instanceKlass  @bci javax/swing/plaf/basic/BasicLookAndFeel initComponentDefaults (Ljavax/swing/UIDefaults;)V 384 <appendix> argL0 ; # javax/swing/plaf/basic/BasicLookAndFeel$$Lambda+0x000000080023fd98
instanceKlass  @bci javax/swing/plaf/basic/BasicLookAndFeel initComponentDefaults (Ljavax/swing/UIDefaults;)V 377 <appendix> member <vmtarget> ; # javax/swing/plaf/basic/BasicLookAndFeel$$Lambda+0x000000080023fb70
instanceKlass javax/swing/border/AbstractBorder
instanceKlass javax/swing/border/Border
instanceKlass  @bci javax/swing/plaf/basic/BasicLookAndFeel initComponentDefaults (Ljavax/swing/UIDefaults;)V 349 <appendix> member <vmtarget> ; # javax/swing/plaf/basic/BasicLookAndFeel$$Lambda+0x000000080023f000
instanceKlass  @bci javax/swing/plaf/basic/BasicLookAndFeel initComponentDefaults (Ljavax/swing/UIDefaults;)V 340 <appendix> argL0 ; # javax/swing/plaf/basic/BasicLookAndFeel$$Lambda+0x000000080023ede0
instanceKlass  @bci javax/swing/plaf/basic/BasicLookAndFeel initComponentDefaults (Ljavax/swing/UIDefaults;)V 333 <appendix> argL0 ; # javax/swing/plaf/basic/BasicLookAndFeel$$Lambda+0x000000080023ebc0
instanceKlass  @bci javax/swing/plaf/basic/BasicLookAndFeel initComponentDefaults (Ljavax/swing/UIDefaults;)V 326 <appendix> argL0 ; # javax/swing/plaf/basic/BasicLookAndFeel$$Lambda+0x000000080023e9a0
instanceKlass  @bci javax/swing/plaf/basic/BasicLookAndFeel initComponentDefaults (Ljavax/swing/UIDefaults;)V 319 <appendix> argL0 ; # javax/swing/plaf/basic/BasicLookAndFeel$$Lambda+0x000000080023e780
instanceKlass  @bci javax/swing/plaf/basic/BasicLookAndFeel initComponentDefaults (Ljavax/swing/UIDefaults;)V 312 <appendix> argL0 ; # javax/swing/plaf/basic/BasicLookAndFeel$$Lambda+0x000000080023e560
instanceKlass javax/swing/UIDefaults$ActiveValue
instanceKlass  @bci javax/swing/plaf/basic/BasicLookAndFeel initComponentDefaults (Ljavax/swing/UIDefaults;)V 47 <appendix> argL0 ; # javax/swing/plaf/basic/BasicLookAndFeel$$Lambda+0x000000080023df30
instanceKlass  @bci javax/swing/plaf/basic/BasicLookAndFeel initComponentDefaults (Ljavax/swing/UIDefaults;)V 40 <appendix> argL0 ; # javax/swing/plaf/basic/BasicLookAndFeel$$Lambda+0x000000080023dd10
instanceKlass  @bci javax/swing/plaf/basic/BasicLookAndFeel initComponentDefaults (Ljavax/swing/UIDefaults;)V 33 <appendix> argL0 ; # javax/swing/plaf/basic/BasicLookAndFeel$$Lambda+0x000000080023daf0
instanceKlass  @bci javax/swing/plaf/basic/BasicLookAndFeel initComponentDefaults (Ljavax/swing/UIDefaults;)V 26 <appendix> argL0 ; # javax/swing/plaf/basic/BasicLookAndFeel$$Lambda+0x000000080023d8d0
instanceKlass  @bci javax/swing/plaf/basic/BasicLookAndFeel initComponentDefaults (Ljavax/swing/UIDefaults;)V 19 <appendix> argL0 ; # javax/swing/plaf/basic/BasicLookAndFeel$$Lambda+0x000000080023d6b0
instanceKlass javax/swing/UIDefaults$LazyValue
instanceKlass javax/swing/plaf/metal/DefaultMetalTheme$FontDelegate
instanceKlass javax/swing/plaf/UIResource
instanceKlass javax/swing/plaf/metal/MetalTheme
instanceKlass sun/swing/DefaultLookup
instanceKlass javax/swing/LookAndFeel
instanceKlass javax/swing/UIManager$1
instanceKlass  @bci javax/swing/UIDefaults <clinit> ()V 10 <appendix> argL0 ; # javax/swing/UIDefaults$$Lambda+0x000000080023a820
instanceKlass  @cpi com/teamdev/jxbrowser/browser/internal/BrowserRpcConfig 187 form vmentry <vmtarget> ; # java/lang/invoke/LambdaForm$DMH+0x000000080020c400
instanceKlass sun/swing/SwingAccessor$UIDefaultsAccessor
instanceKlass javax/swing/UIManager$LAFState
instanceKlass sun/swing/SwingUtilities2$LSBCacheEntry
instanceKlass sun/swing/StringUIClientPropertyKey
instanceKlass javax/swing/UIClientPropertyKey
instanceKlass java/awt/font/FontRenderContext
instanceKlass sun/swing/SwingUtilities2
instanceKlass java/util/IdentityHashMap$IdentityHashMapIterator
instanceKlass java/awt/Toolkit$DesktopPropertyChangeSupport$1
instanceKlass sun/awt/SunHints$Value
instanceKlass java/awt/RenderingHints$Key
instanceKlass sun/awt/SunHints
instanceKlass java/awt/RenderingHints
instanceKlass sun/awt/windows/WDesktopProperties$WinPlaySound
instanceKlass java/awt/Color
instanceKlass java/awt/Paint
instanceKlass sun/awt/windows/ThemeReader
instanceKlass sun/awt/windows/WDesktopProperties
instanceKlass javax/swing/UIManager$LookAndFeelInfo
instanceKlass javax/swing/UIManager
instanceKlass java/awt/FlowLayout
instanceKlass javax/swing/JComponent$2
instanceKlass javax/swing/JComponent$1
instanceKlass sun/swing/SwingAccessor$JComponentAccessor
instanceKlass java/awt/AWTEventMulticaster
instanceKlass java/awt/event/MouseWheelListener
instanceKlass java/awt/event/HierarchyBoundsListener
instanceKlass java/awt/event/HierarchyListener
instanceKlass java/awt/event/InputMethodListener
instanceKlass java/awt/event/TextListener
instanceKlass java/awt/event/AdjustmentListener
instanceKlass java/awt/event/ItemListener
instanceKlass java/awt/event/ActionListener
instanceKlass java/awt/event/WindowFocusListener
instanceKlass java/awt/event/MouseMotionListener
instanceKlass java/awt/event/KeyListener
instanceKlass java/awt/event/FocusListener
instanceKlass java/awt/event/ContainerListener
instanceKlass java/awt/Component$3
instanceKlass sun/awt/KeyboardFocusManagerPeerImpl
instanceKlass java/awt/peer/KeyboardFocusManagerPeer
instanceKlass javax/swing/KeyStroke$1
instanceKlass sun/swing/SwingAccessor$KeyStrokeAccessor
instanceKlass sun/swing/SwingAccessor
instanceKlass java/awt/AWTKeyStroke
instanceKlass java/awt/FocusTraversalPolicy
instanceKlass java/awt/DefaultKeyboardFocusManager$2
instanceKlass java/awt/DefaultKeyboardFocusManager$1
instanceKlass sun/awt/AWTAccessor$DefaultKeyboardFocusManagerAccessor
instanceKlass java/awt/KeyboardFocusManager$1
instanceKlass sun/awt/AWTAccessor$KeyboardFocusManagerAccessor
instanceKlass java/awt/KeyboardFocusManager
instanceKlass java/awt/KeyEventPostProcessor
instanceKlass java/awt/KeyEventDispatcher
instanceKlass java/awt/Window$WindowDisposerRecord
instanceKlass java/awt/BorderLayout
instanceKlass java/awt/LayoutManager2
instanceKlass java/awt/GraphicsConfiguration
instanceKlass sun/awt/image/SurfaceManager$ProxiedGraphicsConfig
instanceKlass java/awt/GraphicsDevice
instanceKlass sun/awt/SunDisplayChanger
instanceKlass sun/java2d/SurfaceManagerFactory
instanceKlass sun/java2d/windows/WindowsFlags$1
instanceKlass sun/java2d/windows/WindowsFlags
instanceKlass java/awt/GraphicsEnvironment$LocalGE
instanceKlass java/awt/Cursor$1
instanceKlass sun/awt/AWTAccessor$CursorAccessor
instanceKlass java/awt/Cursor
instanceKlass java/awt/Frame$1
instanceKlass sun/awt/AWTAccessor$FrameAccessor
instanceKlass java/awt/event/WindowListener
instanceKlass javax/swing/SwingUtilities
instanceKlass  @bci sun/awt/windows/WToolkit <init> ()V 142 <appendix> argL0 ; # sun/awt/windows/WToolkit$$Lambda+0x0000000800227d78
instanceKlass  @bci sun/awt/windows/WToolkit lambda$registerShutdownHook$2 ()Ljava/lang/Void; 8 <appendix> member <vmtarget> ; # sun/awt/windows/WToolkit$$Lambda+0x0000000800227b50
instanceKlass  @bci sun/awt/windows/WToolkit registerShutdownHook ()V 1 <appendix> member <vmtarget> ; # sun/awt/windows/WToolkit$$Lambda+0x0000000800227928
instanceKlass  @bci sun/awt/windows/WToolkit run ()V 0 <appendix> argL0 ; # sun/awt/windows/WToolkit$$Lambda+0x0000000800227708
instanceKlass  @bci sun/java2d/marlin/OffHeapArray <init> (Ljava/lang/Object;J)V 52 <bsm> form vmentry <vmtarget> ; # java/lang/invoke/LambdaForm$DMH+0x000000080020c000
instanceKlass  @bci sun/awt/windows/WToolkit <init> ()V 93 <appendix> member <vmtarget> ; # sun/awt/windows/WToolkit$$Lambda+0x00000008002274e0
instanceKlass  @bci sun/awt/windows/WToolkit <init> ()V 68 <appendix> argL0 ; # sun/awt/windows/WToolkit$$Lambda+0x00000008002272c0
instanceKlass  @bci sun/awt/AWTAutoShutdown activateBlockerThread ()V 1 <appendix> member <vmtarget> ; # sun/awt/AWTAutoShutdown$$Lambda+0x0000000800227098
instanceKlass sun/awt/AWTAutoShutdown
instanceKlass sun/awt/windows/WToolkit$ToolkitDisposer
instanceKlass sun/awt/util/PerformanceLogger$TimeData
instanceKlass sun/awt/util/PerformanceLogger
instanceKlass sun/awt/SunToolkit$ModalityListenerList
instanceKlass sun/awt/ModalityListener
instanceKlass java/beans/ChangeListenerMap
instanceKlass java/beans/PropertyChangeSupport
instanceKlass javax/swing/event/EventListenerList
instanceKlass sun/awt/windows/WDesktopPeer
instanceKlass java/awt/peer/DesktopPeer
instanceKlass sun/awt/DisplayChangedListener
instanceKlass sun/java2d/DestSurfaceProvider
instanceKlass sun/java2d/loops/RenderCache$Entry
instanceKlass sun/java2d/loops/RenderCache
instanceKlass sun/java2d/pipe/DrawImage
instanceKlass sun/java2d/pipe/GeneralCompositePipe
instanceKlass sun/java2d/pipe/SpanShapeRenderer
instanceKlass sun/java2d/pipe/AlphaPaintPipe
instanceKlass sun/java2d/pipe/AAShapePipe
instanceKlass sun/java2d/pipe/RegionIterator
instanceKlass sun/java2d/pipe/Region
instanceKlass sun/java2d/pipe/SpanClipRenderer
instanceKlass sun/java2d/pipe/PixelToShapeConverter
instanceKlass sun/java2d/pipe/AlphaColorPipe
instanceKlass sun/java2d/pipe/CompositePipe
instanceKlass  @bci com/st/microxplorer/plugins/updater/engine/ServerAccessManage setConnectionProperties (Ljava/net/HttpURLConnection;II)V 5 <appendix> form vmentry <vmtarget> ; # java/lang/invoke/LambdaForm$MH+0x000000080020bc00
instanceKlass  @bci com/st/microxplorer/plugins/updater/engine/ServerAccessManage setConnectionProperties (Ljava/net/HttpURLConnection;II)V 5 <appendix> argL3 form vmentry <vmtarget> ; # java/lang/invoke/LambdaForm$MH+0x000000080020b800
instanceKlass  @bci java/awt/Color toString ()Ljava/lang/String; 19 <appendix> argL3 argL2 form vmentry <vmtarget> ; # java/lang/invoke/LambdaForm$MH+0x000000080020b400
# instanceKlass java/lang/invoke/LambdaForm$MH+0x000000080020b000
# instanceKlass java/lang/invoke/LambdaForm$MH+0x000000080020ac00
# instanceKlass java/lang/invoke/LambdaForm$MH+0x000000080020a800
instanceKlass  @bci com/st/microxplorer/plugins/updater/engine/ServerAccessManage setConnectionProperties (Ljava/net/HttpURLConnection;II)V 5 <appendix> argL1 form vmentry <vmtarget> ; # java/lang/invoke/LambdaForm$MH+0x000000080020a400
# instanceKlass java/lang/invoke/LambdaForm$MH+0x000000080020a000
# instanceKlass java/lang/invoke/LambdaForm$MH+0x0000000800209c00
# instanceKlass java/lang/invoke/LambdaForm$MH+0x0000000800209800
instanceKlass sun/awt/OSInfo$1
instanceKlass sun/awt/OSInfo$WindowsVersion
instanceKlass sun/awt/OSInfo
instanceKlass sun/font/FontUtilities$1
instanceKlass sun/font/FontUtilities
instanceKlass sun/java2d/pipe/GlyphListPipe
instanceKlass sun/java2d/pipe/OutlineTextRenderer
instanceKlass sun/java2d/ReentrantContextProvider
instanceKlass sun/java2d/marlin/FloatMath
instanceKlass sun/java2d/marlin/MarlinProperties
instanceKlass sun/java2d/marlin/MarlinConst
instanceKlass sun/java2d/pipe/RenderingEngine
instanceKlass sun/java2d/pipe/LoopPipe
instanceKlass sun/java2d/pipe/LoopBasedPipe
instanceKlass sun/java2d/pipe/ParallelogramPipe
instanceKlass sun/java2d/pipe/NullPipe
instanceKlass sun/java2d/pipe/DrawImagePipe
instanceKlass sun/java2d/pipe/TextPipe
instanceKlass sun/java2d/pipe/ShapeDrawPipe
instanceKlass sun/java2d/pipe/PixelFillPipe
instanceKlass sun/java2d/pipe/PixelDrawPipe
instanceKlass java/awt/image/ColorModel$1RGBdefault
instanceKlass sun/awt/image/PixelConverter
instanceKlass sun/java2d/loops/SurfaceType
instanceKlass sun/java2d/SurfaceData
instanceKlass sun/java2d/Surface
instanceKlass sun/awt/windows/WToolkit$1
instanceKlass java/awt/image/MultiResolutionImage
instanceKlass java/awt/MediaEntry
instanceKlass java/io/RandomAccessFile$1
instanceKlass java/awt/image/BufferedImage$1
instanceKlass sun/awt/image/SurfaceManager
instanceKlass sun/awt/image/SurfaceManager$ImageAccessor
instanceKlass java/awt/ImageCapabilities
instanceKlass sun/awt/image/NativeLibLoader$1
instanceKlass sun/awt/image/NativeLibLoader
instanceKlass sun/java2d/StateTrackableDelegate$2
instanceKlass sun/java2d/StateTrackableDelegate
instanceKlass sun/java2d/StateTrackable
instanceKlass java/awt/geom/RectangularShape
instanceKlass java/awt/Shape
instanceKlass java/awt/image/SampleModel
instanceKlass java/awt/image/ColorModel$1
instanceKlass java/awt/image/ColorModel
instanceKlass java/awt/image/Raster
instanceKlass java/awt/image/DataBuffer$1
instanceKlass sun/awt/image/SunWritableRaster$DataStealer
instanceKlass java/awt/image/DataBuffer
instanceKlass com/sun/imageio/plugins/png/PNGImageDataEnumeration
instanceKlass javax/imageio/IIOParam
instanceKlass javax/imageio/metadata/IIOMetadata
instanceKlass java/awt/geom/Point2D
instanceKlass java/util/concurrent/ForkJoinPool$2
instanceKlass jdk/internal/access/JavaUtilConcurrentFJPAccess
instanceKlass javax/imageio/ImageIO$ImageReaderIterator
instanceKlass java/util/concurrent/ForkJoinPool$DefaultForkJoinWorkerThreadFactory
instanceKlass java/util/concurrent/ForkJoinPool$WorkQueue
instanceKlass java/util/concurrent/ForkJoinPool$ForkJoinWorkerThreadFactory
instanceKlass com/sun/imageio/plugins/common/ReaderUtil
instanceKlass javax/imageio/spi/FilterIterator
instanceKlass javax/imageio/ImageIO$CanDecodeInputFilter
instanceKlass javax/imageio/spi/ServiceRegistry$Filter
instanceKlass sun/java2d/DisposerTarget
instanceKlass  @bci sun/java2d/Disposer <clinit> ()V 104 <appendix> argL0 ; # sun/java2d/Disposer$$Lambda+0x000000080026bb70
instanceKlass sun/java2d/Disposer$1
instanceKlass sun/java2d/Disposer
instanceKlass javax/imageio/stream/FileCacheImageInputStream$StreamDisposerRecord
instanceKlass sun/java2d/DisposerRecord
instanceKlass sun/awt/util/ThreadGroupUtils
instanceKlass  @bci com/sun/imageio/stream/StreamCloser addToQueue (Lcom/sun/imageio/stream/StreamCloser$CloseAction;)V 45 <appendix> member <vmtarget> ; # com/sun/imageio/stream/StreamCloser$$Lambda+0x000000080026aeb0
instanceKlass com/sun/imageio/stream/StreamCloser$1
instanceKlass com/sun/imageio/stream/StreamCloser$CloseAction
instanceKlass com/sun/imageio/stream/StreamCloser
instanceKlass sun/nio/fs/WindowsChannelFactory$2
instanceKlass sun/nio/fs/WindowsPath$1
instanceKlass sun/security/provider/AbstractDrbg$NonceProvider
instanceKlass  @bci sun/security/provider/AbstractDrbg$SeederHolder <clinit> ()V 42 <appendix> member <vmtarget> ; # sun/security/provider/AbstractDrbg$SeederHolder$$Lambda+0x0000000800269b20
instanceKlass  @cpi sun/security/provider/AbstractDrbg$SeederHolder 91 form vmentry <vmtarget> ; # java/lang/invoke/LambdaForm$DMH+0x0000000800209400
# instanceKlass java/lang/invoke/LambdaForm$DMH+0x0000000800209000
instanceKlass java/net/NetworkInterface$1
instanceKlass java/net/DefaultInterface
instanceKlass java/net/InterfaceAddress
instanceKlass java/net/NetworkInterface
instanceKlass sun/security/provider/ByteArrayAccess$BE
instanceKlass sun/security/provider/ByteArrayAccess
instanceKlass sun/security/provider/SeedGenerator$1
instanceKlass sun/security/util/MessageDigestSpi2
instanceKlass sun/security/jca/GetInstance$Instance
instanceKlass sun/security/jca/GetInstance
instanceKlass java/security/MessageDigestSpi
instanceKlass sun/security/provider/SeedGenerator
instanceKlass sun/security/provider/AbstractDrbg$SeederHolder
instanceKlass java/security/DrbgParameters$NextBytes
instanceKlass  @bci sun/security/provider/AbstractDrbg <clinit> ()V 12 <appendix> argL0 ; # sun/security/provider/AbstractDrbg$$Lambda+0x00000008002668f0
instanceKlass  @cpi sun/security/provider/AbstractDrbg 383 form vmentry <vmtarget> ; # java/lang/invoke/LambdaForm$DMH+0x0000000800208c00
# instanceKlass java/lang/invoke/LambdaForm$DMH+0x0000000800208800
instanceKlass sun/security/provider/EntropySource
instanceKlass sun/security/provider/AbstractDrbg
instanceKlass java/security/DrbgParameters$Instantiation
instanceKlass java/security/DrbgParameters
instanceKlass sun/security/provider/MoreDrbgParameters
instanceKlass  @bci sun/security/provider/DRBG <init> (Ljava/security/SecureRandomParameters;)V 26 <appendix> argL0 ; # sun/security/provider/DRBG$$Lambda+0x0000000800265390
instanceKlass java/security/SecureRandomSpi
instanceKlass sun/security/util/SecurityProviderConstants
instanceKlass java/security/Provider$UString
instanceKlass java/security/Provider$Service
instanceKlass sun/security/provider/NativePRNG$NonBlocking
instanceKlass sun/security/provider/NativePRNG$Blocking
instanceKlass sun/security/provider/NativePRNG
instanceKlass sun/security/provider/SunEntries$1
instanceKlass sun/security/provider/SunEntries
instanceKlass java/util/AbstractList$Itr
instanceKlass sun/security/jca/ProviderList$2
instanceKlass jdk/internal/math/FloatingDecimal$ASCIIToBinaryBuffer
instanceKlass jdk/internal/math/FloatingDecimal$PreparedASCIIToBinaryBuffer
instanceKlass jdk/internal/math/FloatingDecimal$ASCIIToBinaryConverter
instanceKlass jdk/internal/math/FloatingDecimal$BinaryToASCIIBuffer
instanceKlass jdk/internal/math/FloatingDecimal$ExceptionalBinaryToASCIIBuffer
instanceKlass jdk/internal/math/FloatingDecimal$BinaryToASCIIConverter
instanceKlass jdk/internal/math/FloatingDecimal
instanceKlass javax/security/auth/login/Configuration$Parameters
instanceKlass java/security/Policy$Parameters
instanceKlass java/security/cert/CertStoreParameters
instanceKlass java/security/SecureRandomParameters
instanceKlass java/security/Provider$EngineDescription
instanceKlass java/security/Provider$ServiceKey
instanceKlass sun/security/jca/ProviderConfig
instanceKlass sun/security/jca/ProviderList
instanceKlass sun/security/jca/Providers
instanceKlass java/nio/file/TempFileHelper
instanceKlass javax/imageio/stream/ImageInputStreamImpl
instanceKlass javax/imageio/ImageIO$CacheInfo
instanceKlass java/util/LinkedList$Node
instanceKlass javax/imageio/spi/PartialOrderIterator
instanceKlass javax/imageio/ImageWriter
instanceKlass javax/imageio/ImageTranscoder
instanceKlass javax/imageio/ImageTypeSpecifier
instanceKlass javax/imageio/metadata/IIOMetadataFormat
instanceKlass javax/imageio/ImageReader
instanceKlass javax/imageio/spi/IIORegistry$1
instanceKlass sun/java2d/cmm/ProfileDeferralInfo
instanceKlass java/awt/color/ICC_Profile$BuiltInProfile
instanceKlass  @bci java/awt/color/ICC_Profile <clinit> ()V 0 <appendix> argL0 ; # java/awt/color/ICC_Profile$$Lambda+0x00000008002589f8
instanceKlass sun/java2d/cmm/Profile
instanceKlass sun/awt/AWTAccessor$ICC_ProfileAccessor
instanceKlass java/awt/color/ICC_Profile
instanceKlass java/awt/color/ColorSpace$BuiltInSpace
instanceKlass java/awt/color/ColorSpace
instanceKlass com/sun/imageio/plugins/jpeg/JPEG
instanceKlass javax/imageio/stream/ImageOutputStream
instanceKlass javax/imageio/spi/DigraphNode
instanceKlass javax/imageio/stream/ImageInputStream
instanceKlass javax/imageio/spi/SubRegistry
instanceKlass javax/imageio/spi/IIOServiceProvider
instanceKlass javax/imageio/spi/RegisterableService
instanceKlass javax/imageio/spi/ServiceRegistry
instanceKlass javax/imageio/ImageIO
instanceKlass java/awt/MediaTracker
instanceKlass sun/awt/PostEventQueue
instanceKlass sun/awt/MostRecentKeyValue
instanceKlass java/awt/Queue
instanceKlass java/awt/EventQueue$3
instanceKlass java/awt/EventQueue$2
instanceKlass sun/awt/AWTAccessor$EventQueueAccessor
instanceKlass java/awt/EventQueue$1
instanceKlass java/awt/EventQueue
instanceKlass sun/awt/AppContext$1
instanceKlass sun/awt/WeakIdentityHashMap
instanceKlass sun/awt/KeyboardFocusManagerPeerProvider
instanceKlass sun/awt/InputMethodSupport
instanceKlass sun/awt/ComponentFactory
instanceKlass sun/awt/AppContext$2
instanceKlass sun/awt/AppContext$3
instanceKlass sun/awt/AppContext$6
instanceKlass jdk/internal/access/JavaAWTAccess
instanceKlass sun/awt/AppContext$GetAppContextLock
instanceKlass sun/awt/AppContext
instanceKlass java/awt/ComponentOrientation
instanceKlass javax/swing/ImageIcon$2
instanceKlass javax/swing/ImageIcon$1
instanceKlass javax/swing/ImageIcon
instanceKlass javax/swing/Icon
instanceKlass java/awt/Transparency
instanceKlass java/awt/image/WritableRenderedImage
instanceKlass java/awt/image/RenderedImage
instanceKlass java/awt/Image
instanceKlass java/awt/Window$1
instanceKlass sun/awt/AWTAccessor$WindowAccessor
instanceKlass java/awt/Container$1
instanceKlass sun/awt/AWTAccessor$ContainerAccessor
instanceKlass java/awt/geom/Dimension2D
instanceKlass java/awt/LightweightDispatcher
instanceKlass java/awt/event/AWTEventListener
instanceKlass java/awt/LayoutManager
instanceKlass java/awt/Component$DummyRequestFocusController
instanceKlass sun/awt/RequestFocusController
instanceKlass java/awt/Component$1
instanceKlass sun/awt/AWTAccessor$ComponentAccessor
instanceKlass java/awt/font/JavaAWTFontAccessImpl
instanceKlass jdk/internal/access/JavaAWTFontAccess
instanceKlass sun/font/AttributeValues
instanceKlass java/awt/geom/AffineTransform
instanceKlass sun/font/FontAccess
instanceKlass java/awt/Font
instanceKlass sun/awt/windows/WObjectPeer
instanceKlass java/awt/dnd/peer/DropTargetPeer
instanceKlass java/awt/peer/ComponentPeer
instanceKlass java/awt/event/InputEvent$1
instanceKlass sun/awt/AWTAccessor$InputEventAccessor
instanceKlass java/awt/event/NativeLibLoader$1
instanceKlass java/awt/event/NativeLibLoader
instanceKlass java/awt/AWTEvent$1
instanceKlass sun/awt/AWTAccessor$AWTEventAccessor
instanceKlass sun/awt/PlatformGraphicsInfo
instanceKlass  @bci java/awt/GraphicsEnvironment getHeadlessProperty ()Z 6 <appendix> argL0 ; # java/awt/GraphicsEnvironment$$Lambda+0x0000000800246508
instanceKlass java/awt/GraphicsEnvironment
instanceKlass java/awt/Insets
instanceKlass  @bci com/st/microxplorer/plugins/updater/engine/MainUpdater buildThridPartyStatus (Ljava/lang/String;)Ljava/util/Map; 355 <appendix> form vmentry <vmtarget> ; # java/lang/invoke/LambdaForm$MH+0x0000000800208400
# instanceKlass java/lang/invoke/LambdaForm$MH+0x0000000800208000
instanceKlass  @bci com/st/microxplorer/plugins/updater/engine/MainUpdater buildThridPartyStatus (Ljava/lang/String;)Ljava/util/Map; 355 <appendix> argL3 form vmentry <vmtarget> ; # java/lang/invoke/LambdaForm$MH+0x0000000800203c00
# instanceKlass java/lang/invoke/LambdaForm$MH+0x0000000800203800
# instanceKlass java/lang/invoke/LambdaForm$MH+0x0000000800203400
# instanceKlass java/lang/invoke/LambdaForm$MH+0x0000000800203000
# instanceKlass java/lang/invoke/LambdaForm$MH+0x0000000800202c00
instanceKlass  @bci com/st/microxplorer/plugins/updater/engine/MainUpdater buildThridPartyStatus (Ljava/lang/String;)Ljava/util/Map; 355 <appendix> argL1 form vmentry <vmtarget> ; # java/lang/invoke/LambdaForm$MH+0x0000000800202800
# instanceKlass java/lang/invoke/LambdaForm$MH+0x0000000800202400
# instanceKlass java/lang/invoke/LambdaForm$MH+0x0000000800202000
# instanceKlass java/lang/invoke/LambdaForm$MH+0x0000000800201c00
instanceKlass java/awt/Toolkit$1
instanceKlass java/awt/Toolkit$2
instanceKlass  @bci java/util/ResourceBundle$ResourceBundleProviderHelper loadPropertyResourceBundle (Ljava/lang/Module;Ljava/lang/Module;Ljava/lang/String;Ljava/util/Locale;)Ljava/util/ResourceBundle; 14 <appendix> member <vmtarget> ; # java/util/ResourceBundle$ResourceBundleProviderHelper$$Lambda+0x0000000800245618
instanceKlass  @bci java/util/ResourceBundle$ResourceBundleProviderHelper loadResourceBundle (Ljava/lang/Module;Ljava/lang/Module;Ljava/lang/String;Ljava/util/Locale;)Ljava/util/ResourceBundle; 13 <appendix> member <vmtarget> ; # java/util/ResourceBundle$ResourceBundleProviderHelper$$Lambda+0x0000000800244f28
instanceKlass java/util/ResourceBundle$3
instanceKlass java/util/ResourceBundle$CacheKeyReference
instanceKlass java/util/ResourceBundle$CacheKey
instanceKlass  @bci java/util/ResourceBundle getLoader (Ljava/lang/Module;)Ljava/lang/ClassLoader; 6 <appendix> member <vmtarget> ; # java/util/ResourceBundle$$Lambda+0x0000000800244448
instanceKlass java/awt/Toolkit$4
instanceKlass sun/awt/AWTAccessor
instanceKlass java/awt/Toolkit$3
instanceKlass sun/awt/AWTAccessor$ToolkitAccessor
instanceKlass java/awt/Toolkit
instanceKlass java/awt/Component$AWTTreeLock
instanceKlass javax/swing/SwingConstants
instanceKlass org/apache/logging/log4j/core/layout/ByteBufferDestinationHelper
instanceKlass org/apache/logging/log4j/core/layout/TextEncoderHelper
instanceKlass java/time/Instant
instanceKlass java/time/temporal/Temporal
instanceKlass  @bci java/time/ZoneOffset ofTotalSeconds (I)Ljava/time/ZoneOffset; 37 <appendix> argL0 ; # java/time/ZoneOffset$$Lambda+0x00000008001ff620
instanceKlass java/time/ZoneId
instanceKlass java/time/temporal/TemporalAdjuster
instanceKlass java/time/Clock
instanceKlass java/time/InstantSource
instanceKlass org/apache/logging/log4j/core/impl/ContextDataFactory
instanceKlass org/apache/logging/log4j/message/SimpleMessage
instanceKlass org/apache/logging/log4j/core/impl/MutableLogEvent
instanceKlass  @bci org/apache/logging/log4j/util/StackLocator calcLocation (Ljava/lang/String;)Ljava/lang/StackTraceElement; 15 <appendix> argL0 ; # org/apache/logging/log4j/util/StackLocator$$Lambda+0x00000008001bfb80
instanceKlass  @bci org/apache/logging/log4j/util/StackLocator lambda$calcLocation$15 (Ljava/lang/String;Ljava/util/stream/Stream;)Ljava/util/Optional; 13 <appendix> member <vmtarget> ; # org/apache/logging/log4j/util/StackLocator$$Lambda+0x00000008001bf928
instanceKlass  @bci org/apache/logging/log4j/util/StackLocator lambda$calcLocation$15 (Ljava/lang/String;Ljava/util/stream/Stream;)Ljava/util/Optional; 2 <appendix> member <vmtarget> ; # org/apache/logging/log4j/util/StackLocator$$Lambda+0x00000008001bf6d0
instanceKlass  @bci org/apache/logging/log4j/util/StackLocator calcLocation (Ljava/lang/String;)Ljava/lang/StackTraceElement; 4 <appendix> member <vmtarget> ; # org/apache/logging/log4j/util/StackLocator$$Lambda+0x00000008001bf488
instanceKlass org/apache/logging/log4j/message/ReusableSimpleMessage
instanceKlass org/apache/logging/log4j/message/Clearable
instanceKlass org/apache/logging/log4j/message/ParameterVisitable
instanceKlass org/apache/logging/log4j/message/ReusableMessage
instanceKlass  @bci com/st/microxplorer/plugins/updater/engine/CheckConnectionManager getHttpFileSize (Ljava/lang/String;)J 241 <appendix> form vmentry <vmtarget> ; # java/lang/invoke/LambdaForm$MH+0x0000000800201800
instanceKlass  @bci com/st/microxplorer/plugins/updater/engine/CheckConnectionManager getHttpFileSize (Ljava/lang/String;)J 241 <appendix> argL3 form vmentry <vmtarget> ; # java/lang/invoke/LambdaForm$MH+0x0000000800201400
# instanceKlass java/lang/invoke/LambdaForm$MH+0x0000000800201000
# instanceKlass java/lang/invoke/LambdaForm$MH+0x0000000800200c00
instanceKlass  @bci com/teamdev/jxbrowser/internal/Files canWriteToDirectory (Ljava/lang/String;)Z 9 <appendix> argL1 argL1 form vmentry <vmtarget> ; # java/lang/invoke/LambdaForm$MH+0x0000000800200800
# instanceKlass java/lang/invoke/LambdaForm$MH+0x0000000800200400
instanceKlass  @bci org/apache/logging/log4j/util/StackLocator getCallerClass (I)Ljava/lang/Class; 15 <appendix> argL0 ; # org/apache/logging/log4j/util/StackLocator$$Lambda+0x00000008001be8c0
instanceKlass java/util/stream/SliceOps
instanceKlass  @bci org/apache/logging/log4j/util/StackLocator getCallerClass (I)Ljava/lang/Class; 4 <appendix> member <vmtarget> ; # org/apache/logging/log4j/util/StackLocator$$Lambda+0x00000008001be680
instanceKlass  @cpi javax/swing/plaf/basic/BasicLookAndFeel 2612 form vmentry <vmtarget> ; # java/lang/invoke/LambdaForm$DMH+0x0000000800200000
instanceKlass com/st/components/util/CommandLine
instanceKlass com/st/components/util/CommandLineManager
instanceKlass com/st/microxplorer/maingui/MicroXplorer$2
instanceKlass org/apache/logging/log4j/core/jmx/LoggerConfigAdmin
instanceKlass org/apache/logging/log4j/core/jmx/LoggerConfigAdminMBean
instanceKlass org/apache/logging/log4j/core/config/Loggers
instanceKlass java/util/concurrent/atomic/AtomicBoolean
instanceKlass org/apache/logging/log4j/core/config/AwaitCompletionReliabilityStrategy
instanceKlass org/apache/logging/log4j/core/config/ReliabilityStrategyFactory
instanceKlass org/apache/logging/log4j/core/config/LoggerConfig$LevelAndRefs
instanceKlass org/apache/logging/log4j/core/config/LoggerConfig$RootLogger$Builder
instanceKlass  @bci jdk/internal/reflect/DirectMethodHandleAccessor invokeImpl (Ljava/lang/Object;[Ljava/lang/Object;)Ljava/lang/Object; 92 <adapter> ; # java/lang/invoke/LambdaForm$MH+0x00000008001bdc00
# instanceKlass java/lang/invoke/LambdaForm$MH+0x00000008001bd800
# instanceKlass java/lang/invoke/LambdaForm$MH+0x00000008001bd400
# instanceKlass java/lang/invoke/LambdaForm$MH+0x00000008001bd000
# instanceKlass java/lang/invoke/LambdaForm$MH+0x00000008001bcc00
instanceKlass java/lang/Byte$ByteCache
instanceKlass java/lang/Short$ShortCache
instanceKlass org/apache/logging/log4j/core/config/plugins/PluginAttribute
instanceKlass org/apache/logging/log4j/core/config/plugins/PluginFactory
instanceKlass org/apache/logging/log4j/core/appender/ConfigurationFactoryData
instanceKlass org/apache/logging/log4j/core/appender/FileManager$FileManagerFactory
instanceKlass  @bci jdk/internal/reflect/MethodHandleBooleanFieldAccessorImpl setBoolean (Ljava/lang/Object;Z)V 41 <adapter> ; # java/lang/invoke/LambdaForm$MH+0x00000008001bc800
instanceKlass org/apache/logging/log4j/core/lookup/DefaultLookupResult
instanceKlass org/apache/logging/log4j/core/util/Assert
instanceKlass org/apache/logging/log4j/core/config/plugins/validation/validators/RequiredValidator
instanceKlass org/apache/logging/log4j/core/config/plugins/validation/ConstraintValidator
# instanceKlass java/lang/invoke/LambdaForm$MH+0x00000008001bc400
# instanceKlass java/lang/invoke/LambdaForm$MH+0x00000008001bc000
instanceKlass org/apache/logging/log4j/util/EnglishEnums
instanceKlass org/apache/logging/log4j/core/config/plugins/convert/EnumConverter
instanceKlass org/apache/logging/log4j/core/config/plugins/validation/constraints/Required
instanceKlass org/apache/logging/log4j/core/filter/AbstractFilterable$Builder
instanceKlass org/apache/logging/log4j/core/layout/PatternLayout$NoFormatPatternSerializer
instanceKlass org/apache/logging/log4j/core/util/datetime/FastDateParser$StrategyAndWidth
instanceKlass org/apache/logging/log4j/core/util/datetime/FastDateParser$StrategyParser
instanceKlass  @bci org/apache/logging/log4j/core/util/datetime/FastDateParser <clinit> ()V 16 <appendix> argL0 ; # org/apache/logging/log4j/core/util/datetime/FastDateParser$$Lambda+0x00000008001b7168
instanceKlass sun/util/locale/Extension
instanceKlass sun/util/locale/LocaleExtensions
instanceKlass org/apache/logging/log4j/core/util/datetime/FastDateParser$Strategy
instanceKlass org/apache/logging/log4j/core/util/datetime/FastDateParser
instanceKlass org/apache/logging/log4j/core/util/datetime/FastDatePrinter$TwoDigitNumberField
instanceKlass org/apache/logging/log4j/core/util/datetime/FastDatePrinter$TwoDigitMonthField
instanceKlass org/apache/logging/log4j/core/util/datetime/FastDatePrinter$CharacterLiteral
instanceKlass org/apache/logging/log4j/core/util/datetime/FastDatePrinter$PaddedNumberField
instanceKlass sun/util/resources/Bundles$2
instanceKlass java/util/ArrayList$SubList$1
instanceKlass sun/util/resources/LocaleData$LocaleDataResourceBundleProvider
instanceKlass java/util/spi/ResourceBundleProvider
instanceKlass org/apache/logging/log4j/core/util/datetime/FastDatePrinter$NumberRule
instanceKlass org/apache/logging/log4j/core/util/datetime/FastDatePrinter$Rule
instanceKlass org/apache/logging/log4j/core/util/datetime/FastDatePrinter
instanceKlass org/apache/logging/log4j/core/util/datetime/FormatCache$MultipartKey
instanceKlass org/apache/logging/log4j/core/util/datetime/FormatCache
instanceKlass org/apache/logging/log4j/core/util/datetime/Format
instanceKlass org/apache/logging/log4j/core/util/datetime/DatePrinter
instanceKlass org/apache/logging/log4j/core/util/datetime/DateParser
instanceKlass  @bci jdk/internal/reflect/MethodHandleIntegerFieldAccessorImpl getInt (Ljava/lang/Object;)I 20 <adapter> ; # java/lang/invoke/LambdaForm$MH+0x00000008001b2800
# instanceKlass java/lang/invoke/LambdaForm$MH+0x00000008001b2400
# instanceKlass java/lang/invoke/LambdaForm$BMH+0x00000008001b2000
instanceKlass  @cpi java/io/ObjectInputStream 1214 form vmentry <vmtarget> ; # java/lang/invoke/LambdaForm$DMH+0x00000008001b1c00
# instanceKlass java/lang/invoke/LambdaForm$MH+0x00000008001b1800
instanceKlass org/apache/logging/log4j/core/config/plugins/PluginConfiguration
instanceKlass org/apache/logging/log4j/core/config/plugins/PluginElement
instanceKlass org/apache/logging/log4j/core/config/plugins/validation/Constraint
instanceKlass org/apache/logging/log4j/core/config/plugins/validation/ConstraintValidators
instanceKlass  @bci jdk/internal/reflect/MethodHandleObjectFieldAccessorImpl set (Ljava/lang/Object;Ljava/lang/Object;)V 41 <adapter> ; # java/lang/invoke/LambdaForm$MH+0x00000008001b1400
# instanceKlass java/lang/invoke/LambdaForm$MH+0x00000008001b1000
# instanceKlass java/lang/invoke/LambdaForm$MH+0x00000008001b0c00
# instanceKlass java/lang/invoke/LambdaForm$MH+0x00000008001b0800
# instanceKlass java/lang/invoke/LambdaForm$MH+0x00000008001b0400
instanceKlass org/apache/logging/log4j/util/StringBuilders
instanceKlass org/apache/logging/log4j/core/appender/rolling/action/Duration
instanceKlass org/apache/logging/log4j/core/util/CronExpression
instanceKlass java/lang/reflect/WildcardType
instanceKlass sun/reflect/generics/tree/Wildcard
instanceKlass sun/reflect/generics/tree/BottomSignature
instanceKlass sun/reflect/generics/tree/CharSignature
instanceKlass sun/reflect/generics/tree/ArrayTypeSignature
instanceKlass sun/reflect/generics/tree/ByteSignature
instanceKlass org/apache/logging/log4j/core/config/plugins/convert/TypeConverterRegistry
instanceKlass org/apache/logging/log4j/core/config/plugins/convert/TypeConverters
instanceKlass org/apache/logging/log4j/core/config/plugins/visitors/AbstractPluginVisitor
instanceKlass org/apache/logging/log4j/core/config/plugins/visitors/PluginVisitor
instanceKlass  @bci com/teamdev/jxbrowser/internal/rpc/stream/CallbackStream invokeCallback (Lcom/teamdev/jxbrowser/internal/rpc/StreamData;)V 176 <appendix> form vmentry <vmtarget> ; # java/lang/invoke/LambdaForm$DMH+0x00000008001b0000
instanceKlass  @bci sun/reflect/annotation/AnnotationParser parseEnumArray (ILjava/lang/Class;Ljava/nio/ByteBuffer;Ljdk/internal/reflect/ConstantPool;Ljava/lang/Class;)Ljava/lang/Object; 16 <appendix> member <vmtarget> ; # sun/reflect/annotation/AnnotationParser$$Lambda+0x00000008001f8fa8
instanceKlass org/apache/logging/log4j/core/config/plugins/visitors/PluginVisitors
instanceKlass org/apache/logging/log4j/core/config/plugins/PluginVisitorStrategy
instanceKlass org/apache/logging/log4j/core/config/plugins/PluginBuilderAttribute
instanceKlass org/apache/logging/log4j/core/util/TypeUtil
instanceKlass org/apache/logging/log4j/core/config/plugins/PluginBuilderFactory
instanceKlass org/apache/logging/log4j/core/config/plugins/util/PluginBuilder
instanceKlass org/apache/logging/log4j/core/config/plugins/PluginAliases
instanceKlass org/apache/logging/log4j/core/config/Scheduled
instanceKlass org/apache/xerces/dom/NodeListCache
instanceKlass org/apache/xerces/dom/CharacterDataImpl$1
instanceKlass java/util/concurrent/LinkedBlockingQueue$Itr
instanceKlass org/apache/logging/log4j/status/StatusConsoleListener
instanceKlass org/apache/logging/log4j/core/config/status/StatusConfiguration
instanceKlass org/apache/xerces/dom/NamedNodeMapImpl
instanceKlass org/w3c/dom/NamedNodeMap
instanceKlass org/apache/xerces/util/XMLChar
instanceKlass org/apache/xerces/dom/DeferredDocumentImpl$RefCount
instanceKlass org/w3c/dom/ranges/Range
instanceKlass org/w3c/dom/traversal/TreeWalker
instanceKlass org/w3c/dom/traversal/NodeIterator
instanceKlass org/w3c/dom/events/MutationEvent
instanceKlass org/w3c/dom/events/Event
instanceKlass org/w3c/dom/Notation
instanceKlass org/w3c/dom/Entity
instanceKlass org/w3c/dom/DOMConfiguration
instanceKlass org/w3c/dom/EntityReference
instanceKlass org/w3c/dom/Attr
instanceKlass org/w3c/dom/ProcessingInstruction
instanceKlass org/w3c/dom/CDATASection
instanceKlass org/w3c/dom/Comment
instanceKlass org/w3c/dom/Text
instanceKlass org/w3c/dom/CharacterData
instanceKlass org/w3c/dom/DocumentFragment
instanceKlass org/w3c/dom/DocumentType
instanceKlass org/w3c/dom/TypeInfo
instanceKlass org/w3c/dom/ElementTraversal
instanceKlass org/w3c/dom/Element
instanceKlass org/apache/xerces/dom/NodeImpl
instanceKlass org/w3c/dom/events/EventTarget
instanceKlass org/w3c/dom/NodeList
instanceKlass org/w3c/dom/ranges/DocumentRange
instanceKlass org/w3c/dom/events/DocumentEvent
instanceKlass org/w3c/dom/traversal/DocumentTraversal
instanceKlass org/apache/xerces/dom/DeferredNode
instanceKlass org/apache/xerces/impl/Constants$ArrayEnumeration
instanceKlass org/apache/xerces/impl/Constants
instanceKlass org/apache/xerces/util/IntStack
instanceKlass org/apache/xerces/xinclude/XIncludeMessageFormatter
instanceKlass org/apache/xerces/util/XMLLocatorWrapper
instanceKlass org/apache/xerces/util/XMLSymbols
instanceKlass org/apache/xerces/xinclude/XIncludeTextReader
instanceKlass org/apache/xerces/xpointer/XPointerProcessor
instanceKlass org/apache/xerces/xinclude/XIncludeHandler
instanceKlass org/apache/xerces/impl/XMLEntityManager$EncodingInfo
instanceKlass org/apache/xerces/util/URI
instanceKlass org/apache/xerces/xni/parser/XMLInputSource
instanceKlass org/apache/xerces/impl/msg/XMLMessageFormatter
instanceKlass org/apache/xerces/impl/XMLVersionDetector
instanceKlass org/apache/xerces/impl/validation/ValidationManager
instanceKlass org/apache/xerces/impl/dv/dtd/NMTOKENDatatypeValidator
instanceKlass org/apache/xerces/impl/dv/dtd/NOTATIONDatatypeValidator
instanceKlass org/apache/xerces/impl/dv/dtd/ENTITYDatatypeValidator
instanceKlass org/apache/xerces/impl/dv/dtd/ListDatatypeValidator
instanceKlass org/apache/xerces/impl/dv/dtd/IDREFDatatypeValidator
instanceKlass org/apache/xerces/impl/dv/dtd/IDDatatypeValidator
instanceKlass org/apache/xerces/impl/dv/dtd/StringDatatypeValidator
instanceKlass org/apache/xerces/impl/dv/DatatypeValidator
instanceKlass org/apache/xerces/impl/dv/SecuritySupport$2
instanceKlass org/apache/xerces/impl/dv/SecuritySupport$1
instanceKlass org/apache/xerces/impl/dv/SecuritySupport$4
instanceKlass org/apache/xerces/impl/dv/SecuritySupport
instanceKlass org/apache/xerces/impl/dv/ObjectFactory
instanceKlass org/apache/xerces/impl/dv/DTDDVFactory
instanceKlass org/apache/xerces/impl/dtd/DTDGrammarBucket
instanceKlass org/apache/xerces/impl/dtd/XMLAttributeDecl
instanceKlass org/apache/xerces/impl/dtd/XMLSimpleType
instanceKlass org/apache/xerces/impl/dtd/XMLElementDecl
instanceKlass org/apache/xerces/impl/validation/ValidationState
instanceKlass org/apache/xerces/impl/dv/ValidationContext
instanceKlass org/apache/xerces/impl/dtd/DTDGrammar
instanceKlass org/apache/xerces/xni/grammars/Grammar
instanceKlass org/apache/xerces/impl/validation/EntityState
instanceKlass org/apache/xerces/impl/dtd/XMLEntityDecl
instanceKlass org/apache/xerces/impl/dtd/XMLDTDProcessor
instanceKlass org/apache/xerces/xni/parser/XMLDTDContentModelFilter
instanceKlass org/apache/xerces/xni/parser/XMLDTDFilter
instanceKlass org/apache/xerces/impl/XMLDocumentScannerImpl$TrailingMiscDispatcher
instanceKlass org/apache/xerces/impl/XMLDocumentScannerImpl$DTDDispatcher
instanceKlass org/apache/xerces/impl/XMLDocumentScannerImpl$PrologDispatcher
instanceKlass org/apache/xerces/impl/XMLDocumentScannerImpl$XMLDeclDispatcher
instanceKlass org/apache/xerces/util/NamespaceSupport
instanceKlass org/apache/xerces/util/XMLAttributesImpl$Attribute
instanceKlass org/apache/xerces/util/XMLAttributesImpl
instanceKlass org/apache/xerces/impl/XMLDocumentFragmentScannerImpl$FragmentContentDispatcher
instanceKlass org/apache/xerces/xni/QName
instanceKlass org/apache/xerces/impl/XMLDocumentFragmentScannerImpl$ElementStack
instanceKlass org/apache/xerces/xni/grammars/XMLDTDDescription
instanceKlass org/apache/xerces/xni/grammars/XMLGrammarDescription
instanceKlass org/apache/xerces/impl/XMLDocumentFragmentScannerImpl$Dispatcher
instanceKlass org/apache/xerces/xni/XMLAttributes
instanceKlass org/apache/xerces/xni/XMLString
instanceKlass org/apache/xerces/impl/XMLScanner
instanceKlass org/apache/xerces/impl/XMLEntityHandler
instanceKlass org/apache/xerces/xni/parser/XMLErrorHandler
instanceKlass org/apache/xerces/impl/XMLErrorReporter
instanceKlass org/apache/xerces/impl/XMLEntityManager$CharacterBuffer
instanceKlass org/apache/xerces/impl/XMLEntityManager$CharacterBufferPool
instanceKlass org/apache/xerces/impl/XMLEntityManager$ByteBufferPool
instanceKlass org/apache/xerces/util/AugmentationsImpl$AugmentationsItemsContainer
instanceKlass org/apache/xerces/util/AugmentationsImpl
instanceKlass org/apache/xerces/util/XMLResourceIdentifierImpl
instanceKlass org/apache/xerces/impl/XMLEntityManager$1
instanceKlass org/apache/xerces/impl/XMLEntityScanner
instanceKlass org/apache/xerces/impl/XMLEntityManager$Entity
instanceKlass org/apache/xerces/xni/XMLResourceIdentifier
instanceKlass org/apache/xerces/xni/Augmentations
instanceKlass org/apache/xerces/impl/XMLEntityManager
instanceKlass org/apache/xerces/xni/parser/XMLEntityResolver
instanceKlass org/apache/xerces/util/SymbolTable$Entry
instanceKlass org/apache/xerces/xni/grammars/XMLGrammarPool
instanceKlass org/apache/xerces/util/SymbolTable
instanceKlass org/apache/xerces/xni/NamespaceContext
instanceKlass org/apache/xerces/xni/parser/XMLDocumentScanner
instanceKlass org/apache/xerces/util/MessageFormatter
instanceKlass org/apache/xerces/impl/dtd/XMLDTDValidator
instanceKlass org/apache/xerces/impl/RevalidationHandler
instanceKlass org/apache/xerces/impl/dtd/XMLDTDValidatorFilter
instanceKlass org/apache/xerces/xni/parser/XMLDocumentFilter
instanceKlass org/apache/xerces/xni/parser/XMLDocumentSource
instanceKlass org/apache/xerces/xni/parser/XMLDTDScanner
instanceKlass org/apache/xerces/xni/parser/XMLDTDContentModelSource
instanceKlass org/apache/xerces/xni/XMLLocator
instanceKlass org/apache/xerces/util/ParserConfigurationSettings
instanceKlass org/apache/xerces/parsers/XML11Configurable
instanceKlass org/apache/xerces/xni/parser/XMLPullParserConfiguration
instanceKlass org/apache/xerces/xni/parser/XMLParserConfiguration
instanceKlass org/apache/xerces/parsers/SecuritySupport$6
instanceKlass org/apache/xerces/parsers/SecuritySupport$7
instanceKlass org/apache/xerces/parsers/SecuritySupport$2
instanceKlass org/apache/xerces/parsers/SecuritySupport$1
instanceKlass org/apache/xerces/parsers/SecuritySupport$4
instanceKlass org/apache/xerces/parsers/SecuritySupport
instanceKlass org/apache/xerces/parsers/ObjectFactory
instanceKlass org/xml/sax/EntityResolver
instanceKlass org/xml/sax/Locator
instanceKlass org/w3c/dom/DOMError
instanceKlass org/apache/xerces/xs/XSTypeDefinition
instanceKlass org/apache/xerces/xs/XSObject
instanceKlass org/apache/xerces/parsers/XMLParser
instanceKlass org/apache/xerces/xni/XMLDTDContentModelHandler
instanceKlass org/w3c/dom/Document
instanceKlass org/w3c/dom/Node
instanceKlass org/apache/xerces/xni/XMLDocumentHandler
instanceKlass org/apache/xerces/xni/parser/XMLComponent
instanceKlass org/apache/xerces/xni/parser/XMLComponentManager
instanceKlass org/apache/xerces/xni/parser/XMLDTDSource
instanceKlass org/apache/xerces/xni/XMLDTDHandler
instanceKlass org/xml/sax/ErrorHandler
instanceKlass org/apache/xerces/jaxp/JAXPConstants
instanceKlass javax/xml/parsers/DocumentBuilder
instanceKlass javax/xml/parsers/FactoryFinder$1
instanceKlass  @bci jdk/xml/internal/SecuritySupport getFileInputStream (Ljava/io/File;)Ljava/io/FileInputStream; 1 <appendix> member <vmtarget> ; # jdk/xml/internal/SecuritySupport$$Lambda+0x00000008001f1918
instanceKlass  @bci jdk/xml/internal/SecuritySupport doesFileExist (Ljava/io/File;)Z 1 <appendix> member <vmtarget> ; # jdk/xml/internal/SecuritySupport$$Lambda+0x00000008001f16f0
instanceKlass  @bci javax/xml/parsers/FactoryFinder find (Ljava/lang/Class;Ljava/lang/String;)Ljava/lang/Object; 6 <appendix> member <vmtarget> ; # javax/xml/parsers/FactoryFinder$$Lambda+0x00000008001f14c8
instanceKlass  @bci jdk/xml/internal/SecuritySupport getSystemProperty (Ljava/lang/String;)Ljava/lang/String; 1 <appendix> member <vmtarget> ; # jdk/xml/internal/SecuritySupport$$Lambda+0x00000008001f12a0
instanceKlass jdk/xml/internal/SecuritySupport
instanceKlass javax/xml/parsers/FactoryFinder
instanceKlass javax/xml/parsers/DocumentBuilderFactory
instanceKlass org/xml/sax/InputSource
instanceKlass org/apache/logging/log4j/core/util/Closer
instanceKlass org/apache/logging/log4j/core/config/plugins/util/ResolverUtil
instanceKlass javax/xml/transform/Source
instanceKlass org/apache/logging/log4j/core/config/Reconfigurable
instanceKlass sun/nio/fs/WindowsLinkSupport
instanceKlass sun/nio/fs/WindowsUriSupport
instanceKlass java/util/AbstractMap$SimpleEntry
instanceKlass jdk/internal/jimage/ImageBufferCache$2
instanceKlass jdk/internal/jimage/ImageBufferCache
instanceKlass  @bci sun/net/www/protocol/jrt/JavaRuntimeURLConnection <clinit> ()V 0 <appendix> argL0 ; # sun/net/www/protocol/jrt/JavaRuntimeURLConnection$$Lambda+0x00000008001eee40
instanceKlass java/nio/file/FileStore
instanceKlass java/nio/channels/AsynchronousFileChannel
instanceKlass java/nio/channels/AsynchronousChannel
instanceKlass java/nio/file/spi/FileSystemProvider$1
instanceKlass org/apache/logging/log4j/core/util/Source
instanceKlass java/text/DontCareFieldPosition$1
instanceKlass java/text/Format$FieldDelegate
instanceKlass java/text/DigitList
instanceKlass java/text/FieldPosition
instanceKlass  @bci sun/util/locale/provider/JRELocaleProviderAdapter getDecimalFormatSymbolsProvider ()Ljava/text/spi/DecimalFormatSymbolsProvider; 8 <appendix> member <vmtarget> ; # sun/util/locale/provider/JRELocaleProviderAdapter$$Lambda+0x00000008001ead50
instanceKlass java/text/DecimalFormatSymbols
instanceKlass  @bci sun/util/locale/provider/JRELocaleProviderAdapter getNumberFormatProvider ()Ljava/text/spi/NumberFormatProvider; 8 <appendix> member <vmtarget> ; # sun/util/locale/provider/JRELocaleProviderAdapter$$Lambda+0x00000008001ea568
instanceKlass  @bci sun/util/locale/provider/JRELocaleProviderAdapter getDateFormatSymbolsProvider ()Ljava/text/spi/DateFormatSymbolsProvider; 8 <appendix> member <vmtarget> ; # sun/util/locale/provider/JRELocaleProviderAdapter$$Lambda+0x00000008001e9958
instanceKlass java/text/DateFormatSymbols
instanceKlass java/text/AttributedCharacterIterator$Attribute
instanceKlass java/util/StringTokenizer
instanceKlass sun/net/www/MimeEntry
instanceKlass sun/net/www/MimeTable$DefaultInstanceHolder$1
instanceKlass sun/net/www/MimeTable$DefaultInstanceHolder
instanceKlass sun/net/www/MimeTable$2
instanceKlass sun/net/www/MimeTable$1
instanceKlass sun/net/www/MimeTable
instanceKlass java/net/URLConnection$1
instanceKlass java/net/FileNameMap
instanceKlass org/apache/logging/log4j/core/net/UrlConnectionFactory
instanceKlass org/apache/logging/log4j/core/util/FileUtils
instanceKlass org/apache/logging/log4j/core/util/NameUtil
instanceKlass org/apache/logging/log4j/core/Logger$PrivateConfig
instanceKlass org/apache/logging/log4j/core/util/DefaultShutdownCallbackRegistry$RegisteredCancellable
instanceKlass org/apache/logging/log4j/core/LoggerContext$1
instanceKlass org/apache/logging/log4j/core/util/ExecutorServices
instanceKlass org/apache/logging/log4j/core/impl/Log4jLogEvent
instanceKlass org/apache/logging/log4j/core/jmx/AppenderAdmin
instanceKlass org/apache/logging/log4j/core/jmx/AppenderAdminMBean
instanceKlass org/apache/logging/log4j/core/jmx/ContextSelectorAdmin
instanceKlass org/apache/logging/log4j/core/jmx/ContextSelectorAdminMBean
instanceKlass org/apache/logging/log4j/status/StatusData
instanceKlass org/apache/logging/log4j/core/jmx/StatusLoggerAdminMBean
instanceKlass org/apache/logging/log4j/status/StatusListener
instanceKlass java/beans/PropertyChangeListener
instanceKlass org/apache/logging/log4j/core/jmx/LoggerContextAdminMBean
instanceKlass  @bci java/util/stream/Collectors joining (Ljava/lang/CharSequence;Ljava/lang/CharSequence;Ljava/lang/CharSequence;)Ljava/util/stream/Collector; 22 <appendix> argL0 ; # java/util/stream/Collectors$$Lambda+0x00000008001e5c00
instanceKlass  @bci java/util/stream/Collectors joining (Ljava/lang/CharSequence;Ljava/lang/CharSequence;Ljava/lang/CharSequence;)Ljava/util/stream/Collector; 17 <appendix> argL0 ; # java/util/stream/Collectors$$Lambda+0x00000008001e59b8
instanceKlass  @bci java/util/stream/Collectors joining (Ljava/lang/CharSequence;Ljava/lang/CharSequence;Ljava/lang/CharSequence;)Ljava/util/stream/Collector; 12 <appendix> argL0 ; # java/util/stream/Collectors$$Lambda+0x00000008001e5788
instanceKlass  @bci java/util/stream/Collectors joining (Ljava/lang/CharSequence;Ljava/lang/CharSequence;Ljava/lang/CharSequence;)Ljava/util/stream/Collector; 7 <appendix> member <vmtarget> ; # java/util/stream/Collectors$$Lambda+0x00000008001e5560
instanceKlass  @bci java/lang/Class methodToString (Ljava/lang/String;[Ljava/lang/Class;)Ljava/lang/String; 42 <appendix> argL0 ; # java/lang/Class$$Lambda+0x00000008001e5320
instanceKlass jdk/management/jfr/FlightRecorderMXBeanImpl$MXBeanListener
instanceKlass jdk/jfr/FlightRecorderListener
instanceKlass jdk/jfr/FlightRecorder
instanceKlass jdk/jfr/Recording
instanceKlass javax/management/NotificationFilter
instanceKlass javax/management/NotificationListener
instanceKlass javax/management/StandardMBean$MBeanInfoSafeAction
instanceKlass jdk/jfr/internal/management/StreamManager
instanceKlass jdk/management/jfr/EventTypeInfo
instanceKlass jdk/management/jfr/ConfigurationInfo
instanceKlass jdk/management/jfr/RecordingInfo
instanceKlass sun/reflect/generics/tree/VoidDescriptor
instanceKlass sun/reflect/generics/tree/LongSignature
instanceKlass jdk/management/jfr/SettingDescriptorInfo$1
instanceKlass jdk/management/jfr/SettingDescriptorInfo
instanceKlass  @bci java/lang/management/DefaultPlatformMBeanProvider$10 nameToMBeanMap ()Ljava/util/Map; 36 <appendix> member <vmtarget> ; # java/lang/management/DefaultPlatformMBeanProvider$10$$Lambda+0x00000008001e2790
instanceKlass sun/management/ManagementFactoryHelper$1
instanceKlass  @bci sun/management/ManagementFactoryHelper getBufferPoolMXBeans ()Ljava/util/List; 25 <appendix> argL0 ; # sun/management/ManagementFactoryHelper$$Lambda+0x00000008001e22d0
instanceKlass java/lang/management/BufferPoolMXBean
instanceKlass sun/nio/ch/FileChannelImpl$3
instanceKlass sun/nio/ch/FileChannelImpl$2
instanceKlass jdk/internal/misc/VM$BufferPoolsHolder
instanceKlass com/sun/management/VMOption
instanceKlass com/sun/management/internal/HotSpotDiagnostic
instanceKlass com/sun/management/HotSpotDiagnosticMXBean
instanceKlass com/sun/management/GcInfo
instanceKlass javax/management/openmbean/CompositeDataView
# instanceKlass java/lang/invoke/LambdaForm$MH+0x0000000800184400
instanceKlass  @bci jdk/jfr/internal/dcmd/DCmdCheck printHelp ()[Ljava/lang/String; 6 <appendix> argL0 ; # jdk/jfr/internal/dcmd/DCmdCheck$$Lambda+0x00000008001e07b8
instanceKlass  @bci jdk/jfr/internal/dcmd/DCmdDump printHelp ()[Ljava/lang/String; 27 <appendix> argL0 ; # jdk/jfr/internal/dcmd/DCmdDump$$Lambda+0x00000008001e0598
instanceKlass  @bci jdk/jfr/internal/dcmd/DCmdStart printHelp ()[Ljava/lang/String; 26 <appendix> argL0 ; # jdk/jfr/internal/dcmd/DCmdStart$$Lambda+0x00000008001e0378
instanceKlass  @bci java/util/regex/CharPredicates ASCII_SPACE ()Ljava/util/regex/Pattern$BmpCharPredicate; 0 <appendix> argL0 ; # java/util/regex/CharPredicates$$Lambda+0x00000008001e00e8
instanceKlass  @bci jdk/jfr/internal/jfc/model/JFCModel add (Ljdk/jfr/internal/jfc/model/ControlElement;)V 10 <appendix> argL0 ; # jdk/jfr/internal/jfc/model/JFCModel$$Lambda+0x00000008001dfea8
instanceKlass  @bci jdk/jfr/internal/jfc/model/JFCModel <init> (Ljdk/jfr/internal/jfc/model/XmlConfiguration;)V 25 <appendix> argL0 ; # jdk/jfr/internal/jfc/model/JFCModel$$Lambda+0x00000008001dfc78
instanceKlass jdk/jfr/internal/jfc/model/ControlElement
# instanceKlass java/lang/invoke/LambdaForm$DMH+0x0000000800184000
# instanceKlass java/lang/invoke/LambdaForm$DMH+0x0000000800183c00
instanceKlass java/lang/invoke/MethodHandle$1
instanceKlass jdk/jfr/internal/jfc/model/SettingsLog
instanceKlass jdk/jfr/internal/jfc/model/Utilities
instanceKlass jdk/jfr/internal/jfc/model/XmlElement
instanceKlass jdk/internal/util/xml/impl/Input
instanceKlass jdk/internal/org/xml/sax/InputSource
instanceKlass jdk/internal/org/xml/sax/helpers/DefaultHandler
instanceKlass jdk/internal/org/xml/sax/ErrorHandler
instanceKlass jdk/internal/org/xml/sax/ContentHandler
instanceKlass jdk/internal/org/xml/sax/DTDHandler
instanceKlass jdk/internal/org/xml/sax/EntityResolver
instanceKlass jdk/internal/util/xml/impl/Pair
instanceKlass jdk/internal/util/xml/impl/Attrs
instanceKlass jdk/internal/org/xml/sax/Attributes
instanceKlass jdk/internal/util/xml/impl/Parser
instanceKlass jdk/internal/org/xml/sax/Locator
instanceKlass jdk/internal/org/xml/sax/XMLReader
instanceKlass jdk/internal/util/xml/SAXParser
instanceKlass jdk/jfr/internal/jfc/model/Parser
instanceKlass sun/nio/ch/IOStatus
instanceKlass sun/nio/ch/Util$BufferCache
instanceKlass sun/nio/ch/Util
instanceKlass sun/nio/ch/NativeThread
instanceKlass java/nio/channels/NetworkChannel
instanceKlass sun/nio/ch/SelChImpl
instanceKlass sun/nio/ch/Streams
instanceKlass java/nio/channels/Channels
instanceKlass sun/nio/ch/FileChannelImpl$Closer
instanceKlass sun/nio/ch/NativeThreadSet
instanceKlass sun/nio/ch/IOUtil
instanceKlass sun/nio/ch/NativeDispatcher
instanceKlass java/nio/channels/spi/AbstractInterruptibleChannel
instanceKlass java/nio/channels/InterruptibleChannel
instanceKlass java/nio/channels/ScatteringByteChannel
instanceKlass java/nio/channels/GatheringByteChannel
instanceKlass java/nio/channels/SeekableByteChannel
instanceKlass java/nio/channels/ByteChannel
instanceKlass java/nio/channels/WritableByteChannel
instanceKlass java/nio/channels/ReadableByteChannel
instanceKlass java/nio/channels/Channel
instanceKlass sun/nio/fs/WindowsChannelFactory$Flags
instanceKlass sun/nio/fs/WindowsChannelFactory$1
instanceKlass sun/nio/fs/WindowsChannelFactory
instanceKlass sun/nio/fs/WindowsSecurityDescriptor
instanceKlass java/nio/file/attribute/FileAttribute
instanceKlass  @bci jdk/jfr/internal/SecuritySupport newFileInputStream (Ljdk/jfr/internal/SecuritySupport$SafePath;)Ljava/io/InputStream; 1 <appendix> member <vmtarget> ; # jdk/jfr/internal/SecuritySupport$$Lambda+0x00000008001d3a60
instanceKlass  @bci jdk/jfr/internal/SecuritySupport getFileSize (Ljdk/jfr/internal/SecuritySupport$SafePath;)J 1 <appendix> member <vmtarget> ; # jdk/jfr/internal/SecuritySupport$$Lambda+0x00000008001d3838
instanceKlass jdk/jfr/internal/jfc/JFC$KnownConfiguration
instanceKlass jdk/jfr/internal/jfc/model/JFCModel
instanceKlass  @bci jdk/jfr/internal/dcmd/DCmdStart jfcOptions ()Ljava/lang/String; 45 <appendix> argL0 ; # jdk/jfr/internal/dcmd/DCmdStart$$Lambda+0x00000008001d31e8
instanceKlass jdk/jfr/internal/jfc/JFC
instanceKlass  @bci jdk/jfr/internal/SecuritySupport isDirectory (Ljdk/jfr/internal/SecuritySupport$SafePath;)Z 1 <appendix> member <vmtarget> ; # jdk/jfr/internal/SecuritySupport$$Lambda+0x00000008001d2db8
instanceKlass sun/nio/fs/BasicFileAttributesHolder
instanceKlass sun/nio/fs/WindowsDirectoryStream$WindowsDirectoryIterator
instanceKlass sun/nio/fs/WindowsDirectoryStream
instanceKlass java/nio/file/Files$AcceptAllFilter
instanceKlass java/nio/file/DirectoryStream$Filter
instanceKlass jdk/jfr/internal/SecuritySupport$1
instanceKlass  @bci jdk/jfr/internal/SecuritySupport getPredefinedJFCFiles ()Ljava/util/List; 8 <appendix> argL0 ; # jdk/jfr/internal/SecuritySupport$$Lambda+0x00000008001d18f8
instanceKlass java/nio/file/DirectoryStream
instanceKlass jdk/jfr/internal/consumer/FileAccess
instanceKlass jdk/jfr/internal/SecuritySupport$4
instanceKlass  @bci jdk/jfr/internal/SecuritySupport getPathInProperty (Ljava/lang/String;Ljava/lang/String;)Ljdk/jfr/internal/SecuritySupport$SafePath; 2 <appendix> member <vmtarget> ; # jdk/jfr/internal/SecuritySupport$$Lambda+0x00000008001d0970
instanceKlass  @cpi jdk/jfr/internal/SecuritySupport 773 form vmentry <vmtarget> ; # java/lang/invoke/LambdaForm$DMH+0x0000000800183800
instanceKlass jdk/jfr/internal/SecuritySupport$SafePath
instanceKlass jdk/jfr/internal/SecuritySupport$CallableWithoutCheckException
instanceKlass jdk/internal/event/Event
instanceKlass jdk/jfr/internal/SecuritySupport
instanceKlass  @bci jdk/jfr/internal/dcmd/DCmdStop printHelp ()[Ljava/lang/String; 19 <appendix> argL0 ; # jdk/jfr/internal/dcmd/DCmdStop$$Lambda+0x00000008001cf840
instanceKlass java/util/Formattable
instanceKlass  @bci jdk/jfr/internal/dcmd/DCmdView printHelp ()[Ljava/lang/String; 111 <appendix> argL0 ; # jdk/jfr/internal/dcmd/DCmdView$$Lambda+0x00000008001cf420
instanceKlass jdk/jfr/internal/util/Columnizer$Column
instanceKlass jdk/jfr/internal/util/Tokenizer
instanceKlass  @bci jdk/internal/module/SystemModuleFinders$SystemModuleReader open (Ljava/lang/String;)Ljava/util/Optional; 6 <appendix> member <vmtarget> ; # jdk/internal/module/SystemModuleFinders$SystemModuleReader$$Lambda+0x00000008001ceb90
instanceKlass jdk/jfr/internal/query/ViewFile
instanceKlass jdk/jfr/internal/util/Columnizer
instanceKlass jdk/jfr/internal/query/ViewPrinter
instanceKlass java/util/stream/AbstractSpinedBuffer
instanceKlass  @bci java/util/stream/ReferencePipeline toArray ()[Ljava/lang/Object; 1 <appendix> argL0 ; # java/util/stream/ReferencePipeline$$Lambda+0x00000008001cda80
instanceKlass java/util/ImmutableCollections$Access$1
instanceKlass jdk/internal/access/JavaUtilCollectionAccess
instanceKlass java/util/ImmutableCollections$Access
instanceKlass java/lang/StringLatin1$LinesSpliterator
instanceKlass java/util/Arrays$ArrayItr
instanceKlass com/sun/management/internal/DiagnosticCommandImpl$Wrapper
instanceKlass jdk/jfr/internal/util/Output$LinePrinter
instanceKlass jdk/jfr/internal/util/Output
instanceKlass jdk/jfr/internal/dcmd/AbstractDCmd
instanceKlass com/sun/management/internal/DiagnosticCommandArgumentInfo
instanceKlass com/sun/management/internal/DiagnosticCommandInfo
instanceKlass com/sun/management/internal/DiagnosticCommandImpl$OperationInfoComparator
instanceKlass sun/management/ClassLoadingImpl
instanceKlass java/lang/management/ClassLoadingMXBean
instanceKlass javax/management/MBeanInfo$ArrayGettersSafeAction
instanceKlass javax/management/openmbean/OpenMBeanOperationInfo
instanceKlass java/util/logging/LogManager$4
instanceKlass jdk/internal/logger/BootstrapLogger$BootstrapExecutors
instanceKlass sun/security/util/SecurityConstants
instanceKlass jdk/internal/logger/LoggerFinderLoader
instanceKlass  @bci java/lang/System$LoggerFinder accessProvider ()Ljava/lang/System$LoggerFinder; 8 <appendix> argL0 ; # java/lang/System$LoggerFinder$$Lambda+0x00000008001c80a8
instanceKlass java/util/stream/Streams
instanceKlass java/util/stream/Streams$AbstractStreamBuilderImpl
instanceKlass java/util/stream/Stream$Builder
instanceKlass  @bci java/util/logging/Level$KnownLevel findByName (Ljava/lang/String;Ljava/util/function/Function;)Ljava/util/Optional; 29 <appendix> argL0 ; # java/util/logging/Level$KnownLevel$$Lambda+0x00000008001c7158
instanceKlass  @bci java/util/logging/Level findLevel (Ljava/lang/String;)Ljava/util/logging/Level; 13 <appendix> argL0 ; # java/util/logging/Level$$Lambda+0x00000008001c6f18
instanceKlass java/util/Hashtable$Enumerator
instanceKlass java/util/Collections$3
instanceKlass java/util/logging/LogManager$LoggerContext$1
instanceKlass java/util/logging/LogManager$VisitedLoggers
instanceKlass java/util/logging/Logger$ConfigurationData
instanceKlass java/util/logging/Logger$LoggerBundle
instanceKlass java/util/logging/Handler
instanceKlass java/util/logging/LogManager$2
instanceKlass java/util/logging/Logging
instanceKlass java/util/logging/LogManager$LoggingProviderAccess
instanceKlass java/util/Collections$SynchronizedMap
instanceKlass java/util/logging/LogManager$LogNode
instanceKlass java/util/logging/LogManager$LoggerContext
instanceKlass java/util/logging/LogManager$1
instanceKlass  @bci java/util/logging/Level$KnownLevel add (Ljava/util/logging/Level;)V 49 <appendix> argL0 ; # java/util/logging/Level$KnownLevel$$Lambda+0x00000008001c39f0
instanceKlass  @bci java/util/logging/Level$KnownLevel add (Ljava/util/logging/Level;)V 19 <appendix> argL0 ; # java/util/logging/Level$KnownLevel$$Lambda+0x00000008001c37b0
instanceKlass java/util/logging/Level
instanceKlass java/util/logging/LoggingMXBean
instanceKlass java/util/logging/Logger
instanceKlass sun/management/ManagementFactoryHelper$PlatformLoggingImpl
instanceKlass java/lang/management/PlatformLoggingMXBean
instanceKlass sun/management/CompilationImpl
instanceKlass java/lang/management/CompilationMXBean
instanceKlass sun/management/VMManagementImpl$1
instanceKlass java/lang/management/MemoryUsage
instanceKlass  @bci com/st/microxplorer/mcu/ContextAllowed$SemaphoreDeviceTree getName ()Ljava/lang/String; 10 <appendix> form vmentry <vmtarget> ; # java/lang/invoke/LambdaForm$MH+0x0000000800183400
instanceKlass sun/management/Sensor
instanceKlass sun/management/MemoryPoolImpl
instanceKlass java/lang/management/MemoryPoolMXBean
instanceKlass  @bci com/st/microxplorer/mcu/ContextAllowed$ContextSplit addContext (Lcom/st/microxplorer/mcu/Context;)V 52 <appendix> form vmentry <vmtarget> ; # java/lang/invoke/LambdaForm$MH+0x0000000800183000
instanceKlass java/lang/invoke/LambdaFormEditor$1
# instanceKlass java/lang/invoke/LambdaForm$MH+0x0000000800182c00
instanceKlass  @bci com/st/microxplorer/mcu/ContextAllowed$ContextSplit addContext (Lcom/st/microxplorer/mcu/Context;)V 52 <appendix> argL3 form vmentry <vmtarget> ; # java/lang/invoke/LambdaForm$MH+0x0000000800182800
instanceKlass  @bci javax/swing/text/html/parser/Parser error (Ljava/lang/String;Ljava/lang/String;Ljava/lang/String;Ljava/lang/String;)V 10 <appendix> argL3 argL2 form vmentry <vmtarget> ; # java/lang/invoke/LambdaForm$MH+0x0000000800182400
# instanceKlass java/lang/invoke/LambdaForm$MH+0x0000000800182000
# instanceKlass java/lang/invoke/LambdaForm$MH+0x0000000800181c00
# instanceKlass java/lang/invoke/LambdaForm$MH+0x0000000800181800
instanceKlass  @bci com/st/microxplorer/mcu/ContextAllowed$ContextSplit addContext (Lcom/st/microxplorer/mcu/Context;)V 52 <appendix> argL1 form vmentry <vmtarget> ; # java/lang/invoke/LambdaForm$MH+0x0000000800181400
# instanceKlass java/lang/invoke/LambdaForm$MH+0x0000000800181000
# instanceKlass java/lang/invoke/LambdaForm$MH+0x0000000800180c00
# instanceKlass java/lang/invoke/LambdaForm$MH+0x0000000800180800
# instanceKlass java/lang/invoke/LambdaForm$MH+0x0000000800180400
instanceKlass  @bci java/util/stream/Collectors uniqKeysMapMerger ()Ljava/util/function/BinaryOperator; 0 <appendix> argL0 ; # java/util/stream/Collectors$$Lambda+0x00000008001c0000
instanceKlass  @bci java/util/stream/Collectors uniqKeysMapAccumulator (Ljava/util/function/Function;Ljava/util/function/Function;)Ljava/util/function/BiConsumer; 2 <appendix> member <vmtarget> ; # java/util/stream/Collectors$$Lambda+0x000000080013fd50
instanceKlass  @bci java/util/stream/Collectors toMap (Ljava/util/function/Function;Ljava/util/function/Function;)Ljava/util/stream/Collector; 4 <appendix> argL0 ; # java/util/stream/Collectors$$Lambda+0x000000080013fb30
instanceKlass  @bci java/util/function/Function identity ()Ljava/util/function/Function; 0 <appendix> argL0 ; # java/util/function/Function$$Lambda+0x000000080013f8f0
instanceKlass  @bci java/lang/management/DefaultPlatformMBeanProvider$5 nameToMBeanMap ()Ljava/util/Map; 21 <appendix> argL0 ; # java/lang/management/DefaultPlatformMBeanProvider$5$$Lambda+0x000000080013f6b0
instanceKlass  @bci java/lang/management/DefaultPlatformMBeanProvider$5 nameToMBeanMap ()Ljava/util/Map; 11 <appendix> member <vmtarget> ; # java/lang/management/DefaultPlatformMBeanProvider$5$$Lambda+0x000000080013f068
instanceKlass com/sun/management/GarbageCollectorMXBean
instanceKlass java/lang/management/GarbageCollectorMXBean
instanceKlass java/lang/management/MemoryManagerMXBean
instanceKlass java/lang/management/MemoryMXBean
instanceKlass javax/management/DescriptorKey
instanceKlass java/lang/Deprecated
instanceKlass sun/management/BaseOperatingSystemImpl
instanceKlass com/sun/management/OperatingSystemMXBean
instanceKlass java/lang/management/OperatingSystemMXBean
instanceKlass com/sun/jmx/mbeanserver/PerInterface$MethodAndSig
instanceKlass  @bci com/st/microxplorer/util/ConstraintSolver <init> ([[IZ)V 320 <appendix> form vmentry <vmtarget> ; # java/lang/invoke/LambdaForm$MH+0x0000000800180000
instanceKlass  @bci com/st/microxplorer/util/ConstraintSolver <init> ([[IZ)V 320 <appendix> argL3 form vmentry <vmtarget> ; # java/lang/invoke/LambdaForm$MH+0x000000080012fc00
# instanceKlass java/lang/invoke/LambdaForm$MH+0x000000080012f800
# instanceKlass java/lang/invoke/LambdaForm$MH+0x000000080012f400
instanceKlass  @bci com/st/microxplorer/mcu/ContextAllowed$ContextSplit removeContext (Lcom/st/microxplorer/mcu/Context;)V 16 <appendix> argL1 argL0 argL1 form vmentry <vmtarget> ; # java/lang/invoke/LambdaForm$MH+0x000000080012f000
# instanceKlass java/lang/invoke/LambdaForm$MH+0x000000080012ec00
instanceKlass java/lang/management/LockInfo
instanceKlass java/lang/management/ThreadInfo
instanceKlass sun/management/ThreadImpl
instanceKlass com/sun/management/ThreadMXBean
instanceKlass java/lang/management/ThreadMXBean
instanceKlass com/sun/jmx/mbeanserver/WeakIdentityHashMap
instanceKlass com/sun/jmx/mbeanserver/MXBeanLookup
instanceKlass com/sun/jmx/mbeanserver/PerInterface$InitMaps
instanceKlass com/sun/jmx/mbeanserver/PerInterface
instanceKlass javax/management/openmbean/OpenMBeanAttributeInfo
instanceKlass javax/management/openmbean/OpenMBeanParameterInfo
instanceKlass com/sun/jmx/mbeanserver/MBeanIntrospector$MBeanInfoMaker
instanceKlass com/sun/jmx/mbeanserver/MBeanAnalyzer$MBeanVisitor
instanceKlass  @bci com/st/microxplorer/mcu/ContextAllowed$ContextSplit setForcedContext (Lcom/st/microxplorer/mcu/Context;)V 7 <appendix> form vmentry <vmtarget> ; # java/lang/invoke/LambdaForm$MH+0x000000080012e800
# instanceKlass java/lang/invoke/LambdaForm$MH+0x000000080012e400
instanceKlass  @bci com/st/microxplorer/mcu/ContextAllowed$ContextSplit setForcedContext (Lcom/st/microxplorer/mcu/Context;)V 7 <appendix> argL3 form vmentry <vmtarget> ; # java/lang/invoke/LambdaForm$MH+0x000000080012e000
instanceKlass java/lang/invoke/MethodHandles$1
instanceKlass java/lang/Long$LongCache
# instanceKlass java/lang/invoke/LambdaForm$MH+0x000000080012dc00
instanceKlass  @bci com/st/microxplorer/mcu/ContextAllowed$ContextSplit setForcedContext (Lcom/st/microxplorer/mcu/Context;)V 7 <appendix> argL2 form vmentry <vmtarget> ; # java/lang/invoke/LambdaForm$MH+0x000000080012d800
# instanceKlass java/lang/invoke/LambdaForm$MH+0x000000080012d400
instanceKlass  @bci com/st/microxplorer/mcu/ContextAllowed$ContextSplit removeContext (Lcom/st/microxplorer/mcu/Context;)V 16 <appendix> argL1 argL0 argL0 form vmentry <vmtarget> ; # java/lang/invoke/LambdaForm$MH+0x000000080012d000
# instanceKlass java/lang/invoke/LambdaForm$MH+0x000000080012cc00
instanceKlass sun/reflect/generics/reflectiveObjects/LazyReflectiveObjectGenerator
instanceKlass sun/reflect/generics/tree/TypeVariableSignature
instanceKlass sun/reflect/generics/tree/ClassSignature
instanceKlass sun/reflect/generics/reflectiveObjects/ParameterizedTypeImpl
instanceKlass java/lang/reflect/ParameterizedType
instanceKlass sun/reflect/generics/tree/MethodTypeSignature
instanceKlass sun/reflect/generics/tree/Signature
instanceKlass sun/reflect/generics/tree/FormalTypeParameter
instanceKlass java/lang/reflect/TypeVariable
instanceKlass sun/reflect/generics/repository/AbstractRepository
instanceKlass com/sun/jmx/mbeanserver/MBeanAnalyzer$AttrMethods
# instanceKlass java/lang/invoke/LambdaForm$MH+0x000000080012c800
instanceKlass com/sun/jmx/mbeanserver/MXBeanMapping
instanceKlass javax/management/openmbean/TabularData
instanceKlass javax/management/openmbean/CompositeData
instanceKlass javax/management/openmbean/OpenType
instanceKlass com/sun/jmx/mbeanserver/MXBeanMappingFactory
instanceKlass com/sun/jmx/mbeanserver/ConvertingMethod
instanceKlass com/sun/jmx/mbeanserver/MBeanAnalyzer$MethodOrder
instanceKlass com/sun/jmx/mbeanserver/MBeanAnalyzer
instanceKlass com/sun/jmx/mbeanserver/MBeanIntrospector
instanceKlass javax/management/MXBean
instanceKlass com/sun/jmx/mbeanserver/MBeanSupport
instanceKlass com/sun/jmx/mbeanserver/DescriptorCache
instanceKlass javax/management/JMX
instanceKlass javax/management/StandardMBean
instanceKlass  @bci java/lang/management/ManagementFactory addMXBean (Ljavax/management/MBeanServer;Ljava/lang/String;Ljava/lang/Object;)V 8 <appendix> member <vmtarget> ; # java/lang/management/ManagementFactory$$Lambda+0x000000080017d400
instanceKlass java/util/AbstractMap$SimpleImmutableEntry
instanceKlass java/util/stream/ForEachOps$ForEachOp
instanceKlass java/util/stream/ForEachOps
instanceKlass  @bci java/lang/management/ManagementFactory getPlatformMBeanServer ()Ljavax/management/MBeanServer; 63 <appendix> argL0 ; # java/lang/management/ManagementFactory$$Lambda+0x000000080017c3f0
instanceKlass  @cpi java/util/concurrent/Executors$AutoShutdownDelegatedExecutorService 80 form vmentry <vmtarget> ; # java/lang/invoke/LambdaForm$DMH+0x000000080012c400
instanceKlass  @bci java/lang/management/ManagementFactory getPlatformMBeanServer ()Ljavax/management/MBeanServer; 53 <appendix> argL0 ; # java/lang/management/ManagementFactory$$Lambda+0x000000080017bcb8
instanceKlass  @bci java/lang/management/ManagementFactory getPlatformMBeanServer ()Ljavax/management/MBeanServer; 43 <appendix> argL0 ; # java/lang/management/ManagementFactory$$Lambda+0x000000080017ba68
instanceKlass  @cpi java/lang/management/ManagementFactory 556 form vmentry <vmtarget> ; # java/lang/invoke/LambdaForm$DMH+0x000000080012c000
instanceKlass com/sun/jmx/mbeanserver/JmxMBeanServer$3
instanceKlass javax/management/ObjectInstance
instanceKlass com/sun/jmx/mbeanserver/NamedObject
instanceKlass com/sun/jmx/interceptor/DefaultMBeanServerInterceptor$ResourceContext$1
instanceKlass com/sun/jmx/interceptor/DefaultMBeanServerInterceptor$ResourceContext
instanceKlass com/sun/jmx/mbeanserver/Repository$RegistrationContext
instanceKlass com/sun/jmx/mbeanserver/DynamicMBean2
instanceKlass sun/util/logging/PlatformLogger
instanceKlass sun/util/logging/PlatformLogger$ConfigurableBridge$LoggerConfiguration
instanceKlass jdk/internal/logger/BootstrapLogger$RedirectedLoggers
instanceKlass com/sun/jmx/defaults/JmxProperties
instanceKlass com/sun/jmx/mbeanserver/Introspector
instanceKlass com/sun/jmx/mbeanserver/JmxMBeanServer$2
instanceKlass com/sun/jmx/interceptor/DefaultMBeanServerInterceptor
instanceKlass com/sun/jmx/interceptor/MBeanServerInterceptor
instanceKlass com/sun/jmx/mbeanserver/Repository
instanceKlass com/sun/jmx/mbeanserver/JmxMBeanServer$1
instanceKlass com/sun/jmx/mbeanserver/SecureClassLoaderRepository
instanceKlass com/sun/jmx/mbeanserver/MBeanInstantiator
instanceKlass com/sun/jmx/mbeanserver/ClassLoaderRepositorySupport$LoaderEntry
instanceKlass com/sun/jmx/mbeanserver/ClassLoaderRepositorySupport
instanceKlass com/sun/jmx/mbeanserver/ModifiableClassLoaderRepository
instanceKlass javax/management/loading/ClassLoaderRepository
instanceKlass javax/management/ImmutableDescriptor
instanceKlass javax/management/Descriptor
instanceKlass jdk/internal/logger/LazyLoggers$LazyLoggerAccessor
instanceKlass jdk/internal/logger/LazyLoggers$LoggerAccessor
instanceKlass jdk/internal/logger/AbstractLoggerWrapper
instanceKlass sun/util/logging/internal/LoggingProviderImpl$LogManagerAccess
instanceKlass jdk/internal/logger/BootstrapLogger$DetectBackend$1
instanceKlass jdk/internal/logger/BootstrapLogger$DetectBackend
instanceKlass jdk/internal/logger/BootstrapLogger
instanceKlass sun/util/logging/PlatformLogger$ConfigurableBridge
instanceKlass sun/util/logging/PlatformLogger$Bridge
instanceKlass jdk/internal/logger/DefaultLoggerFinder$1
instanceKlass java/lang/System$LoggerFinder
instanceKlass jdk/internal/logger/LazyLoggers$LazyLoggerFactories
instanceKlass jdk/internal/logger/LazyLoggers$1
instanceKlass jdk/internal/logger/LazyLoggers
instanceKlass com/sun/jmx/remote/util/ClassLogger
instanceKlass java/lang/System$Logger
instanceKlass javax/management/NotificationBroadcasterSupport$1
instanceKlass javax/management/NotificationBroadcasterSupport
instanceKlass java/util/ComparableTimSort
instanceKlass javax/management/ObjectName$Property
instanceKlass javax/management/ObjectName
instanceKlass javax/management/QueryExp
instanceKlass com/sun/jmx/mbeanserver/Util
instanceKlass javax/management/MBeanInfo
instanceKlass javax/management/MBeanFeatureInfo
instanceKlass javax/management/DescriptorRead
instanceKlass javax/management/MBeanServerDelegate
instanceKlass javax/management/MBeanServerDelegateMBean
instanceKlass javax/management/MBeanRegistration
instanceKlass com/sun/jmx/mbeanserver/JmxMBeanServer
instanceKlass com/sun/jmx/mbeanserver/SunJmxMBeanServer
instanceKlass javax/management/MBeanServer
instanceKlass javax/management/MBeanServerConnection
instanceKlass javax/management/MBeanServerBuilder
instanceKlass com/sun/jmx/mbeanserver/GetPropertyAction
instanceKlass javax/management/MBeanServerFactory
instanceKlass jdk/internal/vm/ThreadContainers
instanceKlass jdk/internal/vm/StackableScope
instanceKlass java/util/concurrent/LinkedBlockingQueue$Node
instanceKlass java/util/concurrent/BlockingQueue
instanceKlass java/util/concurrent/ThreadPoolExecutor$AbortPolicy
instanceKlass java/util/concurrent/RejectedExecutionHandler
instanceKlass java/util/concurrent/AbstractExecutorService
instanceKlass org/apache/logging/log4j/core/util/Log4jThreadFactory
instanceKlass org/apache/logging/log4j/core/jmx/Server
instanceKlass java/util/EventObject
instanceKlass java/util/Formatter$Flags
instanceKlass java/util/Formatter$FixedString
instanceKlass java/util/Formatter$FormatSpecifier
instanceKlass java/util/Formatter$FormatString
instanceKlass java/util/Formatter$Conversion
instanceKlass  @bci java/util/regex/CharPredicates ASCII_DIGIT ()Ljava/util/regex/Pattern$BmpCharPredicate; 0 <appendix> argL0 ; # java/util/regex/CharPredicates$$Lambda+0x0000000800169b80
instanceKlass java/util/regex/CharPredicates
instanceKlass java/util/Formatter
instanceKlass org/apache/logging/log4j/core/Version
instanceKlass java/net/InetAddress$CachedLocalHost
instanceKlass java/util/concurrent/atomic/Striped64$1
instanceKlass jdk/internal/util/random/RandomSupport
instanceKlass java/util/Random
instanceKlass java/util/random/RandomGenerator
instanceKlass java/net/InetAddress$CachedLookup
instanceKlass sun/net/InetAddressCachePolicy$1
instanceKlass sun/net/InetAddressCachePolicy
instanceKlass  @bci java/net/InetAddress getAddressesFromNameService (Ljava/lang/String;)[Ljava/net/InetAddress; 94 <appendix> argL0 ; # java/net/InetAddress$$Lambda+0x0000000800167368
instanceKlass java/net/Inet6Address$Inet6AddressHolder
instanceKlass  @bci java/net/InetAddress loadResolver ()Ljava/net/spi/InetAddressResolver; 8 <appendix> argL0 ; # java/net/InetAddress$$Lambda+0x0000000800166768
instanceKlass java/net/spi/InetAddressResolverProvider
instanceKlass java/net/InetAddress$NameServiceAddresses
instanceKlass java/net/InetAddress$Addresses
instanceKlass java/util/concurrent/ConcurrentSkipListMap$Iter
instanceKlass java/net/InetAddress$PlatformResolver
instanceKlass java/net/spi/InetAddressResolver
instanceKlass java/net/spi/InetAddressResolver$LookupPolicy
instanceKlass java/net/Inet4AddressImpl
instanceKlass java/net/Inet6AddressImpl
instanceKlass java/net/InetAddressImpl
instanceKlass java/util/concurrent/ConcurrentSkipListMap$Node
instanceKlass java/util/concurrent/ConcurrentSkipListMap$Index
instanceKlass java/util/concurrent/ConcurrentNavigableMap
instanceKlass java/net/InetAddress$InetAddressHolder
instanceKlass java/net/InetAddress$1
instanceKlass jdk/internal/access/JavaNetInetAddressAccess
instanceKlass java/net/InetAddress
instanceKlass org/apache/logging/log4j/core/util/NetUtils
instanceKlass  @bci org/apache/logging/log4j/core/LoggerContext setConfiguration (Lorg/apache/logging/log4j/core/config/Configuration;)Lorg/apache/logging/log4j/core/config/Configuration; 59 <appendix> argL0 ; # org/apache/logging/log4j/core/LoggerContext$$Lambda+0x0000000800129240
instanceKlass  @bci org/apache/logging/log4j/core/util/BasicAuthorizationProvider <init> (Lorg/apache/logging/log4j/util/PropertiesUtil;)V 48 <appendix> member <vmtarget> ; # org/apache/logging/log4j/core/util/BasicAuthorizationProvider$$Lambda+0x0000000800129018
instanceKlass  @bci org/apache/logging/log4j/core/util/BasicAuthorizationProvider <init> (Lorg/apache/logging/log4j/util/PropertiesUtil;)V 32 <appendix> member <vmtarget> ; # org/apache/logging/log4j/core/util/BasicAuthorizationProvider$$Lambda+0x0000000800128df0
instanceKlass  @bci org/apache/logging/log4j/core/util/BasicAuthorizationProvider <init> (Lorg/apache/logging/log4j/util/PropertiesUtil;)V 16 <appendix> member <vmtarget> ; # org/apache/logging/log4j/core/util/BasicAuthorizationProvider$$Lambda+0x0000000800128bc8
instanceKlass org/apache/logging/log4j/core/util/BasicAuthorizationProvider
instanceKlass com/fasterxml/jackson/core/JsonParser
instanceKlass com/fasterxml/jackson/databind/JsonSerializable$Base
instanceKlass com/fasterxml/jackson/databind/JsonSerializable
instanceKlass com/fasterxml/jackson/core/TreeNode
instanceKlass com/fasterxml/jackson/core/TreeCodec
instanceKlass com/fasterxml/jackson/core/Versioned
instanceKlass org/apache/logging/log4j/core/config/Order
instanceKlass java/util/TimSort
instanceKlass java/util/Arrays$LegacyMergeSort
instanceKlass org/apache/logging/log4j/core/config/OrderComparator
instanceKlass org/apache/logging/log4j/core/util/AuthorizationProvider
instanceKlass org/apache/logging/log4j/core/config/builder/api/ConfigurationBuilder
instanceKlass  @bci org/apache/logging/log4j/core/selector/ClassLoaderContextSelector locateContext (Ljava/lang/ClassLoader;Ljava/util/Map$Entry;Ljava/net/URI;)Lorg/apache/logging/log4j/core/LoggerContext; 160 <appendix> member <vmtarget> ; # org/apache/logging/log4j/core/selector/ClassLoaderContextSelector$$Lambda+0x0000000800126378
instanceKlass org/apache/logging/log4j/core/appender/DefaultErrorHandler
instanceKlass org/apache/logging/log4j/core/appender/ConsoleAppender$FactoryData
instanceKlass org/apache/logging/log4j/core/appender/ConsoleAppender$ConsoleManagerFactory
instanceKlass org/apache/logging/log4j/core/layout/ByteBufferDestination
instanceKlass org/apache/logging/log4j/core/ErrorHandler
instanceKlass org/apache/logging/log4j/core/layout/PatternLayout$PatternFormatterPatternSerializer
instanceKlass org/apache/logging/log4j/core/pattern/PlainTextRenderer
instanceKlass org/apache/logging/log4j/core/impl/ThrowableFormatOptions
instanceKlass org/apache/logging/log4j/core/pattern/PatternFormatter
instanceKlass  @bci jdk/internal/reflect/DirectConstructorHandleAccessor invokeImpl ([Ljava/lang/Object;)Ljava/lang/Object; 88 <adapter> ; # java/lang/invoke/LambdaForm$MH+0x0000000800124c00
# instanceKlass java/lang/invoke/LambdaForm$MH+0x0000000800124800
# instanceKlass java/lang/invoke/LambdaForm$MH+0x0000000800124400
# instanceKlass java/lang/invoke/LambdaForm$MH+0x0000000800124000
instanceKlass org/apache/logging/log4j/core/pattern/TextRenderer
instanceKlass org/apache/logging/log4j/core/util/Integers
instanceKlass org/apache/logging/log4j/core/pattern/NameAbbreviator
instanceKlass org/apache/logging/log4j/core/util/OptionConverter
instanceKlass sun/util/calendar/CalendarUtils
instanceKlass sun/util/calendar/CalendarDate
instanceKlass sun/util/resources/Bundles$CacheKeyReference
instanceKlass  @bci java/util/ResourceBundle$ResourceBundleProviderHelper newResourceBundle (Ljava/lang/Class;)Ljava/util/ResourceBundle; 22 <appendix> member <vmtarget> ; # java/util/ResourceBundle$ResourceBundleProviderHelper$$Lambda+0x000000080015f7d8
instanceKlass java/util/ResourceBundle$ResourceBundleProviderHelper
instanceKlass  @bci sun/util/cldr/CLDRLocaleProviderAdapter applyAliases (Ljava/util/Locale;)Ljava/util/Locale; 4 <appendix> argL0 ; # sun/util/cldr/CLDRLocaleProviderAdapter$$Lambda+0x000000080015eee0
instanceKlass sun/util/resources/Bundles$CacheKey
instanceKlass java/util/ResourceBundle$1
instanceKlass jdk/internal/access/JavaUtilResourceBundleAccess
instanceKlass sun/util/resources/Bundles
instanceKlass sun/util/resources/LocaleData$LocaleDataStrategy
instanceKlass sun/util/resources/Bundles$Strategy
instanceKlass sun/util/resources/LocaleData$1
instanceKlass sun/util/resources/LocaleData
instanceKlass sun/util/locale/provider/LocaleResources
instanceKlass java/util/stream/Nodes$ArrayNode
instanceKlass java/util/stream/Node$Builder
instanceKlass java/util/stream/Node$OfDouble
instanceKlass java/util/stream/Node$OfLong
instanceKlass java/util/stream/Node$OfInt
instanceKlass java/util/stream/Node$OfPrimitive
instanceKlass java/util/stream/Nodes$EmptyNode
instanceKlass java/util/stream/Node
instanceKlass java/util/stream/Nodes
instanceKlass  @bci sun/util/locale/provider/LocaleProviderAdapter toLocaleArray (Ljava/util/Set;)[Ljava/util/Locale; 16 <appendix> argL0 ; # sun/util/locale/provider/LocaleProviderAdapter$$Lambda+0x000000080015ac68
instanceKlass java/util/function/IntFunction
instanceKlass  @bci sun/util/locale/provider/LocaleProviderAdapter toLocaleArray (Ljava/util/Set;)[Ljava/util/Locale; 6 <appendix> argL0 ; # sun/util/locale/provider/LocaleProviderAdapter$$Lambda+0x000000080015a630
instanceKlass java/util/Spliterators$IteratorSpliterator
instanceKlass  @bci sun/util/cldr/CLDRLocaleProviderAdapter getCalendarDataProvider ()Ljava/util/spi/CalendarDataProvider; 8 <appendix> member <vmtarget> ; # sun/util/cldr/CLDRLocaleProviderAdapter$$Lambda+0x0000000800159cc8
instanceKlass java/util/ResourceBundle
instanceKlass java/util/ResourceBundle$Control
instanceKlass sun/util/locale/provider/CalendarDataUtility$CalendarWeekParameterGetter
instanceKlass sun/util/locale/provider/LocaleServiceProviderPool$LocalizedObjectGetter
instanceKlass sun/util/locale/provider/LocaleServiceProviderPool
instanceKlass java/util/Locale$Builder
instanceKlass sun/util/locale/provider/CalendarDataUtility
instanceKlass sun/util/calendar/CalendarSystem$GregorianHolder
instanceKlass sun/util/calendar/CalendarSystem
instanceKlass java/util/Calendar$Builder
instanceKlass sun/util/locale/provider/AvailableLanguageTags
instanceKlass  @bci sun/util/locale/provider/JRELocaleProviderAdapter getCalendarProvider ()Lsun/util/spi/CalendarProvider; 8 <appendix> member <vmtarget> ; # sun/util/locale/provider/JRELocaleProviderAdapter$$Lambda+0x0000000800155750
instanceKlass sun/util/resources/cldr/provider/CLDRLocaleDataMetaInfo
instanceKlass jdk/internal/module/ModulePatcher$PatchedModuleReader
instanceKlass  @bci sun/util/cldr/CLDRLocaleProviderAdapter <init> ()V 4 <appendix> argL0 ; # sun/util/cldr/CLDRLocaleProviderAdapter$$Lambda+0x0000000800155010
instanceKlass sun/util/locale/InternalLocaleBuilder$CaseInsensitiveChar
instanceKlass sun/util/locale/InternalLocaleBuilder
instanceKlass sun/util/locale/StringTokenIterator
instanceKlass sun/util/locale/ParseStatus
instanceKlass sun/util/locale/LanguageTag
instanceKlass sun/util/cldr/CLDRBaseLocaleDataMetaInfo
instanceKlass sun/util/locale/provider/LocaleDataMetaInfo
instanceKlass sun/util/locale/provider/ResourceBundleBasedAdapter
instanceKlass sun/util/locale/provider/LocaleProviderAdapter
instanceKlass java/util/spi/LocaleServiceProvider
instanceKlass java/util/Calendar
instanceKlass sun/util/calendar/ZoneInfoFile$ZoneOffsetTransitionRule
instanceKlass sun/util/calendar/ZoneInfoFile$1
instanceKlass sun/util/calendar/ZoneInfoFile
instanceKlass java/util/TimeZone
# instanceKlass java/lang/invoke/LambdaForm$MH+0x000000080011cc00
# instanceKlass java/lang/invoke/LambdaForm$MH+0x000000080011c800
instanceKlass org/apache/logging/log4j/core/time/MutableInstant
instanceKlass java/time/temporal/TemporalAccessor
instanceKlass org/apache/logging/log4j/core/pattern/DatePatternConverter$CachedTime
instanceKlass org/apache/logging/log4j/core/util/datetime/FixedDateFormat
instanceKlass java/util/Date
instanceKlass org/apache/logging/log4j/core/pattern/DatePatternConverter$Formatter
instanceKlass org/apache/logging/log4j/core/time/Instant
instanceKlass org/apache/logging/log4j/core/pattern/PatternParser$1
instanceKlass org/apache/logging/log4j/core/pattern/FormattingInfo
instanceKlass java/lang/Class$AnnotationData
instanceKlass java/lang/annotation/Target
# instanceKlass java/lang/invoke/LambdaForm$MH+0x000000080011c400
instanceKlass  @bci com/st/microxplorer/mcu/ContextAllowed$ContextSplit setInitializerContext (Lcom/st/microxplorer/mcu/Context;)Z 170 <appendix> form vmentry <vmtarget> ; # java/lang/invoke/LambdaForm$MH+0x000000080011c000
instanceKlass java/lang/reflect/Proxy$ProxyBuilder$1
instanceKlass jdk/internal/org/objectweb/asm/Edge
instanceKlass  @bci java/lang/reflect/ProxyGenerator addProxyMethod (Ljava/lang/reflect/Method;Ljava/lang/Class;)V 23 <appendix> argL0 ; # java/lang/reflect/ProxyGenerator$$Lambda+0x000000080014e510
instanceKlass  @bci java/lang/reflect/ProxyGenerator addProxyMethod (Ljava/lang/reflect/ProxyGenerator$ProxyMethod;)V 10 <appendix> argL0 ; # java/lang/reflect/ProxyGenerator$$Lambda+0x000000080014e2d0
instanceKlass java/util/StringJoiner
instanceKlass java/lang/reflect/ProxyGenerator$ProxyMethod
instanceKlass  @bci java/lang/reflect/Proxy getLoader (Ljava/lang/Module;)Ljava/lang/ClassLoader; 6 <appendix> member <vmtarget> ; # java/lang/reflect/Proxy$$Lambda+0x000000080014d968
instanceKlass  @bci java/lang/module/ModuleDescriptor$Builder packages (Ljava/util/Set;)Ljava/lang/module/ModuleDescriptor$Builder; 17 <appendix> argL0 ; # java/lang/module/ModuleDescriptor$Builder$$Lambda+0x000000080014d528
instanceKlass jdk/internal/module/Checks
instanceKlass java/lang/module/ModuleDescriptor$Builder
instanceKlass  @bci java/lang/reflect/Proxy$ProxyBuilder getDynamicModule (Ljava/lang/ClassLoader;)Ljava/lang/Module; 4 <appendix> argL0 ; # java/lang/reflect/Proxy$ProxyBuilder$$Lambda+0x000000080014cee0
instanceKlass java/lang/reflect/Proxy$ProxyBuilder
instanceKlass  @bci java/lang/reflect/Proxy getProxyConstructor (Ljava/lang/Class;Ljava/lang/ClassLoader;[Ljava/lang/Class;)Ljava/lang/reflect/Constructor; 35 <appendix> argL0 ; # java/lang/reflect/Proxy$$Lambda+0x000000080014caa0
instanceKlass java/lang/ClassValue$Version
instanceKlass java/lang/ClassValue$Identity
instanceKlass java/lang/ClassValue
instanceKlass java/lang/reflect/Proxy
instanceKlass sun/reflect/annotation/AnnotationInvocationHandler
instanceKlass java/lang/reflect/InvocationHandler
instanceKlass sun/reflect/annotation/AnnotationParser$1
instanceKlass java/lang/annotation/Documented
instanceKlass java/lang/annotation/Inherited
instanceKlass java/lang/annotation/Retention
instanceKlass sun/reflect/annotation/ExceptionProxy
instanceKlass sun/reflect/annotation/AnnotationType$1
instanceKlass sun/reflect/annotation/AnnotationType
instanceKlass java/lang/reflect/GenericArrayType
instanceKlass org/apache/logging/log4j/core/config/plugins/Plugin
instanceKlass sun/reflect/generics/visitor/Reifier
instanceKlass sun/reflect/generics/visitor/TypeTreeVisitor
instanceKlass sun/reflect/generics/factory/CoreReflectionFactory
instanceKlass sun/reflect/generics/factory/GenericsFactory
instanceKlass sun/reflect/generics/scope/AbstractScope
instanceKlass sun/reflect/generics/scope/Scope
instanceKlass sun/reflect/generics/tree/ClassTypeSignature
instanceKlass sun/reflect/generics/tree/SimpleClassTypeSignature
instanceKlass sun/reflect/generics/tree/FieldTypeSignature
instanceKlass sun/reflect/generics/tree/BaseType
instanceKlass sun/reflect/generics/tree/TypeSignature
instanceKlass sun/reflect/generics/tree/ReturnType
instanceKlass sun/reflect/generics/tree/TypeArgument
instanceKlass sun/reflect/generics/tree/TypeTree
instanceKlass sun/reflect/generics/tree/Tree
instanceKlass sun/reflect/generics/parser/SignatureParser
instanceKlass org/apache/logging/log4j/core/pattern/ConverterKeys
instanceKlass org/apache/logging/log4j/core/pattern/PatternParser
instanceKlass org/apache/logging/log4j/core/layout/StringBuilderEncoder
instanceKlass org/apache/logging/log4j/core/layout/PatternLayout$PatternSerializer
instanceKlass org/apache/logging/log4j/core/layout/AbstractStringLayout$Serializer
instanceKlass org/apache/logging/log4j/core/layout/PatternLayout$SerializerBuilder
instanceKlass org/apache/logging/log4j/core/layout/PatternLayout$Builder
instanceKlass org/apache/logging/log4j/core/layout/AbstractStringLayout$Serializer2
instanceKlass org/apache/logging/log4j/spi/LoggerRegistry$ConcurrentMapFactory
instanceKlass org/apache/logging/log4j/spi/LoggerRegistry$MapFactory
instanceKlass org/apache/logging/log4j/spi/LoggerRegistry
instanceKlass org/apache/logging/log4j/core/config/Node
instanceKlass org/apache/logging/log4j/core/util/DummyNanoClock
instanceKlass jdk/internal/foreign/MemorySessionImpl
instanceKlass java/lang/foreign/MemorySegment$Scope
instanceKlass org/apache/logging/log4j/core/util/WatchEventService
instanceKlass java/util/UUID
instanceKlass org/apache/logging/log4j/core/util/WatchManager$LocalUUID
instanceKlass java/util/concurrent/Future
instanceKlass java/util/concurrent/ScheduledExecutorService
instanceKlass java/util/concurrent/ExecutorService
instanceKlass java/util/concurrent/Executor
instanceKlass org/apache/logging/log4j/core/config/DefaultReliabilityStrategy
instanceKlass org/apache/logging/log4j/core/config/LocationAwareReliabilityStrategy
instanceKlass sun/reflect/misc/ReflectUtil
instanceKlass java/util/concurrent/atomic/AtomicReferenceFieldUpdater$AtomicReferenceFieldUpdaterImpl$1
instanceKlass java/util/concurrent/atomic/AtomicReferenceFieldUpdater
instanceKlass org/apache/logging/log4j/core/config/AppenderControlArraySet
instanceKlass org/apache/logging/log4j/core/util/SystemClock
instanceKlass org/apache/logging/log4j/core/time/PreciseClock
instanceKlass org/apache/logging/log4j/core/util/Clock
instanceKlass org/apache/logging/log4j/core/util/ClockFactory
instanceKlass org/apache/logging/log4j/core/impl/ReusableLogEventFactory
instanceKlass org/apache/logging/log4j/core/LogEvent
instanceKlass org/apache/logging/log4j/core/impl/LogEventFactory
instanceKlass org/apache/logging/log4j/core/impl/LocationAwareLogEventFactory
instanceKlass org/apache/logging/log4j/core/config/ReliabilityStrategy
instanceKlass java/util/DualPivotQuicksort
instanceKlass org/apache/logging/log4j/core/lookup/StrMatcher
instanceKlass sun/management/Util
instanceKlass  @bci java/util/stream/Collectors toList ()Ljava/util/stream/Collector; 14 <appendix> argL0 ; # java/util/stream/Collectors$$Lambda+0x0000000800144cb8
instanceKlass  @bci java/util/stream/Collectors toList ()Ljava/util/stream/Collector; 9 <appendix> argL0 ; # java/util/stream/Collectors$$Lambda+0x0000000800144a88
instanceKlass  @bci java/util/stream/Collectors toList ()Ljava/util/stream/Collector; 4 <appendix> argL0 ; # java/util/stream/Collectors$$Lambda+0x0000000800144868
instanceKlass  @bci sun/management/spi/PlatformMBeanProvider$PlatformComponent getMBeans (Ljava/lang/Class;)Ljava/util/List; 63 <appendix> member <vmtarget> ; # sun/management/spi/PlatformMBeanProvider$PlatformComponent$$Lambda+0x0000000800144128
instanceKlass  @bci sun/management/spi/PlatformMBeanProvider$PlatformComponent getMBeans (Ljava/lang/Class;)Ljava/util/List; 47 <appendix> member <vmtarget> ; # sun/management/spi/PlatformMBeanProvider$PlatformComponent$$Lambda+0x0000000800143ed0
instanceKlass  @cpi com/st/microxplorer/plugins/ip/plateformsettings/gui/PlatformSettingsCli 223 form vmentry <vmtarget> ; # java/lang/invoke/LambdaForm$DMH+0x0000000800114400
instanceKlass java/util/Collections$2
instanceKlass sun/management/RuntimeImpl
instanceKlass java/util/stream/ReduceOps$2ReducingSink
instanceKlass  @bci java/lang/management/ManagementFactory$PlatformMBeanFinder findSingleton (Ljava/lang/Class;)Lsun/management/spi/PlatformMBeanProvider$PlatformComponent; 30 <appendix> member <vmtarget> ; # java/lang/management/ManagementFactory$PlatformMBeanFinder$$Lambda+0x0000000800142a88
instanceKlass  @bci java/lang/management/ManagementFactory$PlatformMBeanFinder findSingleton (Ljava/lang/Class;)Lsun/management/spi/PlatformMBeanProvider$PlatformComponent; 19 <appendix> member <vmtarget> ; # java/lang/management/ManagementFactory$PlatformMBeanFinder$$Lambda+0x0000000800141e48
instanceKlass java/util/HashMap$HashMapSpliterator
instanceKlass java/util/Collections$1
instanceKlass jdk/management/jfr/internal/FlightRecorderMXBeanProvider$SingleMBeanComponent
instanceKlass jdk/management/jfr/FlightRecorderMXBean
instanceKlass java/util/Collections$UnmodifiableCollection$1
instanceKlass java/lang/management/DefaultPlatformMBeanProvider$11
instanceKlass java/lang/management/DefaultPlatformMBeanProvider$10
instanceKlass java/lang/management/DefaultPlatformMBeanProvider$9
instanceKlass java/util/logging/LogManager
instanceKlass sun/management/ManagementFactoryHelper$LoggingMXBeanAccess$1
instanceKlass sun/management/ManagementFactoryHelper$LoggingMXBeanAccess
instanceKlass java/lang/management/DefaultPlatformMBeanProvider$8
instanceKlass java/lang/management/DefaultPlatformMBeanProvider$7
instanceKlass java/lang/management/DefaultPlatformMBeanProvider$6
instanceKlass java/lang/management/DefaultPlatformMBeanProvider$5
instanceKlass java/lang/management/DefaultPlatformMBeanProvider$4
instanceKlass java/lang/management/DefaultPlatformMBeanProvider$3
instanceKlass java/lang/management/DefaultPlatformMBeanProvider$2
instanceKlass java/lang/management/DefaultPlatformMBeanProvider$1
instanceKlass java/util/concurrent/Callable
instanceKlass com/sun/management/internal/PlatformMBeanProviderImpl$5
instanceKlass sun/management/VMManagementImpl
instanceKlass sun/management/VMManagement
instanceKlass sun/management/ManagementFactoryHelper
instanceKlass sun/management/NotificationEmitterSupport
instanceKlass javax/management/NotificationEmitter
instanceKlass javax/management/NotificationBroadcaster
instanceKlass com/sun/management/DiagnosticCommandMBean
instanceKlass javax/management/DynamicMBean
instanceKlass com/sun/management/internal/PlatformMBeanProviderImpl$4
instanceKlass com/sun/management/internal/PlatformMBeanProviderImpl$3
instanceKlass com/sun/management/internal/PlatformMBeanProviderImpl$2
instanceKlass java/util/stream/ReduceOps$Box
instanceKlass java/util/stream/ReduceOps$AccumulatingSink
instanceKlass java/util/stream/ReduceOps$ReduceOp
instanceKlass java/util/stream/ReduceOps
instanceKlass  @bci java/util/stream/Collectors castingIdentity ()Ljava/util/function/Function; 0 <appendix> argL0 ; # java/util/stream/Collectors$$Lambda+0x00000008000ba9e8
instanceKlass  @bci java/util/stream/Collectors toSet ()Ljava/util/stream/Collector; 14 <appendix> argL0 ; # java/util/stream/Collectors$$Lambda+0x00000008000ba7a0
instanceKlass java/util/function/BinaryOperator
instanceKlass  @bci java/util/stream/Collectors toSet ()Ljava/util/stream/Collector; 9 <appendix> argL0 ; # java/util/stream/Collectors$$Lambda+0x00000008000ba370
instanceKlass java/util/function/BiConsumer
instanceKlass  @bci java/util/stream/Collectors toSet ()Ljava/util/stream/Collector; 4 <appendix> argL0 ; # java/util/stream/Collectors$$Lambda+0x00000008000b9f50
instanceKlass java/util/stream/Collector
instanceKlass java/util/stream/Collectors
instanceKlass com/sun/management/internal/PlatformMBeanProviderImpl$1
instanceKlass sun/management/spi/PlatformMBeanProvider$PlatformComponent
instanceKlass  @bci com/sun/management/internal/PlatformMBeanProviderImpl <clinit> ()V 8 <appendix> argL0 ; # com/sun/management/internal/PlatformMBeanProviderImpl$$Lambda+0x00000008000b8e10
instanceKlass sun/management/spi/PlatformMBeanProvider
instanceKlass java/security/Security$1
instanceKlass jdk/internal/access/JavaSecurityPropertiesAccess
instanceKlass java/util/concurrent/ConcurrentHashMap$MapEntry
instanceKlass java/io/FileInputStream$1
instanceKlass java/util/Properties$LineReader
instanceKlass  @bci java/security/Security <clinit> ()V 9 <appendix> argL0 ; # java/security/Security$$Lambda+0x00000008000b7cf8
instanceKlass java/security/Security
instanceKlass sun/security/util/SecurityProperties
instanceKlass sun/security/util/FilePermCompat
instanceKlass java/io/FilePermission$1
instanceKlass jdk/internal/access/JavaIOFilePermissionAccess
instanceKlass java/lang/management/ManagementFactory$PlatformMBeanFinder$1
instanceKlass java/lang/management/ManagementFactory$PlatformMBeanFinder
instanceKlass java/lang/management/RuntimeMXBean
instanceKlass java/lang/management/PlatformManagedObject
instanceKlass  @bci java/lang/management/ManagementFactory loadNativeLib ()V 0 <appendix> argL0 ; # java/lang/management/ManagementFactory$$Lambda+0x00000008000b6210
instanceKlass java/lang/management/ManagementFactory
instanceKlass org/apache/logging/log4j/core/net/JndiManager$JndiManagerFactory
instanceKlass javax/naming/Context
instanceKlass org/apache/logging/log4j/core/appender/ManagerFactory
instanceKlass org/apache/logging/log4j/core/appender/AbstractManager
instanceKlass  @bci java/util/stream/MatchOps makeRef (Ljava/util/function/Predicate;Ljava/util/stream/MatchOps$MatchKind;)Ljava/util/stream/TerminalOp; 20 <appendix> member <vmtarget> ; # java/util/stream/MatchOps$$Lambda+0x00000008000b4a60
instanceKlass java/util/stream/MatchOps$BooleanTerminalSink
instanceKlass java/util/stream/MatchOps$MatchOp
instanceKlass java/util/stream/MatchOps
instanceKlass  @bci org/apache/logging/log4j/core/impl/ThreadContextDataInjector getServiceProviders ()Ljava/util/List; 69 <appendix> member <vmtarget> ; # org/apache/logging/log4j/core/impl/ThreadContextDataInjector$$Lambda+0x00000008001113a8
instanceKlass  @cpi org/apache/logging/log4j/core/util/datetime/FastDateParser 466 form vmentry <vmtarget> ; # java/lang/invoke/LambdaForm$DMH+0x0000000800114000
instanceKlass java/util/ArrayList$ArrayListSpliterator
instanceKlass org/apache/logging/log4j/core/impl/ThreadContextDataProvider
instanceKlass org/apache/logging/log4j/core/util/ContextDataProvider
instanceKlass java/util/concurrent/ConcurrentLinkedDeque$Node
instanceKlass org/apache/logging/log4j/core/impl/ThreadContextDataInjector
instanceKlass org/apache/logging/log4j/core/impl/ThreadContextDataInjector$ForCopyOnWriteThreadContextMap
instanceKlass org/apache/logging/log4j/spi/DefaultThreadContextStack
instanceKlass org/apache/logging/log4j/spi/DefaultThreadContextMap
instanceKlass org/apache/logging/log4j/spi/GarbageFreeSortedArrayThreadContextMap
instanceKlass java/io/ObjectInputFilter$FilterInfo
instanceKlass org/apache/logging/log4j/util/internal/DefaultObjectInputFilter
instanceKlass java/io/ObjectInputFilter
instanceKlass java/io/ObjectInputValidation
instanceKlass java/io/ObjectInputStream$GetField
instanceKlass java/lang/PublicMethods
instanceKlass  @bci org/apache/logging/log4j/util/SortedArrayStringMap <clinit> ()V 0 <appendix> argL0 ; # org/apache/logging/log4j/util/SortedArrayStringMap$$Lambda+0x000000080010fdc8
instanceKlass  @cpi org/apache/logging/log4j/util/SortedArrayStringMap 465 form vmentry <vmtarget> ; # java/lang/invoke/LambdaForm$DMH+0x000000080010d400
instanceKlass  @cpi com/teamdev/jxbrowser/internal/rpc/transport/CommonThreadCallExecutor 25 form vmentry <vmtarget> ; # java/lang/invoke/LambdaForm$DMH+0x000000080010d000
instanceKlass org/apache/logging/log4j/util/TriConsumer
instanceKlass java/io/ObjectStreamConstants
instanceKlass java/io/ObjectInput
instanceKlass org/apache/logging/log4j/util/SortedArrayStringMap
instanceKlass org/apache/logging/log4j/util/IndexedStringMap
instanceKlass org/apache/logging/log4j/util/IndexedReadOnlyStringMap
instanceKlass org/apache/logging/log4j/util/StringMap
instanceKlass org/apache/logging/log4j/util/ReadOnlyStringMap
instanceKlass org/apache/logging/log4j/spi/CopyOnWriteSortedArrayThreadContextMap
instanceKlass org/apache/logging/log4j/spi/CopyOnWrite
instanceKlass org/apache/logging/log4j/spi/ObjectThreadContextMap
instanceKlass org/apache/logging/log4j/spi/CleanableThreadContextMap
instanceKlass org/apache/logging/log4j/spi/ThreadContextMap2
instanceKlass org/apache/logging/log4j/spi/ReadOnlyThreadContextMap
instanceKlass org/apache/logging/log4j/spi/ThreadContextMapFactory
instanceKlass org/apache/logging/log4j/ThreadContext$EmptyIterator
instanceKlass org/apache/logging/log4j/spi/ThreadContextMap
instanceKlass org/apache/logging/log4j/spi/ThreadContextStack
instanceKlass org/apache/logging/log4j/ThreadContext$ContextStack
instanceKlass org/apache/logging/log4j/ThreadContext
instanceKlass org/apache/logging/log4j/core/ContextDataInjector
instanceKlass org/apache/logging/log4j/core/impl/ContextDataInjectorFactory
instanceKlass org/apache/logging/log4j/core/util/ReflectionUtil
instanceKlass java/util/concurrent/CopyOnWriteArrayList$COWIterator
instanceKlass  @bci org/apache/logging/log4j/core/config/plugins/util/PluginRegistry decodeCacheFiles (Ljava/lang/ClassLoader;)Ljava/util/Map; 320 <adapter> ; # java/lang/invoke/LambdaForm$MH+0x000000080010cc00
# instanceKlass java/lang/invoke/LambdaForm$DMH+0x000000080010c800
instanceKlass  @bci org/apache/logging/log4j/core/config/plugins/util/PluginRegistry decodeCacheFiles (Ljava/lang/ClassLoader;)Ljava/util/Map; 320 <appendix> form vmentry <vmtarget> ; # java/lang/invoke/LambdaForm$DMH+0x000000080010c400
instanceKlass  @bci org/apache/logging/log4j/core/config/plugins/util/PluginRegistry decodeCacheFiles (Ljava/lang/ClassLoader;)Ljava/util/Map; 320 <appendix> member <vmtarget> ; # org/apache/logging/log4j/core/config/plugins/util/PluginRegistry$$Lambda+0x000000080010a178
instanceKlass  @cpi org/apache/logging/log4j/core/config/plugins/util/PluginRegistry 326 form vmentry <vmtarget> ; # java/lang/invoke/LambdaForm$DMH+0x000000080010c000
instanceKlass org/apache/logging/log4j/util/Supplier
instanceKlass org/apache/logging/log4j/core/util/AbstractWatcher
instanceKlass org/apache/logging/log4j/core/config/plugins/convert/TypeConverters$UuidConverter
instanceKlass org/apache/logging/log4j/core/config/plugins/convert/TypeConverters$UrlConverter
instanceKlass org/apache/logging/log4j/core/config/plugins/convert/TypeConverters$UriConverter
instanceKlass org/apache/logging/log4j/core/config/plugins/convert/TypeConverters$StringConverter
instanceKlass org/apache/logging/log4j/core/config/plugins/convert/TypeConverters$ShortConverter
instanceKlass org/apache/logging/log4j/core/config/plugins/convert/TypeConverters$SecurityProviderConverter
instanceKlass org/apache/logging/log4j/core/config/plugins/convert/TypeConverters$PatternConverter
instanceKlass org/apache/logging/log4j/core/config/plugins/convert/TypeConverters$PathConverter
instanceKlass org/apache/logging/log4j/core/config/plugins/convert/TypeConverters$LongConverter
instanceKlass org/apache/logging/log4j/core/config/plugins/convert/TypeConverters$LevelConverter
instanceKlass org/apache/logging/log4j/core/config/plugins/convert/TypeConverters$IntegerConverter
instanceKlass org/apache/logging/log4j/core/config/plugins/convert/TypeConverters$InetAddressConverter
instanceKlass org/apache/logging/log4j/core/config/plugins/convert/TypeConverters$FloatConverter
instanceKlass org/apache/logging/log4j/core/config/plugins/convert/TypeConverters$FileConverter
instanceKlass org/apache/logging/log4j/core/config/plugins/convert/TypeConverters$DurationConverter
instanceKlass org/apache/logging/log4j/core/config/plugins/convert/TypeConverters$DoubleConverter
instanceKlass org/apache/logging/log4j/core/config/plugins/convert/TypeConverters$CronExpressionConverter
instanceKlass org/apache/logging/log4j/core/config/plugins/convert/TypeConverters$ClassConverter
instanceKlass org/apache/logging/log4j/core/config/plugins/convert/TypeConverters$CharsetConverter
instanceKlass org/apache/logging/log4j/core/config/plugins/convert/TypeConverters$CharArrayConverter
instanceKlass org/apache/logging/log4j/core/config/plugins/convert/TypeConverters$CharacterConverter
instanceKlass org/apache/logging/log4j/core/config/plugins/convert/TypeConverters$ByteArrayConverter
instanceKlass org/apache/logging/log4j/core/config/plugins/convert/TypeConverters$ByteConverter
instanceKlass org/apache/logging/log4j/core/config/plugins/convert/TypeConverters$BooleanConverter
instanceKlass org/apache/logging/log4j/core/config/plugins/convert/TypeConverters$BigIntegerConverter
instanceKlass org/apache/logging/log4j/core/config/plugins/convert/TypeConverters$BigDecimalConverter
instanceKlass org/apache/logging/log4j/core/config/plugins/convert/TypeConverter
instanceKlass org/apache/logging/log4j/core/lookup/UpperLookup
instanceKlass org/apache/logging/log4j/core/lookup/StructuredDataLookup
instanceKlass org/apache/logging/log4j/core/lookup/LowerLookup
instanceKlass org/apache/logging/log4j/core/lookup/MapLookup
instanceKlass org/apache/logging/log4j/core/lookup/DateLookup
instanceKlass org/apache/logging/log4j/core/lookup/ContextMapLookup
instanceKlass org/apache/logging/log4j/core/pattern/FileDatePatternConverter
instanceKlass org/apache/logging/log4j/core/config/arbiters/SystemPropertyArbiter
instanceKlass org/apache/logging/log4j/core/net/ssl/SslConfiguration
instanceKlass org/apache/logging/log4j/core/appender/rolling/action/PathSortByModificationTime
instanceKlass org/apache/logging/log4j/core/appender/rolling/action/PathSorter
instanceKlass org/apache/logging/log4j/core/net/SocketPerformancePreferences
instanceKlass org/apache/logging/log4j/core/net/SocketOptions
instanceKlass org/apache/logging/log4j/core/util/Builder
instanceKlass org/apache/logging/log4j/core/net/SocketAddress
instanceKlass org/apache/logging/log4j/core/config/arbiters/SelectArbiter
instanceKlass org/apache/logging/log4j/core/config/ScriptsPlugin
instanceKlass org/apache/logging/log4j/core/layout/ScriptPatternSelector
instanceKlass org/apache/logging/log4j/core/appender/rolling/action/ScriptCondition
instanceKlass org/apache/logging/log4j/core/config/arbiters/ScriptArbiter
instanceKlass org/apache/logging/log4j/core/script/AbstractScript
instanceKlass org/apache/logging/log4j/core/appender/routing/Routes
instanceKlass org/apache/logging/log4j/core/appender/routing/Route
instanceKlass org/apache/logging/log4j/core/pattern/RegexReplacement
instanceKlass org/apache/logging/log4j/core/appender/rewrite/PropertiesRewritePolicy
instanceKlass org/apache/logging/log4j/core/config/PropertiesPlugin
instanceKlass org/apache/logging/log4j/core/layout/PatternMatch
instanceKlass org/apache/logging/log4j/core/net/MulticastDnsAdvertiser
instanceKlass org/apache/logging/log4j/core/layout/MarkerPatternSelector
instanceKlass org/apache/logging/log4j/core/appender/rewrite/MapRewritePolicy
instanceKlass org/apache/logging/log4j/core/config/LoggersPlugin
instanceKlass org/apache/logging/log4j/core/appender/rewrite/LoggerNameLevelRewritePolicy
instanceKlass org/apache/logging/log4j/core/appender/rewrite/RewritePolicy
instanceKlass org/apache/logging/log4j/core/layout/LoggerFields
instanceKlass org/apache/logging/log4j/core/async/LinkedTransferQueueFactory
instanceKlass org/apache/logging/log4j/core/layout/LevelPatternSelector
instanceKlass org/apache/logging/log4j/core/layout/PatternSelector
instanceKlass org/apache/logging/log4j/core/util/KeyValuePair
instanceKlass org/apache/logging/log4j/core/net/ssl/StoreConfiguration
instanceKlass org/apache/logging/log4j/core/async/JCToolsBlockingQueueFactory
instanceKlass org/apache/logging/log4j/core/appender/rolling/action/IfNot
instanceKlass org/apache/logging/log4j/core/appender/rolling/action/IfLastModified
instanceKlass org/apache/logging/log4j/core/appender/rolling/action/IfFileName
instanceKlass org/apache/logging/log4j/core/appender/rolling/action/IfAny
instanceKlass org/apache/logging/log4j/core/appender/rolling/action/IfAll
instanceKlass org/apache/logging/log4j/core/appender/rolling/action/IfAccumulatedFileSize
instanceKlass org/apache/logging/log4j/core/appender/rolling/action/IfAccumulatedFileCount
instanceKlass org/apache/logging/log4j/core/appender/rolling/action/PathCondition
instanceKlass org/apache/logging/log4j/core/appender/routing/PurgePolicy
instanceKlass org/apache/logging/log4j/core/appender/FailoversPlugin
instanceKlass org/apache/logging/log4j/core/async/DisruptorBlockingQueueFactory
instanceKlass org/apache/logging/log4j/core/appender/rolling/DirectFileRolloverStrategy
instanceKlass org/apache/logging/log4j/core/appender/rolling/action/AbstractAction
instanceKlass org/apache/logging/log4j/core/appender/rolling/action/Action
instanceKlass org/apache/logging/log4j/core/appender/rolling/AbstractRolloverStrategy
instanceKlass org/apache/logging/log4j/core/appender/rolling/RolloverStrategy
instanceKlass org/apache/logging/log4j/core/config/arbiters/DefaultArbiter
instanceKlass org/apache/logging/log4j/core/config/CustomLevels
instanceKlass org/apache/logging/log4j/core/config/CustomLevelConfig
instanceKlass org/apache/logging/log4j/core/layout/AbstractLayout
instanceKlass org/apache/logging/log4j/core/StringLayout
instanceKlass org/apache/logging/log4j/core/appender/rolling/TriggeringPolicy
instanceKlass org/apache/logging/log4j/core/appender/db/jdbc/ConnectionSource
instanceKlass org/apache/logging/log4j/core/appender/db/ColumnMapping
instanceKlass org/apache/logging/log4j/core/appender/db/jdbc/ColumnConfig
instanceKlass org/apache/logging/log4j/core/config/arbiters/ClassArbiter
instanceKlass org/apache/logging/log4j/core/config/arbiters/Arbiter
instanceKlass org/apache/logging/log4j/core/async/ArrayBlockingQueueFactory
instanceKlass org/apache/logging/log4j/core/async/BlockingQueueFactory
instanceKlass org/apache/logging/log4j/core/appender/AppenderSet
instanceKlass org/apache/logging/log4j/core/config/AppendersPlugin
instanceKlass org/apache/logging/log4j/core/config/AppenderRef
instanceKlass org/apache/logging/log4j/core/pattern/AnsiConverter
instanceKlass org/apache/logging/log4j/core/pattern/ArrayPatternConverter
instanceKlass org/apache/logging/log4j/core/impl/LocationAware
instanceKlass org/apache/logging/log4j/core/pattern/AbstractPatternConverter
instanceKlass org/apache/logging/log4j/core/pattern/PatternConverter
instanceKlass org/apache/logging/log4j/core/config/plugins/util/PluginType
instanceKlass org/apache/logging/log4j/core/config/builder/api/ConfigurationBuilderFactory
instanceKlass  @bci org/apache/logging/log4j/core/config/plugins/processor/PluginCache loadCacheFiles (Ljava/util/Enumeration;)V 140 <adapter> ; # java/lang/invoke/LambdaForm$MH+0x00000008000e0c00
# instanceKlass java/lang/invoke/LambdaForm$DMH+0x00000008000e0800
instanceKlass  @bci org/apache/logging/log4j/core/config/plugins/processor/PluginCache loadCacheFiles (Ljava/util/Enumeration;)V 140 <appendix> form vmentry <vmtarget> ; # java/lang/invoke/LambdaForm$DMH+0x00000008000e0400
instanceKlass  @bci org/apache/logging/log4j/core/config/plugins/processor/PluginCache loadCacheFiles (Ljava/util/Enumeration;)V 140 <appendix> member <vmtarget> ; # org/apache/logging/log4j/core/config/plugins/processor/PluginCache$$Lambda+0x00000008000dc088
instanceKlass  @cpi org/apache/logging/log4j/core/config/plugins/processor/PluginCache 190 form vmentry <vmtarget> ; # java/lang/invoke/LambdaForm$DMH+0x00000008000e0000
instanceKlass org/apache/logging/log4j/core/config/plugins/processor/PluginEntry
instanceKlass  @bci org/apache/logging/log4j/core/config/plugins/processor/PluginCache getCategory (Ljava/lang/String;)Ljava/util/Map; 10 <appendix> argL0 ; # org/apache/logging/log4j/core/config/plugins/processor/PluginCache$$Lambda+0x00000008000dbbd8
instanceKlass jdk/internal/util/ByteArray
instanceKlass org/apache/logging/log4j/core/config/plugins/processor/PluginCache
instanceKlass org/apache/logging/log4j/core/config/plugins/util/ResolverUtil$Test
instanceKlass org/apache/logging/log4j/core/config/plugins/util/PluginRegistry
instanceKlass org/apache/logging/log4j/core/config/plugins/util/PluginManager
instanceKlass org/apache/logging/log4j/core/lookup/PropertiesLookup
instanceKlass org/apache/logging/log4j/core/lookup/LookupResult
instanceKlass org/apache/logging/log4j/core/lookup/AbstractLookup
instanceKlass org/apache/logging/log4j/core/config/DefaultAdvertiser
instanceKlass org/apache/logging/log4j/core/config/Property
instanceKlass org/apache/logging/log4j/core/config/ConfigurationSource
instanceKlass org/apache/logging/log4j/core/util/Watcher
instanceKlass org/apache/logging/log4j/core/Appender
instanceKlass org/apache/logging/log4j/core/Layout
instanceKlass org/apache/logging/log4j/core/layout/Encoder
instanceKlass org/apache/logging/log4j/core/async/AsyncLoggerConfigDelegate
instanceKlass org/apache/logging/log4j/core/util/NanoClock
instanceKlass org/apache/logging/log4j/core/lookup/StrLookup
instanceKlass org/apache/logging/log4j/core/net/Advertiser
instanceKlass org/apache/logging/log4j/core/lookup/StrSubstitutor
instanceKlass org/apache/logging/log4j/core/config/ConfigurationAware
instanceKlass org/apache/logging/log4j/core/Filter
instanceKlass org/apache/logging/log4j/core/AbstractLifeCycle
instanceKlass org/apache/logging/log4j/spi/LoggerContextShutdownEnabled
instanceKlass org/apache/logging/log4j/core/config/ConfigurationListener
instanceKlass org/apache/logging/log4j/spi/Terminable
instanceKlass  @bci org/apache/logging/log4j/util/StackLocator getCallerClass (Ljava/lang/String;Ljava/lang/String;)Ljava/lang/Class; 16 <appendix> argL0 ; # org/apache/logging/log4j/util/StackLocator$$Lambda+0x00000008000d5c08
instanceKlass  @cpi org/glassfish/jaxb/core/StackHelper 41 form vmentry <vmtarget> ; # java/lang/invoke/LambdaForm$DMH+0x00000008000ccc00
instanceKlass java/util/stream/Sink$ChainedReference
instanceKlass java/util/stream/WhileOps$DropWhileSink
instanceKlass  @bci java/util/stream/FindOps$FindSink$OfRef <clinit> ()V 43 <appendix> argL0 ; # java/util/stream/FindOps$FindSink$OfRef$$Lambda+0x00000008000abeb0
instanceKlass  @bci java/util/stream/FindOps$FindSink$OfRef <clinit> ()V 38 <appendix> argL0 ; # java/util/stream/FindOps$FindSink$OfRef$$Lambda+0x00000008000abc60
instanceKlass  @bci java/util/stream/FindOps$FindSink$OfRef <clinit> ()V 16 <appendix> argL0 ; # java/util/stream/FindOps$FindSink$OfRef$$Lambda+0x00000008000aba40
instanceKlass  @bci java/util/stream/FindOps$FindSink$OfRef <clinit> ()V 11 <appendix> argL0 ; # java/util/stream/FindOps$FindSink$OfRef$$Lambda+0x00000008000ab7f0
instanceKlass java/util/stream/FindOps$FindOp
instanceKlass java/util/stream/TerminalOp
instanceKlass java/util/stream/FindOps$FindSink
instanceKlass java/util/stream/TerminalSink
instanceKlass java/util/stream/Sink
instanceKlass java/util/stream/FindOps
instanceKlass  @bci org/apache/logging/log4j/util/StackLocator lambda$getCallerClass$6 (Ljava/lang/String;Ljava/lang/String;Ljava/util/stream/Stream;)Ljava/util/Optional; 24 <appendix> member <vmtarget> ; # org/apache/logging/log4j/util/StackLocator$$Lambda+0x00000008000d59b0
instanceKlass  @bci org/apache/logging/log4j/util/StackLocator lambda$getCallerClass$6 (Ljava/lang/String;Ljava/lang/String;Ljava/util/stream/Stream;)Ljava/util/Optional; 13 <appendix> member <vmtarget> ; # org/apache/logging/log4j/util/StackLocator$$Lambda+0x00000008000d5758
instanceKlass java/util/stream/WhileOps$DropWhileOp
instanceKlass java/util/stream/WhileOps
instanceKlass  @bci org/apache/logging/log4j/util/StackLocator lambda$getCallerClass$6 (Ljava/lang/String;Ljava/lang/String;Ljava/util/stream/Stream;)Ljava/util/Optional; 2 <appendix> member <vmtarget> ; # org/apache/logging/log4j/util/StackLocator$$Lambda+0x00000008000d5500
instanceKlass java/util/function/Predicate
instanceKlass java/lang/StackStreamFactory$FrameBuffer
instanceKlass java/lang/StackStreamFactory
instanceKlass  @bci org/apache/logging/log4j/util/StackLocator getCallerClass (Ljava/lang/String;Ljava/lang/String;)Ljava/lang/Class; 5 <appendix> member <vmtarget> ; # org/apache/logging/log4j/util/StackLocator$$Lambda+0x00000008000d52b8
instanceKlass org/apache/logging/log4j/util/StackLocator
instanceKlass org/apache/logging/log4j/util/StackLocatorUtil
instanceKlass org/apache/logging/log4j/internal/LogManagerStatus
instanceKlass java/lang/Shutdown$Lock
instanceKlass java/lang/Shutdown
instanceKlass java/lang/ApplicationShutdownHooks$1
instanceKlass java/lang/ApplicationShutdownHooks
instanceKlass java/lang/invoke/VarHandle$AccessDescriptor
instanceKlass java/util/concurrent/Executors$DefaultThreadFactory
instanceKlass java/util/concurrent/Executors
instanceKlass org/apache/logging/log4j/core/util/Cancellable
instanceKlass org/apache/logging/log4j/core/util/DefaultShutdownCallbackRegistry
instanceKlass org/apache/logging/log4j/core/LifeCycle2
instanceKlass java/util/concurrent/atomic/AtomicReference
instanceKlass org/apache/logging/log4j/core/selector/ClassLoaderContextSelector
instanceKlass org/apache/logging/log4j/spi/LoggerContextShutdownAware
instanceKlass org/apache/logging/log4j/core/util/Loader
instanceKlass org/apache/logging/log4j/core/util/Constants
instanceKlass org/apache/logging/log4j/core/selector/ContextSelector
instanceKlass org/apache/logging/log4j/spi/LoggerContext
instanceKlass org/apache/logging/log4j/core/config/Configuration
instanceKlass org/apache/logging/log4j/core/filter/Filterable
instanceKlass org/apache/logging/log4j/core/LifeCycle
instanceKlass org/apache/logging/log4j/core/impl/Log4jContextFactory
instanceKlass org/apache/logging/log4j/core/util/ShutdownCallbackRegistry
instanceKlass org/apache/logging/log4j/spi/Provider
instanceKlass org/apache/logging/log4j/util/ProviderUtil
instanceKlass java/text/Format
instanceKlass java/util/RegularEnumSet$EnumSetIterator
instanceKlass org/apache/logging/log4j/Level
instanceKlass  @bci org/apache/logging/log4j/util/Strings <clinit> ()V 0 <appendix> argL0 ; # org/apache/logging/log4j/util/Strings$$Lambda+0x00000008000cfce0
instanceKlass org/apache/logging/log4j/util/Strings
instanceKlass java/lang/invoke/VarForm
instanceKlass java/lang/invoke/VarHandleGuards
instanceKlass java/lang/invoke/VarHandles
instanceKlass java/util/concurrent/ConcurrentLinkedQueue$Node
instanceKlass java/util/concurrent/locks/ReentrantReadWriteLock$WriteLock
instanceKlass java/util/concurrent/locks/ReentrantReadWriteLock$ReadLock
instanceKlass java/util/concurrent/locks/ReentrantReadWriteLock
instanceKlass org/apache/logging/log4j/message/ExitMessage
instanceKlass org/apache/logging/log4j/message/EntryMessage
instanceKlass org/apache/logging/log4j/message/FlowMessage
instanceKlass org/apache/logging/log4j/message/DefaultFlowMessageFactory
instanceKlass org/apache/logging/log4j/message/FlowMessageFactory
instanceKlass java/util/regex/IntHashSet
instanceKlass java/util/regex/Matcher
instanceKlass java/util/regex/MatchResult
instanceKlass java/util/regex/Pattern$TreeInfo
instanceKlass  @bci java/util/regex/Pattern union (Ljava/util/regex/Pattern$CharPredicate;Ljava/util/regex/Pattern$CharPredicate;Z)Ljava/util/regex/Pattern$CharPredicate; 6 <appendix> member <vmtarget> ; # java/util/regex/Pattern$$Lambda+0x00000008000a0fe0
instanceKlass  @bci java/util/regex/Pattern Range (II)Ljava/util/regex/Pattern$CharPredicate; 23 <appendix> member <vmtarget> ; # java/util/regex/Pattern$$Lambda+0x00000008000a08e0
instanceKlass java/util/regex/Pattern$BitClass
instanceKlass  @bci java/util/regex/Pattern Single (I)Ljava/util/regex/Pattern$BmpCharPredicate; 1 <appendix> member <vmtarget> ; # java/util/regex/Pattern$$Lambda+0x000000080009f4a8
instanceKlass java/util/regex/Pattern$BmpCharPredicate
instanceKlass java/util/regex/Pattern$CharPredicate
instanceKlass java/util/regex/ASCII
instanceKlass java/util/regex/Pattern$Node
instanceKlass java/util/regex/Pattern
instanceKlass org/apache/logging/log4j/util/PropertySource$Util
instanceKlass java/util/Collections$UnmodifiableMap$UnmodifiableEntrySet$UnmodifiableEntry
instanceKlass java/util/Collections$UnmodifiableMap$UnmodifiableEntrySet$1
instanceKlass java/util/Collections$UnmodifiableCollection
instanceKlass java/lang/ProcessEnvironment$CheckedEntry
instanceKlass java/lang/ProcessEnvironment$CheckedEntrySet$1
instanceKlass java/lang/ProcessEnvironment$EntryComparator
instanceKlass java/lang/ProcessEnvironment$NameComparator
instanceKlass  @bci org/apache/logging/log4j/util/PropertiesUtil$Environment reload ()V 59 <appendix> member <vmtarget> ; # org/apache/logging/log4j/util/PropertiesUtil$Environment$$Lambda+0x00000008000ce4d0
instanceKlass  @cpi com/teamdev/jxbrowser/internal/rpc/ServiceConnectionImpl 139 form vmentry <vmtarget> ; # java/lang/invoke/LambdaForm$DMH+0x00000008000cc800
instanceKlass org/apache/logging/log4j/util/SystemPropertiesPropertySource
instanceKlass java/util/ServiceLoader$ProviderImpl
instanceKlass java/util/ServiceLoader$Provider
instanceKlass java/util/ServiceLoader$1
instanceKlass org/apache/logging/log4j/util/EnvironmentPropertySource
instanceKlass java/nio/charset/CoderResult
instanceKlass java/io/Reader
instanceKlass java/lang/Readable
instanceKlass sun/net/www/MessageHeader
instanceKlass sun/net/www/protocol/jar/JarFileFactory
instanceKlass sun/net/www/protocol/jar/URLJarFile$URLJarFileCloseController
instanceKlass java/net/URLConnection
instanceKlass java/util/ServiceLoader$3
instanceKlass java/util/ServiceLoader$2
instanceKlass java/util/ServiceLoader$LazyClassPathLookupIterator
instanceKlass java/util/Spliterators$1Adapter
instanceKlass java/util/function/Consumer
# instanceKlass java/lang/invoke/LambdaForm$MH+0x00000008000cc400
instanceKlass jdk/internal/reflect/MethodHandleAccessorFactory$LazyStaticHolder
instanceKlass sun/reflect/annotation/AnnotationParser
instanceKlass java/lang/Class$3
instanceKlass java/util/EnumMap$1
instanceKlass java/util/stream/StreamOpFlag$MaskBuilder
instanceKlass java/util/stream/PipelineHelper
instanceKlass java/util/stream/Stream
instanceKlass java/util/stream/BaseStream
instanceKlass java/util/stream/StreamSupport
instanceKlass java/util/Spliterators$ArraySpliterator
instanceKlass java/util/Spliterator$OfDouble
instanceKlass java/util/Spliterator$OfLong
instanceKlass java/util/Spliterator$OfInt
instanceKlass java/util/Spliterator$OfPrimitive
instanceKlass java/util/Spliterators$EmptySpliterator
instanceKlass java/util/Spliterator
instanceKlass java/util/Spliterators
instanceKlass java/util/ServiceLoader$ModuleServicesLookupIterator
instanceKlass java/util/ServiceLoader
instanceKlass java/util/Collections$SynchronizedCollection
instanceKlass java/util/Properties$EntrySet
instanceKlass  @bci org/apache/logging/log4j/util/PropertiesUtil$Environment <init> (Lorg/apache/logging/log4j/util/PropertySource;)V 66 <appendix> argL0 ; # org/apache/logging/log4j/util/PropertiesUtil$Environment$$Lambda+0x00000008000cbd30
instanceKlass  @cpi com/teamdev/jxbrowser/engine/internal/StackTrace 26 form vmentry <vmtarget> ; # java/lang/invoke/LambdaForm$DMH+0x00000008000cc000
instanceKlass org/apache/logging/log4j/util/BiConsumer
instanceKlass org/apache/logging/log4j/util/PropertySource$Comparator
instanceKlass java/util/LinkedHashMap$LinkedHashIterator
instanceKlass jdk/internal/loader/URLClassPath$1
instanceKlass java/lang/CompoundEnumeration
instanceKlass jdk/internal/loader/BuiltinClassLoader$1
instanceKlass java/util/Collections$EmptyEnumeration
instanceKlass java/util/Collections$EmptyIterator
instanceKlass jdk/internal/jimage/ImageLocation
instanceKlass jdk/internal/jimage/decompressor/Decompressor
instanceKlass jdk/internal/jimage/ImageStringsReader
instanceKlass jdk/internal/jimage/ImageStrings
instanceKlass jdk/internal/jimage/ImageHeader
instanceKlass jdk/internal/jimage/NativeImageBuffer$1
instanceKlass jdk/internal/jimage/NativeImageBuffer
instanceKlass jdk/internal/jimage/BasicImageReader$1
instanceKlass jdk/internal/jimage/BasicImageReader
instanceKlass jdk/internal/jimage/ImageReader
instanceKlass jdk/internal/jimage/ImageReaderFactory$1
instanceKlass java/net/URI$Parser
instanceKlass java/nio/file/FileSystems$DefaultFileSystemHolder$1
instanceKlass java/nio/file/FileSystems$DefaultFileSystemHolder
instanceKlass java/nio/file/FileSystems
instanceKlass java/nio/file/Paths
instanceKlass jdk/internal/jimage/ImageReaderFactory
instanceKlass jdk/internal/module/SystemModuleFinders$SystemImage
instanceKlass jdk/internal/module/SystemModuleFinders$SystemModuleReader
instanceKlass java/lang/module/ModuleReader
instanceKlass jdk/internal/loader/BuiltinClassLoader$5
instanceKlass jdk/internal/loader/BuiltinClassLoader$2
instanceKlass jdk/internal/module/Resources
instanceKlass org/apache/logging/log4j/util/LoaderUtil$ThreadContextClassLoaderGetter
instanceKlass org/apache/logging/log4j/util/LoaderUtil
instanceKlass org/apache/logging/log4j/util/PropertiesPropertySource
instanceKlass org/apache/logging/log4j/util/PropertiesUtil$Environment
instanceKlass org/apache/logging/log4j/util/PropertySource
instanceKlass org/apache/logging/log4j/util/PropertiesUtil
instanceKlass org/apache/logging/log4j/util/Constants
instanceKlass org/apache/logging/log4j/message/AbstractMessageFactory
instanceKlass org/apache/logging/log4j/message/ReusableMessageFactory
instanceKlass org/apache/logging/log4j/MarkerManager$Log4jMarker
instanceKlass org/apache/logging/log4j/util/StringBuilderFormattable
instanceKlass org/apache/logging/log4j/Marker
instanceKlass org/apache/logging/log4j/MarkerManager
instanceKlass java/util/concurrent/locks/ReadWriteLock
instanceKlass org/apache/logging/log4j/LogBuilder
instanceKlass org/apache/logging/log4j/message/MessageFactory2
instanceKlass org/apache/logging/log4j/message/Message
instanceKlass org/apache/logging/log4j/spi/AbstractLogger
instanceKlass org/apache/logging/log4j/spi/LocationAwareLogger
instanceKlass org/apache/logging/log4j/spi/ExtendedLogger
instanceKlass org/apache/logging/log4j/message/MessageFactory
instanceKlass org/apache/logging/log4j/spi/LoggerContextFactory
instanceKlass org/apache/logging/log4j/Logger
instanceKlass org/apache/logging/log4j/LogManager
instanceKlass java/lang/PublicMethods$Key
instanceKlass java/lang/PublicMethods$MethodList
instanceKlass com/st/microxplorer/plugin/IPluginDBAccessor
instanceKlass com/st/components/util/CommandLineListener
instanceKlass javax/swing/TransferHandler$HasGetTransferHandler
instanceKlass javax/swing/RootPaneContainer
instanceKlass javax/swing/WindowConstants
instanceKlass java/awt/event/MouseListener
instanceKlass java/awt/event/WindowStateListener
instanceKlass java/awt/event/ComponentListener
instanceKlass java/util/EventListener
instanceKlass com/st/microxplorer/plugin/PluginViewConstants
instanceKlass com/st/microxplorer/maingui/IMainframe
instanceKlass java/awt/Component
instanceKlass java/awt/image/ImageObserver
instanceKlass javax/accessibility/Accessible
instanceKlass java/awt/MenuContainer
instanceKlass jdk/internal/misc/PreviewFeatures
instanceKlass jdk/internal/misc/MainMethodFinder
instanceKlass com/st/microxplorer/maingui/MicroXplorer
instanceKlass java/security/SecureClassLoader$DebugHolder
instanceKlass java/security/Permission
instanceKlass java/security/Guard
instanceKlass java/security/PermissionCollection
instanceKlass java/security/SecureClassLoader$1
instanceKlass java/util/zip/Checksum$1
instanceKlass java/util/zip/CRC32
instanceKlass java/util/zip/Checksum
instanceKlass sun/nio/ByteBuffered
instanceKlass java/lang/Package$VersionInfo
instanceKlass java/lang/NamedPackage
instanceKlass jdk/internal/loader/Resource
instanceKlass java/util/jar/Attributes$Name
instanceKlass java/util/jar/Attributes
instanceKlass sun/security/action/GetIntegerAction
instanceKlass sun/security/util/Debug
instanceKlass sun/security/util/SignatureFileVerifier
instanceKlass java/util/zip/ZipFile$InflaterCleanupAction
instanceKlass java/util/zip/Inflater$InflaterZStreamRef
instanceKlass java/util/zip/Inflater
instanceKlass java/util/zip/ZipEntry
instanceKlass java/util/zip/ZipFile$2
instanceKlass java/nio/Bits$1
instanceKlass jdk/internal/misc/VM$BufferPool
instanceKlass java/nio/Bits
instanceKlass sun/nio/ch/DirectBuffer
instanceKlass jdk/internal/perf/PerfCounter$CoreCounters
instanceKlass jdk/internal/perf/Perf
instanceKlass jdk/internal/perf/Perf$GetPerfAction
instanceKlass jdk/internal/perf/PerfCounter
instanceKlass sun/util/locale/LocaleObjectCache
instanceKlass sun/util/locale/BaseLocale$Key
instanceKlass sun/util/locale/LocaleUtils
instanceKlass sun/util/locale/BaseLocale
instanceKlass java/util/Locale
instanceKlass java/nio/file/attribute/FileTime
instanceKlass java/util/TreeMap$PrivateEntryIterator
instanceKlass java/util/TreeMap$Entry
instanceKlass java/util/NavigableMap
instanceKlass java/util/SortedMap
instanceKlass java/util/SequencedMap
instanceKlass java/util/NavigableSet
instanceKlass java/util/SortedSet
instanceKlass java/util/SequencedSet
instanceKlass java/util/zip/ZipUtils
instanceKlass java/util/zip/ZipFile$Source$End
instanceKlass java/io/RandomAccessFile$2
instanceKlass jdk/internal/access/JavaIORandomAccessFileAccess
instanceKlass java/io/RandomAccessFile
instanceKlass java/io/DataInput
instanceKlass java/io/DataOutput
instanceKlass sun/nio/fs/WindowsNativeDispatcher$CompletionStatus
instanceKlass sun/nio/fs/WindowsNativeDispatcher$AclInformation
instanceKlass sun/nio/fs/WindowsNativeDispatcher$Account
instanceKlass sun/nio/fs/WindowsNativeDispatcher$DiskFreeSpace
instanceKlass sun/nio/fs/WindowsNativeDispatcher$VolumeInformation
instanceKlass sun/nio/fs/WindowsNativeDispatcher$FirstStream
instanceKlass sun/nio/fs/WindowsNativeDispatcher$FirstFile
instanceKlass java/util/concurrent/ConcurrentHashMap$Traverser
instanceKlass java/util/Enumeration
instanceKlass jdk/internal/loader/NativeLibraries$3
instanceKlass jdk/internal/loader/NativeLibrary
instanceKlass java/util/ArrayDeque$DeqIterator
instanceKlass jdk/internal/loader/NativeLibraries$NativeLibraryContext$1
instanceKlass jdk/internal/loader/NativeLibraries$NativeLibraryContext
instanceKlass jdk/internal/loader/NativeLibraries$2
instanceKlass jdk/internal/loader/NativeLibraries$1
instanceKlass jdk/internal/loader/NativeLibraries$LibraryPaths
instanceKlass sun/nio/fs/WindowsNativeDispatcher
instanceKlass sun/nio/fs/NativeBuffer$Deallocator
instanceKlass sun/nio/fs/NativeBuffer
instanceKlass java/lang/ThreadLocal$ThreadLocalMap
instanceKlass java/lang/ThreadLocal
instanceKlass sun/nio/fs/NativeBuffers
instanceKlass sun/nio/fs/WindowsFileAttributes
instanceKlass java/nio/file/attribute/DosFileAttributes
instanceKlass sun/nio/fs/AbstractBasicFileAttributeView
instanceKlass sun/nio/fs/DynamicFileAttributeView
instanceKlass sun/nio/fs/WindowsFileAttributeViews
instanceKlass sun/nio/fs/Util
instanceKlass java/nio/file/attribute/BasicFileAttributeView
instanceKlass java/nio/file/attribute/FileAttributeView
instanceKlass java/nio/file/attribute/AttributeView
instanceKlass java/nio/file/Files
instanceKlass java/nio/file/CopyOption
instanceKlass java/nio/file/attribute/BasicFileAttributes
instanceKlass sun/nio/fs/WindowsPath
instanceKlass java/nio/file/Path
instanceKlass java/nio/file/Watchable
instanceKlass java/util/zip/ZipFile$Source$Key
instanceKlass sun/nio/fs/WindowsPathParser$Result
instanceKlass sun/nio/fs/WindowsPathParser
instanceKlass java/nio/file/FileSystem
instanceKlass java/nio/file/OpenOption
instanceKlass java/nio/file/spi/FileSystemProvider
instanceKlass java/util/concurrent/ForkJoinPool$ManagedBlocker
instanceKlass java/util/concurrent/locks/AbstractQueuedSynchronizer$Node
instanceKlass sun/nio/fs/DefaultFileSystemProvider
instanceKlass java/util/zip/ZipFile$Source
instanceKlass java/lang/ref/Cleaner$Cleanable
instanceKlass jdk/internal/ref/CleanerImpl
instanceKlass java/lang/ref/Cleaner$1
instanceKlass java/lang/ref/Cleaner
instanceKlass jdk/internal/ref/CleanerFactory$1
instanceKlass java/util/concurrent/ThreadFactory
instanceKlass jdk/internal/ref/CleanerFactory
instanceKlass java/util/zip/ZipCoder
instanceKlass java/util/zip/ZipFile$CleanableResource
instanceKlass java/lang/Runtime$Version
instanceKlass java/util/jar/JavaUtilJarAccessImpl
instanceKlass jdk/internal/access/JavaUtilJarAccess
instanceKlass jdk/internal/loader/FileURLMapper
instanceKlass jdk/internal/loader/URLClassPath$JarLoader$1
instanceKlass java/util/zip/ZipFile$1
instanceKlass jdk/internal/access/JavaUtilZipFileAccess
instanceKlass java/util/zip/ZipFile
instanceKlass java/util/zip/ZipConstants
instanceKlass jdk/internal/loader/URLClassPath$Loader
instanceKlass jdk/internal/loader/URLClassPath$3
instanceKlass java/security/PrivilegedExceptionAction
instanceKlass sun/net/util/URLUtil
instanceKlass java/lang/StringCoding
instanceKlass java/nio/charset/CharsetDecoder
instanceKlass sun/nio/cs/ArrayDecoder
instanceKlass sun/launcher/LauncherHelper
instanceKlass java/lang/invoke/StringConcatFactory
instanceKlass  @bci java/lang/WeakPairMap computeIfAbsent (Ljava/lang/Object;Ljava/lang/Object;Ljava/util/function/BiFunction;)Ljava/lang/Object; 18 <appendix> member <vmtarget> ; # java/lang/WeakPairMap$$Lambda+0x0000000800010958
instanceKlass  @bci java/lang/Module implAddExportsOrOpens (Ljava/lang/String;Ljava/lang/Module;ZZ)V 145 <appendix> argL0 ; # java/lang/Module$$Lambda+0x0000000800010000
instanceKlass java/lang/WeakPairMap$Pair$Lookup
instanceKlass java/lang/WeakPairMap$Pair
instanceKlass java/lang/WeakPairMap
instanceKlass java/lang/Module$ReflectionData
instanceKlass  @bci com/teamdev/jxbrowser/browser/internal/BrowserRpcConfig renderProcess (Lcom/teamdev/jxbrowser/browser/internal/rpc/RenderProcessStarted;Lcom/teamdev/jxbrowser/internal/rpc/RenderProcessId;Lcom/teamdev/jxbrowser/internal/rpc/ProcessId;)Lcom/teamdev/jxbrowser/browser/internal/RenderProcess; 17 <appendix> form vmentry <vmtarget> ; # java/lang/invoke/LambdaForm$MH+0x0000000800000400
instanceKlass jdk/internal/org/objectweb/asm/FieldVisitor
instanceKlass java/util/ArrayList$Itr
instanceKlass java/lang/invoke/InvokerBytecodeGenerator$ClassData
instanceKlass jdk/internal/org/objectweb/asm/Frame
instanceKlass java/lang/invoke/LambdaFormBuffer
instanceKlass java/lang/invoke/LambdaFormEditor$TransformKey
instanceKlass java/lang/invoke/LambdaFormEditor
instanceKlass java/lang/invoke/DelegatingMethodHandle$Holder
instanceKlass java/lang/invoke/DirectMethodHandle$2
instanceKlass java/lang/invoke/ClassSpecializer$Factory
instanceKlass java/lang/invoke/ClassSpecializer$SpeciesData
instanceKlass java/lang/invoke/ClassSpecializer$1
instanceKlass java/lang/invoke/ClassSpecializer
instanceKlass sun/invoke/empty/Empty
instanceKlass sun/invoke/util/VerifyType
instanceKlass  @bci jdk/internal/module/ModuleBootstrap decode (Ljava/lang/String;Ljava/lang/String;Z)Ljava/util/Map; 193 <appendix> argL0 ; # jdk/internal/module/ModuleBootstrap$$Lambda+0x000000080003a1e8
instanceKlass java/lang/invoke/MethodHandles$Lookup$ClassDefiner
instanceKlass java/lang/invoke/MethodHandles$Lookup$ClassFile
instanceKlass jdk/internal/org/objectweb/asm/AnnotationVisitor
instanceKlass jdk/internal/org/objectweb/asm/Attribute
instanceKlass jdk/internal/org/objectweb/asm/Handler
instanceKlass jdk/internal/org/objectweb/asm/Label
instanceKlass jdk/internal/org/objectweb/asm/MethodVisitor
instanceKlass java/lang/invoke/LambdaProxyClassArchive
instanceKlass jdk/internal/org/objectweb/asm/ByteVector
instanceKlass jdk/internal/org/objectweb/asm/Symbol
instanceKlass jdk/internal/org/objectweb/asm/SymbolTable
instanceKlass jdk/internal/org/objectweb/asm/ClassVisitor
instanceKlass java/lang/invoke/InfoFromMemberName
instanceKlass java/lang/invoke/MethodHandleInfo
instanceKlass jdk/internal/org/objectweb/asm/ConstantDynamic
instanceKlass sun/invoke/util/BytecodeDescriptor
instanceKlass jdk/internal/org/objectweb/asm/Handle
instanceKlass sun/security/action/GetBooleanAction
instanceKlass jdk/internal/org/objectweb/asm/Type
instanceKlass java/lang/invoke/AbstractValidatingLambdaMetafactory
instanceKlass java/lang/invoke/MethodHandleImpl$1
instanceKlass jdk/internal/access/JavaLangInvokeAccess
instanceKlass java/lang/invoke/Invokers$Holder
instanceKlass java/lang/invoke/BootstrapMethodInvoker
instanceKlass java/lang/invoke/InvokerBytecodeGenerator$1
instanceKlass java/lang/invoke/InvokerBytecodeGenerator
instanceKlass java/lang/invoke/LambdaForm$Holder
instanceKlass java/lang/invoke/LambdaForm$Name
instanceKlass java/lang/reflect/Array
instanceKlass java/lang/invoke/Invokers
instanceKlass java/lang/invoke/MethodHandleImpl
instanceKlass sun/invoke/util/ValueConversions
instanceKlass java/lang/invoke/DirectMethodHandle$Holder
instanceKlass java/lang/invoke/LambdaForm$NamedFunction
instanceKlass sun/invoke/util/Wrapper$Format
instanceKlass java/lang/invoke/MethodTypeForm
instanceKlass java/lang/Void
instanceKlass jdk/internal/util/StrongReferenceKey
instanceKlass jdk/internal/util/ReferenceKey
instanceKlass jdk/internal/util/ReferencedKeyMap
instanceKlass java/lang/invoke/MethodType$1
instanceKlass java/lang/invoke/LambdaMetafactory
instanceKlass java/lang/ModuleLayer$Controller
instanceKlass java/util/concurrent/CopyOnWriteArrayList
instanceKlass jdk/internal/module/ServicesCatalog$ServiceProvider
instanceKlass jdk/internal/loader/AbstractClassLoaderValue$Memoizer
instanceKlass java/util/ImmutableCollections$ListItr
instanceKlass java/util/ListIterator
instanceKlass java/lang/ModuleLayer
instanceKlass jdk/internal/module/ModuleLoaderMap$Modules
instanceKlass jdk/internal/module/ModuleLoaderMap$Mapper
instanceKlass jdk/internal/module/ModuleLoaderMap
instanceKlass java/util/AbstractMap$1$1
instanceKlass java/lang/module/ResolvedModule
instanceKlass java/lang/module/Configuration
instanceKlass jdk/internal/loader/BuiltinClassLoader$LoadedModule
instanceKlass jdk/internal/loader/AbstractClassLoaderValue
instanceKlass jdk/internal/module/ServicesCatalog
instanceKlass java/util/Deque
instanceKlass java/util/Queue
instanceKlass sun/net/util/IPAddressUtil$MASKS
instanceKlass sun/net/util/IPAddressUtil
instanceKlass java/net/URLStreamHandler
instanceKlass sun/net/www/ParseUtil
instanceKlass java/net/URL$3
instanceKlass jdk/internal/access/JavaNetURLAccess
instanceKlass java/net/URL$DefaultFactory
instanceKlass java/net/URLStreamHandlerFactory
instanceKlass jdk/internal/loader/URLClassPath
instanceKlass java/security/Principal
instanceKlass java/security/ProtectionDomain$Key
instanceKlass java/security/ProtectionDomain$JavaSecurityAccessImpl
instanceKlass jdk/internal/access/JavaSecurityAccess
instanceKlass java/lang/ClassLoader$ParallelLoaders
instanceKlass java/security/cert/Certificate
instanceKlass jdk/internal/loader/ArchivedClassLoaders
instanceKlass java/util/concurrent/ConcurrentHashMap$CollectionView
instanceKlass jdk/internal/loader/ClassLoaderHelper
instanceKlass jdk/internal/loader/NativeLibraries
instanceKlass java/lang/Module$EnableNativeAccess
instanceKlass jdk/internal/loader/BootLoader
instanceKlass java/util/Optional
instanceKlass jdk/internal/module/SystemModuleFinders$SystemModuleFinder
instanceKlass java/lang/module/ModuleFinder
instanceKlass jdk/internal/module/SystemModuleFinders$3
instanceKlass jdk/internal/module/ModuleHashes$HashSupplier
instanceKlass jdk/internal/module/SystemModuleFinders$2
instanceKlass java/util/function/Supplier
instanceKlass java/lang/module/ModuleReference
instanceKlass jdk/internal/module/ModuleResolution
instanceKlass java/util/Collections$UnmodifiableMap
instanceKlass jdk/internal/module/ModuleHashes$Builder
instanceKlass jdk/internal/module/ModuleHashes
instanceKlass jdk/internal/module/ModuleTarget
instanceKlass java/util/ImmutableCollections$Set12$1
instanceKlass java/lang/reflect/AccessFlag$18
instanceKlass java/lang/reflect/AccessFlag$17
instanceKlass java/lang/reflect/AccessFlag$16
instanceKlass java/lang/reflect/AccessFlag$15
instanceKlass java/lang/reflect/AccessFlag$14
instanceKlass java/lang/reflect/AccessFlag$13
instanceKlass java/lang/reflect/AccessFlag$12
instanceKlass java/lang/reflect/AccessFlag$11
instanceKlass java/lang/reflect/AccessFlag$10
instanceKlass java/lang/reflect/AccessFlag$9
instanceKlass java/lang/reflect/AccessFlag$8
instanceKlass java/lang/reflect/AccessFlag$7
instanceKlass java/lang/reflect/AccessFlag$6
instanceKlass java/lang/reflect/AccessFlag$5
instanceKlass java/lang/reflect/AccessFlag$4
instanceKlass java/lang/reflect/AccessFlag$3
instanceKlass java/lang/reflect/AccessFlag$2
instanceKlass java/lang/reflect/AccessFlag$1
instanceKlass java/lang/module/ModuleDescriptor$Version
instanceKlass java/lang/module/ModuleDescriptor$Provides
instanceKlass java/lang/module/ModuleDescriptor$Opens
instanceKlass java/util/ImmutableCollections$SetN$SetNIterator
instanceKlass java/lang/module/ModuleDescriptor$Exports
instanceKlass java/lang/module/ModuleDescriptor$Requires
instanceKlass jdk/internal/module/Builder
instanceKlass jdk/internal/module/SystemModules$default
instanceKlass jdk/internal/module/SystemModules
instanceKlass jdk/internal/module/SystemModulesMap
instanceKlass java/net/URI$1
instanceKlass jdk/internal/access/JavaNetUriAccess
instanceKlass java/net/URI
instanceKlass jdk/internal/module/SystemModuleFinders
instanceKlass jdk/internal/module/ArchivedModuleGraph
instanceKlass jdk/internal/module/ArchivedBootLayer
instanceKlass jdk/internal/module/ModuleBootstrap$Counters
instanceKlass jdk/internal/module/ModulePatcher
instanceKlass java/io/FileSystem
instanceKlass java/io/DefaultFileSystem
instanceKlass java/io/File
instanceKlass java/lang/module/ModuleDescriptor$1
instanceKlass jdk/internal/access/JavaLangModuleAccess
instanceKlass sun/invoke/util/VerifyAccess
instanceKlass java/util/KeyValueHolder
instanceKlass java/util/ImmutableCollections$MapN$MapNIterator
instanceKlass java/lang/StrictMath
instanceKlass java/lang/invoke/MethodHandles$Lookup
instanceKlass java/lang/invoke/MemberName$Factory
instanceKlass java/lang/invoke/MethodHandles
instanceKlass java/lang/module/ModuleDescriptor
instanceKlass jdk/internal/module/ModuleBootstrap
instanceKlass java/lang/Character$CharacterCache
instanceKlass java/util/HexFormat
instanceKlass jdk/internal/util/ClassFileDumper
instanceKlass sun/security/action/GetPropertyAction
instanceKlass java/lang/invoke/MethodHandleStatics
instanceKlass java/util/concurrent/locks/AbstractQueuedSynchronizer$ConditionObject
instanceKlass java/util/concurrent/locks/Condition
instanceKlass java/util/Collections
instanceKlass jdk/internal/misc/Blocker
instanceKlass java/lang/Thread$ThreadIdentifiers
instanceKlass sun/io/Win32ErrorMode
instanceKlass jdk/internal/misc/OSEnvironment
instanceKlass java/lang/Integer$IntegerCache
instanceKlass jdk/internal/misc/Signal$NativeHandler
instanceKlass java/util/Hashtable$Entry
instanceKlass jdk/internal/misc/Signal
instanceKlass java/lang/Terminator$1
instanceKlass jdk/internal/misc/Signal$Handler
instanceKlass java/lang/Terminator
instanceKlass java/nio/ByteOrder
instanceKlass java/nio/Buffer$2
instanceKlass jdk/internal/access/JavaNioAccess
instanceKlass java/nio/Buffer$1
instanceKlass jdk/internal/misc/ScopedMemoryAccess
instanceKlass java/nio/charset/CodingErrorAction
instanceKlass sun/nio/cs/SingleByte
instanceKlass java/lang/StringUTF16
instanceKlass sun/nio/cs/MS1252$Holder
instanceKlass java/nio/charset/CharsetEncoder
instanceKlass sun/nio/cs/ArrayEncoder
instanceKlass java/io/Writer
instanceKlass java/io/PrintStream$1
instanceKlass jdk/internal/access/JavaIOPrintStreamAccess
instanceKlass jdk/internal/misc/InternalLock
instanceKlass java/io/OutputStream
instanceKlass java/io/Flushable
instanceKlass java/io/FileDescriptor$1
instanceKlass jdk/internal/access/JavaIOFileDescriptorAccess
instanceKlass java/io/FileDescriptor
instanceKlass jdk/internal/util/StaticProperty
instanceKlass jdk/internal/reflect/MethodHandleAccessorFactory
instanceKlass java/lang/reflect/Modifier
instanceKlass java/lang/Class$1
instanceKlass java/lang/Class$Atomic
instanceKlass java/lang/Class$ReflectionData
instanceKlass java/nio/charset/StandardCharsets
instanceKlass sun/nio/cs/HistoricallyNamedCharset
instanceKlass java/nio/charset/spi/CharsetProvider
instanceKlass java/nio/charset/Charset
instanceKlass java/util/HashMap$HashIterator
instanceKlass java/util/concurrent/locks/LockSupport
instanceKlass java/util/concurrent/ConcurrentHashMap$Node
instanceKlass java/util/concurrent/ConcurrentHashMap$CounterCell
instanceKlass java/util/concurrent/locks/ReentrantLock
instanceKlass java/util/concurrent/locks/Lock
instanceKlass java/lang/CharacterData
instanceKlass java/util/Arrays
instanceKlass jdk/internal/util/Preconditions$3
instanceKlass jdk/internal/util/Preconditions$2
instanceKlass jdk/internal/util/Preconditions$4
instanceKlass java/util/function/BiFunction
instanceKlass jdk/internal/util/Preconditions$1
instanceKlass java/util/function/Function
instanceKlass jdk/internal/util/Preconditions
instanceKlass java/lang/Runtime
instanceKlass java/lang/VersionProps
instanceKlass java/lang/StringConcatHelper
instanceKlass java/util/HashMap$Node
instanceKlass java/util/Map$Entry
instanceKlass jdk/internal/util/ArraysSupport
instanceKlass jdk/internal/util/SystemProps$Raw
instanceKlass jdk/internal/util/SystemProps
instanceKlass java/lang/System$2
instanceKlass jdk/internal/access/JavaLangAccess
instanceKlass java/lang/ref/NativeReferenceQueue$Lock
instanceKlass java/lang/ref/ReferenceQueue
instanceKlass java/lang/ref/Reference$1
instanceKlass jdk/internal/access/JavaLangRefAccess
instanceKlass jdk/internal/reflect/ReflectionFactory
instanceKlass java/lang/Math
instanceKlass java/lang/StringLatin1
instanceKlass jdk/internal/reflect/Reflection
instanceKlass jdk/internal/reflect/ReflectionFactory$GetReflectionFactoryAction
instanceKlass java/security/PrivilegedAction
instanceKlass jdk/internal/access/SharedSecrets
instanceKlass java/lang/reflect/ReflectAccess
instanceKlass jdk/internal/access/JavaLangReflectAccess
instanceKlass java/util/ImmutableCollections
instanceKlass java/util/Objects
instanceKlass java/util/Set
instanceKlass jdk/internal/misc/CDS
instanceKlass java/lang/Module$ArchivedData
instanceKlass jdk/internal/misc/VM
instanceKlass java/lang/String$CaseInsensitiveComparator
instanceKlass java/util/Comparator
instanceKlass java/io/ObjectStreamField
instanceKlass jdk/internal/vm/FillerObject
instanceKlass jdk/internal/vm/vector/VectorSupport$VectorPayload
instanceKlass jdk/internal/vm/vector/VectorSupport
instanceKlass java/lang/reflect/RecordComponent
instanceKlass java/util/Iterator
instanceKlass java/lang/Number
instanceKlass java/lang/Character
instanceKlass java/lang/Boolean
instanceKlass java/util/concurrent/locks/AbstractOwnableSynchronizer
instanceKlass java/lang/LiveStackFrame
instanceKlass java/lang/StackFrameInfo
instanceKlass java/lang/StackWalker$StackFrame
instanceKlass java/lang/StackStreamFactory$AbstractStackWalker
instanceKlass java/lang/StackWalker
instanceKlass java/nio/Buffer
instanceKlass java/lang/StackTraceElement
instanceKlass java/util/AbstractCollection
instanceKlass java/util/RandomAccess
instanceKlass java/util/List
instanceKlass java/util/SequencedCollection
instanceKlass java/util/Collection
instanceKlass java/lang/Iterable
instanceKlass java/util/AbstractMap
instanceKlass java/util/concurrent/ConcurrentMap
instanceKlass java/security/CodeSource
instanceKlass jdk/internal/loader/ClassLoaders
instanceKlass java/util/jar/Manifest
instanceKlass java/lang/Enum
instanceKlass java/net/URL
instanceKlass java/io/InputStream
instanceKlass java/io/Closeable
instanceKlass java/lang/AutoCloseable
instanceKlass jdk/internal/module/Modules
instanceKlass jdk/internal/misc/Unsafe
instanceKlass jdk/internal/misc/UnsafeConstants
instanceKlass java/lang/AbstractStringBuilder
instanceKlass java/lang/Appendable
instanceKlass java/lang/AssertionStatusDirectives
instanceKlass jdk/internal/foreign/abi/ABIDescriptor
instanceKlass jdk/internal/foreign/abi/NativeEntryPoint
instanceKlass java/lang/invoke/CallSite
instanceKlass java/lang/invoke/MethodType
instanceKlass java/lang/invoke/TypeDescriptor$OfMethod
instanceKlass java/lang/invoke/LambdaForm
instanceKlass java/lang/invoke/MethodHandleNatives
instanceKlass java/lang/invoke/ResolvedMethodName
instanceKlass java/lang/invoke/MemberName
instanceKlass java/lang/invoke/VarHandle
instanceKlass java/lang/invoke/MethodHandle
instanceKlass jdk/internal/reflect/CallerSensitive
instanceKlass java/lang/annotation/Annotation
instanceKlass jdk/internal/reflect/FieldAccessor
instanceKlass jdk/internal/reflect/ConstantPool
instanceKlass jdk/internal/reflect/ConstructorAccessor
instanceKlass jdk/internal/reflect/MethodAccessor
instanceKlass jdk/internal/reflect/MagicAccessorImpl
instanceKlass jdk/internal/vm/StackChunk
instanceKlass jdk/internal/vm/Continuation
instanceKlass jdk/internal/vm/ContinuationScope
instanceKlass java/lang/reflect/Parameter
instanceKlass java/lang/reflect/Member
instanceKlass java/lang/reflect/AccessibleObject
instanceKlass java/lang/Module
instanceKlass java/util/Dictionary
instanceKlass java/util/Map
instanceKlass java/lang/ThreadGroup
instanceKlass java/lang/Thread$UncaughtExceptionHandler
instanceKlass java/lang/Thread$Constants
instanceKlass java/lang/Thread$FieldHolder
instanceKlass java/lang/Thread
instanceKlass java/lang/Runnable
instanceKlass java/lang/ref/Reference
instanceKlass java/lang/Record
instanceKlass java/security/AccessController
instanceKlass java/security/AccessControlContext
instanceKlass java/security/ProtectionDomain
instanceKlass java/lang/SecurityManager
instanceKlass java/lang/Throwable
instanceKlass java/lang/System
instanceKlass java/lang/ClassLoader
instanceKlass java/lang/Cloneable
instanceKlass java/lang/Class
instanceKlass java/lang/invoke/TypeDescriptor$OfField
instanceKlass java/lang/invoke/TypeDescriptor
instanceKlass java/lang/reflect/Type
instanceKlass java/lang/reflect/GenericDeclaration
instanceKlass java/lang/reflect/AnnotatedElement
instanceKlass java/lang/String
instanceKlass java/lang/constant/ConstantDesc
instanceKlass java/lang/constant/Constable
instanceKlass java/lang/CharSequence
instanceKlass java/lang/Comparable
instanceKlass java/io/Serializable
ciInstanceKlass java/lang/Object 1 1 124 7 1 10 12 1 1 10 7 12 1 1 1 10 7 12 1 1 1 10 12 1 1 8 1 10 12 1 1 10 7 12 1 1 1 10 12 1 10 12 1 1 10 7 12 1 1 1 10 12 1 10 12 1 7 1 10 100 12 1 1 1 10 12 1 1 10 12 1 100 1 8 1 10 12 1 3 8 1 100 1 5 0 1 1 1 1 1 1 1 1 1 1 1 1 1 1 1 1 7 1 1 1 1 1 1 1 1 1 1 7 1 1 1 1 1 1 1 1 1 1 3 1 1
ciInstanceKlass java/io/Serializable 1 1 7 100 1 100 1 1 1
ciInstanceKlass java/lang/Comparable 1 0 12 100 1 100 1 1 1 1 1 1 1 1
ciInstanceKlass java/lang/CharSequence 1 1 131 11 7 12 1 1 1 18 12 1 1 100 1 10 100 12 1 1 1 18 10 100 12 1 1 1 11 12 1 1 11 100 1 11 12 1 1 10 100 12 1 1 1 11 12 1 1 100 1 10 12 1 1 10 100 12 1 1 1 100 1 10 10 12 1 1 100 1 1 1 1 1 1 1 1 1 1 1 1 1 1 1 1 1 1 1 1 1 1 1 1 1 1 1 1 1 1 1 1 1 16 1 15 11 12 16 15 11 12 15 10 100 12 1 1 1 1 1 100 1 100 1 1 100 1 1 100 1 100 1 1
ciInstanceKlass java/lang/constant/Constable 1 0 11 100 1 100 1 1 1 1 1 1 1
ciInstanceKlass java/lang/constant/ConstantDesc 1 0 37 100 1 100 1 1 1 1 100 1 1 1 1 100 1 100 1 100 1 100 1 100 1 100 1 100 1 100 1 100 1 1 100 1 100 1 1
ciInstanceKlass java/lang/String 1 1 1443 10 7 12 1 1 1 8 1 9 7 12 1 1 1 9 12 1 1 9 12 1 1 9 12 1 1 10 12 1 10 12 1 1 10 12 1 1 9 12 1 10 7 12 1 1 1 10 7 1 10 7 12 1 1 1 10 12 1 1 10 12 1 1 10 12 1 10 12 1 1 10 12 1 10 7 12 1 1 1 7 1 9 7 12 1 1 1 10 7 12 1 1 1 10 7 12 1 1 1 10 12 1 1 10 12 1 1 10 12 1 1 10 12 1 1 9 7 12 1 1 10 12 9 7 12 1 1 10 12 1 1 3 10 12 1 1 7 1 11 12 1 1 11 12 1 11 12 1 1 10 7 12 1 1 1 10 12 1 1 9 7 12 1 1 1 10 12 1 1 10 12 1 11 12 1 1 10 12 1 1 10 12 10 12 1 1 10 7 12 1 1 1 10 12 1 1 10 12 1 1 7 1 100 1 10 12 1 10 12 1 10 12 1 1 100 1 10 12 1 1 100 1 10 12 1 1 10 12 1 1 10 12 1 10 10 12 1 100 1 100 1 7 1 10 12 1 10 12 1 1 10 12 1 1 10 12 1 10 12 1 1 10 12 1 1 10 100 12 1 1 100 1 11 10 7 12 1 1 11 12 1 11 12 1 10 12 1 1 10 12 1 10 12 10 12 1 1 10 10 7 12 1 1 1 10 7 12 1 1 10 12 1 1 10 7 12 1 1 10 12 1 10 12 1 1 10 12 1 1 10 12 1 10 12 1 10 12 1 1 100 1 10 12 1 1 10 12 10 12 1 10 12 1 1 10 12 1 1 10 7 12 1 1 1 10 12 1 10 12 1 1 10 12 1 10 12 1 3 3 10 12 1 1 10 12 1 10 12 1 1 10 12 1 1 10 12 1 1 10 12 1 10 12 1 1 10 12 1 1 10 12 1 10 12 1 10 12 1 10 12 1 1 10 12 1 10 12 1 10 12 1 10 12 1 10 12 1 10 12 1 10 100 1 10 8 1 10 12 1 1 10 12 1 8 1 10 12 1 1 10 12 10 12 1 8 1 10 10 12 1 1 10 12 1 1 10 12 1 1 10 7 1 10 10 12 1 10 12 1 10 12 1 10 10 12 1 10 12 1 10 12 1 10 12 1 10 12 1 10 12 1 10 12 1 1 10 12 1 1 10 12 1 1 10 10 12 1 1 10 10 12 1 100 1 10 10 12 1 1 10 12 1 1 10 7 1 10 12 1 10 12 1 10 7 12 1 1 1 10 12 1 10 12 1 1 10 12 1 11 7 1 11 12 10 12 1 10 12 1 1 10 12 1 1 10 10 12 1 10 12 1 9 12 1 1 11 7 12 1 1 1 10 12 10 10 12 1 10 12 1 1 10 10 12 1 10 12 1 10 12 1 1 10 12 1 1 10 10 12 1 1 10 12 1 10 10 12 1 10 12 10 10 12 10 10 12 1 10 12 1 10 10 12 10 7 12 1 1 1 10 12 10 10 12 10 12 1 10 12 10 12 10 10 12 1 10 12 1 1 10 12 1 1 10 10 12 1 10 7 12 1 1 1 10 12 1 1 10 10 7 12 1 1 1 11 10 12 1 10 12 1 1 10 12 1 1 10 7 12 1 1 1 10 12 1 10 12 1 10 12 1 10 12 1 10 12 1 10 12 1 100 1 100 1 8 1 10 10 10 12 1 10 12 1 1 8 1 10 12 1 3 3 10 12 1 10 12 1 1 10 12 7 1 10 10 12 1 1 10 12 1 10 12 1 10 12 1 1 10 12 1 1 11 7 12 1 1 1 7 1 10 12 1 10 12 1 1 8 1 10 12 1 1 10 12 1 11 100 12 1 1 1 11 100 12 1 1 11 12 1 10 12 1 10 12 1 1 10 10 7 12 1 1 1 10 12 1 10 12 1 10 10 12 10 12 1 1 10 10 12 1 10 10 12 1 10 10 12 1 10 10 12 1 10 12 1 1 10 10 12 1 8 1 10 12 1 1 18 12 1 1 11 100 12 1 1 1 7 1 3 18 12 1 18 12 1 8 1 10 100 12 1 1 1 11 12 1 1 10 12 10 10 12 1 10 11 12 1 1 10 12 1 1 11 12 1 18 3 11 10 12 1 11 11 10 12 1 10 12 1 1 8 1 10 12 1 10 12 1 10 12 1 1 10 10 12 1 11 100 12 1 100 1 100 1 10 12 100 1 10 10 100 12 1 1 1 100 1 10 7 1 10 10 12 1 10 10 12 1 8 1 10 10 12 1 8 1 8 1 10 12 1 10 12 1 10 10 12 10 7 12 1 1 10 7 12 1 1 10 7 12 1 1 8 1 10 12 1 10 12 1 10 9 12 1 10 12 9 7 12 1 1 1 10 12 1 10 12 1 10 12 1 10 12 1 10 12 1 8 1 10 100 12 1 1 1 10 12 10 12 1 1 10 12 10 10 12 10 12 7 1 9 12 1 1 7 1 10 100 1 100 1 100 1 100 1 1 1 1 1 1 5 0 1 1 1 1 1 3 1 3 1 1 1 1 1 1 1 1 1 1 1 1 1 1 1 100 1 1 1 1 1 1 1 1 1 1 1 1 1 1 1 1 1 1 1 1 1 1 1 1 1 1 1 1 1 1 1 100 1 1 1 1 1 1 1 1 1 1 100 1 1 1 1 1 1 1 1 1 1 1 1 1 1 1 1 1 1 1 1 1 1 1 1 1 1 1 1 1 1 1 1 1 1 1 1 1 1 1 1 1 1 1 1 1 1 1 1 1 1 1 1 1 1 1 1 1 1 1 1 1 1 1 1 1 1 1 1 1 1 1 1 1 1 1 1 1 1 1 1 1 1 1 1 1 1 1 1 1 1 1 1 1 1 1 1 1 1 1 1 1 1 1 1 1 1 1 1 1 1 1 1 1 1 1 1 1 1 1 1 1 1 1 1 1 1 1 1 1 1 1 1 1 1 1 1 1 1 1 1 1 1 1 1 1 1 1 1 1 1 1 1 1 1 1 1 1 1 1 1 1 1 1 1 1 1 1 1 1 1 1 1 1 1 1 100 1 1 1 1 1 1 1 1 1 1 1 1 1 1 1 1 1 1 1 1 1 1 1 100 1 1 1 1 1 1 1 1 1 1 1 1 1 1 1 7 1 1 1 1 1 1 1 1 1 1 1 1 1 1 1 16 15 10 12 16 15 10 12 15 10 12 15 10 12 15 10 100 12 1 1 1 1 1 1 1 100 1 100 1 1 1
staticfield java/lang/String COMPACT_STRINGS Z 1
staticfield java/lang/String serialPersistentFields [Ljava/io/ObjectStreamField; 0 [Ljava/io/ObjectStreamField;
staticfield java/lang/String CASE_INSENSITIVE_ORDER Ljava/util/Comparator; java/lang/String$CaseInsensitiveComparator
ciInstanceKlass java/lang/reflect/AnnotatedElement 1 1 164 11 7 12 1 1 1 11 12 1 1 100 1 10 100 12 1 1 1 10 12 1 1 10 12 1 1 10 12 1 10 100 12 1 1 1 11 12 1 1 11 100 12 1 1 10 100 12 1 1 1 10 12 1 10 100 12 1 1 1 18 12 1 1 11 100 12 1 1 18 12 1 18 12 1 1 10 100 12 1 1 1 11 100 12 1 1 1 100 1 10 100 12 1 1 1 1 1 1 1 1 1 1 1 1 1 1 1 1 1 1 1 1 1 1 1 1 1 100 1 1 1 1 1 1 1 1 1 1 1 16 15 16 1 16 1 15 11 12 16 16 1 15 10 100 12 1 1 1 16 1 15 10 100 12 1 1 1 1 100 1 100 1 1
ciInstanceKlass java/lang/reflect/GenericDeclaration 1 0 30 100 1 100 1 100 1 1 1 1 1 1 1 1 100 1 8 1 1 12 10 1 1 1 8 1 1 1 8 1
ciInstanceKlass java/lang/reflect/Type 1 1 17 11 100 12 1 1 1 100 1 1 1 1 1 1 1 1 1
ciInstanceKlass java/lang/invoke/TypeDescriptor 1 0 17 100 1 100 1 1 1 1 1 1 100 1 100 1 1 1 1
ciInstanceKlass java/lang/invoke/TypeDescriptor$OfField 1 0 21 100 1 100 1 100 1 1 1 1 1 1 1 1 1 1 1 1 1 1 1
ciInstanceKlass java/lang/Class 1 1 1687 10 7 12 1 1 1 9 7 12 1 1 1 9 12 1 1 10 12 1 1 8 1 10 12 1 8 1 8 1 10 12 1 1 10 7 12 1 1 1 10 12 1 7 1 10 10 12 1 10 12 1 1 10 12 1 1 10 12 1 1 10 7 12 1 1 10 12 1 10 12 1 10 12 1 8 1 10 12 1 8 1 10 12 1 8 1 8 1 10 12 1 1 10 7 12 1 1 1 18 12 1 1 11 7 12 1 1 1 8 1 8 1 8 1 10 7 12 1 1 1 11 12 1 1 8 1 10 12 1 10 11 100 12 1 1 1 11 100 12 1 1 1 11 8 1 18 8 1 10 12 1 10 7 12 1 1 10 12 1 1 10 7 12 1 1 1 10 12 1 1 10 12 1 1 10 7 12 1 1 1 10 12 9 100 12 1 1 1 10 100 12 1 1 1 10 12 1 10 7 12 1 1 1 10 12 1 1 18 12 1 1 10 7 12 1 1 1 10 7 12 1 10 12 1 1 10 7 1 100 1 10 12 1 1 9 12 1 1 7 1 8 1 10 12 1 10 12 1 1 10 12 1 1 10 7 12 1 1 1 7 1 10 12 1 7 1 7 1 10 10 12 1 1 10 12 1 1 100 1 10 100 12 1 1 1 10 12 1 1 10 12 1 1 9 12 1 1 10 12 1 10 12 1 1 9 12 1 1 9 12 1 1 10 12 1 1 10 7 1 10 12 1 10 12 1 10 12 1 1 10 9 12 1 10 12 1 8 1 10 12 1 1 10 12 1 1 10 12 1 10 12 1 1 10 12 1 1 10 12 1 1 9 7 12 1 1 1 10 7 12 1 1 10 12 10 12 1 10 12 1 10 12 1 10 12 1 9 100 12 1 1 1 9 12 1 10 12 1 10 100 12 1 1 1 10 12 1 1 10 100 12 1 1 10 12 1 10 12 1 1 10 100 12 1 1 1 10 12 1 10 12 1 1 10 12 1 10 12 1 10 12 1 1 10 7 1 10 10 10 12 1 1 10 12 1 1 10 12 10 10 12 1 1 100 1 8 1 10 10 12 1 1 10 12 1 100 1 11 12 1 10 100 12 1 1 10 12 1 10 12 1 10 100 12 1 1 10 10 12 1 1 8 1 10 12 1 10 12 1 1 8 1 10 12 1 9 12 1 10 12 1 10 12 1 10 12 1 10 12 100 1 9 12 1 10 12 1 9 12 1 10 12 1 10 12 1 10 12 1 10 10 12 1 10 12 1 10 7 12 1 1 10 12 1 10 12 1 10 12 1 1 10 12 1 10 12 1 10 12 1 100 1 10 12 1 10 12 1 1 10 12 1 1 10 12 1 1 10 12 1 1 10 12 1 1 10 12 1 1 7 1 10 10 12 1 1 10 12 1 1 10 12 1 1 10 10 12 1 10 12 1 1 10 12 1 1 10 12 1 1 10 12 1 1 7 1 10 10 12 11 100 12 1 1 10 12 1 10 12 1 10 7 12 1 1 1 10 12 1 1 10 10 12 1 1 100 1 10 10 12 1 1 10 100 12 1 1 1 100 1 7 1 10 12 1 1 10 12 1 10 10 12 1 1 10 12 1 10 12 1 10 12 1 10 100 12 1 1 1 11 7 12 1 1 10 12 1 10 12 1 9 12 1 10 12 1 1 10 12 1 9 7 12 1 1 1 9 12 1 10 100 12 1 1 1 10 12 1 10 12 1 10 100 12 1 1 1 10 12 1 10 12 10 12 1 1 100 1 10 8 1 10 12 1 11 11 12 1 1 11 7 12 1 1 11 12 1 8 1 10 12 1 10 12 1 1 9 12 1 9 12 1 1 10 7 12 1 1 9 12 1 10 12 1 1 10 10 12 1 10 7 12 1 1 1 10 7 12 1 1 10 7 12 1 1 9 12 1 1 10 12 1 9 12 1 10 12 1 10 12 1 1 9 12 1 1 9 12 1 10 12 1 10 12 1 1 9 12 1 100 1 10 10 12 1 1 7 1 10 12 1 1 100 11 100 1 9 12 1 1 9 12 1 100 1 10 12 1 9 12 1 1 9 12 1 10 12 1 10 12 1 1 9 12 1 7 1 10 10 12 1 1 10 10 12 1 10 12 10 10 12 1 9 12 1 10 12 1 1 10 7 12 1 1 1 10 12 1 1 10 12 1 8 10 7 8 1 18 8 1 8 1 10 12 1 9 12 1 9 12 1 1 10 12 1 7 1 7 1 10 12 1 9 12 1 1 7 1 10 10 12 1 10 7 1 9 12 1 8 1 10 12 1 7 1 10 12 1 10 12 1 1 100 1 100 1 9 12 1 100 1 8 1 10 10 7 12 1 1 1 10 12 11 7 12 1 1 1 10 12 1 10 12 1 1 10 8 1 8 1 10 12 1 1 9 7 12 1 1 11 12 7 1 11 7 12 1 1 9 12 1 10 100 12 1 1 1 10 7 12 1 1 10 12 1 1 9 12 1 9 10 12 1 1 10 12 1 1 10 12 1 1 10 12 1 1 10 12 1 1 11 12 1 7 1 11 12 1 10 7 12 1 1 1 10 12 1 11 12 1 10 100 12 1 1 1 10 12 1 10 100 12 1 1 1 11 12 1 11 12 1 1 10 12 1 10 12 1 1 9 12 1 1 9 100 12 1 1 10 12 1 10 100 12 1 1 1 10 12 1 1 10 12 1 10 12 1 10 12 1 10 7 12 1 1 1 10 12 1 8 1 10 12 1 10 12 1 10 12 1 100 1 10 12 10 100 12 1 1 1 11 100 12 1 1 1 10 12 1 1 10 12 1 18 12 1 1 11 12 1 1 18 11 12 1 18 12 1 11 12 1 10 12 1 1 10 12 1 10 12 1 10 12 1 10 12 1 10 12 10 12 1 8 1 10 12 1 7 1 9 12 1 1 100 1 100 1 100 1 100 1 1 1 3 1 3 1 3 1 1 1 1 1 1 1 5 0 1 1 1 1 1 1 1 1 1 1 1 1 1 1 1 1 1 1 1 1 1 1 1 1 100 1 1 1 1 1 1 1 100 1 1 1 1 1 7 1 1 1 1 1 1 1 1 1 1 1 1 1 1 1 1 1 1 1 1 1 1 1 1 1 1 1 1 1 1 1 1 1 1 1 1 1 1 1 1 1 1 100 1 1 1 1 1 1 1 1 1 1 1 1 1 1 1 1 1 1 1 1 1 1 1 1 1 1 1 1 1 1 1 100 1 1 1 1 1 1 1 1 1 1 1 1 1 1 1 1 1 1 1 1 3 1 1 1 1 1 1 1 1 1 1 1 1 1 1 1 1 1 1 1 1 1 1 1 1 1 1 1 1 1 1 1 1 1 1 1 100 1 100 1 1 1 1 1 1 1 100 1 1 1 1 1 1 1 1 1 1 1 1 1 1 1 1 1 1 1 1 1 1 1 1 1 1 1 1 1 1 1 1 1 1 1 1 1 1 1 1 1 1 1 1 1 1 1 1 1 1 1 1 1 1 1 1 1 1 1 1 1 1 1 1 1 1 1 1 1 1 1 1 1 1 1 1 1 1 1 1 1 1 1 1 1 1 1 1 1 1 1 1 1 1 1 1 1 1 1 1 1 1 1 1 1 1 1 1 1 1 1 1 1 1 1 1 1 1 1 1 1 1 1 1 16 15 10 12 16 15 11 12 16 1 16 15 16 15 10 12 16 16 15 10 12 16 15 16 1 15 10 12 16 15 10 7 12 1 1 1 1 1 1 1 1 1 1 1 1 1 100 1 1 100 1 100 1 1 100 1 100 1 1 100 1 100 1 1
staticfield java/lang/Class EMPTY_CLASS_ARRAY [Ljava/lang/Class; 0 [Ljava/lang/Class;
staticfield java/lang/Class serialPersistentFields [Ljava/io/ObjectStreamField; 0 [Ljava/io/ObjectStreamField;
ciInstanceKlass java/lang/Cloneable 1 0 7 100 1 100 1 1 1
instanceKlass com/thoughtworks/xstream/core/util/ClassLoaderReference
instanceKlass com/thoughtworks/xstream/core/util/CompositeClassLoader
instanceKlass jdk/internal/reflect/DelegatingClassLoader
instanceKlass java/security/SecureClassLoader
ciInstanceKlass java/lang/ClassLoader 1 1 1108 9 7 12 1 1 1 10 7 12 1 1 1 9 12 1 1 10 7 12 1 1 1 7 1 10 12 1 1 10 12 1 1 9 12 1 1 10 12 1 1 100 1 10 12 1 10 12 1 1 10 7 12 1 1 1 100 1 8 1 10 12 1 10 7 12 1 1 1 10 100 12 1 10 7 1 10 7 1 7 1 7 1 10 12 1 10 12 1 9 12 1 1 10 10 7 12 1 1 1 9 12 1 1 9 12 1 9 12 1 1 9 12 1 9 12 1 1 9 12 1 1 7 1 10 12 1 9 12 1 1 10 12 1 1 10 7 12 1 1 1 9 12 1 9 12 1 1 9 12 1 10 12 1 1 9 12 10 12 1 1 7 1 10 8 1 10 12 1 1 10 12 1 10 7 1 7 1 10 12 1 1 10 7 12 1 1 1 8 1 10 12 1 10 12 1 10 12 1 1 10 12 1 1 10 12 1 1 10 12 1 1 10 12 1 1 10 12 1 7 1 10 12 1 10 7 12 1 1 1 10 12 1 1 10 12 1 10 12 1 10 12 1 10 12 1 10 12 1 1 10 10 12 1 10 12 1 10 100 12 1 1 10 12 1 1 10 12 1 1 10 12 1 100 1 10 12 1 100 1 10 12 1 10 100 12 1 1 1 10 10 12 1 1 10 12 1 1 100 1 8 1 10 8 1 10 12 1 10 12 1 100 1 8 1 10 12 1 1 10 12 1 1 10 10 12 1 1 10 12 1 1 10 12 1 1 10 7 1 10 12 1 1 10 12 1 1 10 12 1 1 10 12 1 1 10 12 1 1 10 12 1 1 10 12 1 10 7 12 1 1 1 10 12 1 10 12 1 10 12 1 1 10 12 1 10 12 1 10 12 1 10 12 1 1 10 12 1 10 12 1 1 8 1 9 12 1 10 12 1 1 8 1 8 1 10 7 12 1 1 100 1 10 10 12 10 12 1 10 12 1 10 12 1 10 12 1 1 10 7 12 1 1 10 12 1 10 7 1 7 1 10 12 1 1 10 12 1 10 7 1 10 12 1 100 1 18 12 1 10 100 12 1 1 1 10 100 12 1 1 1 10 7 12 1 1 10 12 1 10 12 1 100 1 10 12 1 8 1 10 10 12 1 1 10 12 1 10 12 1 1 7 1 10 12 1 10 12 1 1 10 7 12 1 1 10 12 1 8 1 100 1 10 10 12 1 9 12 1 10 7 12 1 1 10 12 1 100 1 8 1 10 12 1 10 8 1 8 1 10 12 1 1 10 12 1 1 10 12 1 1 10 100 12 1 1 100 1 100 1 10 12 1 1 100 1 100 1 10 100 12 1 1 10 12 1 10 12 1 1 10 12 1 10 12 1 1 10 12 1 1 9 100 12 1 1 1 10 12 1 1 10 12 1 10 12 1 10 12 1 1 10 12 1 8 1 7 1 18 12 1 1 10 12 1 1 10 12 1 10 12 1 10 12 1 8 1 10 12 1 10 12 1 18 12 1 11 100 12 1 1 1 100 1 10 12 1 1 10 12 1 10 11 12 1 1 10 18 10 12 1 1 11 100 12 1 18 12 1 11 12 1 1 10 12 10 12 1 1 10 12 1 1 100 1 8 1 10 10 12 1 8 1 8 1 10 100 12 1 1 10 12 1 100 1 10 10 12 1 8 1 8 1 8 1 10 12 1 10 12 1 1 10 12 1 10 100 12 1 1 1 11 100 12 1 1 100 1 10 11 10 12 1 10 12 1 10 12 1 1 9 100 12 1 1 9 12 1 1 9 12 9 12 1 9 12 1 9 12 1 8 10 12 1 1 10 7 12 1 1 1 10 12 1 1 10 12 1 1 10 12 1 10 10 12 1 11 12 1 1 10 100 12 1 1 1 100 1 10 12 1 10 12 1 10 12 1 1 1 1 1 1 1 1 1 1 1 1 1 1 1 1 1 1 1 1 1 1 1 1 1 1 1 1 100 1 1 1 1 1 1 1 1 1 1 1 1 1 1 1 1 1 1 1 1 1 100 1 1 1 1 1 1 1 1 1 1 7 1 1 1 1 1 1 1 1 1 1 1 1 1 1 1 1 1 1 1 1 1 1 1 1 1 1 1 1 1 1 1 1 1 1 1 1 1 1 1 1 1 100 1 1 1 1 1 1 1 1 1 1 1 1 1 1 1 1 1 1 1 100 1 1 1 1 1 1 1 1 1 1 1 1 1 1 1 1 1 1 1 1 1 1 1 1 1 1 1 1 1 1 1 1 1 1 1 1 1 1 1 1 1 1 1 1 1 1 1 1 1 1 100 1 1 1 1 1 1 1 1 1 1 1 1 1 1 1 1 1 1 1 1 1 1 1 1 1 1 1 1 1 1 1 1 1 1 1 1 1 1 1 1 1 1 1 1 1 1 16 1 15 10 12 16 1 16 15 10 12 16 1 16 1 15 10 12 16 15 10 12 16 15 10 12 16 15 10 100 12 1 1 1 1 1 100 1 100 1 1
staticfield java/lang/ClassLoader nocerts [Ljava/security/cert/Certificate; 0 [Ljava/security/cert/Certificate;
staticfield java/lang/ClassLoader $assertionsDisabled Z 1
ciInstanceKlass java/lang/System 1 1 834 10 100 12 1 1 1 9 7 12 1 1 1 10 12 1 10 12 1 1 10 12 1 1 10 12 1 9 12 1 1 10 7 12 1 1 1 11 100 12 1 1 1 10 100 12 1 1 1 10 12 1 1 10 12 1 1 100 1 8 1 10 12 1 10 100 12 1 1 1 10 7 12 1 1 1 18 12 1 1 10 100 12 1 1 1 100 1 10 12 1 1 10 100 12 1 1 1 10 12 1 10 7 12 1 1 1 9 100 12 1 1 1 10 100 12 1 1 1 11 7 12 1 1 1 10 12 1 1 10 7 12 1 1 1 100 1 10 10 12 1 1 8 1 10 12 1 8 1 10 12 1 9 12 1 1 8 1 10 7 12 1 1 1 10 12 1 1 100 1 8 1 10 9 12 1 1 8 1 10 12 1 1 10 100 12 1 1 1 8 1 10 12 1 100 1 10 12 1 8 1 10 12 1 10 12 1 1 100 1 10 12 10 12 1 9 12 1 1 9 12 1 1 10 7 12 1 1 1 10 7 12 1 1 1 10 12 1 1 10 12 1 10 12 1 10 7 12 1 1 1 10 12 1 100 1 100 1 8 1 10 12 1 10 12 1 1 7 1 10 12 1 100 1 8 1 10 10 12 1 100 1 8 1 10 8 1 10 7 12 1 1 8 1 10 12 100 1 8 1 10 10 12 1 1 10 7 12 1 1 1 100 1 18 12 1 100 1 9 100 12 1 1 1 10 12 1 100 1 10 12 1 1 10 12 1 1 10 7 12 1 1 1 10 12 1 1 10 12 1 10 12 1 10 12 1 1 10 12 1 7 1 10 12 1 9 7 12 1 1 1 10 7 12 1 1 1 10 12 1 10 12 1 10 7 12 1 1 1 100 1 8 1 10 9 12 1 9 12 1 10 12 1 10 100 12 1 1 10 12 1 10 12 1 1 8 1 10 12 1 1 8 1 11 12 1 10 12 11 12 1 1 11 7 12 1 1 1 11 7 12 1 1 11 12 1 1 7 1 11 12 1 10 12 1 8 1 10 12 1 1 8 1 8 1 8 1 8 1 11 12 1 10 12 1 10 12 1 10 12 1 8 1 10 12 1 1 8 1 9 12 1 8 1 10 7 12 1 1 8 1 7 1 9 7 12 1 1 1 10 12 1 7 1 9 12 10 9 12 7 1 10 12 9 12 1 1 8 1 10 12 1 1 8 1 10 7 12 1 1 10 12 1 10 12 1 1 11 7 12 1 1 10 12 10 7 12 1 1 1 9 12 1 1 100 1 8 1 10 12 1 1 10 7 12 1 1 1 7 1 10 12 1 1 10 12 1 8 1 8 1 10 8 1 8 1 8 1 8 1 10 10 7 12 1 1 10 12 1 10 12 1 1 10 12 1 1 10 12 1 10 100 12 1 1 1 10 100 1 8 1 10 10 10 12 1 1 10 12 1 1 8 1 10 12 1 8 1 8 1 10 12 1 10 7 12 1 1 1 10 12 1 1 7 1 10 10 12 1 10 12 1 9 12 1 1 3 1 3 1 1 1 1 1 1 1 1 1 1 1 1 100 1 1 100 1 1 1 1 1 1 1 1 1 1 1 100 1 100 1 1 1 1 1 1 1 1 1 1 1 1 1 1 1 1 1 1 1 1 1 1 1 1 1 1 1 1 1 1 1 1 1 1 1 1 1 1 1 1 1 1 1 1 1 1 1 1 1 1 1 1 1 1 1 1 1 1 100 1 1 1 1 1 1 1 1 1 1 1 1 1 1 1 1 1 1 1 1 1 1 1 1 1 1 1 1 1 1 1 1 1 100 1 1 16 15 10 12 1 1 16 15 10 12 16 1 15 10 100 12 1 1 1 1 1 1 1 1 1 100 1 100 1 1
staticfield java/lang/System in Ljava/io/InputStream; java/io/BufferedInputStream
staticfield java/lang/System out Ljava/io/PrintStream; com/st/microxplorer/maingui/MicroXplorer$RedirectStdOutToLogger
staticfield java/lang/System err Ljava/io/PrintStream; com/st/microxplorer/maingui/MicroXplorer$RedirectStdErrToLogger
instanceKlass java/lang/Exception
instanceKlass java/lang/Error
ciInstanceKlass java/lang/Throwable 1 1 404 10 7 12 1 1 1 9 7 12 1 1 1 9 12 1 1 9 12 1 9 12 1 1 9 12 1 10 12 1 1 9 12 1 1 10 12 1 1 10 12 1 100 1 7 1 10 8 1 10 12 1 1 8 1 10 7 12 1 1 10 10 12 1 100 1 8 1 10 10 12 1 1 10 7 12 1 1 10 12 1 8 1 9 100 12 1 1 1 10 12 1 1 100 1 10 12 10 12 1 10 100 12 1 1 1 100 1 10 12 10 12 1 10 12 1 100 1 10 10 7 12 1 1 1 11 100 12 1 1 1 10 12 1 1 10 12 1 1 8 1 10 12 1 10 12 1 1 8 1 8 1 10 12 1 1 10 12 1 8 1 8 1 9 12 1 1 10 12 1 1 100 1 10 11 12 1 8 1 8 1 10 7 12 1 1 8 1 10 12 1 8 1 100 1 10 12 1 9 12 1 1 10 12 1 10 7 12 1 9 12 1 1 10 12 1 1 100 1 8 1 10 12 1 10 100 12 1 1 10 12 1 1 7 1 10 100 12 1 1 1 10 12 1 11 7 12 1 1 1 11 100 12 1 1 11 12 1 8 1 10 12 1 1 8 1 10 10 9 100 12 1 1 1 8 1 10 12 1 1 11 10 100 1 8 1 10 11 12 1 1 8 1 9 12 1 10 100 12 1 1 11 9 12 1 1 11 12 1 1 100 10 12 1 10 12 1 1 100 1 1 1 1 5 0 1 1 1 1 1 1 1 1 1 1 1 1 1 100 1 1 1 1 1 1 1 1 1 1 1 1 1 1 1 1 1 1 1 1 1 1 1 1 1 1 1 1 1 1 1 1 1 1 1 1 1 1 1 1 1 1 1 1 100 1 100 1 1 1 1 1 1 1 1 1 1 1 1 1 1 1 1 1 1
staticfield java/lang/Throwable UNASSIGNED_STACK [Ljava/lang/StackTraceElement; 0 [Ljava/lang/StackTraceElement;
staticfield java/lang/Throwable SUPPRESSED_SENTINEL Ljava/util/List; java/util/Collections$EmptyList
staticfield java/lang/Throwable EMPTY_THROWABLE_ARRAY [Ljava/lang/Throwable; 0 [Ljava/lang/Throwable;
staticfield java/lang/Throwable $assertionsDisabled Z 1
instanceKlass java/lang/ThreadDeath
instanceKlass javax/xml/parsers/FactoryConfigurationError
instanceKlass java/lang/AssertionError
instanceKlass org/apache/xerces/impl/dv/ObjectFactory$ConfigurationError
instanceKlass org/apache/xerces/parsers/ObjectFactory$ConfigurationError
instanceKlass java/lang/VirtualMachineError
instanceKlass java/lang/LinkageError
ciInstanceKlass java/lang/Error 1 1 40 10 7 12 1 1 1 10 12 1 10 12 1 10 12 1 10 12 1 100 1 1 1 1 5 0 1 1 1 1 1 1 1 1 1 1 1 1 1 1
instanceKlass com/st/microxplorer/plugins/thirdparty/ThirdPartyPackRequestProcessor$BadParameterTypeException
instanceKlass com/teamdev/jxbrowser/deps/com/google/protobuf/Descriptors$DescriptorValidationException
instanceKlass com/teamdev/jxbrowser/deps/com/google/common/collect/RegularImmutableMap$BucketOverflowException
instanceKlass com/st/microxplorer/mcufinder/crossselector/core/WebServiceHttpErrorException
instanceKlass com/st/microxplorer/mcufinder/crossselector/core/WebServiceServerUnreachableException
instanceKlass com/st/microxplorer/plugins/updater/util/ZipFileManager$UnzipException
instanceKlass java/util/concurrent/ExecutionException
instanceKlass java/util/concurrent/TimeoutException
instanceKlass sun/security/ec/ECOperations$IntermediateValueException
instanceKlass sun/security/pkcs11/wrapper/PKCS11Exception
instanceKlass org/apache/http/HttpException
instanceKlass java/util/prefs/BackingStoreException
instanceKlass com/st/microxplorer/plugins/power/util/IncorrectSeriesDataException
instanceKlass com/st/microxplorer/plugins/power/util/DbException
instanceKlass java/awt/AWTException
instanceKlass com/st/microxplorer/plugins/thirdparty/db/solver/condition/EvaluatedConditionItemBuilder$CompositeConditionException
instanceKlass com/st/microxplorer/plugins/thirdparty/ThirdPartyApiDb$PackCreationException
instanceKlass com/st/microxplorer/plugins/thirdparty/engine/PackLoader$PackLoaderException
instanceKlass com/st/microxplorer/plugins/thirdparty/AbstractThirdPartyUpdaterManager$UpdaterTaskErrorException
instanceKlass com/st/microxplorer/plugins/thirdparty/AbstractThirdPartyUpdaterManager$UpdaterNotAvailableException
instanceKlass com/st/microxplorer/plugins/thirdparty/AbstractThirdPartyUpdaterManager$UpdaterNotRetrievedException
instanceKlass com/st/microxplorer/plugins/thirdparty/util/SwPackException
instanceKlass com/st/microxplorer/plugins/thirdparty/util/EngineException
instanceKlass org/glassfish/jaxb/runtime/v2/model/impl/ClassInfoImpl$DuplicateException
instanceKlass org/glassfish/jaxb/runtime/v2/model/impl/ClassInfoImpl$ConflictException
instanceKlass jakarta/activation/MimeTypeParseException
instanceKlass org/glassfish/jaxb/runtime/api/AccessorException
instanceKlass org/apache/xerces/impl/xpath/XPathException
instanceKlass org/apache/xerces/impl/xs/traversers/XSDComplexTypeTraverser$ComplexTypeRecoverableError
instanceKlass javax/xml/stream/XMLStreamException
instanceKlass org/apache/xerces/impl/xs/XMLSchemaException
instanceKlass jakarta/xml/bind/JAXBException
instanceKlass freemarker/template/TemplateException
instanceKlass javax/xml/transform/TransformerException
instanceKlass javax/xml/xpath/XPathException
instanceKlass com/lowagie/text/DocumentException
instanceKlass sun/nio/fs/WindowsException
instanceKlass javax/xml/datatype/DatatypeConfigurationException
instanceKlass javax/swing/text/BadLocationException
instanceKlass org/apache/commons/cli/ParseException
instanceKlass org/jdom/JDOMException
instanceKlass com/bestcode/mathparser/ParserException
instanceKlass com/st/microxplorer/mcufinder/db/crossselector/PleaseUseOtherDataSourceException
instanceKlass com/st/microxplorer/mcufinder/db/crossselector/CrdbException
instanceKlass java/sql/SQLException
instanceKlass com/st/microxplorer/db/DbException
instanceKlass java/text/ParseException
instanceKlass org/apache/xerces/impl/dv/DatatypeException
instanceKlass javax/xml/parsers/ParserConfigurationException
instanceKlass org/xml/sax/SAXException
instanceKlass java/security/GeneralSecurityException
instanceKlass javax/management/JMException
instanceKlass javax/naming/NamingException
instanceKlass java/lang/InterruptedException
instanceKlass java/lang/CloneNotSupportedException
instanceKlass java/security/PrivilegedActionException
instanceKlass java/io/IOException
instanceKlass java/net/URISyntaxException
instanceKlass java/lang/ReflectiveOperationException
instanceKlass java/lang/RuntimeException
ciInstanceKlass java/lang/Exception 1 1 40 10 7 12 1 1 1 10 12 1 10 12 1 10 12 1 10 12 1 100 1 1 1 1 5 0 1 1 1 1 1 1 1 1 1 1 1 1 1 1
instanceKlass java/util/EmptyStackException
instanceKlass com/altova/SourceInstanceUnavailableException
instanceKlass com/altova/TargetInstanceUnavailableException
instanceKlass com/teamdev/jxbrowser/frame/WebStorageException
instanceKlass com/teamdev/jxbrowser/navigation/NavigationException
instanceKlass org/apache/xerces/xs/XSException
instanceKlass java/util/concurrent/RejectedExecutionException
instanceKlass com/teamdev/jxbrowser/navigation/TimeoutException
instanceKlass com/teamdev/jxbrowser/cast/ReceiverNotDiscoveredException
instanceKlass com/teamdev/jxbrowser/internal/DirectoryCreationException
instanceKlass com/teamdev/jxbrowser/internal/ChromiumProcessException
instanceKlass com/teamdev/jxbrowser/internal/rpc/transport/ConnectionClosureException
instanceKlass com/teamdev/jxbrowser/deps/com/google/protobuf/UninitializedMessageException
instanceKlass com/teamdev/jxbrowser/deps/com/google/protobuf/RuntimeVersion$ProtobufRuntimeVersionException
instanceKlass com/teamdev/jxbrowser/os/EnvironmentException
instanceKlass com/teamdev/jxbrowser/engine/EngineInitializationException
instanceKlass org/apache/http/ParseException
instanceKlass java/security/ProviderException
instanceKlass org/apache/commons/logging/LogConfigurationException
instanceKlass java/lang/reflect/InaccessibleObjectException
instanceKlass com/st/microxplorer/plugins/updater/util/WinRegistry$RegError
instanceKlass com/st/microxplorer/plugins/usernotification/util/jsonUtil/JsonUtils$JsonConversionException
instanceKlass com/vdurmont/semver4j/SemverException
instanceKlass java/lang/reflect/MalformedParameterizedTypeException
instanceKlass org/apache/xerces/impl/xpath/regex/ParseException
instanceKlass org/apache/xerces/impl/dv/xs/SchemaDateTimeException
instanceKlass com/thoughtworks/xstream/core/BaseException
instanceKlass java/lang/TypeNotPresentException
instanceKlass org/json/JSONException
instanceKlass java/lang/IndexOutOfBoundsException
instanceKlass org/w3c/dom/events/EventException
instanceKlass org/w3c/dom/DOMException
instanceKlass org/apache/xerces/impl/dv/DVFactoryException
instanceKlass org/apache/xerces/parsers/AbstractDOMParser$Abort
instanceKlass org/apache/xerces/xni/XNIException
instanceKlass java/nio/file/FileSystemAlreadyExistsException
instanceKlass java/nio/file/FileSystemNotFoundException
instanceKlass java/time/DateTimeException
instanceKlass java/lang/reflect/UndeclaredThrowableException
instanceKlass org/apache/logging/log4j/core/config/ConfigurationException
instanceKlass java/util/ConcurrentModificationException
instanceKlass java/util/MissingResourceException
instanceKlass java/util/NoSuchElementException
instanceKlass java/lang/SecurityException
instanceKlass org/apache/logging/log4j/LoggingException
instanceKlass java/lang/IllegalStateException
instanceKlass java/lang/UnsupportedOperationException
instanceKlass java/lang/IllegalArgumentException
instanceKlass java/lang/ArithmeticException
instanceKlass java/lang/NullPointerException
instanceKlass java/lang/IllegalMonitorStateException
instanceKlass java/lang/ArrayStoreException
instanceKlass java/lang/ClassCastException
ciInstanceKlass java/lang/RuntimeException 1 1 40 10 7 12 1 1 1 10 12 1 10 12 1 10 12 1 10 12 1 100 1 1 1 1 5 0 1 1 1 1 1 1 1 1 1 1 1 1 1 1
ciInstanceKlass java/lang/SecurityManager 0 0 576 10 100 12 1 1 1 9 100 12 1 1 1 10 100 12 1 1 1 100 1 8 1 10 12 1 10 12 1 1 10 100 12 1 1 1 10 100 1 10 100 1 10 9 100 12 1 1 1 10 100 12 1 1 1 10 12 1 1 10 100 12 1 1 100 1 8 1 10 9 12 1 1 9 12 1 8 1 9 12 1 100 1 10 8 1 10 12 1 1 10 12 1 10 12 1 1 100 1 10 10 12 1 1 100 1 8 1 10 12 1 8 1 8 1 8 1 8 1 8 1 8 1 10 12 1 8 1 8 1 8 1 8 1 8 1 10 100 12 1 1 1 10 12 1 1 8 1 100 1 8 1 10 8 1 8 1 8 1 8 1 8 1 10 100 12 1 1 8 1 100 1 8 1 8 1 10 8 1 10 12 1 100 1 8 1 10 10 12 1 1 10 12 1 10 12 1 10 12 1 10 100 12 1 1 1 10 12 1 10 100 12 1 1 11 100 12 1 1 1 18 12 1 1 11 100 12 1 1 1 18 12 1 1 11 12 1 1 18 18 11 12 1 18 12 1 11 12 1 1 9 12 1 1 9 12 1 9 12 1 9 12 1 100 1 10 100 12 1 1 10 12 1 10 12 1 18 12 1 18 10 100 12 1 1 1 18 12 1 10 12 1 18 18 8 1 10 12 1 9 12 1 1 11 100 12 1 1 1 8 1 100 1 10 12 1 10 12 1 1 10 12 1 1 9 12 1 1 10 12 1 10 12 1 1 8 1 100 1 10 9 12 1 8 1 10 12 1 8 1 100 1 10 10 100 12 1 1 10 100 1 9 100 12 1 1 1 11 12 1 1 10 12 1 11 12 1 10 12 1 100 1 10 10 12 1 1 10 12 1 1 1 1 1 1 1 1 1 1 1 100 1 1 1 1 1 1 1 1 1 1 1 1 1 1 1 1 1 1 1 1 1 1 1 1 1 1 1 1 1 1 1 1 1 1 1 1 1 1 1 1 1 1 1 1 1 1 1 1 1 1 1 1 1 1 1 1 3 1 1 1 1 1 1 1 1 1 1 100 1 1 1 1 1 1 1 1 1 1 1 1 1 1 1 1 1 1 1 1 1 1 1 1 1 1 1 1 1 1 1 1 1 1 1 1 1 1 16 15 10 100 12 1 1 1 16 1 16 15 10 12 16 1 15 10 12 16 15 11 100 1 16 1 16 1 15 10 12 16 15 10 12 16 15 10 12 1 16 1 15 11 12 1 15 10 12 16 15 10 16 1 15 10 100 12 1 1 1 1 1 1 100 1 100 1 1
ciInstanceKlass java/security/ProtectionDomain 1 1 348 10 7 12 1 1 1 9 7 12 1 1 1 7 1 10 9 12 1 1 9 12 1 1 9 12 1 1 10 7 12 1 1 7 1 9 12 1 9 12 1 1 7 1 9 12 1 1 9 12 1 10 100 12 1 1 10 100 12 1 1 1 10 12 1 1 10 12 1 9 12 1 9 100 12 1 1 10 12 1 1 10 100 1 10 12 1 1 8 1 100 1 8 1 10 12 1 10 11 10 100 12 1 1 1 10 12 1 1 8 1 11 8 1 10 12 1 8 1 8 1 10 12 1 1 10 12 1 10 12 1 1 10 12 1 8 1 10 12 1 8 1 8 1 10 100 12 1 1 1 9 100 12 1 1 1 10 12 1 1 9 100 12 1 1 1 10 100 12 1 1 1 100 1 18 12 1 1 10 100 12 1 1 1 10 100 1 10 12 1 10 12 1 1 11 100 12 1 1 11 12 1 100 1 11 100 12 1 1 1 10 12 1 10 11 12 1 1 11 12 1 1 10 12 1 10 7 12 1 1 10 100 12 1 1 11 12 1 10 12 10 12 1 8 1 8 1 10 7 12 1 1 1 7 1 10 10 7 12 1 1 1 1 1 1 1 1 1 1 100 1 1 100 1 1 1 1 1 1 1 1 1 1 1 1 1 1 1 1 1 1 1 1 1 1 1 1 1 1 1 1 1 1 1 1 1 1 1 1 1 1 1 1 1 1 1 1 100 1 1 1 1 1 1 100 1 1 16 15 10 12 16 15 10 100 12 1 1 1 1 1 1 1 100 1 100 1 1
staticfield java/security/ProtectionDomain filePermCompatInPD Z 0
ciInstanceKlass java/security/AccessControlContext 1 1 374 9 7 12 1 1 1 9 12 1 1 10 100 12 1 1 1 8 1 10 100 12 1 1 1 10 7 12 1 1 1 9 12 1 9 12 1 1 9 12 1 1 10 7 12 1 1 100 1 10 12 1 11 100 12 1 1 1 11 12 1 11 12 1 11 12 1 1 7 1 11 12 1 1 10 12 1 10 7 12 1 1 1 9 100 12 1 1 1 10 100 12 1 1 1 11 100 12 1 1 1 10 7 1 100 1 8 1 10 12 1 10 12 1 1 7 1 10 7 12 1 1 1 9 12 1 9 12 1 9 12 1 9 12 1 1 9 12 1 1 9 12 1 9 12 1 10 7 12 1 1 1 9 12 1 10 12 1 1 10 12 1 1 8 1 10 12 1 1 10 12 1 1 10 100 12 1 1 1 100 1 10 10 12 1 1 10 100 12 1 1 1 10 8 1 10 100 12 1 1 8 1 10 100 12 1 1 8 1 8 1 10 12 1 8 1 10 12 1 8 1 10 12 1 10 12 1 10 12 1 1 8 1 8 1 100 1 10 12 1 10 12 1 1 100 1 10 12 1 8 1 10 12 1 10 12 1 10 8 1 10 12 1 1 10 12 1 1 10 12 1 1 10 12 1 1 10 12 1 10 12 1 11 10 12 1 10 12 1 1 10 10 10 12 1 1 1 1 1 1 1 1 1 1 1 1 1 1 1 1 1 1 1 1 1 1 1 1 100 1 1 1 1 1 1 1 1 1 1 1 1 1 1 1 1 1 1 1 1 1 1 1 1 1 1 1 1 1 1 1 1 1 1 1 1 1 1 1 1 1 1 1 1 1 1 1 1 1 1 1 1 3 1 1
ciInstanceKlass java/security/AccessController 1 1 295 10 100 12 1 1 1 10 7 12 1 1 1 10 7 12 1 1 1 10 12 1 1 10 12 1 1 10 7 12 1 1 1 10 12 1 1 10 12 1 10 12 1 1 10 12 1 100 1 8 1 10 12 1 10 12 1 10 12 1 1 10 12 1 7 1 7 1 10 12 1 1 10 12 1 10 12 1 10 12 1 1 10 7 12 1 1 1 10 12 1 1 9 100 12 1 1 1 10 100 12 1 1 1 10 12 1 10 12 1 9 100 12 1 1 1 10 12 1 10 12 1 1 9 12 1 1 10 100 1 10 11 7 12 1 1 1 10 7 12 1 1 11 7 1 7 1 10 12 1 10 12 1 10 12 1 8 1 10 12 1 1 8 1 10 100 12 1 1 1 8 1 100 1 10 10 12 1 1 10 12 1 10 7 12 1 1 1 10 12 1 8 1 10 100 12 1 1 8 1 8 1 10 12 1 8 1 10 12 1 10 12 1 1 10 12 1 1 1 1 1 1 1 1 1 1 1 1 1 1 1 1 1 1 1 1 1 1 1 1 1 1 1 1 100 1 1 1 1 1 1 1 1 1 1 1 1 1 1 1 1 1 1 1 1 1 1 1 1 1 1 1 1 1 1 1 1 1 1 100 1 100 1 1 1 1 1 1 1 1 1 3 1 1 1
staticfield java/security/AccessController $assertionsDisabled Z 1
instanceKlass sun/reflect/misc/MethodUtil
instanceKlass jdk/internal/loader/BuiltinClassLoader
instanceKlass java/net/URLClassLoader
ciInstanceKlass java/security/SecureClassLoader 1 1 102 10 7 12 1 1 1 7 1 10 12 1 9 7 12 1 1 1 10 12 1 10 12 1 10 12 1 1 10 12 1 1 10 12 1 7 1 10 7 1 10 12 1 7 1 10 12 1 11 7 12 1 1 1 7 1 11 12 1 10 12 1 1 1 1 1 1 1 1 1 1 1 1 1 1 1 1 1 1 1 1 1 1 1 1 1 1 1 1 1 1 1 1 1 1 1 1 100 1 1 1 1
instanceKlass java/lang/reflect/InvocationTargetException
instanceKlass java/lang/InstantiationException
instanceKlass java/lang/IllegalAccessException
instanceKlass java/lang/NoSuchFieldException
instanceKlass java/lang/NoSuchMethodException
instanceKlass java/lang/ClassNotFoundException
ciInstanceKlass java/lang/ReflectiveOperationException 1 1 34 10 7 12 1 1 1 10 12 1 10 12 1 10 12 1 100 1 1 1 1 5 0 1 1 1 1 1 1 1 1 1 1 1
ciInstanceKlass java/lang/ClassNotFoundException 1 1 96 7 1 10 7 12 1 1 1 10 12 1 10 12 1 1 10 100 12 1 1 1 8 1 10 100 12 1 1 1 10 7 12 1 1 10 100 12 1 1 1 10 100 12 1 1 1 10 12 1 1 7 1 10 12 1 9 12 1 1 1 1 1 5 0 1 1 1 1 1 1 1 1 1 1 1 1 1 1 1 1 1 1 100 1 1 1 1 1 1 1 1 1 1 1 1
staticfield java/lang/ClassNotFoundException serialPersistentFields [Ljava/io/ObjectStreamField; 1 [Ljava/io/ObjectStreamField;
instanceKlass com/st/microxplorer/plugins/usernotification/DTO/IniFileDTO
instanceKlass com/st/microxplorer/plugins/usernotification/util/prmis/PackCPN
instanceKlass com/st/microxplorer/plugins/usernotification/util/prmis/Pack
instanceKlass jdk/net/UnixDomainPrincipal
instanceKlass jdk/internal/misc/ThreadTracker$ThreadRef
instanceKlass jdk/jfr/internal/jfc/model/Constraint
instanceKlass java/nio/DirectByteBuffer$Deallocator
instanceKlass jdk/jfr/internal/query/ViewFile$ViewConfiguration
instanceKlass jdk/jfr/internal/dcmd/Argument
instanceKlass java/lang/reflect/Proxy$ProxyBuilder$ProxyClassContext
instanceKlass java/util/stream/Collectors$CollectorImpl
instanceKlass java/security/SecureClassLoader$CodeSourceKey
instanceKlass jdk/internal/reflect/ReflectionFactory$Config
instanceKlass jdk/internal/foreign/abi/UpcallLinker$CallRegs
instanceKlass jdk/internal/foreign/abi/VMStorage
ciInstanceKlass java/lang/Record 1 1 22 10 7 12 1 1 1 100 1 1 1 1 1 1 1 1 1 1 1 1 1 1
instanceKlass java/lang/ClassFormatError
instanceKlass java/lang/ExceptionInInitializerError
instanceKlass java/lang/UnsatisfiedLinkError
instanceKlass java/lang/IncompatibleClassChangeError
instanceKlass java/lang/BootstrapMethodError
instanceKlass java/lang/NoClassDefFoundError
ciInstanceKlass java/lang/LinkageError 1 1 31 10 7 12 1 1 1 10 12 1 10 12 1 100 1 1 1 1 5 0 1 1 1 1 1 1 1 1 1 1 1
ciInstanceKlass java/lang/NoClassDefFoundError 0 0 26 10 100 12 1 1 1 10 12 1 100 1 1 1 1 5 0 1 1 1 1 1 1 1 1 1
ciInstanceKlass java/lang/ClassCastException 1 1 26 10 100 12 1 1 1 10 12 1 100 1 1 1 1 5 0 1 1 1 1 1 1 1 1 1
ciInstanceKlass java/lang/ArrayStoreException 1 1 26 10 100 12 1 1 1 10 12 1 100 1 1 1 1 5 0 1 1 1 1 1 1 1 1 1
instanceKlass java/lang/StackOverflowError
instanceKlass java/lang/OutOfMemoryError
instanceKlass java/lang/InternalError
ciInstanceKlass java/lang/VirtualMachineError 1 1 34 10 100 12 1 1 1 10 12 1 10 12 1 10 12 1 100 1 1 1 1 5 0 1 1 1 1 1 1 1 1 1 1 1
ciInstanceKlass java/lang/InternalError 0 0 34 10 100 12 1 1 1 10 12 1 10 12 1 10 12 1 100 1 1 1 1 5 0 1 1 1 1 1 1 1 1 1 1 1
ciInstanceKlass java/lang/OutOfMemoryError 1 1 26 10 100 12 1 1 1 10 12 1 100 1 1 1 1 5 0 1 1 1 1 1 1 1 1 1
ciInstanceKlass java/lang/StackOverflowError 1 1 26 10 100 12 1 1 1 10 12 1 100 1 1 1 1 5 0 1 1 1 1 1 1 1 1 1
ciInstanceKlass java/lang/IllegalMonitorStateException 1 1 26 10 100 12 1 1 1 10 12 1 100 1 1 1 1 5 0 1 1 1 1 1 1 1 1 1
instanceKlass java/lang/ref/PhantomReference
instanceKlass java/lang/ref/FinalReference
instanceKlass java/lang/ref/WeakReference
instanceKlass java/lang/ref/SoftReference
ciInstanceKlass java/lang/ref/Reference 1 1 190 9 7 12 1 1 1 9 7 12 1 1 10 12 1 1 10 12 1 1 9 12 1 1 10 12 1 1 9 12 1 1 9 12 1 1 7 1 10 12 1 10 7 12 1 1 10 12 1 10 12 1 1 10 12 1 7 1 8 1 10 12 1 1 7 1 10 12 1 1 10 12 1 1 10 12 1 9 12 1 10 12 1 1 10 12 1 10 12 1 9 12 1 100 1 100 1 10 12 9 12 1 9 12 1 100 1 10 10 12 1 10 10 7 12 1 1 7 1 10 10 7 12 1 1 1 1 1 1 1 1 1 1 1 1 1 1 1 1 1 1 1 100 1 1 1 100 1 1 1 1 1 1 1 1 1 1 1 1 1 1 1 1 1 1 1 1 1 1 1 1 1 1 1 1 1 1 1 1 1 1 1 100 1 100 1 100 1 1 1
staticfield java/lang/ref/Reference processPendingLock Ljava/lang/Object; java/lang/Object
staticfield java/lang/ref/Reference $assertionsDisabled Z 1
instanceKlass sun/security/util/MemoryCache$SoftCacheEntry
instanceKlass java/io/ClassCache$CacheRef
instanceKlass sun/awt/SoftCache$ValueCell
instanceKlass sun/font/FontDesignMetrics$KeyReference
instanceKlass sun/font/StrikeCache$SoftDisposerRef
instanceKlass java/util/ResourceBundle$BundleReference
instanceKlass sun/util/locale/provider/LocaleResources$ResourceReference
instanceKlass sun/util/resources/Bundles$BundleReference
instanceKlass sun/util/locale/LocaleObjectCache$CacheEntry
instanceKlass java/lang/invoke/LambdaFormEditor$Transform
ciInstanceKlass java/lang/ref/SoftReference 1 1 47 10 7 12 1 1 1 9 7 12 1 1 1 9 12 1 10 12 1 10 12 1 1 1 1 1 1 1 1 1 1 1 1 1 1 1 1 1 1 1 1 100 1 1 1 1 1
instanceKlass sun/java2d/ReentrantContextProvider$HardReference
instanceKlass sun/nio/ch/FileLockTable$FileLockReference
instanceKlass javax/crypto/JceSecurity$WeakIdentityWrapper
instanceKlass org/apache/commons/logging/impl/WeakHashtable$WeakKey
instanceKlass javax/swing/ActionPropertyChangeListener$OwnedWeakReference
instanceKlass sun/awt/image/ImageWatched$AccWeakReference
instanceKlass javax/swing/text/DefaultStyledDocument$AbstractChangeHandler$DocReference
instanceKlass javax/swing/text/GapContent$MarkData
instanceKlass com/sun/jna/CallbackReference
instanceKlass sun/awt/WeakIdentityHashMap$WeakKey
instanceKlass javax/swing/plaf/metal/MetalLookAndFeel$AATextListener
instanceKlass java/util/ResourceBundle$KeyElementReference
instanceKlass java/util/logging/LogManager$LoggerWeakRef
instanceKlass java/util/logging/Level$KnownLevel
instanceKlass com/sun/jmx/mbeanserver/WeakIdentityHashMap$IdentityWeakReference
instanceKlass java/lang/ClassValue$Entry
instanceKlass java/lang/ThreadLocal$ThreadLocalMap$Entry
instanceKlass java/lang/WeakPairMap$WeakRefPeer
instanceKlass jdk/internal/util/WeakReferenceKey
instanceKlass java/util/WeakHashMap$Entry
ciInstanceKlass java/lang/ref/WeakReference 1 1 31 10 7 12 1 1 1 10 12 1 100 1 1 1 1 1 1 1 1 1 1 1 1 1 1 1 1 1 1 1 1
instanceKlass java/lang/ref/Finalizer
ciInstanceKlass java/lang/ref/FinalReference 1 1 50 10 7 12 1 1 1 10 7 12 1 1 1 10 12 1 1 100 1 8 1 10 12 1 1 1 1 1 1 1 1 1 1 1 1 1 1 1 1 1 1 1 1 1 1 1 1 1 100 1
instanceKlass jdk/internal/ref/PhantomCleanable
instanceKlass jdk/internal/ref/Cleaner
ciInstanceKlass java/lang/ref/PhantomReference 1 1 39 10 100 12 1 1 1 10 7 12 1 1 1 1 1 1 1 1 1 1 1 1 1 1 1 1 1 1 1 1 1 1 1 1 1 1 1 1 1
ciInstanceKlass java/lang/ref/Finalizer 1 1 155 9 7 12 1 1 1 10 7 12 1 1 1 9 12 1 1 9 12 1 1 9 12 1 9 12 1 9 12 1 1 10 12 1 100 1 8 1 10 12 1 10 12 1 1 9 12 1 100 1 10 12 1 7 1 11 7 12 1 1 10 12 1 100 1 10 12 1 100 1 10 12 1 10 100 12 1 1 1 10 100 12 1 1 1 100 1 10 10 12 1 7 1 10 12 1 7 1 10 12 1 1 10 12 1 1 10 12 1 10 7 12 1 1 1 7 1 10 7 1 10 10 12 1 1 1 1 1 1 1 1 1 1 1 1 1 1 1 1 1 1 1 1 1 1 1 1 1 1 1 1 1 1 1 1
staticfield java/lang/ref/Finalizer lock Ljava/lang/Object; java/lang/Object
staticfield java/lang/ref/Finalizer ENABLED Z 1
staticfield java/lang/ref/Finalizer $assertionsDisabled Z 1
ciInstanceKlass java/lang/Runnable 1 0 11 100 1 100 1 1 1 1 1 1 1
instanceKlass com/st/microxplorer/plugins/thirdparty/engine/PopulateThirdPartyThread
instanceKlass com/st/microxplorer/plugins/updater/engine/LoadServerUpdatesThread
instanceKlass com/st/microxplorer/plugins/updater/engine/LoadLocalFilesThread
instanceKlass com/st/microxplorer/plugins/updater/engine/DeleteFilesThread
instanceKlass com/st/microxplorer/plugins/updater/engine/CheckServerUpdateThread
instanceKlass com/st/microxplorer/plugins/thirdparty/engine/IntegrityCheckThread
instanceKlass com/st/microxplorer/plugins/projectmanager/engine/GenerateProjectThread
instanceKlass com/st/microxplorer/plugins/projectmanager/engine/GenerateProjectThread
instanceKlass sun/awt/image/ImageFetcher
instanceKlass java/awt/EventDispatchThread
instanceKlass java/util/logging/LogManager$Cleaner
instanceKlass org/apache/logging/log4j/core/util/Log4jThread
instanceKlass jdk/internal/misc/InnocuousThread
instanceKlass java/util/concurrent/ForkJoinWorkerThread
instanceKlass java/lang/ref/Finalizer$FinalizerThread
instanceKlass java/lang/ref/Reference$ReferenceHandler
instanceKlass java/lang/BaseVirtualThread
ciInstanceKlass java/lang/Thread 1 1 870 10 7 12 1 1 1 9 12 1 1 10 7 12 1 1 10 12 1 10 100 12 1 1 100 1 8 1 10 12 1 1 9 12 1 9 12 1 1 9 12 1 1 7 1 10 12 1 1 10 12 1 10 7 12 1 1 1 10 12 9 12 1 1 10 12 1 100 1 10 12 1 100 1 8 1 10 9 7 12 1 1 1 10 12 1 1 10 12 1 1 10 12 1 1 10 12 1 10 12 1 1 3 8 1 100 1 5 0 10 7 12 1 1 1 9 12 1 10 12 1 1 10 7 12 1 1 1 10 7 12 1 1 1 10 12 1 1 10 12 1 1 9 12 1 1 10 100 1 8 1 10 7 1 10 12 1 9 12 1 1 10 100 12 1 1 1 10 10 12 1 1 9 100 12 1 1 1 10 12 1 1 10 12 1 1 10 7 12 1 1 10 12 1 10 12 1 10 7 12 1 1 9 12 1 10 7 12 1 1 1 10 12 1 1 9 12 1 1 9 12 1 1 10 7 12 1 1 1 9 12 1 1 10 100 12 1 1 10 100 12 1 1 1 10 12 1 10 12 1 10 7 12 1 1 9 12 1 8 1 9 100 12 1 1 9 12 1 1 5 0 100 1 10 100 1 10 100 1 10 7 1 10 8 1 10 12 1 1 10 7 12 1 10 12 1 10 12 1 100 1 8 1 10 10 12 1 10 12 1 1 10 100 12 1 1 1 10 100 12 1 1 1 10 12 1 7 1 9 12 1 1 100 1 10 10 12 1 9 12 1 1 10 12 1 1 10 12 1 1 10 12 1 10 12 1 9 12 1 1 10 10 12 1 1 10 12 1 1 11 7 12 1 1 10 7 12 1 1 9 12 1 9 12 1 1 9 12 1 1 10 100 12 1 1 10 12 1 1 9 7 12 1 1 1 10 7 12 1 1 10 12 1 10 12 1 100 1 10 10 12 9 12 1 1 10 12 1 11 100 12 1 1 10 12 1 10 12 1 10 12 1 9 12 1 10 10 12 1 10 12 1 1 9 12 1 9 12 10 12 1 8 1 10 12 1 10 12 1 10 12 1 10 12 1 10 12 1 1 10 12 1 10 12 1 1 10 12 1 10 12 1 10 12 1 10 12 1 10 12 1 1 9 7 12 1 1 1 8 1 10 9 12 1 10 12 1 7 1 8 1 10 10 12 1 8 1 10 12 1 1 9 12 10 12 8 1 10 10 12 1 10 12 1 8 1 10 12 1 10 8 1 10 100 12 1 1 10 12 1 1 100 1 8 1 10 9 12 1 9 12 1 1 10 12 1 1 10 10 12 1 10 12 1 100 10 7 12 1 1 1 9 12 1 10 12 1 1 10 12 1 1 10 100 12 1 1 1 11 100 12 1 1 1 9 100 12 1 1 1 10 100 12 1 1 1 100 1 10 12 1 100 1 10 12 1 10 12 1 1 10 12 1 1 8 1 9 12 1 10 12 1 10 12 1 1 11 100 12 1 1 1 10 12 1 1 1 1 3 1 3 1 3 1 3 1 1 1 1 1 1 1 1 1 1 1 1 1 1 1 1 1 1 1 1 1 100 1 1 1 1 1 1 1 1 1 1 1 1 1 1 1 1 1 1 1 1 1 1 100 1 1 1 1 1 1 1 1 1 1 1 1 1 1 1 1 100 1 100 1 1 1 1 1 1 1 1 1 1 1 1 1 1 1 1 1 1 1 1 1 1 1 1 1 1 1 1 1 1 1 1 1 1 1 1 1 1 1 1 1 1 1 1 1 1 1 1 1 1 1 1 1 1 1 1 1 1 1 1 1 1 1 1 1 1 1 1 1 1 1 1 1 1 1 1 100 100 1 1 1 1 1 1 1 1 1 1 1 1 1 1 1 1 1 1 1 1 1 1 1 1 1 1 100 1 100 1 100 1 100 1 100 1 1 100 1 1 1 1 1 1 1 1 1 1 1 1 1 1 1
staticfield java/lang/Thread NEW_THREAD_BINDINGS Ljava/lang/Object; java/lang/Class
staticfield java/lang/Thread EMPTY_STACK_TRACE [Ljava/lang/StackTraceElement; 0 [Ljava/lang/StackTraceElement;
ciInstanceKlass java/lang/Thread$FieldHolder 1 1 48 10 7 12 1 1 1 9 7 12 1 1 1 9 12 1 1 9 12 1 1 9 12 1 1 9 12 1 1 1 1 1 1 1 1 1 1 100 1 100 1 1 1 1 100 1 1 1
ciInstanceKlass java/lang/Thread$Constants 0 0 59 100 1 10 100 12 1 1 1 100 1 10 10 100 12 1 1 1 100 1 8 1 10 12 1 9 100 12 1 1 1 100 1 100 1 10 12 1 10 12 1 9 12 1 1 1 1 1 1 1 1 1 1 1 1 1 1 1 1
ciInstanceKlass java/lang/Thread$UncaughtExceptionHandler 1 0 16 100 1 100 1 1 1 1 1 1 1 1 100 1 1 1
ciInstanceKlass java/lang/ThreadGroup 1 1 411 10 7 12 1 1 1 9 7 12 1 1 1 8 1 9 12 1 1 100 1 9 12 1 1 9 12 1 1 10 7 12 1 1 1 10 12 1 1 10 12 1 10 12 1 10 12 1 10 12 1 1 10 12 1 1 10 12 1 10 12 1 1 10 12 1 10 12 1 10 100 12 1 1 1 10 12 1 1 18 12 1 1 11 100 12 1 1 1 10 7 12 1 1 1 10 100 12 1 10 12 1 1 10 12 1 1 10 12 1 1 10 100 12 1 1 1 10 12 1 11 12 1 1 11 100 12 1 1 11 12 1 1 10 12 1 1 10 12 1 10 12 1 11 12 1 11 12 1 1 100 1 10 10 12 1 100 1 10 18 12 1 1 11 100 12 1 1 1 11 12 1 1 9 12 1 1 10 12 1 1 8 1 10 100 12 1 1 1 10 100 12 1 1 1 10 12 1 1 11 12 10 12 1 1 10 12 1 1 11 100 1 9 12 1 100 1 10 8 1 10 12 1 1 10 12 1 1 8 1 10 12 1 10 100 12 1 1 1 10 12 1 1 10 7 1 8 1 10 8 1 10 12 1 10 12 1 8 1 9 12 1 1 9 12 1 10 100 12 1 1 1 100 9 12 1 1 7 1 9 12 1 10 12 10 12 1 1 100 10 12 9 12 1 10 12 1 100 1 10 11 12 1 1 100 1 10 10 12 1 10 12 1 1 1 1 1 1 1 1 1 1 1 1 1 1 1 1 1 1 3 1 1 1 1 1 1 1 1 1 1 1 1 100 1 1 1 1 1 1 1 1 1 1 1 1 1 1 1 1 1 1 1 1 1 1 1 1 1 1 1 1 1 1 1 1 1 1 1 1 1 1 1 1 1 1 1 16 15 10 12 16 16 15 10 12 16 15 10 100 12 1 1 1 1 1 100 1 100 1 1
staticfield java/lang/ThreadGroup $assertionsDisabled Z 1
instanceKlass java/lang/ThreadBuilders$BoundVirtualThread
instanceKlass java/lang/VirtualThread
ciInstanceKlass java/lang/BaseVirtualThread 0 0 36 10 100 12 1 1 1 100 1 1 1 1 1 1 1 1 1 1 1 1 1 1 1 1 1 1 1 1 100 1 100 1 1 100 1 1
ciInstanceKlass java/lang/VirtualThread 0 0 907 9 100 12 1 1 1 10 100 12 1 1 1 10 100 12 1 1 1 10 100 12 1 1 1 9 12 1 1 9 12 1 1 100 1 10 12 1 9 12 1 1 18 12 1 1 9 12 1 1 10 12 1 1 100 1 10 12 1 10 12 1 1 10 12 1 1 10 12 1 1 10 12 1 10 100 12 1 10 12 1 10 12 1 10 12 1 10 12 1 11 100 12 1 1 1 100 1 10 12 1 1 10 100 12 1 1 1 10 100 12 1 1 1 10 12 1 100 1 10 10 12 1 10 12 1 1 9 12 1 1 10 12 1 1 9 12 1 1 10 12 1 9 12 1 1 9 12 1 100 1 10 10 12 1 10 100 12 1 1 10 9 10 10 12 1 1 10 12 1 1 10 100 12 1 1 10 100 1 10 9 10 10 12 1 100 1 10 12 1 1 10 12 1 10 12 1 10 12 1 1 9 12 1 10 12 1 10 12 1 9 12 1 1 10 12 1 10 12 1 9 12 1 1 10 12 1 10 12 1 10 12 1 11 100 12 1 1 10 12 1 1 10 12 1 1 10 12 1 1 9 12 1 10 100 1 10 12 1 1 10 12 1 1 10 12 1 10 12 1 10 12 1 10 12 9 12 1 1 10 100 12 1 1 10 12 1 10 12 1 1 10 100 12 1 1 10 12 1 100 1 8 1 10 12 1 10 12 1 1 10 12 1 10 12 1 10 100 12 1 1 10 12 1 10 12 1 1 10 12 1 10 12 1 1 10 100 12 1 1 10 12 1 1 10 12 1 1 100 1 10 10 12 1 100 1 9 12 1 1 10 100 12 1 1 10 9 12 1 1 18 9 100 12 1 1 1 11 100 12 1 1 1 11 100 1 11 12 10 12 1 10 12 1 1 10 12 1 100 1 10 10 12 1 10 12 1 1 10 12 1 1 10 12 1 10 12 1 10 12 1 9 12 1 1 11 100 12 1 1 10 12 9 100 12 1 1 1 9 12 1 10 12 1 1 9 12 1 9 12 1 9 12 1 100 1 10 10 12 1 1 10 12 1 10 12 100 1 100 1 10 8 1 10 12 1 1 10 12 1 10 12 1 10 10 12 1 8 1 10 10 12 1 10 12 1 10 100 12 1 1 8 1 8 1 10 9 100 12 1 1 1 10 12 1 1 10 12 1 10 10 10 12 9 12 1 10 12 1 1 9 12 1 10 12 1 1 9 12 1 10 12 1 1 18 12 1 1 18 12 1 10 100 12 1 1 1 8 1 10 100 12 1 1 1 10 100 12 1 1 1 18 12 1 10 100 12 1 1 1 100 1 10 12 1 8 1 10 12 1 8 1 10 12 1 1 8 1 8 1 10 100 12 1 1 8 1 10 12 1 8 1 8 1 10 100 12 1 1 1 10 12 1 10 12 1 1 10 12 1 18 12 1 1 18 12 1 1 5 0 9 12 1 10 12 1 18 12 1 100 1 10 12 10 100 12 1 1 10 12 1 1 100 1 8 1 10 10 12 1 10 12 1 1 10 12 1 9 12 1 8 10 12 1 1 8 8 9 12 1 8 10 12 1 1 3 1 3 1 3 1 3 1 3 1 3 1 3 1 3 1 3 1 3 1 3 1 3 3 1 3 1 1 1 1 1 1 1 1 1 1 1 1 1 1 100 1 1 1 1 1 1 1 1 1 1 1 1 1 1 100 1 1 1 1 1 1 1 1 1 1 1 100 1 1 1 1 1 1 1 1 1 1 1 1 1 1 1 1 1 1 1 1 1 1 1 1 1 1 1 1 1 1 1 1 1 1 1 1 1 1 1 100 1 1 1 1 1 1 1 1 1 1 1 1 1 1 1 1 1 1 1 1 1 1 1 1 1 1 1 1 1 1 1 1 1 1 1 100 1 1 1 1 1 1 1 1 1 1 1 1 1 1 100 1 1 16 15 10 12 15 16 15 10 12 16 15 10 12 16 16 15 10 12 16 15 10 12 16 15 10 12 16 15 10 12 16 1 15 10 100 12 1 1 1 1 1 1 1 100 1 1 100 1 100 1 1
ciInstanceKlass java/lang/ThreadBuilders$BoundVirtualThread 0 0 132 10 100 12 1 1 1 9 100 12 1 1 1 10 100 12 1 1 1 9 12 1 1 10 12 1 1 10 12 1 1 9 12 1 1 10 100 12 1 1 1 10 12 1 1 100 1 8 1 10 12 1 10 12 1 1 10 12 1 1 10 12 1 1 10 100 12 1 1 1 8 1 10 12 1 8 1 10 12 1 1 10 100 12 1 1 9 100 12 1 1 1 10 12 1 1 10 10 12 1 1 1 1 1 1 1 1 1 1 1 1 1 1 1 1 1 1 1 1 1 1 1 1 1 1 1 1 100 1 1 1 1
ciInstanceKlass java/util/Map 1 1 263 11 7 12 1 1 1 11 12 1 1 10 7 12 1 1 11 12 1 1 11 7 12 1 1 1 11 7 12 1 1 1 11 12 1 1 7 1 11 12 1 11 12 1 100 1 100 1 10 12 1 1 11 100 12 1 1 1 11 100 12 1 1 1 11 12 1 11 12 1 10 12 1 1 11 12 1 11 7 12 1 9 7 12 1 1 1 7 1 10 12 7 1 7 1 10 12 1 7 1 10 7 1 11 12 1 11 12 1 1 11 12 1 1 7 1 11 12 1 1 1 1 1 1 1 1 1 1 1 1 1 1 1 1 1 1 1 1 1 1 1 1 1 1 1 1 1 1 1 1 1 1 1 1 1 1 1 1 1 1 1 1 1 1 1 1 1 1 1 1 1 1 1 1 1 1 1 1 1 1 1 1 1 1 1 1 1 1 1 1 1 1 1 1 1 1 1 1 1 1 1 1 1 1 1 1 1 1 1 1 1 1 1 1 1 1 1 1 1 1 1 1 1 1 1 1 1 1 1 1 1 1 1 1 1 1 1 1 1 1 1 1 1 1 100 1 1 1 1 1 1 1 1 1 1 1 1 1 1 1 1 1 1
instanceKlass java/util/Hashtable
ciInstanceKlass java/util/Dictionary 1 1 36 10 7 12 1 1 1 100 1 1 1 1 1 1 1 1 1 1 1 1 1 1 1 1 1 1 1 1 1 1 1 1 1 1 1 1
instanceKlass org/apache/commons/logging/impl/WeakHashtable
instanceKlass javax/swing/UIDefaults
instanceKlass java/util/Properties
ciInstanceKlass java/util/Hashtable 1 1 516 100 1 10 7 12 1 1 1 9 7 12 1 1 1 100 1 100 1 10 8 1 10 12 1 1 10 12 1 10 12 1 1 10 12 1 10 7 12 1 1 1 8 1 10 12 1 9 12 1 1 7 1 9 12 1 1 4 10 7 12 1 1 1 9 12 1 4 10 12 1 11 100 12 1 1 1 10 12 1 1 10 12 1 1 9 12 1 10 12 1 1 100 1 10 9 12 1 1 10 7 12 1 1 1 9 12 1 1 10 12 1 10 12 1 3 9 12 1 9 12 1 3 10 12 1 10 12 1 10 12 1 1 11 12 1 1 11 100 12 1 1 1 11 100 12 1 1 1 11 12 1 100 1 11 12 1 11 12 1 10 12 1 1 10 12 1 1 10 12 1 9 12 1 1 9 12 9 12 1 1 10 100 1 100 1 10 12 1 10 8 1 10 10 12 1 8 1 10 8 1 10 7 12 1 1 1 7 1 10 12 1 10 12 1 100 1 10 12 1 10 12 1 1 7 1 10 100 1 10 10 12 1 1 11 12 1 1 11 12 1 100 1 10 10 10 100 12 1 1 11 100 12 1 1 1 100 1 10 11 100 12 1 1 11 100 12 1 10 12 1 10 12 1 1 10 100 12 1 1 10 12 1 1 10 12 1 1 10 12 1 1 10 100 12 1 1 1 8 10 100 12 1 1 100 1 8 1 10 4 4 10 12 1 1 10 12 1 8 1 4 10 12 10 100 12 1 1 1 100 1 11 100 12 1 1 1 10 100 12 1 1 1 10 12 1 10 12 1 1 10 100 1 100 1 1 1 1 1 1 5 0 1 1 1 1 1 3 1 3 1 3 1 1 1 1 1 1 1 1 1 1 1 1 1 1 1 1 1 1 1 1 1 1 1 1 1 100 1 1 1 1 1 1 1 1 1 1 1 1 1 1 1 1 1 1 1 1 1 1 1 1 1 1 1 1 1 100 1 1 1 1 1 1 1 1 1 1 1 1 1 1 100 1 1 1 1 1 1 1 1 1 1 1 1 1 1 1 1 1 1 1 1 1 1 1 1 1 1 1 1 1 1 1 1 1 1 1 1 1 1 1 1 1 1 1 1 100 1 1 1 100 1 1 1 1 1 100 1 1 1 1 1 1 1 1 1 1 1 1 1 1 1 1 1 1
instanceKlass com/st/components/util/SortedProperties
instanceKlass com/st/microxplorer/mcufinder/gui/ApiFinderProperties
instanceKlass java/security/Provider
ciInstanceKlass java/util/Properties 1 1 690 10 7 12 1 1 1 100 1 10 7 12 1 1 7 1 10 12 1 9 12 1 1 9 12 1 1 9 12 1 1 10 7 12 1 1 1 10 12 1 1 8 1 10 7 12 1 1 1 7 1 10 12 1 10 12 1 1 8 1 10 12 1 7 1 10 12 10 12 1 1 9 12 1 1 10 12 1 1 7 1 10 12 1 10 12 1 10 12 1 1 100 1 8 1 10 12 1 10 12 1 10 12 1 1 10 12 1 100 1 3 10 10 100 12 1 1 1 10 12 1 10 12 1 1 8 1 10 12 1 10 12 1 1 8 1 10 100 12 1 1 10 12 1 1 10 12 1 10 12 1 1 100 1 10 12 1 10 12 1 1 100 1 9 100 12 1 1 1 10 12 1 10 12 1 1 10 12 1 1 10 12 1 1 100 1 9 12 1 1 7 1 100 1 10 12 1 100 1 11 7 12 1 1 1 11 12 1 1 11 100 12 1 1 1 11 7 12 1 1 1 11 12 1 1 11 12 1 11 12 1 10 12 1 1 8 1 10 12 1 10 100 12 1 1 10 12 1 100 1 10 10 12 1 10 12 1 100 1 10 10 12 1 1 10 100 12 1 1 9 100 12 1 1 10 12 1 1 10 100 12 1 1 1 100 1 100 1 100 1 10 8 1 8 1 10 12 1 10 12 1 10 12 1 1 10 10 12 1 1 10 12 1 1 7 1 10 10 12 1 11 7 12 1 1 10 7 12 1 1 1 8 1 10 100 12 1 1 11 11 7 1 8 1 10 100 1 11 10 12 1 10 10 12 1 10 12 1 1 10 12 1 1 10 12 1 1 10 12 1 10 12 1 10 10 12 1 10 12 1 10 12 1 10 10 12 1 1 10 12 1 1 10 10 12 1 10 12 1 10 12 1 10 12 1 10 12 1 1 10 12 1 1 10 12 1 10 12 1 10 12 1 1 10 12 10 12 1 1 10 12 1 1 10 12 1 10 12 1 1 10 12 1 1 10 12 10 11 12 1 4 11 10 12 1 1 10 100 12 1 1 11 12 1 10 12 1 1 10 100 12 1 1 10 12 1 100 1 8 1 10 12 1 10 10 100 12 1 1 1 100 1 6 0 10 12 1 1 11 100 12 1 1 1 10 12 1 10 12 1 1 1 1 1 5 0 1 1 1 1 1 1 1 1 1 1 1 1 1 1 1 1 1 1 1 1 1 1 1 1 1 1 1 1 1 1 1 1 1 1 1 1 1 1 1 100 1 1 1 1 1 1 1 1 1 1 1 1 1 1 1 1 1 1 1 1 100 1 1 1 1 1 1 1 1 1 1 1 1 100 1 100 1 1 1 1 1 100 1 1 1 1 1 1 1 1 1 1 1 1 1 1 1 1 1 1 1 1 1 1 1 1 1 1 1 1 1 1 1 1 1 1 1 1 1 1 1 1 1 1 1 1 1 1 1 1 1 1 1 1 1 1 1 1 1 1 1 1 1 1 1 1 1 1 1 1 1 1 1 1 1 1 1 1 1 100 1 1 1 1 1 1 1 1 1 1 1 100 1 1
staticfield java/util/Properties UNSAFE Ljdk/internal/misc/Unsafe; jdk/internal/misc/Unsafe
ciInstanceKlass java/lang/Module 1 1 1070 10 7 12 1 1 1 9 7 12 1 1 1 10 7 12 1 1 1 9 12 1 9 12 1 1 9 12 1 1 10 12 1 1 10 12 1 10 12 1 1 10 7 12 1 1 1 7 1 10 7 12 1 1 1 10 12 1 1 11 7 12 1 1 1 10 12 1 1 10 7 12 1 1 1 10 12 1 1 10 7 12 1 1 1 9 100 12 1 1 1 10 100 12 1 1 1 10 12 1 8 1 10 7 12 1 1 1 10 7 12 1 1 1 10 7 12 1 1 1 10 12 1 10 12 1 9 12 1 1 10 100 12 1 1 100 1 7 1 10 8 1 10 12 1 1 10 12 1 10 12 10 12 1 10 7 12 1 1 8 1 8 1 10 8 1 8 1 9 12 1 1 8 1 10 100 12 1 1 1 10 12 1 9 12 1 1 11 12 1 9 7 12 1 1 10 7 12 1 1 1 10 7 12 1 1 1 10 12 1 1 8 1 10 12 1 1 10 12 1 10 12 1 1 9 7 12 1 1 1 10 12 1 1 10 12 1 1 9 12 1 10 12 1 10 12 1 9 12 1 1 11 7 12 1 1 10 12 1 1 9 12 1 9 12 1 10 12 1 10 12 1 100 1 8 1 10 10 12 1 1 10 12 1 8 1 10 12 1 1 8 1 8 1 10 12 1 1 10 12 1 10 12 1 1 18 12 1 1 10 12 1 1 11 12 1 9 12 1 11 12 10 100 12 1 1 100 1 8 1 10 11 12 1 1 10 7 12 1 1 1 10 12 1 10 12 1 1 11 12 1 1 11 7 12 1 1 11 12 1 1 9 12 1 11 12 1 10 12 1 1 10 12 1 1 9 12 1 10 12 10 7 12 1 1 10 7 1 18 12 1 1 11 100 12 1 1 1 18 12 1 11 12 1 1 10 100 12 1 1 1 11 12 1 1 10 7 12 1 1 7 1 11 12 1 7 1 7 1 10 12 1 10 7 12 1 1 1 10 11 7 12 1 8 1 10 10 12 1 1 10 7 12 1 1 10 12 1 10 12 1 7 1 10 12 1 10 11 12 1 1 10 12 10 12 1 1 9 12 1 1 100 1 10 10 12 1 1 11 7 1 10 12 1 1 11 12 1 10 10 12 1 11 10 12 1 1 10 12 1 1 10 12 1 1 10 7 12 1 1 10 12 1 10 12 1 1 10 10 12 1 1 10 12 1 18 12 1 11 12 1 18 12 1 10 12 1 10 12 1 10 12 7 1 10 12 1 10 12 1 10 12 1 9 12 1 7 1 10 10 10 10 12 1 10 12 1 10 12 1 10 12 1 1 10 12 1 1 10 12 1 9 12 1 18 12 1 1 10 100 12 1 1 1 100 1 8 1 10 12 1 1 10 12 1 1 10 100 12 1 1 100 1 10 12 1 1 100 1 8 1 10 12 1 1 100 1 11 12 1 1 10 100 12 1 1 1 18 12 1 1 11 100 12 1 1 1 100 1 10 12 1 10 12 1 1 100 1 100 1 10 12 8 1 10 12 1 1 10 12 1 1 10 7 12 1 1 10 12 1 1 10 12 1 10 12 10 12 1 1 100 1 10 10 12 1 1 10 100 12 1 1 1 100 1 10 12 1 1 10 7 12 1 1 8 1 18 12 1 1 100 1 100 1 9 12 1 1 9 12 1 9 12 1 11 100 12 1 1 1 100 1 11 12 1 1 100 1 10 12 1 8 1 10 12 1 10 12 10 12 1 8 1 10 10 100 12 1 1 7 1 10 10 12 1 10 7 12 1 1 9 12 1 9 12 1 9 12 1 9 12 1 10 12 11 12 1 10 12 1 100 1 1 1 1 1 1 1 1 1 1 1 1 1 1 1 1 1 1 1 100 1 1 1 1 1 1 1 1 1 1 1 1 1 1 1 1 1 1 1 1 1 1 1 1 1 1 1 1 1 1 1 1 1 1 1 1 1 1 1 1 1 1 1 1 1 1 1 1 1 1 1 1 1 1 1 1 1 1 1 1 1 1 1 1 1 1 1 1 1 1 1 1 1 1 1 1 1 1 1 1 1 1 1 1 1 1 1 1 1 1 1 1 1 1 1 100 100 1 1 1 1 1 1 1 1 1 1 1 1 1 1 1 1 1 1 1 1 1 1 1 1 1 1 1 100 1 100 1 1 1 1 1 1 1 1 1 1 1 1 1 1 1 1 1 1 1 1 100 1 1 1 1 1 1 1 1 1 1 1 1 1 1 1 1 1 1 1 1 1 1 1 16 15 10 12 16 16 15 10 12 16 16 15 10 16 1 15 10 12 16 1 15 10 12 16 1 16 15 10 12 16 16 1 15 10 12 16 15 10 7 12 1 1 1 15 10 100 12 1 1 1 1 1 1 1 1 1 1 1 100 1 100 1 1 100 1 100 1 1
staticfield java/lang/Module ALL_UNNAMED_MODULE Ljava/lang/Module; java/lang/Module
staticfield java/lang/Module ALL_UNNAMED_MODULE_SET Ljava/util/Set; java/util/ImmutableCollections$Set12
staticfield java/lang/Module EVERYONE_MODULE Ljava/lang/Module; java/lang/Module
staticfield java/lang/Module EVERYONE_SET Ljava/util/Set; java/util/ImmutableCollections$Set12
staticfield java/lang/Module $assertionsDisabled Z 1
instanceKlass java/lang/reflect/Executable
instanceKlass java/lang/reflect/Field
ciInstanceKlass java/lang/reflect/AccessibleObject 1 1 400 10 7 12 1 1 1 9 100 12 1 1 1 10 100 12 1 1 1 10 7 12 1 1 10 7 12 1 1 1 10 7 12 1 1 1 10 12 1 1 10 12 1 1 9 12 1 1 7 1 10 7 12 1 1 1 11 12 1 100 1 10 12 1 7 1 100 1 10 12 1 10 12 1 1 10 12 1 1 10 12 1 1 10 12 1 1 7 1 10 7 12 1 1 1 10 12 1 1 11 10 7 12 1 1 1 10 12 1 1 10 12 1 10 12 1 10 12 1 1 10 12 1 8 1 7 1 7 1 10 10 12 1 1 8 1 10 12 1 10 12 1 8 1 8 1 8 1 8 1 8 1 8 1 8 1 8 1 8 1 7 1 10 12 1 10 12 1 9 12 1 1 10 12 1 1 10 12 1 10 100 1 100 1 8 1 10 8 1 10 12 1 8 1 10 12 1 10 12 1 1 10 100 1 8 1 10 11 7 12 1 1 1 10 12 1 1 10 12 1 1 10 12 1 1 9 12 1 1 100 1 10 12 1 7 1 10 12 1 10 12 1 1 10 100 1 10 12 1 10 12 10 12 1 10 12 1 10 12 1 1 10 12 1 9 12 1 10 7 12 1 1 8 1 10 7 12 1 1 1 8 1 10 100 12 1 1 1 9 12 1 100 1 10 7 1 10 10 7 12 1 1 1 7 1 10 10 7 12 1 1 1 7 1 9 12 1 1 1 1 1 1 1 1 1 1 1 1 1 1 1 1 1 1 1 1 1 1 1 1 1 1 1 1 1 1 1 1 1 1 1 1 1 1 1 1 1 1 1 1 1 1 1 1 1 1 1 1 1 1 1 1 1 1 1 1 1 1 1 1 1 1 1 1 1 1 1 1 1 1 1 1 1 1 1 1 1 1 1 1
staticfield java/lang/reflect/AccessibleObject reflectionFactory Ljdk/internal/reflect/ReflectionFactory; jdk/internal/reflect/ReflectionFactory
ciInstanceKlass java/lang/reflect/Member 1 1 37 100 1 10 12 1 1 100 1 100 1 1 1 1 3 1 3 1 1 1 1 1 1 1 1 1 1 1 1 1 1 1 1 1 1 1 1
ciInstanceKlass java/lang/reflect/Field 1 1 457 9 7 12 1 1 1 10 12 1 1 10 7 12 1 1 1 10 7 12 1 1 9 12 1 1 10 12 1 1 10 12 1 1 10 7 12 1 1 10 7 12 1 1 1 9 12 1 1 9 12 1 9 12 1 9 12 1 1 9 12 1 1 9 12 1 9 12 1 1 9 12 1 1 100 1 8 1 10 12 1 10 12 1 9 12 1 1 9 12 1 10 12 1 10 7 12 1 1 10 12 1 1 10 12 1 1 10 12 1 10 12 1 1 9 100 12 1 1 1 10 100 12 1 1 1 7 1 10 12 1 1 10 12 1 1 10 12 1 1 10 12 1 10 12 1 10 7 1 10 7 12 1 1 100 1 10 8 1 10 12 1 1 10 12 1 1 8 1 10 12 10 12 1 8 1 8 1 10 11 100 1 9 12 1 10 12 1 1 10 12 1 1 11 7 12 1 1 1 10 12 1 11 12 1 1 11 12 1 1 11 12 1 1 11 12 1 1 11 12 1 1 11 12 1 1 11 12 1 1 11 12 1 1 11 12 1 1 11 12 1 1 11 12 1 1 11 12 1 1 11 12 1 1 11 12 1 1 11 12 1 1 11 12 1 1 11 12 1 1 10 12 1 10 7 12 1 1 10 12 1 10 12 1 10 12 1 9 12 1 1 10 7 12 1 1 1 10 12 1 1 10 12 1 10 7 12 1 1 10 12 1 1 11 7 1 10 12 1 7 1 10 100 12 1 1 1 10 7 12 1 1 1 9 12 1 10 7 12 1 1 1 11 7 12 1 1 1 10 12 1 1 10 12 1 1 9 100 12 1 1 10 100 12 1 1 1 10 12 1 1 100 1 1 1 1 1 1 1 1 1 1 1 1 1 1 1 1 1 1 1 1 1 1 1 1 1 1 1 1 1 1 1 1 1 1 1 1 1 1 1 100 1 1 1 1 1 1 1 1 1 1 1 1 1 1 1 1 1 1 1 1 1 1 1 1 1 1 1 1 1 1 1 1 100 1 1 1 1 1 1 1 1 1 100 1 1
ciInstanceKlass java/lang/reflect/Parameter 0 0 243 10 100 12 1 1 1 9 100 12 1 1 1 9 12 1 1 9 12 1 1 9 12 1 10 12 1 1 10 12 1 1 10 100 12 1 1 1 100 1 10 10 12 1 1 11 100 12 1 1 1 10 12 1 10 100 12 1 1 1 10 12 1 1 10 12 1 10 12 1 8 1 8 1 10 100 12 1 1 1 10 12 1 10 12 9 100 12 1 1 1 10 100 12 1 1 1 10 12 1 8 1 10 12 1 9 12 1 1 10 12 1 1 9 12 1 1 10 12 1 1 10 12 1 1 10 12 1 1 10 12 1 10 10 12 1 10 100 12 1 1 1 10 12 1 1 11 100 12 1 1 10 100 12 1 1 100 1 10 100 12 1 1 1 10 12 1 1 10 12 1 1 10 12 1 1 10 12 1 1 9 12 1 100 1 10 11 12 1 1 11 12 1 1 100 1 1 1 1 1 1 1 1 1 1 1 1 1 1 1 1 1 1 1 1 1 1 1 1 1 1 1 1 1 1 1 1 1 1 1 1 1 1 1 1 1 100 1 1 1 1 1 1
instanceKlass java/lang/reflect/Constructor
instanceKlass java/lang/reflect/Method
ciInstanceKlass java/lang/reflect/Executable 1 1 581 10 7 12 1 1 1 10 7 12 1 1 1 10 7 12 1 1 1 11 7 12 1 1 1 10 7 12 1 1 1 10 12 1 1 10 7 12 1 1 1 10 7 12 1 1 1 10 12 1 8 1 10 10 12 1 1 10 12 1 1 10 7 12 1 1 1 18 12 1 1 11 7 12 1 1 1 8 1 8 1 8 1 10 7 12 1 1 1 11 12 1 1 7 1 8 1 8 1 10 12 1 100 1 8 1 10 12 1 8 1 11 100 12 1 1 1 100 1 11 7 12 1 1 1 11 12 1 8 1 18 8 1 10 12 1 10 12 1 1 18 8 1 10 12 1 100 1 10 12 1 10 12 1 11 12 1 10 12 1 1 8 1 8 1 10 12 1 1 10 12 1 1 10 10 12 1 9 100 12 1 1 1 10 100 12 1 1 1 10 12 1 10 12 1 1 10 7 12 1 1 10 12 1 10 12 1 10 12 1 10 7 12 1 1 100 1 10 100 12 1 1 1 10 12 1 1 10 100 12 1 1 10 12 1 10 12 1 1 9 100 12 1 1 1 10 100 10 12 1 8 1 10 12 1 10 12 1 3 100 1 8 1 10 12 1 10 12 1 10 10 12 1 10 12 1 1 8 1 8 1 8 1 9 12 1 1 9 12 1 10 12 1 100 1 8 1 10 12 1 10 12 1 10 12 1 1 10 12 1 1 10 12 1 10 12 10 12 1 7 1 10 12 1 10 12 1 1 100 1 10 100 12 1 1 1 7 1 10 7 12 1 1 1 10 12 1 1 11 7 12 1 1 10 12 1 10 100 12 1 1 1 10 12 1 1 9 12 1 10 12 1 1 10 12 1 10 12 1 1 9 100 12 1 1 1 10 100 12 1 1 1 10 12 1 10 12 1 1 9 12 1 10 10 10 10 100 12 1 1 1 10 12 1 9 12 1 10 12 1 1 9 12 1 100 1 100 1 1 1 1 1 1 1 1 1 1 1 1 1 1 1 1 1 1 1 1 1 1 1 1 1 1 1 1 1 1 1 1 1 1 1 1 100 1 1 1 1 1 1 1 1 1 1 1 1 1 1 1 1 1 1 1 100 1 1 1 1 1 1 1 1 1 1 1 1 1 1 1 1 1 1 1 1 1 1 1 1 1 1 1 1 1 1 1 1 1 1 1 1 1 1 1 1 1 1 1 100 1 1 1 1 1 1 1 1 1 1 1 1 1 1 1 1 1 1 1 1 1 1 100 1 1 16 15 16 1 16 1 15 10 12 16 15 10 7 12 1 1 1 1 1 1 100 1 1 100 1 100 1 1
ciInstanceKlass java/lang/reflect/Method 1 1 472 9 7 12 1 1 1 10 7 12 1 1 1 10 7 12 1 1 9 12 1 1 10 12 1 1 10 12 1 1 10 7 12 1 1 10 7 12 1 1 1 9 12 1 1 9 12 1 9 12 1 1 9 12 1 9 12 1 9 12 1 1 9 12 1 9 12 1 1 9 12 1 9 12 1 9 12 1 1 100 1 8 1 10 12 1 10 12 1 9 12 1 1 8 1 10 7 12 1 1 10 7 12 1 1 1 10 12 1 1 10 12 1 1 10 12 1 10 12 1 1 10 12 1 1 9 100 12 1 1 1 10 12 1 1 10 12 10 7 12 1 1 10 12 1 1 10 12 1 10 12 1 10 12 1 10 7 12 1 1 1 10 12 1 1 10 7 1 10 7 12 1 1 1 10 7 12 1 1 10 12 1 1 10 12 1 1 10 12 1 10 7 12 1 1 1 10 12 1 10 8 1 10 12 1 10 12 1 7 1 8 1 8 1 8 1 10 12 1 10 12 1 1 10 12 1 1 10 10 12 1 1 10 12 1 11 100 1 10 12 1 9 12 1 1 10 12 1 1 10 12 1 10 12 1 1 10 12 1 1 11 7 12 1 1 1 11 12 1 9 12 1 1 10 12 1 10 12 1 10 12 1 10 12 1 10 12 1 10 12 1 9 12 1 1 10 7 12 1 1 1 10 7 12 1 1 10 12 1 1 10 7 12 1 1 1 10 7 12 1 1 1 10 7 12 1 1 1 11 7 12 1 1 1 10 7 12 1 1 1 7 1 100 1 100 1 10 12 1 10 12 1 1 10 12 1 100 1 8 1 10 12 1 10 10 12 1 1 10 12 1 1 10 12 1 1 10 12 1 1 8 1 10 12 1 1 1 1 1 1 1 1 1 1 1 1 1 1 1 1 1 1 1 1 1 1 1 1 1 1 1 1 1 1 1 1 1 1 1 1 1 1 1 1 1 1 1 1 1 1 1 1 1 1 1 1 1 100 1 7 1 7 1 1 1 1 1 1 1 1 1 1 1 1 1 1 1 1 1 1 1 1 1 1 1 1 1 1 1 1 1 1
ciInstanceKlass java/lang/reflect/Constructor 1 1 439 10 7 12 1 1 1 10 7 12 1 1 9 7 12 1 1 1 10 12 1 1 10 12 1 1 10 7 12 1 1 9 12 1 1 10 7 12 1 1 1 9 12 1 1 9 12 1 1 9 12 1 9 12 1 1 9 12 1 9 12 1 1 9 12 1 1 9 12 1 100 1 8 1 10 12 1 10 12 1 9 12 1 1 10 7 12 1 1 10 7 12 1 1 1 10 12 1 1 10 12 1 1 10 12 1 7 1 100 1 8 1 10 10 12 1 10 12 1 10 12 1 1 10 12 1 1 9 100 12 1 1 1 10 7 12 1 1 10 12 1 1 10 12 1 10 12 1 1 10 100 12 1 1 1 10 100 12 1 1 10 12 1 1 10 12 1 10 100 12 1 1 1 8 1 10 10 12 1 100 1 8 1 10 12 1 10 12 1 1 10 12 1 1 10 12 1 10 12 1 10 12 1 1 10 12 1 1 9 12 1 1 10 12 1 1 10 12 1 1 10 12 1 1 11 7 12 1 1 1 10 12 1 1 10 12 1 10 12 1 10 12 1 8 1 9 12 1 1 10 7 12 1 1 1 10 7 12 1 1 10 12 1 1 10 12 1 1 10 12 1 1 10 12 1 1 10 12 1 9 100 12 1 1 10 12 1 10 12 1 10 12 1 100 1 8 1 10 10 12 1 1 10 12 1 10 10 12 1 1 10 12 1 1 10 100 12 1 1 1 11 100 12 1 1 1 10 12 1 1 9 100 12 1 1 1 10 100 12 1 1 1 10 12 1 1 1 1 1 1 1 1 1 1 1 1 1 1 1 1 1 1 1 1 1 1 1 1 1 1 1 1 1 1 1 1 1 1 1 1 1 1 1 1 1 1 1 1 1 1 1 1 1 1 1 1 100 1 100 1 100 1 100 1 1 1 1 1 1 1 1 1 1 1 1 1 1 1 1 1 1 1 1 1 1 1 1 1 1 1 1 1 1 1 1 1 100 1 1
ciInstanceKlass jdk/internal/vm/ContinuationScope 0 0 50 10 100 12 1 1 1 10 100 12 1 1 1 100 1 9 100 12 1 1 1 10 12 1 1 10 100 12 1 1 1 10 12 1 1 10 12 1 1 1 1 1 1 1 1 1 1 1 1 1
ciInstanceKlass jdk/internal/vm/Continuation 0 0 549 9 100 12 1 1 1 9 12 1 9 12 1 100 1 100 1 10 12 1 1 8 1 10 12 1 1 10 12 1 10 12 1 1 10 12 1 9 100 12 1 1 1 11 100 12 1 1 1 10 100 1 9 12 1 1 9 12 1 1 10 8 1 10 12 1 9 12 1 1 10 11 12 1 1 100 1 10 100 12 1 1 1 10 12 1 1 10 12 1 10 12 1 1 11 12 1 1 9 12 1 1 10 12 1 1 18 12 1 1 10 100 12 1 1 1 100 1 10 12 1 11 100 12 1 1 1 10 12 1 9 12 1 10 12 1 1 100 1 8 1 10 12 1 10 12 1 1 9 12 1 1 11 12 1 1 9 12 1 1 8 1 10 11 12 1 1 11 12 1 1 10 12 1 1 10 12 1 1 9 12 1 10 12 1 10 10 12 1 8 1 10 12 1 8 1 8 1 10 100 12 1 1 1 10 100 12 1 1 1 10 12 1 9 12 1 11 12 1 100 1 10 12 1 10 12 1 1 9 12 1 1 100 1 10 12 1 1 9 12 1 1 10 12 1 10 12 1 11 100 12 1 1 10 100 1 10 12 1 8 1 9 12 1 10 12 1 1 9 12 1 1 10 100 12 1 1 8 1 8 1 8 1 8 1 10 12 1 1 10 12 1 10 12 1 10 12 1 10 12 1 1 10 12 1 1 8 1 10 12 1 1 9 12 1 1 10 12 1 1 9 12 1 8 1 10 100 12 1 1 1 10 12 1 8 1 100 1 8 1 10 9 12 1 1 8 1 10 100 12 1 1 10 100 12 1 1 8 1 8 1 10 12 10 100 12 1 1 1 10 100 1 10 100 12 1 1 1 18 11 100 12 1 1 1 18 12 1 11 12 1 1 100 1 10 100 12 1 1 10 12 1 1 8 10 12 1 1 10 100 12 1 1 1 10 100 12 1 1 10 12 1 8 1 10 12 1 100 1 100 1 10 12 1 1 1 1 1 1 1 1 1 1 1 1 1 1 1 1 1 1 1 1 1 1 1 1 1 1 1 1 1 1 1 1 1 1 1 1 1 1 1 1 1 1 1 1 1 1 1 1 1 1 1 1 1 1 1 1 1 1 1 1 1 1 1 1 1 1 1 1 1 1 1 1 1 1 1 100 1 1 16 1 15 10 12 16 15 11 100 12 1 1 1 16 1 16 1 15 10 12 16 15 10 100 12 1 1 1 1 1 1 1 1 100 1 100 1 1
ciInstanceKlass jdk/internal/vm/StackChunk 0 0 32 10 100 12 1 1 1 9 100 12 1 1 1 9 12 1 1 9 12 1 1 1 1 1 1 1 1 1 1 1 1 1
instanceKlass jdk/internal/reflect/FieldAccessorImpl
instanceKlass jdk/internal/reflect/ConstructorAccessorImpl
instanceKlass jdk/internal/reflect/MethodAccessorImpl
ciInstanceKlass jdk/internal/reflect/MagicAccessorImpl 1 1 16 10 7 12 1 1 1 100 1 1 1 1 1 1 1 1
ciInstanceKlass jdk/internal/reflect/MethodAccessor 1 0 17 100 1 100 1 1 1 1 100 1 100 1 1 1 1 1 1
instanceKlass jdk/internal/reflect/DirectMethodHandleAccessor
ciInstanceKlass jdk/internal/reflect/MethodAccessorImpl 1 1 38 10 7 12 1 1 1 10 100 12 1 1 1 100 1 1 1 1 1 1 1 100 1 100 1 1 1 1 1 1 1 1 1 1 1 1 1 1
ciInstanceKlass jdk/internal/reflect/ConstructorAccessor 1 0 16 100 1 100 1 1 1 1 100 1 100 1 100 1 1 1
instanceKlass jdk/internal/reflect/SerializationConstructorAccessorImpl
instanceKlass jdk/internal/reflect/DirectConstructorHandleAccessor$NativeAccessor
instanceKlass jdk/internal/reflect/DirectConstructorHandleAccessor
instanceKlass jdk/internal/reflect/NativeConstructorAccessorImpl
ciInstanceKlass jdk/internal/reflect/ConstructorAccessorImpl 1 1 27 10 7 12 1 1 1 100 1 100 1 1 1 1 1 1 1 1 1 100 1 100 1 100 1 1 1
ciInstanceKlass jdk/internal/reflect/DelegatingClassLoader 1 1 18 10 7 12 1 1 1 100 1 1 1 1 1 1 1 1 1 1
ciInstanceKlass jdk/internal/reflect/ConstantPool 1 1 142 10 100 12 1 1 1 9 7 12 1 1 1 10 12 1 1 10 12 1 1 10 12 1 10 12 1 1 10 12 1 1 10 12 1 10 12 1 1 10 12 1 10 12 1 1 10 12 1 10 12 1 10 12 1 10 12 1 1 10 12 1 1 10 12 1 1 10 12 1 1 10 12 1 10 12 1 1 10 100 12 1 1 1 8 11 7 12 1 1 1 10 7 12 1 1 1 1 1 1 1 1 1 1 1 1 1 1 1 1 1 1 1 1 1 1 1 1 1 1 1 1 1 1 1 1 1 1 1 1 1 1 1 1 1 1 1 1 1 1 1 1
ciInstanceKlass jdk/internal/reflect/FieldAccessor 1 0 48 100 1 100 1 1 1 1 100 1 1 1 1 1 1 1 1 1 1 1 1 1 1 1 1 1 1 1 100 1 1 1 1 1 1 1 1 1 1 1 1 1 1 1 1 1 1 1
instanceKlass jdk/internal/reflect/MethodHandleFieldAccessorImpl
instanceKlass jdk/internal/reflect/UnsafeFieldAccessorImpl
ciInstanceKlass jdk/internal/reflect/FieldAccessorImpl 1 1 269 10 7 12 1 1 1 9 7 12 1 1 1 10 100 12 1 1 1 10 100 12 1 1 10 100 12 1 1 1 10 12 1 1 100 1 10 10 12 1 1 10 12 1 1 8 1 10 10 12 1 100 1 8 1 10 12 1 8 1 10 12 1 8 1 10 12 1 100 1 10 12 1 1 10 8 1 10 12 1 1 8 1 10 100 12 1 1 8 1 10 100 12 1 1 8 1 10 100 12 1 1 8 1 10 100 12 1 1 8 1 10 100 12 1 1 8 1 10 100 12 1 1 8 1 10 100 12 1 1 8 1 10 100 12 1 1 10 12 1 1 8 1 10 12 1 1 10 100 12 1 1 1 8 1 10 12 1 8 1 8 1 8 1 8 1 10 100 12 1 1 1 8 1 8 1 8 1 10 12 100 1 1 1 1 1 1 1 1 1 1 1 1 1 1 1 1 1 1 1 1 1 1 1 1 1 1 1 1 1 1 1 1 1 1 1 1 1 1 1 1 1 1 1 1 1 1 1 1 1 1 1 1 1 1 1 1 1 1 1 1 1 1 1 1 1 1 1 1 1 1 1 1 1 1 1 1 1 1 1 1 1 1 1 1 1 1 1 1
instanceKlass jdk/internal/reflect/UnsafeStaticFieldAccessorImpl
ciInstanceKlass jdk/internal/reflect/UnsafeFieldAccessorImpl 0 0 62 10 100 12 1 1 1 10 100 12 1 1 1 10 100 12 1 1 1 9 100 12 1 1 10 12 1 9 12 1 1 10 100 12 1 1 1 9 12 1 1 10 12 1 10 12 1 1 1 1 1 1 1 1 1 1 1 1 1 1 1 1
ciInstanceKlass jdk/internal/reflect/UnsafeStaticFieldAccessorImpl 0 0 47 10 100 12 1 1 1 9 100 12 1 1 1 10 100 12 1 1 1 9 12 1 1 8 11 100 12 1 1 1 10 100 12 1 1 1 1 1 1 1 1 1 1 1 1 1 1
ciInstanceKlass java/lang/annotation/Annotation 1 0 17 100 1 100 1 1 1 1 1 1 1 1 1 1 1 1 1
ciInstanceKlass jdk/internal/reflect/CallerSensitive 1 0 17 100 1 100 1 100 1 1 1 1 1 1 1 1 1 1 1
ciInstanceKlass jdk/internal/reflect/NativeConstructorAccessorImpl 0 0 125 10 100 12 1 1 1 9 100 12 1 1 1 100 1 10 12 1 9 12 1 1 9 12 1 1 10 100 12 1 1 1 10 100 12 1 1 1 10 100 12 1 1 1 9 12 1 9 12 1 1 9 12 1 1 10 100 12 1 1 1 100 1 10 10 12 1 1 10 12 1 10 12 1 1 10 12 1 100 1 10 12 1 1 10 12 1 1 8 10 12 1 1 1 1 1 1 1 1 1 1 1 1 1 1 1 1 1 1 1 1 1 1 100 1 100 1 100 1 1 1 1 1 1 1
instanceKlass java/lang/invoke/DelegatingMethodHandle
instanceKlass java/lang/invoke/BoundMethodHandle
instanceKlass java/lang/invoke/DirectMethodHandle
ciInstanceKlass java/lang/invoke/MethodHandle 1 1 733 100 1 9 7 12 1 1 1 10 7 12 1 1 1 10 7 12 1 1 1 7 1 7 1 10 12 1 1 9 12 1 1 10 12 1 10 12 1 1 10 12 1 1 10 100 12 1 1 1 10 12 1 1 10 12 1 1 11 100 12 1 1 1 10 12 1 1 10 12 1 10 12 1 10 12 1 1 9 12 1 1 9 12 1 1 10 100 12 1 1 1 10 12 1 1 10 12 1 10 12 1 100 1 100 1 10 8 1 10 12 1 1 10 12 1 8 1 10 12 1 1 10 12 1 10 7 12 1 1 1 10 12 1 1 10 12 1 1 10 12 1 1 10 7 12 1 1 1 10 12 1 1 10 12 1 1 10 12 1 10 12 1 1 10 100 12 1 1 10 7 12 1 1 10 12 1 10 12 1 10 12 1 1 10 12 1 1 10 12 1 1 10 12 1 1 10 7 12 1 1 1 10 7 12 1 1 1 10 12 1 1 10 12 1 1 10 12 1 1 8 1 10 7 12 1 1 1 8 1 10 12 1 10 12 1 1 10 12 1 1 10 12 1 8 1 10 12 1 1 8 1 10 12 1 8 1 10 100 12 1 1 1 9 12 1 1 100 1 10 9 100 12 1 1 1 9 100 1 8 1 10 12 1 1 10 12 1 10 12 1 1 10 12 1 10 12 1 1 10 12 1 10 12 1 1 10 12 1 10 12 1 1 10 12 1 1 8 1 10 12 1 1 8 1 10 12 1 10 12 1 1 10 12 1 10 12 1 10 12 1 1 9 100 12 1 1 1 10 12 1 1 11 12 1 10 12 1 10 12 1 1 10 100 12 1 1 100 1 11 12 1 10 100 1 11 12 1 100 1 10 12 1 11 12 1 9 100 12 1 1 1 11 12 1 1 11 100 12 1 1 1 10 12 1 1 9 12 1 11 12 1 9 12 1 9 12 1 9 12 1 11 12 1 1 9 12 1 9 12 1 9 12 1 9 12 1 9 12 1 9 12 1 9 12 1 8 1 10 12 1 10 12 1 8 1 10 12 1 10 12 1 10 12 1 1 10 10 10 7 12 1 1 10 12 1 1 100 1 100 1 8 1 8 1 10 10 12 1 1 10 12 1 10 12 1 100 1 10 100 12 1 1 1 10 9 7 12 1 1 1 10 12 1 1 10 12 1 1 8 1 8 1 10 100 12 1 1 9 12 1 9 12 1 1 9 12 1 1 10 12 1 7 1 10 12 1 10 12 1 1 9 12 1 1 9 12 1 1 10 7 12 1 1 1 11 7 12 1 1 9 12 1 10 12 1 1 9 12 1 10 12 1 8 10 12 1 1 8 1 1 1 1 1 1 1 1 7 1 1 1 1 1 1 1 1 1 1 1 1 1 1 1 1 1 1 1 1 1 1 1 1 1 1 1 1 1 1 100 1 1 1 1 1 1 1 1 1 1 1 1 1 1 1 1 1 1 1 1 1 1 1 1 1 1 1 1 1 1 1 1 1 1 1 1 1 1 1 1 1 1 1 1 1 1 1 1 1 1 1 1 1 1 1 1 1 1 1 1 1 1 1 1 1 1 1 1 1 1 1 1 1 1 1 1 1 1 1 1 1 1 1 1 1 1 100 1 1 100 1 100 1 100 1 1 100 1 1 100 1 1 1 1
staticfield java/lang/invoke/MethodHandle FORM_OFFSET J 20
staticfield java/lang/invoke/MethodHandle UPDATE_OFFSET J 13
staticfield java/lang/invoke/MethodHandle $assertionsDisabled Z 1
instanceKlass java/lang/invoke/DirectMethodHandle$StaticAccessor
instanceKlass java/lang/invoke/DirectMethodHandle$Interface
instanceKlass java/lang/invoke/DirectMethodHandle$Special
instanceKlass java/lang/invoke/DirectMethodHandle$Accessor
instanceKlass java/lang/invoke/DirectMethodHandle$Constructor
ciInstanceKlass java/lang/invoke/DirectMethodHandle 1 1 923 7 1 7 1 100 1 7 1 7 1 10 7 12 1 1 1 10 7 12 1 1 1 100 1 10 12 1 10 12 1 1 10 7 12 1 1 10 12 1 1 10 12 1 10 12 1 7 1 10 12 1 1 10 12 1 1 10 12 1 10 12 1 1 10 7 12 1 1 1 10 12 1 9 12 1 1 100 1 10 9 12 1 1 9 12 1 10 12 1 10 12 1 10 12 1 1 10 12 1 10 12 1 10 12 1 10 7 12 1 1 1 10 12 1 10 12 1 1 8 1 10 12 1 1 7 1 10 12 1 7 1 10 10 12 1 10 12 1 10 12 1 10 7 12 1 1 1 10 12 1 1 7 1 10 12 1 10 12 1 7 1 10 12 1 10 12 1 1 10 12 1 1 10 12 1 8 10 100 12 1 1 1 10 12 1 10 12 1 10 12 1 1 10 12 1 9 7 12 1 1 1 7 1 10 12 1 10 7 12 1 1 1 10 12 1 10 12 1 1 9 12 1 1 100 1 10 8 1 10 12 1 1 10 12 1 1 8 1 10 12 1 10 12 1 10 10 12 1 10 12 1 10 12 1 10 12 1 10 12 1 1 10 12 1 10 12 1 1 10 12 1 10 12 1 1 10 10 7 12 1 1 1 10 12 1 10 12 1 1 10 12 1 10 12 1 1 8 1 9 7 12 1 1 1 8 1 9 12 1 9 12 1 8 1 9 12 1 9 12 1 8 1 9 12 1 9 12 1 8 1 10 12 1 10 12 1 1 9 12 1 1 7 1 10 12 1 1 100 1 10 7 12 1 1 1 10 12 1 1 10 12 1 10 12 1 1 7 1 10 12 1 1 10 12 1 10 12 1 1 7 1 10 12 1 1 10 12 1 10 7 12 1 1 1 10 12 1 10 12 1 1 10 12 1 9 12 1 1 10 7 1 9 12 9 12 1 10 7 12 1 1 1 10 12 1 7 1 7 1 7 1 9 12 1 1 10 7 12 1 1 1 10 12 10 12 1 100 1 10 12 1 10 12 1 1 8 1 9 12 1 9 12 1 10 12 1 1 9 12 1 1 10 7 12 1 1 1 9 12 1 1 9 12 1 1 10 12 1 10 12 1 10 12 1 10 12 1 1 10 12 1 9 12 1 10 12 1 10 12 1 10 12 1 10 12 1 1 10 12 1 1 9 12 1 1 10 12 1 1 9 7 12 1 1 1 9 12 1 9 12 1 9 12 1 9 12 1 9 12 1 9 12 1 9 12 1 9 12 1 9 12 1 9 12 1 9 12 1 9 12 1 9 12 1 9 12 1 9 12 1 9 12 1 9 12 1 9 12 1 9 12 1 9 12 1 9 12 1 9 12 1 9 12 1 9 12 1 9 12 1 9 12 1 9 12 1 9 12 1 9 12 1 9 12 1 9 12 1 9 12 1 9 12 1 9 12 1 9 12 1 9 12 1 8 1 9 12 1 1 9 12 1 1 10 12 1 10 12 1 1 9 7 1 10 12 1 9 12 1 1 10 12 10 12 1 10 12 1 10 12 1 10 12 1 10 8 1 8 1 8 1 8 1 10 12 1 1 9 12 1 1 10 12 1 10 100 12 1 1 1 8 9 12 1 1 10 12 1 1 8 1 8 8 9 12 1 8 1 8 8 8 8 8 1 8 10 12 1 7 1 10 12 1 8 1 8 1 10 12 1 10 12 1 10 12 1 10 12 1 1 7 1 1 1 1 3 1 3 1 3 1 3 1 3 1 3 1 3 1 3 1 3 1 3 1 1 1 1 1 1 1 1 1 1 3 1 3 1 1 1 1 3 1 1 1 1 1 1 1 1 1 1 1 1 1 1 1 1 1 1 1 1 1 1 1 1 1 1 1 1 1 1 1 1 1 1 1 1 1 1 1 1 1 1 1 1 1 1 1 1 1 1 1 1 1 1 1 1 1 100 1 1 1 1 1 1 1 1 1 100 1 1 1 1 1 1 1 1 1 1 1 1 1 1 1 1 1 1 1 1 1 1 1 1 1 1 1 1 1 1 1 1 1 1 1 1 1 1 1 1 1 1 1 1 1 1 1 1 1 1 1 1
staticfield java/lang/invoke/DirectMethodHandle IMPL_NAMES Ljava/lang/invoke/MemberName$Factory; java/lang/invoke/MemberName$Factory
staticfield java/lang/invoke/DirectMethodHandle FT_UNCHECKED_REF I 8
staticfield java/lang/invoke/DirectMethodHandle ACCESSOR_FORMS [Ljava/lang/invoke/LambdaForm; 132 [Ljava/lang/invoke/LambdaForm;
staticfield java/lang/invoke/DirectMethodHandle ALL_WRAPPERS [Lsun/invoke/util/Wrapper; 10 [Lsun/invoke/util/Wrapper;
staticfield java/lang/invoke/DirectMethodHandle NFS [Ljava/lang/invoke/LambdaForm$NamedFunction; 12 [Ljava/lang/invoke/LambdaForm$NamedFunction;
staticfield java/lang/invoke/DirectMethodHandle OBJ_OBJ_TYPE Ljava/lang/invoke/MethodType; java/lang/invoke/MethodType
staticfield java/lang/invoke/DirectMethodHandle LONG_OBJ_TYPE Ljava/lang/invoke/MethodType; java/lang/invoke/MethodType
staticfield java/lang/invoke/DirectMethodHandle $assertionsDisabled Z 1
instanceKlass java/lang/invoke/VarHandleReferences$FieldStaticReadOnly
instanceKlass java/lang/invoke/VarHandleReferences$Array
instanceKlass java/lang/invoke/VarHandleLongs$Array
instanceKlass java/lang/invoke/VarHandleBooleans$FieldInstanceReadOnly
instanceKlass java/lang/invoke/VarHandleInts$FieldInstanceReadOnly
instanceKlass java/lang/invoke/VarHandleLongs$FieldInstanceReadOnly
instanceKlass java/lang/invoke/VarHandleByteArrayAsDoubles$ByteArrayViewVarHandle
instanceKlass java/lang/invoke/VarHandleByteArrayAsLongs$ByteArrayViewVarHandle
instanceKlass java/lang/invoke/VarHandleByteArrayAsFloats$ByteArrayViewVarHandle
instanceKlass java/lang/invoke/VarHandleByteArrayAsInts$ByteArrayViewVarHandle
instanceKlass java/lang/invoke/VarHandleByteArrayAsChars$ByteArrayViewVarHandle
instanceKlass java/lang/invoke/VarHandleByteArrayAsShorts$ByteArrayViewVarHandle
instanceKlass java/lang/invoke/VarHandleReferences$FieldInstanceReadOnly
ciInstanceKlass java/lang/invoke/VarHandle 1 1 473 10 7 12 1 1 1 10 7 12 1 1 9 12 1 1 9 12 1 1 100 1 10 8 1 10 12 1 1 10 7 12 1 1 1 10 12 1 1 10 100 12 1 1 1 9 100 12 1 1 1 10 12 1 1 10 100 12 1 1 1 10 12 1 1 9 12 1 10 12 1 9 12 1 1 10 7 12 1 1 10 12 1 9 100 12 1 1 1 9 12 1 1 10 12 1 1 100 1 100 1 10 8 1 10 12 1 1 10 12 1 8 1 10 12 1 10 12 1 9 12 1 1 9 12 1 10 12 1 10 12 1 1 10 12 1 10 10 100 12 1 1 1 10 12 1 1 10 12 1 1 10 100 12 1 1 1 10 100 12 1 1 1 10 100 12 1 1 1 9 12 1 1 9 10 12 1 10 12 1 10 12 1 1 10 12 1 10 100 12 1 1 1 9 12 1 1 10 12 1 1 9 12 1 10 12 1 10 12 1 10 100 12 1 1 100 1 10 9 7 12 1 1 1 9 12 1 1 10 7 12 1 1 1 10 12 1 10 12 1 10 12 1 10 12 1 10 12 1 10 12 1 1 8 10 12 1 1 7 1 10 12 1 1 100 1 1 1 1 1 1 1 1 1 1 1 1 1 1 1 1 1 1 1 1 1 1 1 1 1 1 1 1 1 1 1 1 1 1 1 1 1 1 1 1 1 1 1 1 1 1 1 1 1 1 1 1 1 1 1 1 1 1 1 1 1 1 1 1 1 1 1 1 100 1 1 1 1 1 1 1 1 100 1 1 1 1 1 1 1 1 1 1 1 1 100 1 100 1 1 100 1 100 1 100 1 100 1 100 1 100 1 100 1 100 1 100 1 100 1 100 1 100 1 100 1 100 1 100 1 100 1 100 1 100 1 100 1 100 1 100 1 100 1 100 1 100 1 100 1 100 1 100 1 100 1 100 1 100 1 100 1 100 1 100 1 100 1 100 1 1 1 1 1 1 100 1 1 1 100 1 1 100 1 100 1 100 1 100 1 100 1 100 1 1 1 1 100 1 100 1 100 1 100 1 100 1 100 1 100 1 100 1
staticfield java/lang/invoke/VarHandle VFORM_OFFSET J 16
staticfield java/lang/invoke/VarHandle $assertionsDisabled Z 1
ciInstanceKlass java/lang/invoke/MemberName 1 1 724 7 1 7 1 100 1 9 12 1 1 10 7 12 1 1 1 9 12 1 1 10 12 1 1 10 12 1 1 10 12 1 1 10 12 1 10 12 1 1 10 7 12 1 1 1 10 12 1 9 7 12 1 1 10 12 1 100 1 7 1 10 12 1 8 1 10 12 1 1 10 12 1 10 12 1 1 10 12 1 9 12 1 1 8 1 10 100 12 1 1 1 7 1 10 10 12 1 1 7 1 7 1 10 12 1 9 12 1 1 100 1 8 1 10 12 1 10 12 1 10 12 1 10 12 1 10 12 1 1 10 12 1 10 12 1 10 12 1 1 8 1 8 1 10 12 1 8 1 9 12 1 1 3 10 12 1 10 12 1 10 12 1 10 10 7 12 1 1 1 10 12 1 10 12 1 10 12 1 10 12 1 7 1 8 10 12 1 1 10 12 1 1 8 1 9 100 1 8 9 100 1 10 12 1 1 10 12 1 10 12 1 8 1 10 12 1 1 10 12 1 10 12 1 10 12 1 10 12 1 1 100 1 10 12 1 1 10 12 1 8 1 10 12 1 10 12 1 8 1 10 12 1 1 10 12 1 1 100 1 10 12 1 1 10 12 8 1 8 1 100 1 10 12 1 10 100 12 1 1 1 100 1 10 12 10 12 1 10 12 1 10 12 1 10 12 1 10 10 12 1 10 12 1 10 12 1 3 10 12 1 3 10 12 1 3 3 3 3 3 3 10 12 1 3 9 12 1 10 12 1 1 3 10 12 1 10 10 7 12 1 1 1 10 12 1 1 10 7 12 1 1 10 10 12 1 10 12 1 1 10 12 1 10 10 12 1 1 10 12 1 10 12 1 10 12 1 100 1 10 10 10 12 100 1 10 10 10 12 1 1 10 12 1 1 10 10 12 1 8 10 7 1 10 12 1 10 7 1 10 12 1 10 12 1 10 12 1 10 10 12 1 10 12 1 1 10 12 1 1 10 12 1 10 12 1 10 12 1 100 1 10 12 1 1 100 1 8 1 10 7 1 10 12 1 10 12 10 12 1 1 10 12 1 10 12 1 8 1 8 1 8 1 8 1 10 12 1 10 12 1 10 7 12 1 1 1 8 1 8 1 10 12 1 8 1 10 10 10 12 1 10 12 1 8 1 8 1 10 10 12 1 8 1 10 100 12 1 1 1 8 1 100 1 10 12 1 10 12 1 1 10 12 1 8 1 8 1 8 1 8 1 100 1 10 8 1 8 1 8 1 8 1 10 12 1 7 1 100 1 7 1 10 100 1 10 7 1 10 7 12 1 1 1 9 7 12 1 1 1 100 1 100 1 1 1 1 1 1 1 3 1 3 1 3 1 3 1 3 1 3 1 1 1 1 1 1 1 1 3 1 3 1 1 1 1 1 1 1 1 1 1 1 1 1 1 1 1 1 1 1 1 1 1 1 1 1 1 1 1 1 1 1 1 1 1 1 1 1 1 1 1 1 1 1 1 1 1 1 1 1 1 1 1 1 1 1 1 1 1 1 1 1 1 1 1 1 1 1 1 1 1 1 1 1 1 1 1 1 1 1 1 1 1 1 1 1 1 1 1 1 1 1 1 1 1 1 1 100 1 1 1 1 1 1 1 1 1 1 1 1 1 1 1
staticfield java/lang/invoke/MemberName $assertionsDisabled Z 1
ciInstanceKlass java/lang/invoke/ResolvedMethodName 1 1 16 10 100 12 1 1 1 100 1 1 1 1 1 1 1 1
ciInstanceKlass java/lang/invoke/MethodHandleNatives 1 1 685 100 1 10 7 12 1 1 1 9 7 12 1 1 1 10 12 1 1 100 1 10 10 12 1 1 10 12 1 10 12 1 8 1 8 1 8 1 8 1 8 1 8 1 8 1 8 1 8 1 8 1 10 12 1 1 7 1 10 7 12 1 1 1 10 100 12 1 1 1 7 1 10 10 12 1 1 8 1 10 12 1 8 1 10 12 1 1 8 1 10 12 1 1 9 100 12 1 1 1 8 1 10 100 12 1 1 1 100 1 10 12 100 1 100 1 8 1 7 1 10 10 12 1 7 1 9 7 12 1 1 10 12 1 1 10 12 1 10 7 12 1 1 1 10 12 1 1 9 12 1 8 1 10 12 1 1 10 12 1 8 1 10 12 1 1 7 1 10 12 1 10 7 12 1 1 1 10 12 1 10 12 1 1 10 12 1 1 8 1 10 12 1 1 8 1 10 12 1 8 1 8 1 8 1 100 1 10 12 1 8 1 10 100 12 1 1 1 10 12 1 1 10 100 12 1 1 10 10 12 1 1 10 12 1 10 100 12 1 1 1 100 1 8 1 10 100 12 1 1 1 7 1 8 1 10 12 1 8 1 8 1 8 1 8 1 8 1 10 12 1 1 10 12 1 1 10 12 1 10 12 1 1 10 12 1 1 7 1 10 12 1 100 1 100 1 10 12 1 10 12 1 8 1 8 1 10 10 12 1 1 10 12 1 1 8 1 10 100 12 1 1 8 1 8 1 10 12 1 1 10 7 12 1 1 1 100 1 10 12 1 1 7 1 9 12 1 1 10 7 12 1 1 1 10 10 12 1 9 12 1 10 12 1 9 12 1 9 12 1 10 12 1 1 10 12 1 10 12 1 1 7 1 7 1 10 12 1 1 10 12 1 10 12 1 1 10 7 12 1 1 1 10 12 1 8 1 10 12 1 10 12 1 10 12 1 1 10 12 1 10 7 12 1 1 1 10 12 1 1 100 1 8 1 10 9 7 12 1 1 1 10 12 1 1 10 12 1 1 100 1 10 12 1 1 10 12 1 1 100 1 100 1 10 10 100 1 100 1 10 100 1 10 10 12 1 1 10 100 1 10 12 1 10 12 1 1 10 12 1 1 10 12 1 1 10 12 1 10 12 1 1 10 8 1 10 12 1 10 12 1 10 12 1 10 12 1 10 12 1 1 10 12 1 10 12 1 10 12 1 10 10 7 12 1 1 10 12 1 1 1 1 1 1 1 1 1 1 1 1 1 100 1 1 1 1 1 1 1 1 1 1 1 1 1 1 1 1 1 1 1 1 1 1 1 1 1 1 1 1 1 1 1 1 1 1 1 1 1 1 1 1 1 1 1 1 1 1 1 1 1 1 1 1 1 1 1 1 1 1 1 1 1 1 1 100 1 1 1 1 1 1 1 1 1 1 1 1 1 1 1 1 1 1 1 1 1 1 1 1 1 1 1 1 1 1 1 1 1 100 1 1 1 1 1 1 1 1 1 1 1 1 1 1 1 1 1 1 1 1 1 1 1 1 1 1 1 1 1 1 1 1 100 1 1
staticfield java/lang/invoke/MethodHandleNatives $assertionsDisabled Z 1
ciInstanceKlass java/lang/invoke/LambdaForm 1 1 1059 7 1 100 1 10 7 12 1 1 1 9 12 1 1 9 12 1 9 12 1 9 12 1 1 9 12 1 1 9 12 1 1 9 12 1 1 9 12 1 1 9 12 1 10 7 12 1 1 9 12 1 10 12 1 1 100 1 10 10 12 1 1 10 12 1 10 12 1 10 12 1 1 10 12 1 9 12 1 9 12 1 10 12 1 1 10 7 12 1 1 1 10 12 1 1 9 100 12 1 1 1 10 12 1 1 9 7 12 1 1 10 12 1 10 12 1 1 10 12 1 1 10 12 1 1 7 1 10 7 12 1 1 1 10 12 1 1 10 12 1 10 12 1 1 9 12 1 1 9 12 1 9 12 1 1 10 12 1 9 12 1 10 100 12 1 1 1 10 12 1 1 100 1 10 12 1 9 12 1 1 10 100 12 1 1 1 10 12 1 10 12 1 7 1 10 12 1 10 12 1 10 12 1 1 10 12 1 1 10 12 1 10 12 1 10 12 1 10 12 1 1 8 1 10 12 1 10 12 1 10 10 12 1 8 1 8 1 9 12 1 9 12 1 1 10 12 1 1 10 12 1 9 12 1 10 12 1 1 10 7 12 1 1 1 10 12 1 1 10 12 1 10 12 1 10 100 12 1 1 1 9 12 1 10 12 1 8 1 8 1 8 1 8 1 8 1 8 1 8 1 8 1 10 12 1 9 12 1 7 1 10 12 1 1 9 12 1 10 12 1 10 12 1 1 10 12 10 12 1 10 12 1 1 10 12 1 1 10 10 12 1 1 10 12 1 1 7 1 8 1 10 12 1 1 10 12 1 10 12 1 1 10 8 1 10 12 1 1 8 1 8 1 8 1 10 12 1 10 12 1 10 12 1 1 100 1 10 12 1 1 10 12 1 1 10 7 12 1 1 1 10 12 1 1 9 12 1 1 8 1 10 100 12 1 1 1 10 7 12 1 1 10 12 10 12 1 1 10 12 1 1 9 12 1 8 10 12 1 1 100 1 10 12 1 1 10 12 1 9 7 12 1 1 9 100 12 1 1 1 8 1 10 100 12 1 1 10 12 1 1 100 1 100 1 10 10 12 1 1 10 12 1 1 8 1 8 1 100 1 8 1 10 12 10 12 1 10 12 1 10 12 1 1 8 1 8 1 10 12 1 10 12 1 1 8 1 8 1 8 1 100 1 8 1 100 1 8 1 100 1 8 1 10 12 1 8 1 9 10 7 12 1 1 1 10 12 1 9 12 1 1 10 12 1 10 10 12 1 10 12 1 10 12 1 10 12 1 1 10 12 1 10 12 1 1 10 12 1 1 10 12 1 1 10 12 1 1 8 1 100 10 12 1 10 12 1 9 12 1 1 10 7 12 1 1 8 1 8 1 100 1 8 1 8 1 8 1 8 1 8 1 8 1 8 1 8 1 10 12 1 1 10 12 1 1 10 12 1 10 12 1 10 12 1 10 12 1 8 1 8 1 8 1 10 12 1 8 1 10 12 1 8 1 8 1 8 1 8 1 8 1 10 12 1 10 12 1 10 12 1 1 10 7 12 1 1 1 10 12 1 10 12 1 10 12 1 10 12 1 10 12 1 10 12 1 10 12 1 9 12 1 1 8 1 10 12 1 1 9 12 1 1 10 12 1 1 9 12 1 9 12 1 1 9 12 1 9 12 1 1 7 1 10 7 12 1 1 1 9 12 1 10 12 1 10 12 1 8 1 10 12 1 9 12 1 1 7 1 10 7 12 1 1 1 8 1 100 1 10 12 1 9 12 1 9 12 1 10 12 1 10 12 1 10 7 12 1 1 1 10 12 1 9 7 12 1 1 10 12 1 1 10 12 1 10 12 1 10 12 1 9 12 10 12 1 10 10 12 1 9 12 1 9 9 12 1 7 9 12 1 1 10 12 1 1 9 12 1 10 12 1 10 7 1 9 1 1 1 1 3 1 3 1 1 3 1 3 1 1 1 1 1 1 1 1 1 1 1 1 1 1 1 1 1 1 1 1 1 1 1 1 1 1 1 1 1 1 1 1 1 1 1 1 1 1 1 1 1 1 1 1 1 1 1 1 1 1 1 100 1 1 1 1 1 1 1 1 1 1 1 1 1 1 1 1 1 1 1 1 1 1 1 1 1 1 1 1 1 1 1 1 1 1 1 1 1 1 1 1 1 1 1 1 1 1 1 1 1 1 1 1 1 1 1 1 1 1 1 1 1 1 100 1 1 1 1 1 1 1 1 1 1 1 1 1 1 1 1 1 1 1 1 1 1 1 1 1 1 1 1 1 1 1 1 1 1 100 1 1 1 1 1 1 1 1 1 1 1 1 1 1 1 1 1 1 1 1 1 1 100 1 1 1 100 1 1 100 1 1 1 1 1 1 1 1 1 1 1
staticfield java/lang/invoke/LambdaForm DEFAULT_CUSTOMIZED Ljava/lang/invoke/MethodHandle; 
staticfield java/lang/invoke/LambdaForm DEFAULT_KIND Ljava/lang/invoke/LambdaForm$Kind; java/lang/invoke/LambdaForm$Kind
staticfield java/lang/invoke/LambdaForm COMPILE_THRESHOLD I 0
staticfield java/lang/invoke/LambdaForm INTERNED_ARGUMENTS [[Ljava/lang/invoke/LambdaForm$Name; 5 [[Ljava/lang/invoke/LambdaForm$Name;
staticfield java/lang/invoke/LambdaForm IMPL_NAMES Ljava/lang/invoke/MemberName$Factory; java/lang/invoke/MemberName$Factory
staticfield java/lang/invoke/LambdaForm LF_identity [Ljava/lang/invoke/LambdaForm; 6 [Ljava/lang/invoke/LambdaForm;
staticfield java/lang/invoke/LambdaForm LF_zero [Ljava/lang/invoke/LambdaForm; 6 [Ljava/lang/invoke/LambdaForm;
staticfield java/lang/invoke/LambdaForm NF_identity [Ljava/lang/invoke/LambdaForm$NamedFunction; 6 [Ljava/lang/invoke/LambdaForm$NamedFunction;
staticfield java/lang/invoke/LambdaForm NF_zero [Ljava/lang/invoke/LambdaForm$NamedFunction; 6 [Ljava/lang/invoke/LambdaForm$NamedFunction;
staticfield java/lang/invoke/LambdaForm createFormsLock Ljava/lang/Object; java/lang/Object
staticfield java/lang/invoke/LambdaForm DEBUG_NAME_COUNTERS Ljava/util/HashMap; 
staticfield java/lang/invoke/LambdaForm DEBUG_NAMES Ljava/util/HashMap; 
staticfield java/lang/invoke/LambdaForm TRACE_INTERPRETER Z 0
staticfield java/lang/invoke/LambdaForm $assertionsDisabled Z 1
ciInstanceKlass java/lang/invoke/TypeDescriptor$OfMethod 1 0 43 100 1 100 1 100 1 1 1 1 1 1 1 1 1 1 1 1 1 1 1 1 1 1 1 1 1 1 1 1 1 1 1 1 1 1 1 1 1 1 100 1 1
ciInstanceKlass java/lang/invoke/MethodType 1 1 780 7 1 10 7 12 1 1 1 9 12 1 1 9 12 1 1 9 12 1 1 10 7 12 1 1 1 9 7 12 1 1 8 1 10 100 12 1 1 1 9 7 1 9 7 1 10 12 1 1 7 1 10 8 1 10 12 1 1 10 12 1 10 12 1 1 100 1 8 1 10 12 1 100 1 10 10 12 1 10 12 1 1 10 12 1 1 11 7 12 1 1 1 9 12 1 11 12 1 1 7 10 12 1 1 10 12 1 1 7 1 7 1 10 7 12 1 1 1 10 12 1 10 12 1 9 12 1 1 10 7 12 1 1 10 12 1 1 10 7 12 1 1 1 10 7 12 1 1 1 10 12 1 9 12 1 1 10 12 1 1 10 12 1 1 10 12 1 1 10 12 1 1 10 12 1 1 10 12 1 10 12 1 10 12 1 1 10 12 1 8 1 8 1 10 12 1 1 9 12 1 1 100 1 10 10 12 1 1 10 12 1 10 12 1 1 10 12 1 1 10 12 1 10 12 1 10 12 1 8 1 10 12 1 1 10 100 12 1 1 1 10 12 1 10 12 1 1 10 12 1 10 12 1 10 12 1 1 10 12 1 10 12 1 9 12 1 10 12 1 10 10 12 1 1 10 12 1 9 12 1 1 10 12 1 1 11 12 1 1 10 12 1 1 10 12 1 10 12 1 7 1 8 1 8 1 8 1 10 12 1 10 12 1 10 12 1 1 10 10 12 1 11 12 1 1 11 12 1 10 100 12 1 1 1 9 12 1 10 12 1 10 12 1 1 10 12 1 1 10 12 1 10 12 1 10 100 12 1 1 1 10 12 1 1 10 12 1 10 12 1 10 12 1 10 9 12 1 1 7 1 10 12 1 10 12 1 1 9 100 12 1 1 1 10 100 12 1 1 1 10 100 12 1 1 1 10 12 1 1 10 100 12 1 1 1 10 12 1 1 8 1 10 7 12 1 1 1 11 12 1 1 9 12 1 1 10 12 1 1 10 12 1 10 12 1 1 10 12 1 1 10 100 12 1 1 100 1 10 12 1 1 11 100 12 1 1 18 12 1 1 11 12 1 1 18 12 1 11 12 1 100 1 11 100 12 1 1 10 12 1 100 1 10 12 1 10 100 12 1 1 10 12 1 1 9 12 1 1 9 100 12 1 1 1 10 100 12 1 1 1 9 12 1 10 100 12 1 1 10 12 1 100 10 12 1 1 10 12 1 7 1 10 10 12 1 1 7 1 7 1 9 12 1 1 100 1 100 1 100 1 1 1 5 0 1 1 1 1 1 1 1 3 1 3 1 3 1 1 1 1 1 1 1 1 1 1 1 1 1 1 1 1 1 1 1 1 1 1 1 1 1 1 1 1 1 1 1 1 1 1 1 1 1 1 1 1 1 1 1 1 1 1 1 1 1 1 1 1 1 1 1 1 1 1 1 1 1 1 1 1 1 1 1 1 1 1 1 1 1 1 1 1 1 1 1 1 1 1 1 1 1 1 1 1 1 1 1 1 1 1 1 1 1 1 1 1 1 1 1 1 1 1 1 1 1 1 1 1 1 1 1 1 1 1 1 1 1 1 1 1 1 1 1 1 1 1 7 1 7 1 1 1 1 1 1 1 1 1 1 1 1 1 100 1 1 1 100 1 1 1 1 1 1 1 1 1 1 1 1 1 1 1 1 1 1 1 1 1 1 16 15 10 12 16 16 15 10 12 16 15 10 100 12 1 1 1 1 1 100 1 1 100 1 1 100 1 100 1 1
staticfield java/lang/invoke/MethodType internTable Ljdk/internal/util/ReferencedKeySet; jdk/internal/util/ReferencedKeySet
staticfield java/lang/invoke/MethodType NO_PTYPES [Ljava/lang/Class; 0 [Ljava/lang/Class;
staticfield java/lang/invoke/MethodType objectOnlyTypes [Ljava/lang/invoke/MethodType; 20 [Ljava/lang/invoke/MethodType;
staticfield java/lang/invoke/MethodType METHOD_HANDLE_ARRAY [Ljava/lang/Class; 1 [Ljava/lang/Class;
staticfield java/lang/invoke/MethodType serialPersistentFields [Ljava/io/ObjectStreamField; 0 [Ljava/io/ObjectStreamField;
staticfield java/lang/invoke/MethodType $assertionsDisabled Z 1
ciInstanceKlass java/lang/BootstrapMethodError 0 0 45 10 100 12 1 1 1 10 12 1 10 12 1 10 100 12 1 1 1 10 100 12 1 1 1 1 1 1 5 0 1 1 1 1 1 1 1 1 1 1 1 100 1 1 1
instanceKlass java/lang/invoke/VolatileCallSite
instanceKlass java/lang/invoke/MutableCallSite
instanceKlass java/lang/invoke/ConstantCallSite
ciInstanceKlass java/lang/invoke/CallSite 1 1 296 10 7 12 1 1 1 10 7 12 1 1 1 9 12 1 1 10 7 12 1 1 1 10 12 1 100 1 10 12 1 1 10 12 1 1 9 100 12 1 1 1 10 100 12 1 1 10 12 1 1 100 1 100 1 10 10 100 12 1 1 1 10 12 1 1 8 1 10 12 1 10 12 1 1 10 12 1 10 12 1 1 10 12 1 1 10 10 100 12 1 1 10 12 1 1 9 12 1 9 100 12 1 1 1 8 1 10 7 12 1 1 1 10 12 1 1 100 1 10 12 1 1 9 12 1 8 1 100 1 10 12 1 10 12 1 100 1 8 1 10 10 12 1 10 12 1 1 100 1 10 12 1 1 10 12 1 10 12 1 10 12 1 1 10 12 1 1 9 12 1 1 8 10 12 1 1 9 12 1 1 100 1 10 10 12 1 10 100 12 1 1 1 10 12 1 1 10 12 1 1 10 12 1 10 7 12 1 1 1 100 1 8 1 10 10 12 10 12 1 1 100 1 100 1 100 1 8 1 10 12 1 10 7 12 1 1 1 1 1 1 1 1 1 1 1 1 1 1 1 1 1 1 1 1 1 1 1 1 1 1 1 1 1 1 1 1 1 1 1 1 1 1 1 1 1 1 1 1 1 1 1 1 1 1 1 1 1 1 1 100 1 100 1 1 1
staticfield java/lang/invoke/CallSite $assertionsDisabled Z 1
ciInstanceKlass jdk/internal/foreign/abi/NativeEntryPoint 0 0 194 10 100 12 1 1 1 9 100 12 1 1 1 9 12 1 1 100 1 8 1 10 12 1 10 12 1 1 100 1 10 100 12 1 1 1 10 12 1 9 12 1 1 18 12 1 1 10 100 12 1 1 1 10 100 12 1 1 1 9 100 12 1 1 1 100 1 10 8 1 10 12 1 1 10 12 1 10 12 1 1 8 1 10 12 1 1 100 1 8 1 10 12 1 10 12 1 1 10 12 1 9 12 1 1 18 12 1 1 10 100 12 1 1 1 10 12 1 1 10 12 1 10 100 12 1 1 1 10 1 1 1 1 1 1 1 1 1 1 1 1 1 1 1 1 1 1 1 1 1 1 1 1 1 1 1 1 1 1 1 1 1 1 1 1 1 16 1 15 10 12 16 1 16 15 10 12 15 10 100 12 1 1 1 1 1 100 1 1 100 1 100 1 1
ciInstanceKlass jdk/internal/foreign/abi/ABIDescriptor 0 0 55 10 100 12 1 1 1 9 100 12 1 1 1 9 12 1 1 9 12 1 9 12 1 9 12 1 1 9 12 1 9 12 1 1 9 12 1 9 12 1 9 12 1 9 12 1 1 1 1 1 1 1 1 1 1
ciInstanceKlass jdk/internal/foreign/abi/VMStorage 0 0 91 10 100 12 1 1 1 9 100 12 1 1 1 9 12 1 1 9 12 1 1 9 12 1 1 100 1 10 8 1 10 12 1 1 10 12 1 10 12 1 1 10 12 1 18 12 1 18 12 1 1 18 12 1 1 1 1 1 1 1 1 1 1 1 1 1 1 1 1 1 1 1 8 1 15 15 15 15 15 10 100 12 1 1 1 1 100 1 100 1 1
ciInstanceKlass jdk/internal/foreign/abi/UpcallLinker$CallRegs 0 0 66 10 100 12 1 1 1 9 100 12 1 1 1 9 12 1 18 12 1 1 18 12 1 1 18 12 1 1 1 1 1 1 1 1 1 1 1 1 1 1 1 1 1 1 100 1 1 1 8 1 15 15 15 10 100 12 1 1 1 1 1 100 1 100 1 1
ciInstanceKlass java/lang/invoke/ConstantCallSite 1 1 65 10 7 12 1 1 1 9 7 12 1 1 1 9 12 1 1 10 7 12 1 1 1 10 12 1 100 1 10 12 9 12 1 1 100 1 10 10 12 1 1 10 12 1 1 1 1 1 1 1 1 1 1 1 1 1 100 1 1 1 1 1 1 1 1
staticfield java/lang/invoke/ConstantCallSite UNSAFE Ljdk/internal/misc/Unsafe; jdk/internal/misc/Unsafe
ciInstanceKlass java/lang/invoke/MutableCallSite 0 0 63 10 100 12 1 1 1 10 12 1 9 100 12 1 1 1 10 12 1 10 12 1 1 9 12 1 1 10 100 12 1 1 1 10 100 12 1 1 1 10 12 1 1 1 1 1 1 1 1 1 1 1 1 1 1 1 1 1 1 100 1 1 1
ciInstanceKlass java/lang/invoke/VolatileCallSite 0 0 37 10 100 12 1 1 1 10 12 1 10 100 12 1 1 1 10 12 1 10 12 1 1 1 1 1 1 1 1 1 1 1 1 1 1 1 1
ciInstanceKlass java/lang/AssertionStatusDirectives 0 0 24 10 100 12 1 1 1 100 1 1 1 1 1 1 1 1 1 1 1 1 1 1 1 1
ciInstanceKlass java/lang/Appendable 1 0 14 100 1 100 1 1 1 1 100 1 1 1 1 1
instanceKlass java/lang/StringBuilder
instanceKlass java/lang/StringBuffer
ciInstanceKlass java/lang/AbstractStringBuilder 1 1 599 7 1 10 7 12 1 1 1 9 7 12 1 1 1 9 12 1 9 12 1 1 9 12 1 1 10 7 12 1 1 1 10 12 1 1 7 1 3 3 10 12 1 10 12 1 1 11 7 1 100 1 100 1 10 8 1 10 12 1 10 12 1 10 12 1 1 10 12 1 10 12 1 9 12 1 10 12 1 9 12 1 1 10 12 1 1 10 7 12 1 1 1 10 10 12 1 10 12 1 10 12 1 1 10 12 1 1 10 7 12 1 1 1 10 7 12 1 1 1 100 1 8 1 10 10 12 1 1 100 1 10 12 10 12 1 1 10 10 12 1 1 10 12 1 1 10 12 1 1 10 12 1 1 10 10 7 12 1 1 1 10 12 1 100 1 10 10 7 12 1 1 1 9 12 1 1 9 12 1 10 12 1 1 10 10 12 1 1 10 12 10 12 1 10 12 1 1 10 12 1 1 10 12 1 1 10 12 1 10 12 1 1 10 12 1 1 10 12 1 10 12 1 1 8 1 10 12 1 1 10 12 1 10 12 1 10 12 1 10 12 1 10 12 1 10 12 1 10 7 12 1 1 10 12 1 10 12 1 10 100 12 1 1 1 100 1 100 1 10 12 1 10 100 12 1 1 10 12 1 10 12 1 10 12 1 10 12 1 1 10 12 1 10 12 1 1 10 12 1 1 10 10 7 12 1 1 1 10 12 1 10 12 1 10 12 1 1 10 12 1 10 12 1 10 12 1 10 12 1 10 12 1 10 12 1 10 12 1 10 12 1 1 10 12 1 10 12 1 10 12 10 12 1 1 18 12 1 1 100 1 10 100 12 1 1 1 18 10 12 1 1 10 12 1 10 12 1 1 11 12 1 1 10 12 1 10 12 10 10 10 12 1 10 5 0 10 10 12 1 1 100 1 8 1 10 10 12 1 1 10 100 12 1 1 1 10 12 1 10 12 1 1 100 1 10 12 100 1 10 100 1 10 100 1 1 1 1 1 1 1 1 1 1 1 100 1 1 1 1 1 1 1 1 1 1 1 1 1 1 1 1 1 1 1 1 1 1 1 1 1 1 1 1 1 1 1 1 1 1 1 1 1 1 1 1 1 1 1 1 1 1 1 1 1 1 1 1 1 1 1 1 1 1 1 1 1 1 1 1 1 1 1 1 1 1 1 1 1 1 1 1 1 1 1 1 1 1 1 1 1 1 1 1 1 1 1 1 1 1 1 1 1 1 1 1 100 1 1 1 1 1 1 1 1 1 1 1 1 1 1 1 1 1 100 1 1 1 1 1 1 100 1 1 16 1 15 10 12 16 15 10 12 15 10 100 12 1 1 1 1 1 1 1 100 1 100 1 1
staticfield java/lang/AbstractStringBuilder EMPTYVALUE [B 0
ciInstanceKlass java/lang/StringBuffer 1 1 483 10 7 12 1 1 1 10 12 1 10 12 1 10 12 1 1 9 7 12 1 1 1 10 12 1 1 10 12 1 10 12 1 1 9 12 1 1 10 12 1 10 12 1 1 10 12 1 1 10 12 1 10 12 1 1 10 12 1 10 12 1 1 10 12 1 1 10 7 12 1 1 1 10 12 1 1 10 12 1 10 12 1 10 12 1 10 12 1 10 12 1 10 12 1 10 12 1 10 12 1 10 12 1 10 12 1 10 12 1 10 12 1 10 12 1 10 12 1 1 10 12 1 10 12 1 1 10 12 1 1 10 10 12 1 1 10 12 1 10 12 1 10 12 1 10 12 1 10 12 1 10 12 1 10 12 10 12 1 10 12 1 10 12 1 10 12 1 1 10 12 1 10 12 1 10 10 12 1 1 10 12 1 10 12 1 10 12 1 10 10 100 12 1 1 1 10 10 12 1 1 9 12 1 1 10 100 12 1 1 10 100 1 8 10 100 12 1 1 1 8 10 12 1 8 1 10 12 1 10 12 1 10 100 12 1 1 1 10 100 12 1 1 1 7 1 10 12 100 1 8 1 10 10 12 1 1 10 12 1 1 10 12 1 10 12 1 10 12 1 1 10 12 1 10 12 1 10 12 1 10 12 1 10 12 1 10 12 10 12 1 10 12 1 10 12 1 10 12 1 10 12 1 10 12 1 10 12 1 10 12 1 10 12 1 10 12 1 10 12 10 12 10 12 1 10 12 1 10 12 1 10 12 10 12 1 10 12 1 10 12 1 10 12 1 10 12 1 10 12 1 10 12 1 10 12 1 10 12 1 10 12 1 10 12 1 7 1 10 12 1 9 7 12 1 1 1 9 7 1 9 12 1 1 100 1 100 1 100 1 100 1 1 1 1 5 0 1 1 1 1 1 1 1 1 1 1 1 1 1 1 1 1 1 1 1 1 1 1 1 1 1 1 1 1 1 1 1 1 1 1 1 1 1 1 1 1 1 1 1 1 1 1 1 1 1 1 1 1 1 1 1 1 1 1 1 1 1 100 1 1 1 1 1 100 1 1 1 1 1 1 1 1 1 1 1 1 1 1 1 1 1 1
staticfield java/lang/StringBuffer serialPersistentFields [Ljava/io/ObjectStreamField; 3 [Ljava/io/ObjectStreamField;
ciInstanceKlass java/lang/StringBuilder 1 1 422 10 7 12 1 1 1 10 12 1 10 12 1 10 12 1 1 10 7 12 1 1 1 10 7 12 1 1 1 10 12 1 10 12 1 10 12 1 10 12 1 10 12 1 10 12 1 10 12 1 10 12 1 10 12 1 10 12 1 10 12 1 10 12 1 10 12 1 10 12 1 1 10 12 1 10 12 1 1 10 12 1 1 10 12 1 10 12 1 10 12 1 10 12 1 10 12 1 10 12 1 10 12 1 10 12 10 12 1 10 12 1 10 12 1 10 12 1 1 10 12 1 10 12 1 10 12 10 12 1 1 10 12 1 10 12 1 10 12 1 10 100 12 1 1 1 9 12 1 1 10 12 1 10 12 1 1 10 12 1 1 9 12 1 1 10 100 12 1 1 1 10 100 1 10 12 1 1 10 100 12 1 1 10 12 1 10 12 1 1 100 1 100 1 8 1 10 10 12 1 1 10 12 1 10 12 1 10 12 1 1 10 12 1 10 12 1 10 12 1 10 12 1 10 12 1 10 12 10 12 1 10 12 1 10 12 1 10 12 1 10 12 1 10 12 1 10 12 1 10 12 1 10 12 1 1 10 12 1 1 10 12 1 10 12 1 10 12 1 10 12 10 12 10 12 1 10 12 1 10 12 1 10 12 10 12 1 10 12 1 10 12 1 10 12 1 10 12 1 10 12 1 10 12 1 10 12 1 10 12 1 1 10 12 1 10 12 1 1 10 12 1 10 12 1 1 10 12 1 10 12 1 1 10 12 1 10 12 1 10 12 1 10 10 12 1 10 12 1 100 1 100 1 100 1 100 1 1 1 1 5 0 1 1 1 1 1 1 1 1 1 1 1 1 1 1 1 1 1 1 1 1 1 1 1 1 1 1 1 1 1 1 1 1 1 1 1 1 1 1 1 1 1 1 1 1 100 1 1 1 100 1 1 1 1 1 1 1 1 1 1 1
ciInstanceKlass jdk/internal/misc/UnsafeConstants 1 1 34 10 100 12 1 1 1 9 7 12 1 1 1 9 12 1 9 12 1 1 9 12 1 9 12 1 1 1 1 1 1 1 1 1
staticfield jdk/internal/misc/UnsafeConstants ADDRESS_SIZE0 I 8
staticfield jdk/internal/misc/UnsafeConstants PAGE_SIZE I 4096
staticfield jdk/internal/misc/UnsafeConstants BIG_ENDIAN Z 0
staticfield jdk/internal/misc/UnsafeConstants UNALIGNED_ACCESS Z 1
staticfield jdk/internal/misc/UnsafeConstants DATA_CACHE_LINE_FLUSH_SIZE I 0
ciInstanceKlass jdk/internal/misc/Unsafe 1 1 1287 10 7 12 1 1 1 9 7 12 1 1 1 9 12 1 1 10 12 1 1 10 7 12 1 1 1 10 12 1 1 10 12 1 1 10 12 1 1 10 12 1 1 10 12 1 1 10 12 1 1 10 12 1 1 10 12 1 1 10 12 1 1 10 12 1 1 10 12 1 1 10 12 1 1 10 12 1 1 10 12 1 10 12 1 100 1 10 10 12 1 1 10 12 1 1 5 0 10 12 1 1 10 12 1 1 10 7 12 1 1 1 10 12 1 1 10 12 1 10 12 1 10 12 1 1 10 12 1 1 10 12 1 10 12 1 100 1 100 1 10 8 1 10 12 1 1 10 12 1 8 1 10 12 1 1 10 12 1 10 12 1 10 12 1 1 10 12 1 10 12 1 1 10 12 1 1 10 12 1 10 12 1 10 12 1 10 12 1 1 10 12 1 10 12 1 10 12 1 1 10 12 1 5 0 5 0 5 0 10 12 1 10 12 1 10 12 1 10 12 1 10 12 1 10 12 1 10 12 1 10 12 1 10 12 1 1 10 12 1 10 12 1 100 1 8 1 10 100 1 10 10 12 1 1 10 12 1 1 10 12 1 10 12 1 1 10 12 1 1 10 12 1 10 12 1 1 10 12 1 9 7 12 1 1 9 12 1 100 1 10 10 12 1 1 8 1 10 8 1 8 1 10 12 1 1 9 7 12 1 1 1 9 100 1 9 7 1 9 7 1 9 9 100 1 9 7 1 9 100 1 10 12 1 1 10 12 1 1 10 12 1 1 10 12 1 1 5 0 5 0 9 12 1 1 10 12 1 10 12 1 10 12 1 1 10 12 1 1 10 12 1 8 1 3 10 12 1 1 10 12 1 1 10 12 1 10 12 1 1 10 12 1 1 10 12 1 10 12 1 10 12 1 10 12 1 10 12 1 10 12 1 1 10 12 1 1 10 12 1 10 12 1 10 12 1 10 12 1 10 12 1 10 12 1 1 10 12 1 1 10 12 1 10 12 1 10 12 1 10 12 1 10 12 1 10 12 1 1 10 12 1 1 10 12 1 1 10 12 1 1 10 12 1 10 12 1 10 12 1 10 12 1 10 12 1 10 12 1 10 12 1 1 10 12 1 1 10 12 1 10 12 1 10 12 1 10 12 1 10 12 1 10 12 1 10 12 1 1 10 12 1 1 10 12 1 10 12 1 10 12 1 10 12 1 10 12 1 10 12 1 10 12 1 10 12 1 1 10 12 1 10 12 1 10 12 1 10 12 1 10 12 1 1 10 12 1 10 12 1 10 12 1 10 12 1 10 12 1 10 12 1 10 12 1 10 12 1 1 10 12 1 10 12 1 10 12 1 10 12 1 10 12 1 10 12 1 1 10 12 1 10 12 1 10 12 1 1 10 12 1 10 12 1 10 12 1 10 12 1 10 12 1 10 12 1 10 12 1 10 12 1 10 12 1 10 12 1 10 12 1 10 12 1 10 12 1 10 12 1 10 12 1 10 12 1 10 12 1 10 12 1 10 12 1 10 12 1 10 12 1 10 12 1 10 12 1 100 1 10 100 1 10 9 12 1 5 0 10 12 1 1 5 0 10 12 1 5 0 10 12 1 10 12 1 10 12 1 1 10 12 1 1 10 12 1 10 12 1 10 12 1 10 12 1 1 10 12 1 10 12 1 10 12 1 10 12 1 10 12 1 1 10 12 1 10 12 1 10 12 1 10 12 1 1 10 12 1 10 12 1 10 12 1 1 10 12 1 10 12 1 10 12 1 10 12 1 1 10 12 1 10 10 12 1 1 10 12 1 10 12 1 1 10 12 1 10 12 5 0 5 0 5 0 10 12 1 1 10 12 1 10 12 1 10 12 10 100 12 1 1 8 1 100 1 11 12 1 1 8 1 11 12 1 1 10 100 12 1 1 10 12 1 10 12 1 10 12 1 10 12 1 10 12 1 1 10 12 1 10 12 1 10 12 1 10 12 1 10 12 1 10 12 1 10 7 1 10 12 1 9 12 1 7 1 9 12 1 7 1 9 12 1 7 1 9 12 1 7 1 9 12 1 7 1 9 12 1 7 1 9 12 1 7 1 9 12 1 7 1 9 12 1 10 12 1 9 12 1 9 12 1 9 12 1 9 12 1 9 12 1 9 12 1 9 12 1 9 12 1 9 12 1 9 12 1 1 1 3 1 1 1 1 1 1 1 1 1 1 1 1 1 1 1 1 1 1 1 1 1 1 1 1 1 1 1 1 1 1 1 1 1 1 1 1 1 1 1 1 1 1 1 1 1 1 1 1 1 1 1 1 1 1 1 1 1 1 1 1 1 1 1 1 1 1 1 1 1 1 1 1 1 1 1 1 1 1 1 1 1 1 1 1 1 1 1 1 1 100 1 1 1 1 1 1 1 1 1 1 1 1 1 1 1 1 1 1 1 1 1 1 1 1 1 1 1 1 1 1 1 1 1 1 1 1 1 1 1 1 1 1 1 1 1 1 1 1 1 1 1 1 1 1 1 1 1 1 1 1 1 1 1 1 1 1 1 1 1 1 1 1 1 1 1 1 1 1 1 1 1 1 1 1 1 1 1 1 1 1 1 1 1 1 1 1 1 1 1 1 1 1 1 1 1 1 1 1 1 1 1 1 1 1 1 1 1 1 1 1 1 1 1 1 1 1 1 1 1 1 1 1 1 1 1 1 1 1 1 1 1 1 1 1 1 1 1 1 1 1 1 1 1 1 1 1 1 1 1 1 1 1 1 1 1 1 1 1 1 1 1 1 1 1 1 1 1 1 1 1 1 1 1 1 1 1 1 1 1 1 1 1 1 1 1 1 1 1 1 1 1 1 1 1 1 1 3 1 1 1 1 1 1 1 1 1 1 1 1 1 1 1 1 1 1 1 1 1
staticfield jdk/internal/misc/Unsafe theUnsafe Ljdk/internal/misc/Unsafe; jdk/internal/misc/Unsafe
staticfield jdk/internal/misc/Unsafe ARRAY_BOOLEAN_BASE_OFFSET I 16
staticfield jdk/internal/misc/Unsafe ARRAY_BYTE_BASE_OFFSET I 16
staticfield jdk/internal/misc/Unsafe ARRAY_SHORT_BASE_OFFSET I 16
staticfield jdk/internal/misc/Unsafe ARRAY_CHAR_BASE_OFFSET I 16
staticfield jdk/internal/misc/Unsafe ARRAY_INT_BASE_OFFSET I 16
staticfield jdk/internal/misc/Unsafe ARRAY_LONG_BASE_OFFSET I 16
staticfield jdk/internal/misc/Unsafe ARRAY_FLOAT_BASE_OFFSET I 16
staticfield jdk/internal/misc/Unsafe ARRAY_DOUBLE_BASE_OFFSET I 16
staticfield jdk/internal/misc/Unsafe ARRAY_OBJECT_BASE_OFFSET I 16
staticfield jdk/internal/misc/Unsafe ARRAY_BOOLEAN_INDEX_SCALE I 1
staticfield jdk/internal/misc/Unsafe ARRAY_BYTE_INDEX_SCALE I 1
staticfield jdk/internal/misc/Unsafe ARRAY_SHORT_INDEX_SCALE I 2
staticfield jdk/internal/misc/Unsafe ARRAY_CHAR_INDEX_SCALE I 2
staticfield jdk/internal/misc/Unsafe ARRAY_INT_INDEX_SCALE I 4
staticfield jdk/internal/misc/Unsafe ARRAY_LONG_INDEX_SCALE I 8
staticfield jdk/internal/misc/Unsafe ARRAY_FLOAT_INDEX_SCALE I 4
staticfield jdk/internal/misc/Unsafe ARRAY_DOUBLE_INDEX_SCALE I 8
staticfield jdk/internal/misc/Unsafe ARRAY_OBJECT_INDEX_SCALE I 4
staticfield jdk/internal/misc/Unsafe ADDRESS_SIZE I 8
ciInstanceKlass jdk/internal/module/Modules 1 1 504 10 100 12 1 1 1 9 7 12 1 1 1 11 7 12 1 1 1 11 12 1 1 11 12 1 1 11 12 1 1 11 12 1 11 12 1 11 12 1 11 12 1 11 12 1 1 10 100 12 1 1 1 10 100 12 1 1 1 18 12 1 1 10 100 12 1 1 1 100 1 10 100 12 1 1 1 10 100 12 1 1 1 10 100 12 1 1 10 12 1 1 11 12 1 9 12 1 1 11 100 12 1 1 1 10 12 1 1 10 10 12 1 10 9 12 1 1 10 100 12 1 1 10 12 1 1 10 100 12 1 1 100 1 11 100 12 1 1 1 10 100 12 1 1 1 11 100 12 1 1 10 12 1 1 10 100 12 1 1 10 100 12 1 1 1 10 12 1 1 10 12 1 1 11 12 1 1 18 12 1 1 11 100 12 1 1 10 100 12 1 1 1 11 100 12 1 1 1 100 1 11 12 1 1 11 100 12 1 1 1 11 12 1 1 10 12 1 1 10 100 12 1 1 18 12 1 1 11 12 1 1 18 12 1 1 11 12 1 1 10 12 1 18 18 10 12 1 1 9 12 1 1 11 100 12 1 1 1 100 1 10 11 12 1 11 12 1 1 11 12 1 1 10 100 1 10 12 1 1 10 100 12 1 1 10 12 1 1 11 12 10 12 1 1 100 1 10 18 12 1 10 12 1 1 100 1 8 1 10 12 1 10 100 12 1 1 18 12 1 11 11 12 10 12 1 10 10 100 1 18 12 1 10 10 10 7 12 1 1 10 7 12 1 1 1 10 12 1 1 1 1 1 1 1 1 1 1 1 1 1 1 1 1 1 1 1 1 1 1 1 1 1 1 1 1 1 1 1 1 1 100 1 1 1 1 1 1 1 1 1 1 1 1 1 1 1 1 1 1 1 1 1 1 1 1 1 1 1 1 1 1 1 1 1 1 1 100 1 1 1 1 1 1 1 1 1 1 1 1 1 1 1 1 1 1 1 1 1 1 1 16 15 10 12 1 16 16 15 10 12 1 16 1 16 1 15 10 12 1 16 1 16 1 15 10 12 16 1 15 10 16 1 15 10 12 16 1 15 10 12 16 15 10 12 16 15 10 12 15 10 100 12 1 1 1 1 1 1 100 1 100 1 1
staticfield jdk/internal/module/Modules JLA Ljdk/internal/access/JavaLangAccess; java/lang/System$2
staticfield jdk/internal/module/Modules JLMA Ljdk/internal/access/JavaLangModuleAccess; java/lang/module/ModuleDescriptor$1
staticfield jdk/internal/module/Modules $assertionsDisabled Z 1
ciInstanceKlass java/lang/AutoCloseable 1 0 12 100 1 100 1 1 1 1 7 1 1 1
ciInstanceKlass java/io/Closeable 1 0 14 100 1 100 1 100 1 1 1 1 7 1 1 1
instanceKlass java/lang/ProcessBuilder$NullInputStream
instanceKlass sun/net/www/protocol/http/EmptyInputStream
instanceKlass com/teamdev/jxbrowser/deps/com/google/protobuf/IterableByteBufferInputStream
instanceKlass org/apache/http/conn/EofSensorInputStream
instanceKlass sun/nio/ch/NioSocketImpl$1
instanceKlass java/net/Socket$SocketInputStream
instanceKlass sun/security/ssl/SSLSocketImpl$AppInputStream
instanceKlass org/apache/http/impl/conn/LoggingInputStream
instanceKlass org/apache/http/impl/io/ContentLengthInputStream
instanceKlass org/apache/http/impl/io/EmptyInputStream
instanceKlass org/apache/http/impl/io/IdentityInputStream
instanceKlass org/apache/http/impl/io/ChunkedInputStream
instanceKlass org/apache/http/client/entity/DeflateInputStream
instanceKlass com/fasterxml/jackson/core/io/MergedStream
instanceKlass java/io/ObjectInputStream$PeekInputStream
instanceKlass java/io/ObjectInputStream$BlockDataInputStream
instanceKlass com/sun/imageio/plugins/common/InputStreamAdapter
instanceKlass java/io/SequenceInputStream
instanceKlass org/apache/xerces/impl/XMLEntityManager$RewindableInputStream
instanceKlass sun/nio/ch/ChannelInputStream
instanceKlass java/io/ObjectInputStream
instanceKlass java/util/zip/ZipFile$ZipFileInputStream
instanceKlass java/io/FilterInputStream
instanceKlass java/io/FileInputStream
instanceKlass java/io/ByteArrayInputStream
ciInstanceKlass java/io/InputStream 1 1 195 100 1 10 7 12 1 1 1 100 1 10 10 7 12 1 1 1 10 7 12 1 1 1 10 12 1 7 1 3 10 12 1 1 100 1 8 1 10 12 1 10 7 12 1 1 1 3 100 1 8 1 10 10 7 12 1 1 1 7 1 10 11 7 12 1 1 1 10 12 1 1 11 12 1 1 11 7 12 1 1 1 11 12 1 1 7 1 10 7 12 1 1 1 5 0 10 12 1 10 12 1 1 100 1 10 8 1 10 8 1 8 1 10 12 1 1 10 100 12 1 1 1 100 1 5 0 10 12 1 100 1 100 1 1 1 1 3 1 3 1 1 1 1 1 1 1 1 1 1 1 1 1 1 1 1 1 1 1 1 1 1 1 1 1 1 1 1 1 1 1 1 1 1 1 1 1 1 1 1 1 1 1 1 1 1 1 1 1 1 1 1 1 1 1
ciInstanceKlass java/io/ByteArrayInputStream 1 1 117 10 7 12 1 1 1 9 7 12 1 1 1 9 12 1 1 9 12 1 9 12 1 10 7 12 1 1 1 10 7 12 1 1 1 10 7 12 1 1 1 10 7 12 1 1 1 10 12 1 1 3 10 100 1 10 100 12 1 1 1 9 12 1 1 100 1 10 10 7 12 1 1 1 1 1 1 1 1 1 1 1 1 1 1 1 1 1 1 1 1 1 1 1 1 1 1 1 1 1 1 1 100 1 1 1 1 1 1 1 1 1 1 1 1 1 1
staticfield java/io/ByteArrayInputStream $assertionsDisabled Z 1
ciInstanceKlass java/net/URL 1 1 771 10 7 12 1 1 1 10 12 1 10 7 12 1 1 9 12 1 1 9 12 1 10 7 12 1 1 1 10 12 1 1 10 12 1 1 9 12 1 1 10 7 12 1 1 1 8 1 10 12 1 1 100 1 10 10 12 1 1 8 1 10 12 1 1 9 12 1 100 1 8 1 10 12 1 10 12 1 8 1 9 12 1 10 12 1 1 9 12 1 10 12 1 10 12 1 9 12 1 9 12 1 8 1 9 12 1 10 12 1 1 8 1 9 12 1 1 10 12 1 1 10 7 12 1 1 1 8 1 10 12 1 7 1 10 12 1 10 12 1 10 12 1 10 12 1 1 10 12 1 1 8 1 10 12 1 1 10 12 1 8 1 9 12 1 8 1 10 12 1 10 7 12 1 1 1 100 1 10 12 1 10 12 1 1 10 7 12 1 1 1 100 1 8 1 10 10 12 1 8 1 10 12 1 1 10 12 1 10 12 1 10 12 1 10 12 1 10 12 1 10 12 1 8 1 10 12 1 8 1 10 10 100 1 10 10 12 1 8 1 10 7 12 1 1 1 10 12 1 9 100 12 1 1 1 10 100 12 1 1 1 9 12 1 1 10 12 1 10 100 12 1 1 1 100 1 100 1 10 12 1 10 12 1 10 12 1 10 12 1 10 12 1 10 12 10 10 12 1 10 12 1 10 12 1 1 8 1 9 100 12 1 1 1 10 100 12 1 1 1 10 12 1 1 9 100 12 1 1 1 10 12 1 1 100 1 10 12 1 10 12 1 10 10 12 1 1 10 12 1 1 10 12 1 10 12 1 10 12 1 10 7 12 1 1 1 10 12 1 1 10 12 1 9 12 1 1 9 12 1 1 100 1 8 1 10 10 12 1 9 12 1 1 10 7 12 1 1 8 1 10 7 12 1 1 8 1 10 12 1 1 10 12 1 8 1 8 1 10 7 12 1 1 1 100 1 10 100 12 1 1 1 10 12 1 10 12 1 7 1 10 9 7 12 1 1 1 10 7 12 1 1 10 12 1 1 10 12 1 8 1 7 1 10 10 7 12 1 1 1 10 12 1 8 9 100 12 1 1 1 10 12 1 1 10 12 1 10 12 1 1 10 7 12 1 1 11 7 12 1 1 10 12 1 10 12 1 9 12 1 10 12 1 1 10 100 12 1 1 10 100 12 1 1 1 8 10 100 12 1 1 100 1 10 8 8 10 12 1 8 8 8 100 1 10 12 1 9 12 1 1 10 12 1 10 12 1 1 10 12 1 10 12 10 12 1 1 10 12 1 1 10 10 10 12 1 10 12 1 10 12 1 10 12 1 10 12 1 10 10 12 1 100 1 8 1 10 10 10 12 1 1 10 12 1 10 12 1 1 8 1 7 1 10 10 7 1 10 12 1 9 7 12 1 1 1 9 12 1 1 7 1 10 10 7 12 1 1 1 100 1 1 1 1 1 5 0 1 1 1 1 1 1 1 1 1 1 1 1 1 1 1 1 1 1 1 1 1 1 1 1 1 1 1 1 1 1 1 1 1 1 1 1 1 1 1 1 1 1 1 1 1 1 1 1 100 1 1 1 1 1 1 1 1 1 1 1 1 1 1 1 1 1 1 1 1 1 1 1 1 1 1 1 1 1 1 1 1 1 1 1 1 1 100 1 1 1 1 1 1 1 1 1 1 1 1 1 1 1 1 1 100 1 1 1 1 1 1 1 1 1 1 1 1 1 1 1 1 1 1 1
staticfield java/net/URL defaultFactory Ljava/net/URLStreamHandlerFactory; java/net/URL$DefaultFactory
staticfield java/net/URL streamHandlerLock Ljava/lang/Object; java/lang/Object
staticfield java/net/URL serialPersistentFields [Ljava/io/ObjectStreamField; 7 [Ljava/io/ObjectStreamField;
ciInstanceKlass java/net/URLClassLoader 1 1 600 10 7 12 1 1 1 7 1 10 12 1 9 7 12 1 1 1 10 7 12 1 1 1 9 12 1 1 7 1 10 12 1 9 12 1 1 10 12 1 10 10 12 1 10 7 12 1 1 1 10 12 1 1 10 7 12 1 1 1 10 7 12 1 1 1 7 1 10 12 1 1 10 12 1 1 10 12 1 1 100 1 100 1 10 7 12 1 1 1 100 1 8 1 10 12 1 10 100 12 1 1 1 10 12 1 1 10 12 1 1 11 100 12 1 1 1 11 100 12 1 1 1 11 12 1 1 100 1 11 12 1 11 100 12 1 1 10 12 1 11 12 1 11 12 1 1 11 10 12 1 1 10 12 1 1 10 12 1 1 7 1 10 12 1 10 12 1 1 7 1 100 1 10 12 1 1 7 1 10 10 12 1 1 10 7 12 1 1 10 12 1 100 1 100 1 10 8 1 10 12 1 1 8 1 10 12 1 1 10 10 12 1 8 1 8 1 10 12 1 1 10 7 12 1 1 1 10 7 12 1 1 1 10 12 1 1 10 12 1 1 10 12 1 1 10 12 1 10 12 1 100 1 100 1 8 1 10 12 1 10 12 1 1 10 12 1 1 7 1 10 12 1 10 7 12 1 1 1 10 12 1 1 10 12 1 1 10 12 1 1 10 12 1 10 7 12 1 1 1 10 12 1 1 8 1 10 12 1 1 11 7 12 1 1 1 9 7 12 1 1 1 10 7 12 1 1 1 9 12 1 9 12 1 9 12 1 9 12 1 9 12 1 9 12 1 10 7 12 1 1 1 8 1 10 12 1 1 7 1 10 10 12 1 10 12 1 1 10 12 1 1 100 1 10 12 1 10 12 1 1 10 12 1 10 12 1 1 7 1 10 7 12 1 1 9 7 12 1 1 1 10 12 1 8 1 100 1 8 1 10 12 1 10 12 1 8 1 10 12 1 10 12 1 9 12 1 1 10 100 12 1 1 10 12 1 10 12 1 10 100 1 8 1 10 100 1 10 12 1 10 7 12 1 100 1 10 12 1 10 12 1 100 1 10 10 7 12 1 1 1 1 1 1 1 1 1 1 1 1 1 1 1 1 1 1 1 1 1 1 1 1 1 1 1 1 1 1 1 1 1 1 1 1 1 100 1 100 1 100 1 100 1 1 1 1 1 1 1 1 1 1 1 1 1 1 1 1 1 1 1 1 1 1 1 1 1 1 1 1 1 1 1 1 1 1 1 1 1 1 1 1 1 1 1 1 1 1 100 1 1 1 1 1 1 1 1 1 1 1 1 1 1 1 1 1 1 1 1 1 1 1 1 1 1 1 1 1 1 1 1 1 1 1 1 1 100 1 1 1
instanceKlass com/st/microxplorer/mcu/GPIOService$KeyType
instanceKlass com/st/microxplorer/mcu/Middleware$MigrationState
instanceKlass com/teamdev/jxbrowser/net/internal/rpc/ProxyConfig$Type
instanceKlass com/teamdev/jxbrowser/net/NetError
instanceKlass com/teamdev/jxbrowser/frame/internal/rpc/SwitchPageContexts$StageCase
instanceKlass com/teamdev/jxbrowser/frame/internal/rpc/FinishFrameLoad$StageCase
instanceKlass com/teamdev/jxbrowser/frame/internal/rpc/InjectJs$StageCase
instanceKlass com/teamdev/jxbrowser/frame/internal/rpc/InjectCss$Response$ActionCase
instanceKlass com/teamdev/jxbrowser/frame/internal/rpc/InjectCss$StageCase
instanceKlass com/teamdev/jxbrowser/frame/internal/rpc/InvokeMethod$StageCase
instanceKlass com/teamdev/jxbrowser/frame/internal/rpc/GetObjectType$Response$ValueCase
instanceKlass com/teamdev/jxbrowser/frame/internal/rpc/GetObjectType$StageCase
instanceKlass com/teamdev/jxbrowser/frame/internal/rpc/ReadField$Response$ValueCase
instanceKlass com/teamdev/jxbrowser/frame/internal/rpc/ReadField$StageCase
instanceKlass com/teamdev/jxbrowser/frame/internal/rpc/UpdateField$Response$ValueCase
instanceKlass com/teamdev/jxbrowser/frame/internal/rpc/MemberUpdateError
instanceKlass com/teamdev/jxbrowser/frame/internal/rpc/UpdateField$StageCase
instanceKlass com/teamdev/jxbrowser/frame/internal/rpc/MemberType
instanceKlass com/teamdev/jxbrowser/frame/internal/rpc/MemberAccessError
instanceKlass com/teamdev/jxbrowser/frame/internal/rpc/CanAccessMember$Response$ValueCase
instanceKlass com/teamdev/jxbrowser/frame/internal/rpc/CanAccessMember$StageCase
instanceKlass java/awt/event/FocusEvent$Cause
instanceKlass sun/java2d/marlin/DMarlinRenderingEngine$NormMode
instanceKlass com/teamdev/jxbrowser/dom/internal/rpc/StorageType
instanceKlass javax/swing/SwingWorker$StateValue
instanceKlass com/st/microxplorer/plugins/thirdparty/ThirdPartyMcuManager$SupportedCore
instanceKlass com/teamdev/jxbrowser/download/internal/rpc/StartDownload$Response$KindCase
instanceKlass com/teamdev/jxbrowser/download/internal/rpc/StartDownload$StageCase
instanceKlass com/teamdev/jxbrowser/extensions/internal/rpc/OpenExtensionActionPopup$StageCase
instanceKlass com/teamdev/jxbrowser/browser/internal/rpc/OpenPopup$StageCase
instanceKlass com/teamdev/jxbrowser/browser/internal/rpc/TerminateRenderProcess$StageCase
instanceKlass com/teamdev/jxbrowser/browser/internal/rpc/StartRenderProcess$StageCase
instanceKlass java/nio/file/StandardCopyOption
instanceKlass com/teamdev/jxbrowser/frame/internal/rpc/DeleteFrame$StageCase
instanceKlass com/teamdev/jxbrowser/frame/internal/rpc/CreateFrame$StageCase
instanceKlass com/teamdev/jxbrowser/browser/internal/rpc/Paint$StageCase
instanceKlass com/teamdev/jxbrowser/os/internal/rpc/CloseMemory$StageCase
instanceKlass com/teamdev/jxbrowser/os/internal/rpc/OpenMemory$StageCase
instanceKlass com/teamdev/jxbrowser/net/internal/rpc/InterceptRequest$Response$ActionCase
instanceKlass com/teamdev/jxbrowser/net/internal/rpc/InterceptRequest$StageCase
instanceKlass com/teamdev/jxbrowser/internal/rpc/StreamData$StageCase
instanceKlass com/teamdev/jxbrowser/internal/rpc/Status
instanceKlass com/teamdev/jxbrowser/internal/rpc/RpcRequest$DataCase
instanceKlass com/teamdev/jxbrowser/internal/rpc/stream/Interceptor$Action
instanceKlass com/teamdev/jxbrowser/internal/licensing/LicenseVerificationStatus
instanceKlass com/st/microxplorer/plugins/thirdparty/model/ThirdPartyModelManager$ModelRefreshType
instanceKlass com/st/ipmodeconfigmanager/engine/EngineConstants$LogicalOperator
instanceKlass com/st/microxplorer/plugins/thirdparty/xml/XmlThirdPartyPack$XmlPackCompatibiltyStatus
instanceKlass com/st/microxplorer/plugins/thirdparty/engine/EngineStatus
instanceKlass com/teamdev/jxbrowser/internal/rpc/transport/SharedMemoryTransport$ConnectionState
instanceKlass com/teamdev/jxbrowser/internal/rpc/ConnectionType
instanceKlass com/teamdev/jxbrowser/internal/ProcessDpiAwareness
instanceKlass com/teamdev/jxbrowser/internal/JniLibraryName
instanceKlass com/teamdev/jxbrowser/engine/PasswordStore
instanceKlass com/teamdev/jxbrowser/internal/rpc/transport/ConnectionServer$State
instanceKlass com/teamdev/jxbrowser/internal/BinariesListing
instanceKlass com/teamdev/jxbrowser/internal/ChromiumExecutable$Branding
instanceKlass com/teamdev/jxbrowser/deps/com/google/protobuf/WireFormat$Utf8Validation
instanceKlass com/teamdev/jxbrowser/deps/com/google/protobuf/JavaFeaturesProto$JavaFeatures$NestInFileClassFeature$NestInFileClass
instanceKlass com/teamdev/jxbrowser/deps/com/google/protobuf/JavaFeaturesProto$JavaFeatures$Utf8Validation
instanceKlass com/teamdev/jxbrowser/deps/com/google/protobuf/DescriptorProtos$FeatureSet$VisibilityFeature$DefaultSymbolVisibility
instanceKlass com/teamdev/jxbrowser/deps/com/google/protobuf/DescriptorProtos$FeatureSet$EnforceNamingStyle
instanceKlass com/teamdev/jxbrowser/deps/com/google/protobuf/DescriptorProtos$FeatureSet$JsonFormat
instanceKlass com/teamdev/jxbrowser/deps/com/google/protobuf/DescriptorProtos$FeatureSet$MessageEncoding
instanceKlass com/teamdev/jxbrowser/deps/com/google/protobuf/DescriptorProtos$FeatureSet$Utf8Validation
instanceKlass com/teamdev/jxbrowser/deps/com/google/protobuf/DescriptorProtos$FeatureSet$RepeatedFieldEncoding
instanceKlass com/teamdev/jxbrowser/deps/com/google/protobuf/DescriptorProtos$FeatureSet$EnumType
instanceKlass com/teamdev/jxbrowser/deps/com/google/protobuf/DescriptorProtos$FeatureSet$FieldPresence
instanceKlass com/teamdev/jxbrowser/deps/com/google/protobuf/Descriptors$DescriptorPool$SearchFilter
instanceKlass com/teamdev/jxbrowser/deps/com/google/protobuf/Descriptors$FieldDescriptor$Sensitivity
instanceKlass com/teamdev/jxbrowser/deps/com/google/protobuf/Descriptors$FieldDescriptor$JavaType
instanceKlass com/teamdev/jxbrowser/deps/com/google/protobuf/Descriptors$FieldDescriptor$Type
instanceKlass com/teamdev/jxbrowser/deps/com/google/protobuf/WireFormat$JavaType
instanceKlass com/teamdev/jxbrowser/deps/com/google/protobuf/WireFormat$FieldType
instanceKlass com/teamdev/jxbrowser/deps/com/google/protobuf/DescriptorProtos$FileOptions$OptimizeMode
instanceKlass com/teamdev/jxbrowser/deps/com/google/protobuf/DescriptorProtos$FieldOptions$OptionTargetType
instanceKlass com/teamdev/jxbrowser/deps/com/google/protobuf/DescriptorProtos$FieldOptions$OptionRetention
instanceKlass com/teamdev/jxbrowser/deps/com/google/protobuf/DescriptorProtos$FieldDescriptorProto$Type
instanceKlass com/teamdev/jxbrowser/deps/com/google/protobuf/DescriptorProtos$FieldDescriptorProto$Label
instanceKlass com/teamdev/jxbrowser/net/internal/NonInterceptableScheme
instanceKlass com/teamdev/jxbrowser/engine/ProprietaryFeature
instanceKlass com/teamdev/jxbrowser/engine/Language
instanceKlass com/teamdev/jxbrowser/logging/Level
instanceKlass com/teamdev/jxbrowser/logging/LoggerProvider
instanceKlass com/teamdev/jxbrowser/deps/com/google/protobuf/Extension$ExtensionType
instanceKlass com/teamdev/jxbrowser/deps/com/google/protobuf/FieldType
instanceKlass com/teamdev/jxbrowser/deps/com/google/protobuf/ProtoSyntax
instanceKlass com/teamdev/jxbrowser/deps/com/google/protobuf/DescriptorProtos$Edition
instanceKlass com/teamdev/jxbrowser/deps/com/google/protobuf/RuntimeVersion$RuntimeDomain
instanceKlass com/fasterxml/jackson/annotation/JsonCreator$Mode
instanceKlass com/teamdev/jxbrowser/engine/RenderingMode
instanceKlass com/st/microxplorer/mcu/bootpath/IBootPathService$BootPathType
instanceKlass com/st/microxplorer/externaltools/STToolsIconsPanel$OS_TYPE
instanceKlass sun/java2d/cmm/lcms/LCMSImageLayout$BandOrder
instanceKlass com/sun/imageio/plugins/jpeg/JPEGImageReader$CallBackLock$State
instanceKlass javax/swing/text/html/StyleSheet$BoxPainter$HorizontalMargin
instanceKlass org/apache/poi/ss/usermodel/BorderStyle
instanceKlass sun/security/ssl/SSLMasterKeyDerivation
instanceKlass sun/security/ssl/X509Authentication
instanceKlass sun/net/www/protocol/http/HttpURLConnection$TunnelState
instanceKlass sun/security/ssl/Alert$Level
instanceKlass sun/security/ssl/Alert
instanceKlass org/apache/http/conn/ssl/DefaultHostnameVerifier$HostNameType
instanceKlass javax/net/ssl/SSLEngineResult$HandshakeStatus
instanceKlass sun/security/ssl/Finished$VerifyDataScheme
instanceKlass sun/security/validator/CADistrustPolicy
instanceKlass java/text/Normalizer$Form
instanceKlass sun/security/ssl/SSLTrafficKeyDerivation$KeySchedule
instanceKlass sun/security/ssl/SSLTrafficKeyDerivation
instanceKlass sun/security/ssl/SSLSecretDerivation$SecretSchedule
instanceKlass sun/security/ssl/ContentType
instanceKlass sun/security/ssl/SSLKeyExchange$T12KeyAgreement
instanceKlass sun/security/ssl/PskKeyExchangeModesExtension$PskKeyExchangeMode
instanceKlass sun/security/ssl/ECPointFormatsExtension$ECPointFormat
instanceKlass sun/security/ssl/CertStatusExtension$CertStatusRequestType
instanceKlass sun/security/ssl/SSLExtension
instanceKlass sun/security/ssl/SSLScope
instanceKlass sun/security/ssl/SignatureScheme$SigAlgParamSpec
instanceKlass sun/security/ssl/SignatureScheme
instanceKlass sun/security/ssl/ClientAuthType
instanceKlass sun/security/ssl/SSLHandshake
instanceKlass java/net/Proxy$Type
instanceKlass java/net/StandardProtocolFamily
instanceKlass org/apache/http/conn/routing/RouteInfo$LayerType
instanceKlass org/apache/http/conn/routing/RouteInfo$TunnelType
instanceKlass org/apache/http/auth/AuthProtocolState
instanceKlass org/apache/http/impl/cookie/RFC6265CookieSpecProvider$CompatibilityLevel
instanceKlass org/apache/http/impl/cookie/DefaultCookieSpecProvider$CompatibilityLevel
instanceKlass sun/security/rsa/RSAUtil$KeyType
instanceKlass sun/security/ssl/NamedGroup
instanceKlass sun/security/ssl/NamedGroup$NamedGroupSpec
instanceKlass sun/security/ssl/CipherSuite$KeyExchange
instanceKlass sun/security/ssl/CipherSuite$MacAlg
instanceKlass sun/security/ssl/CipherSuite$HashAlg
instanceKlass sun/security/ssl/CipherType
instanceKlass sun/security/ssl/SSLCipher
instanceKlass sun/security/ssl/CipherSuite
instanceKlass java/security/CryptoPrimitive
instanceKlass sun/security/util/DisabledAlgorithmConstraints$Constraint$Operator
instanceKlass sun/security/ssl/ProtocolVersion
instanceKlass org/apache/http/conn/util/DomainType
instanceKlass javax/xml/catalog/CatalogFeatures$State
instanceKlass javax/xml/catalog/CatalogFeatures$Feature
instanceKlass com/sun/org/apache/xalan/internal/utils/XMLSecurityPropertyManager$Property
instanceKlass com/sun/org/apache/xalan/internal/utils/FeaturePropertyBase$State
instanceKlass com/st/microxplorer/plugins/power/gui/common/PowerIconsList
instanceKlass javax/swing/SortOrder
instanceKlass org/jdesktop/swingx/JXCollapsiblePane$Direction
instanceKlass org/jdesktop/swingx/ScrollableSizeHint
instanceKlass org/jdesktop/swingx/painter/AbstractAreaPainter$Style
instanceKlass org/jdesktop/swingx/painter/AbstractLayoutPainter$HorizontalAlignment
instanceKlass org/jdesktop/swingx/painter/AbstractLayoutPainter$VerticalAlignment
instanceKlass org/jdesktop/swingx/painter/AbstractPainter$Interpolation
instanceKlass javax/swing/text/PlainView$FPMethodArgs
instanceKlass com/fasterxml/jackson/annotation/JsonFormat$Feature
instanceKlass com/fasterxml/jackson/databind/util/AccessPattern
instanceKlass com/fasterxml/jackson/annotation/JsonProperty$Access
instanceKlass com/fasterxml/jackson/databind/cfg/ConstructorDetector$SingleArgConstructor
instanceKlass com/fasterxml/jackson/databind/AnnotationIntrospector$ReferenceProperty$Type
instanceKlass com/fasterxml/jackson/annotation/PropertyAccessor
instanceKlass com/fasterxml/jackson/core/JsonToken
instanceKlass com/fasterxml/jackson/core/StreamReadCapability
instanceKlass com/fasterxml/jackson/core/JsonEncoding
instanceKlass com/fasterxml/jackson/core/JsonParser$NumberType
instanceKlass com/fasterxml/jackson/databind/DeserializationFeature
instanceKlass com/fasterxml/jackson/databind/cfg/JsonNodeFeature
instanceKlass com/fasterxml/jackson/databind/cfg/EnumFeature
instanceKlass com/fasterxml/jackson/databind/SerializationFeature
instanceKlass com/fasterxml/jackson/core/util/Separators$Spacing
instanceKlass com/fasterxml/jackson/databind/MapperFeature
instanceKlass com/fasterxml/jackson/annotation/JsonFormat$Shape
instanceKlass com/fasterxml/jackson/databind/cfg/CoercionInputShape
instanceKlass com/fasterxml/jackson/databind/cfg/CoercionAction
instanceKlass com/fasterxml/jackson/databind/type/LogicalType
instanceKlass com/fasterxml/jackson/annotation/JsonAutoDetect$Visibility
instanceKlass com/fasterxml/jackson/annotation/Nulls
instanceKlass com/fasterxml/jackson/annotation/JsonInclude$Include
instanceKlass com/fasterxml/jackson/core/JsonGenerator$Feature
instanceKlass com/fasterxml/jackson/core/JsonParser$Feature
instanceKlass com/fasterxml/jackson/core/JsonFactory$Feature
instanceKlass com/fasterxml/jackson/core/Base64Variant$PaddingReadBehaviour
instanceKlass com/fasterxml/jackson/databind/util/internal/PrivateMaxEntriesMap$DrainStatus
instanceKlass com/st/microxplorer/plugins/thirdparty/xml/SoftwarePackStatus
instanceKlass com/st/microxplorer/plugins/thirdparty/xml/PackRequirement$PackRequirementStatus
instanceKlass com/st/microxplorer/plugins/thirdparty/model/DependencyResolutionStatus
instanceKlass com/st/microxplorer/plugins/thirdparty/model/DependencyStatus
instanceKlass com/st/microxplorer/plugins/thirdparty/db/solver/getter/processor/ProcessorAttribute
instanceKlass com/st/microxplorer/plugins/thirdparty/db/solver/getter/toolchain/ToolchainAttribute
instanceKlass com/st/microxplorer/plugins/thirdparty/db/solver/getter/component/ComponentAttribute
instanceKlass com/st/microxplorer/plugins/thirdparty/db/solver/matcher/TestMatcherType
instanceKlass com/st/microxplorer/plugins/thirdparty/db/solver/getter/device/DeviceAttribute
instanceKlass com/st/components/pdscmanager/xml/PackXsdList
instanceKlass com/vdurmont/semver4j/Semver$SemverType
instanceKlass com/st/microxplorer/plugins/thirdparty/ThirdParty$ThirdPartyUiOpeningMode
instanceKlass jdk/internal/icu/util/CodePointTrie$ValueWidth
instanceKlass jdk/internal/icu/util/CodePointTrie$Type
instanceKlass com/st/microxplorer/mcu/MiddleWareConstants$RtosType
instanceKlass com/st/microxplorer/mcu/rtos/RtosApiDefinition$RtosDataFieldType
instanceKlass jakarta/xml/bind/annotation/XmlAccessOrder
instanceKlass org/glassfish/jaxb/core/v2/model/core/ID
instanceKlass org/glassfish/jaxb/core/v2/model/core/PropertyKind
instanceKlass org/glassfish/jaxb/runtime/v2/model/impl/ClassInfoImpl$PropertyGroup
instanceKlass org/glassfish/jaxb/runtime/v2/model/impl/ClassInfoImpl$SecondaryAnnotation
instanceKlass jakarta/xml/bind/annotation/XmlAccessType
instanceKlass com/sun/org/apache/xerces/internal/utils/XMLSecurityPropertyManager$Property
instanceKlass com/sun/org/apache/xerces/internal/utils/XMLSecurityPropertyManager$State
instanceKlass jdk/xml/internal/XMLSecurityManager$NameMap
instanceKlass jdk/xml/internal/XMLSecurityManager$Processor
instanceKlass jdk/xml/internal/XMLSecurityManager$Limit
instanceKlass jdk/xml/internal/JdkProperty$State
instanceKlass jdk/xml/internal/JdkProperty$ImplPropMap
instanceKlass jdk/xml/internal/JdkXmlFeatures$XmlFeature
instanceKlass com/st/library/analyticscore/initialization/configuration/ValidationMode
instanceKlass com/st/library/requestcontroller/TimeThreshold
instanceKlass com/st/library/analyticscore/AnalyticsState
instanceKlass java/time/chrono/ThaiBuddhistEra
instanceKlass java/time/chrono/MinguoEra
instanceKlass java/time/chrono/HijrahEra
instanceKlass java/time/format/TextStyle
instanceKlass java/time/format/DateTimeFormatterBuilder$SettingsParser
instanceKlass java/time/format/ResolverStyle
instanceKlass java/time/format/SignStyle
instanceKlass java/time/temporal/JulianFields$Field
instanceKlass java/time/temporal/IsoFields$Unit
instanceKlass java/time/temporal/IsoFields$Field
instanceKlass java/lang/invoke/MethodHandleImpl$ArrayAccess
instanceKlass java/time/temporal/ChronoUnit
instanceKlass java/time/temporal/ChronoField
instanceKlass java/time/zone/ZoneOffsetTransitionRule$TimeDefinition
instanceKlass java/time/DayOfWeek
instanceKlass java/time/Month
instanceKlass com/st/library/layout/DataFormat
instanceKlass com/st/library/analyticscore/ToolID
instanceKlass com/st/microxplorer/plugin/PluginView$Application
instanceKlass com/st/microxplorer/plugin/IPluginRibbonBar$standardRibbon
instanceKlass com/st/microxplorer/plugin/IPluginToolBar$standardTB
instanceKlass com/sun/beans/util/Cache$Kind
instanceKlass javax/swing/ClientPropertyKey
instanceKlass javax/swing/DropMode
instanceKlass com/st/microxplorer/plugin/IPluginMenuBar$standardMenu
instanceKlass com/st/microxplorer/customgui/STGuiConst$CheckIconType
instanceKlass com/st/microxplorer/customgui/STGraphicChart
instanceKlass com/st/microxplorer/db/Rule$RuleAttribute
instanceKlass java/awt/Dialog$ModalityType
instanceKlass java/awt/EventFilter$FilterAction
instanceKlass java/awt/Component$BaselineResizeBehavior
instanceKlass com/sun/java/swing/plaf/windows/TMSchema$Control
instanceKlass com/sun/java/swing/plaf/windows/TMSchema$Part
instanceKlass java/awt/Dialog$ModalExclusionType
instanceKlass java/awt/desktop/UserSessionEvent$Reason
instanceKlass sun/awt/OSInfo$OSType
instanceKlass jdk/internal/util/OperatingSystem
instanceKlass sun/java2d/StateTrackable$State
instanceKlass java/security/DrbgParameters$Capability
instanceKlass sun/security/util/KnownOIDs
instanceKlass sun/awt/AppContext$State
instanceKlass com/st/microxplorer/customgui/IconsList
instanceKlass java/awt/Window$Type
instanceKlass sun/font/EAttribute
instanceKlass org/apache/logging/log4j/core/config/LoggerConfig$LoggerConfigPredicate
instanceKlass org/apache/logging/log4j/core/config/status/StatusConfiguration$Verbosity
instanceKlass java/nio/file/AccessMode
instanceKlass java/math/RoundingMode
instanceKlass com/sun/management/VMOption$Origin
instanceKlass com/sun/management/HotSpotDiagnosticMXBean$ThreadDumpFormat
instanceKlass java/lang/management/MemoryType
instanceKlass java/lang/annotation/ElementType
instanceKlass sun/util/logging/PlatformLogger$Level
instanceKlass java/lang/System$Logger$Level
instanceKlass jdk/internal/logger/BootstrapLogger$LoggingBackend
instanceKlass org/apache/logging/log4j/core/appender/ConsoleAppender$Target
instanceKlass org/apache/logging/log4j/core/pattern/NameAbbreviator$MaxElementAbbreviator$Strategy
instanceKlass sun/util/locale/provider/LocaleProviderAdapter$Type
instanceKlass java/util/Locale$Category
instanceKlass org/apache/logging/log4j/core/util/datetime/FixedDateFormat$FixedTimeZoneFormat
instanceKlass org/apache/logging/log4j/core/util/datetime/FixedDateFormat$FixedFormat
instanceKlass org/apache/logging/log4j/core/pattern/PatternParser$ParserState
instanceKlass java/lang/reflect/ProxyGenerator$PrimitiveTypeInfo
instanceKlass java/lang/annotation/RetentionPolicy
instanceKlass org/apache/logging/log4j/core/async/ThreadNameCachingStrategy
instanceKlass java/util/stream/Collector$Characteristics
instanceKlass java/util/stream/MatchOps$MatchKind
instanceKlass java/io/ObjectInputFilter$Status
instanceKlass java/util/stream/StreamShape
instanceKlass java/lang/StackStreamFactory$WalkerState
instanceKlass java/lang/StackWalker$ExtendedOption
instanceKlass java/lang/StackWalker$Option
instanceKlass org/apache/logging/log4j/core/LifeCycle$State
instanceKlass org/apache/logging/log4j/spi/StandardLevel
instanceKlass java/util/regex/Pattern$Qtype
instanceKlass java/util/stream/StreamOpFlag$Type
instanceKlass java/util/stream/StreamOpFlag
instanceKlass java/util/zip/ZipCoder$Comparison
instanceKlass java/nio/file/LinkOption
instanceKlass sun/nio/fs/WindowsPathType
instanceKlass java/nio/file/StandardOpenOption
instanceKlass java/util/concurrent/TimeUnit
instanceKlass java/lang/invoke/MethodHandles$Lookup$ClassOption
instanceKlass java/lang/invoke/VarHandle$AccessType
instanceKlass java/lang/invoke/VarHandle$AccessMode
instanceKlass java/lang/invoke/MethodHandleImpl$Intrinsic
instanceKlass java/lang/invoke/LambdaForm$BasicType
instanceKlass java/lang/invoke/LambdaForm$Kind
instanceKlass sun/invoke/util/Wrapper
instanceKlass java/io/File$PathStatus
instanceKlass java/lang/module/ModuleDescriptor$Requires$Modifier
instanceKlass java/lang/reflect/AccessFlag$Location
instanceKlass java/lang/reflect/AccessFlag
instanceKlass java/lang/module/ModuleDescriptor$Modifier
instanceKlass java/lang/reflect/ClassFileFormatVersion
instanceKlass java/lang/Thread$State
ciInstanceKlass java/lang/Enum 1 1 204 9 7 12 1 1 1 9 12 1 1 10 7 12 1 1 1 9 12 1 10 7 12 1 1 1 100 1 10 10 12 1 1 10 12 1 100 1 10 10 7 12 1 1 10 12 1 1 18 12 1 1 10 100 12 1 1 1 10 12 1 1 11 7 12 1 1 1 100 1 8 1 10 12 1 100 1 100 1 10 8 1 10 12 1 1 10 12 1 1 8 1 10 12 1 10 100 1 8 1 10 10 12 1 1 10 100 12 1 1 1 100 1 100 1 100 1 1 1 1 1 1 1 1 1 1 1 1 1 1 1 1 1 1 1 1 1 1 1 1 1 1 1 1 1 1 1 1 1 1 1 1 1 1 1 1 1 1 1 1 1 1 1 3 1 1 1 1 100 1 100 1 1 100 1 1 1 1 1 1 1 1 1 1 1 16 15 10 12 16 15 10 100 12 1 1 1 1 1 100 1 100 1 1
ciInstanceKlass java/util/jar/Manifest 1 1 339 10 7 12 1 1 1 7 1 10 9 7 12 1 1 1 7 1 10 9 12 1 1 9 12 1 1 10 12 1 10 12 1 1 10 12 1 1 10 12 1 1 10 12 1 1 11 7 1 11 12 1 1 10 12 1 1 10 100 12 1 1 1 100 1 100 1 10 8 1 10 12 1 1 10 12 1 1 10 12 1 10 12 1 11 100 1 10 12 1 10 12 1 1 11 12 1 1 10 12 1 11 12 1 1 11 100 12 1 1 1 11 100 12 1 1 11 12 1 1 100 1 10 12 1 8 1 11 12 1 100 1 10 12 1 1 11 12 1 10 12 1 10 12 1 10 100 12 1 1 1 8 1 10 12 1 1 10 9 100 12 1 1 1 10 12 1 1 10 100 12 1 10 12 1 10 12 1 9 100 12 1 1 1 8 1 10 12 1 8 1 8 1 7 1 10 12 1 10 12 1 10 12 1 1 100 1 8 1 10 12 1 1 8 1 10 10 12 1 1 8 1 10 12 1 1 10 100 12 1 1 1 10 12 1 10 11 12 1 1 10 12 1 10 100 12 1 1 1 10 12 1 1 10 12 1 10 12 1 1 11 10 12 1 11 10 12 1 100 1 1 1 1 1 1 1 1 1 1 1 1 1 1 1 1 1 1 1 1 1 1 1 1 1 1 1 1 1 1 1 1 1 1 1 1 1 1 1 1 1 1 1 100 1 1 1 1 1 1 1 1 1 1 1 1 1 1 100 1 1 1 1 1 1 1 1 1 1 1
instanceKlass jdk/internal/loader/ClassLoaders$BootClassLoader
instanceKlass jdk/internal/loader/ClassLoaders$PlatformClassLoader
instanceKlass jdk/internal/loader/ClassLoaders$AppClassLoader
ciInstanceKlass jdk/internal/loader/BuiltinClassLoader 1 1 737 9 7 12 1 1 1 10 7 12 1 1 1 10 7 12 1 1 1 9 12 1 1 9 12 1 1 7 1 10 12 1 9 12 1 10 12 1 9 12 1 10 7 12 1 1 1 10 7 12 1 1 1 10 7 12 1 1 1 11 7 12 1 1 1 100 1 100 1 10 10 12 1 1 8 1 10 12 1 10 12 7 1 10 12 1 10 12 1 1 11 7 12 1 1 1 11 7 12 1 1 1 11 12 1 1 7 1 8 1 8 1 10 9 12 1 1 10 7 12 1 1 11 12 1 1 10 12 1 1 10 12 1 1 10 12 1 1 10 7 12 1 1 1 10 12 1 10 7 12 1 1 1 10 12 1 1 11 7 12 1 1 1 10 7 12 1 1 7 1 10 7 12 1 1 1 10 12 1 100 1 8 1 10 12 1 1 10 8 1 10 12 1 1 10 12 1 1 10 12 1 1 11 7 12 1 1 11 12 1 7 1 10 11 12 1 1 11 10 12 1 1 7 1 10 12 1 10 7 12 1 10 12 1 7 1 10 12 1 10 7 12 1 1 1 100 1 10 12 1 1 11 12 1 100 1 100 1 10 12 1 10 12 1 1 100 1 100 1 10 12 1 10 12 1 18 12 1 1 10 12 1 10 12 1 1 18 100 1 10 7 12 1 1 1 7 1 10 10 12 1 1 10 12 1 1 10 12 1 1 10 12 1 9 12 1 1 100 1 10 10 12 1 1 10 12 1 1 10 12 1 10 12 10 12 1 1 10 12 1 1 10 12 1 1 10 12 1 10 12 1 1 18 12 1 7 1 10 12 1 1 10 12 1 10 12 1 1 10 12 1 100 1 10 12 1 7 1 10 12 1 10 7 12 1 1 1 10 12 1 11 12 1 7 1 10 12 1 7 1 100 1 10 12 1 10 12 1 11 12 1 1 10 12 1 1 10 12 1 1 10 12 1 1 10 12 1 1 10 12 1 10 12 1 10 12 1 10 12 1 8 1 10 12 1 1 10 7 12 1 1 10 12 1 100 1 8 1 8 1 10 10 12 1 8 1 8 1 10 7 12 1 1 1 11 7 12 1 1 1 9 7 12 1 1 1 10 7 12 1 1 1 9 12 1 9 12 1 9 12 1 9 12 1 9 12 1 9 12 1 10 7 12 1 1 1 8 1 10 12 1 7 1 10 12 1 1 10 12 1 7 1 10 11 12 1 1 10 12 10 12 1 10 12 1 100 1 10 12 1 10 12 1 10 10 12 1 10 7 12 1 1 8 1 10 7 12 1 1 10 12 1 1 1 1 1 1 1 1 1 1 1 1 1 1 1 1 1 1 1 1 1 1 1 1 1 1 1 1 1 1 1 1 1 1 1 1 1 1 1 1 1 1 1 1 1 1 1 1 1 1 1 1 1 1 1 1 100 1 1 1 1 1 1 1 1 1 1 1 1 1 1 1 1 1 1 100 1 100 1 1 1 1 1 1 1 1 1 1 1 1 1 1 1 1 1 1 1 1 1 1 1 1 1 1 1 1 1 1 1 1 1 1 1 1 1 1 1 1 1 1 1 1 1 1 1 1 1 1 1 100 1 1 16 15 10 12 16 15 10 12 16 15 10 12 16 1 15 10 100 12 1 1 1 1 1 100 1 1 1 1 1 100 1 100 1 1
staticfield jdk/internal/loader/BuiltinClassLoader packageToModule Ljava/util/Map; java/util/concurrent/ConcurrentHashMap
staticfield jdk/internal/loader/BuiltinClassLoader $assertionsDisabled Z 1
ciInstanceKlass jdk/internal/loader/ClassLoaders 1 1 183 10 100 12 1 1 1 10 7 12 1 1 1 10 12 1 1 10 100 12 1 1 1 9 7 12 1 1 1 9 12 1 1 9 12 1 1 7 1 11 100 12 1 1 1 100 1 11 12 1 1 11 12 1 1 10 100 12 1 1 1 10 100 12 1 1 1 100 1 100 1 10 7 12 1 1 1 9 12 1 1 10 12 1 1 7 1 10 12 1 1 10 12 1 7 1 8 1 10 7 12 1 1 1 10 12 1 1 7 1 10 12 1 10 12 1 10 12 1 8 1 10 7 12 1 1 8 1 8 1 10 12 1 7 1 10 12 1 10 12 1 10 12 1 1 1 1 1 1 1 1 1 1 1 1 1 1 1 1 1 1 1 1 100 1 1 1 1 1 1 1 1 1 1 1 1 1 1 1 1 1 1 1
staticfield jdk/internal/loader/ClassLoaders JLA Ljdk/internal/access/JavaLangAccess; java/lang/System$2
staticfield jdk/internal/loader/ClassLoaders BOOT_LOADER Ljdk/internal/loader/ClassLoaders$BootClassLoader; jdk/internal/loader/ClassLoaders$BootClassLoader
staticfield jdk/internal/loader/ClassLoaders PLATFORM_LOADER Ljdk/internal/loader/ClassLoaders$PlatformClassLoader; jdk/internal/loader/ClassLoaders$PlatformClassLoader
staticfield jdk/internal/loader/ClassLoaders APP_LOADER Ljdk/internal/loader/ClassLoaders$AppClassLoader; jdk/internal/loader/ClassLoaders$AppClassLoader
ciInstanceKlass jdk/internal/loader/ClassLoaders$AppClassLoader 1 1 119 8 1 10 7 12 1 1 1 10 7 12 1 1 1 10 100 12 1 1 1 10 12 1 1 10 100 12 1 1 1 10 12 1 1 10 12 1 1 7 1 8 1 10 12 10 7 12 1 1 1 10 100 12 1 1 10 12 1 1 10 12 1 1 10 7 12 1 1 1 100 1 10 12 1 1 1 1 1 1 1 1 1 1 1 1 1 1 1 1 1 1 1 1 1 100 1 1 1 1 1 1 1 1 1 1 1 1 1 1 1 1 1 1 1 100 1 1 1
ciInstanceKlass jdk/internal/loader/ClassLoaders$PlatformClassLoader 1 1 42 8 1 10 7 12 1 1 1 10 7 12 1 1 1 100 1 10 12 1 100 1 1 1 1 1 1 1 1 1 1 1 1 1 1 100 1 1 1 100 1 1
ciInstanceKlass java/security/CodeSource 1 1 398 10 7 12 1 1 1 9 7 12 1 1 1 9 12 1 1 9 12 1 1 9 12 1 1 10 7 12 1 1 1 9 12 1 1 10 100 12 1 1 10 100 10 100 12 1 1 1 10 100 12 1 1 1 10 12 1 1 100 1 10 10 100 12 1 1 1 10 100 12 1 1 1 10 12 1 1 100 1 10 12 1 1 10 12 1 1 10 12 1 1 10 12 1 10 10 10 12 1 1 10 100 12 1 1 1 10 12 1 10 12 1 10 12 1 8 1 10 12 1 10 12 1 10 12 1 1 10 12 1 8 1 10 12 1 1 10 100 1 10 10 12 1 1 8 1 10 12 1 10 12 1 10 12 1 8 1 8 1 9 12 1 1 100 1 8 1 10 12 1 10 12 1 1 8 1 10 12 1 8 1 8 1 8 1 10 100 12 1 1 10 12 1 1 10 12 1 10 12 1 1 10 12 1 1 10 12 1 1 100 1 100 1 10 12 1 10 12 10 12 1 1 10 100 12 1 1 10 12 1 100 1 10 12 10 100 12 1 1 1 10 8 1 10 12 1 10 12 1 10 12 1 1 100 1 10 12 1 1 100 1 100 1 8 1 8 1 10 10 12 1 1 10 100 12 1 1 1 100 1 10 12 10 12 1 1 11 100 12 1 1 10 10 12 1 11 10 12 1 8 1 100 1 10 12 1 10 12 1 1 10 12 1 11 12 1 1 100 1 1 1 1 5 0 1 1 1 1 1 1 1 1 1 1 1 1 1 1 1 1 1 1 1 1 1 1 1 1 1 1 1 1 1 1 1 1 1 1 1 1 1 1 1 1 1 1 1 1 1 1 1 1 1 1 1 1 1 1 1 1 1 1 1 1 1 1 1 1 1 1 100 1 1 1 1 1 1 1
ciInstanceKlass java/util/concurrent/ConcurrentMap 1 1 208 11 100 12 1 1 1 10 100 12 1 1 11 12 1 1 11 100 12 1 1 1 11 100 12 1 1 1 11 12 1 1 100 1 11 12 1 11 12 1 100 1 11 100 12 1 1 1 18 12 1 11 12 1 1 11 100 12 1 1 11 12 1 1 11 100 12 1 11 12 1 1 11 12 1 1 100 1 100 1 1 1 1 1 1 1 1 1 1 1 1 1 1 1 1 1 1 1 1 1 1 1 1 1 1 1 1 1 1 1 1 1 1 1 1 1 1 1 1 1 1 1 1 1 1 1 1 1 1 1 1 1 1 1 1 1 1 1 1 16 15 11 12 15 10 100 12 1 1 1 1 1 100 1 100 1 1 1 100 1 8 1 1 12 10 1 1 1 8 1 1 1 8 1 1 8 1 1 1 8 1 1 1 8 1 1 1 8 1 1 1 8 1 1 1 8 1 1 1 8 1 1 1 8 1 1 8 1
instanceKlass com/teamdev/jxbrowser/deps/com/google/protobuf/SmallSortedMap
instanceKlass org/apache/commons/collections4/map/AbstractHashedMap
instanceKlass com/fasterxml/jackson/databind/util/internal/PrivateMaxEntriesMap
instanceKlass com/thoughtworks/xstream/core/util/WeakCache
instanceKlass sun/awt/SoftCache
instanceKlass java/util/concurrent/ConcurrentSkipListMap
instanceKlass java/util/Collections$SingletonMap
instanceKlass java/util/EnumMap
instanceKlass java/util/TreeMap
instanceKlass java/util/IdentityHashMap
instanceKlass java/util/WeakHashMap
instanceKlass java/util/Collections$EmptyMap
instanceKlass sun/util/PreHashedMap
instanceKlass java/util/HashMap
instanceKlass java/util/ImmutableCollections$AbstractImmutableMap
instanceKlass java/util/concurrent/ConcurrentHashMap
ciInstanceKlass java/util/AbstractMap 1 1 196 10 7 12 1 1 1 10 7 12 1 1 1 11 7 12 1 1 1 10 11 12 1 1 11 7 12 1 1 1 11 12 1 1 7 1 11 12 1 10 12 1 1 11 12 1 100 1 10 11 12 1 11 7 1 10 12 1 1 11 12 1 9 12 1 1 7 1 10 12 1 9 12 1 1 100 1 10 11 11 12 1 1 11 12 1 100 1 100 1 11 12 1 8 1 7 1 10 10 12 1 1 8 1 10 12 1 10 12 1 1 10 12 1 1 1 1 1 1 1 1 1 1 1 1 1 1 1 1 1 1 1 1 1 1 1 1 1 1 1 1 1 1 1 1 1 1 1 1 1 1 1 1 100 1 1 1 1 1 1 1 100 1 1 1 1 1 1 1 1 1 7 1 1 1 1 1 1 1 1 1 100 1 100 1 100 1 100 1 100 1 1 1 1 1 1
instanceKlass com/fasterxml/jackson/core/util/InternCache
ciInstanceKlass java/util/concurrent/ConcurrentHashMap 1 1 1210 7 1 7 1 3 10 12 1 1 3 100 1 10 7 12 1 1 1 100 1 10 100 12 1 1 1 100 1 11 12 1 1 11 12 1 11 12 1 1 9 12 1 1 9 12 1 1 9 12 1 10 7 12 1 1 1 7 1 10 12 1 1 10 12 1 1 10 7 12 1 1 1 4 10 12 1 9 12 1 10 12 1 1 100 1 10 5 0 10 12 1 10 12 1 1 5 0 10 12 1 1 10 12 1 9 12 1 1 10 12 1 1 9 12 1 9 12 1 1 10 12 1 1 9 12 1 10 12 1 1 9 12 1 1 10 12 1 1 100 1 10 7 1 10 12 1 10 12 1 1 10 12 1 1 10 12 1 1 10 12 1 10 12 1 1 10 12 1 1 7 1 10 12 1 1 7 1 100 1 8 1 10 12 1 10 12 1 1 10 12 1 1 11 7 12 1 1 10 12 1 1 11 12 1 1 11 7 12 1 1 1 11 7 12 1 1 1 11 12 1 7 1 11 12 1 11 12 1 10 12 1 1 10 12 1 1 9 12 1 1 10 7 12 1 1 1 9 10 12 1 1 9 12 1 10 12 1 1 5 0 9 12 1 1 7 1 10 12 1 9 12 1 1 7 1 10 12 1 9 12 1 7 1 10 100 1 10 10 12 1 1 8 1 10 12 1 10 12 1 1 11 100 1 10 12 1 10 100 12 1 1 1 8 1 10 100 12 1 1 1 8 1 10 12 1 8 1 10 12 1 10 12 1 1 10 100 12 1 1 10 12 1 10 12 1 10 12 1 9 12 1 9 10 12 1 9 12 1 1 11 100 12 1 1 1 11 7 12 1 1 1 100 1 10 12 11 100 12 1 1 10 11 7 12 1 10 12 1 100 1 10 12 1 100 1 10 10 9 7 12 1 1 1 10 12 3 10 100 12 1 1 9 12 1 10 12 1 1 9 12 1 1 9 12 1 10 12 1 1 10 100 12 1 1 9 12 1 9 7 12 1 1 10 12 1 1 10 12 1 3 9 12 1 9 12 1 10 12 1 1 7 1 9 3 9 12 1 100 1 10 12 1 9 12 1 10 12 1 9 12 1 10 12 1 9 12 1 10 100 12 1 1 1 100 10 12 1 100 1 5 0 10 100 12 1 1 100 1 10 12 1 1 10 12 1 10 12 1 100 1 10 12 1 10 100 1 100 1 10 10 12 1 10 100 1 10 12 1 10 100 1 10 12 1 10 100 1 10 12 1 1 100 1 10 12 1 10 10 12 1 100 1 10 12 1 10 10 12 1 100 1 10 12 1 10 100 1 10 12 1 10 100 1 10 12 1 10 100 1 10 12 1 10 100 1 10 12 1 10 100 1 10 12 1 10 100 1 10 12 1 10 100 1 10 12 1 10 100 1 10 10 100 1 10 10 100 1 10 10 100 1 10 12 1 10 100 1 10 12 1 10 100 1 10 12 1 10 100 1 10 12 1 10 100 1 10 12 1 10 100 1 10 10 100 1 10 10 100 1 10 10 100 1 10 12 1 10 100 1 10 12 1 10 100 1 10 12 1 10 100 1 10 12 1 10 100 1 10 12 1 10 10 12 1 10 7 12 1 1 1 10 12 1 7 1 7 1 10 12 1 9 12 1 1 9 12 1 1 10 12 1 1 8 10 12 1 1 8 8 8 8 7 10 12 1 1 10 12 1 100 1 8 1 10 7 1 100 1 100 1 1 1 5 0 1 1 3 1 3 1 1 1 1 3 1 3 1 3 1 1 1 1 1 3 1 3 1 3 1 1 1 1 1 1 1 1 1 1 1 1 1 1 1 1 1 1 1 1 1 1 1 1 1 100 1 1 1 1 1 1 1 1 1 1 1 1 1 1 1 1 1 1 1 1 1 1 1 1 1 1 1 1 1 1 1 1 1 1 1 1 1 1 1 1 1 1 1 1 1 1 1 1 1 1 1 1 1 1 1 1 1 1 1 1 1 1 1 1 1 1 1 1 1 1 1 1 1 1 1 1 1 1 1 1 1 1 1 1 100 1 1 1 1 1 1 1 1 1 1 1 100 1 1 1 1 1 1 1 1 1 1 1 1 1 1 1 1 1 1 1 1 1 1 1 1 1 1 1 1 1 1 1 1 1 1 1 1 1 1 1 1 1 1 1 1 1 1 1 1 1 1 1 1 1 1 1 1 1 1 1 1 1 1 1 1 1 1 1 1 1 1 1 1 1 1 1 1 1 1 1 1 1 1 1 1 1 1 1 1 1 1 1 1 1 1 1 1 1 1 1 1 1 1 1 1 1 1 1 1 1 1 1 1 1 1 1 1 1 1 1 1 1 1 1 1 1 1 1 1 1 1 1 1 1 1 1 1 1 1 1 1 1 1 1 1 1 1 1 1 1 1 1 1 1 1 1 1 1 1 1 1 1 1 1 1 1 1 1 1 1 1 1 1 1 1 1 1 1 1 1 1 1 1 1 1 1 1 1 1 1 1 1 1 1 1 1 1 1 1 1 1 1 1 1 1 1 1 1 1 1 1 1 1 1 1 1 1 1 1 1 1 1 1 1 100 1 100 1 100 1 100 1 100 1 100 1 100 1 100 1 100 1 1 1 1 1 1 1 1 1 1 1 1 1 1 1 1 1 1 1 1 1 1 1 1 1 1 1 1 1 1 1 1 1 1 1 1 1 1 1 1 1 1 1 1 1 1 1 1 1 1 1 1 1 1 1 1 1 1
staticfield java/util/concurrent/ConcurrentHashMap NCPU I 20
staticfield java/util/concurrent/ConcurrentHashMap serialPersistentFields [Ljava/io/ObjectStreamField; 3 [Ljava/io/ObjectStreamField;
staticfield java/util/concurrent/ConcurrentHashMap U Ljdk/internal/misc/Unsafe; jdk/internal/misc/Unsafe
staticfield java/util/concurrent/ConcurrentHashMap SIZECTL J 20
staticfield java/util/concurrent/ConcurrentHashMap TRANSFERINDEX J 32
staticfield java/util/concurrent/ConcurrentHashMap BASECOUNT J 24
staticfield java/util/concurrent/ConcurrentHashMap CELLSBUSY J 36
staticfield java/util/concurrent/ConcurrentHashMap CELLVALUE J 144
staticfield java/util/concurrent/ConcurrentHashMap ABASE I 16
staticfield java/util/concurrent/ConcurrentHashMap ASHIFT I 2
ciInstanceKlass java/lang/Iterable 1 1 62 10 7 12 1 1 1 11 7 12 1 1 1 11 7 12 1 1 1 11 12 1 1 11 7 12 1 1 1 10 100 12 1 1 1 100 1 1 1 1 1 1 1 1 1 1 1 1 1 1 1 1 1 1 1 1 1 1 1 1 1 1
ciInstanceKlass java/util/Collection 1 1 115 11 7 12 1 1 1 7 1 11 7 12 1 1 1 10 100 12 1 1 1 11 12 1 1 11 100 12 1 1 1 11 12 1 1 11 100 12 1 1 1 11 12 1 1 10 100 12 1 1 1 11 12 1 10 7 12 1 1 1 100 1 100 1 1 1 1 1 1 1 1 1 1 1 1 1 1 1 1 1 1 1 1 1 1 1 1 1 1 1 1 1 1 1 1 1 1 1 1 1 1 1 1 1 1 1 1 1 1 1 1 1 1 1 1
ciInstanceKlass java/util/SequencedCollection 1 1 109 100 1 10 12 1 1 11 100 12 1 1 1 11 100 12 1 1 1 11 12 1 1 11 12 1 100 1 100 1 1 1 1 1 1 1 1 1 1 1 1 1 1 1 1 1 1 1 1 1 1 1 1 1 1 1 1 1 100 1 8 1 1 12 10 1 1 1 8 1 1 1 8 1 1 1 8 1 1 1 8 1 1 8 1 1 1 8 1 1 8 1 1 1 8 1 1 8 1 1 1 8 1 1 8 1 1 8 1
ciInstanceKlass java/util/List 1 1 251 10 100 12 1 1 1 11 100 12 1 1 1 11 100 12 1 1 1 11 12 1 1 11 100 12 1 1 11 12 1 1 11 12 1 1 10 100 12 1 1 1 100 1 100 1 10 12 1 1 100 1 10 100 12 1 1 1 11 12 1 1 11 12 1 11 12 1 100 1 10 12 1 11 12 1 1 11 12 1 1 11 12 1 10 100 12 1 1 1 9 7 12 1 1 1 7 1 10 12 10 12 1 7 1 10 12 1 1 10 12 1 10 12 1 1 11 12 1 1 100 1 1 1 1 1 1 1 1 1 1 1 1 1 1 1 1 1 1 1 1 1 1 1 1 1 1 1 1 1 1 1 1 1 1 1 1 1 1 1 1 1 1 1 1 100 1 100 1 1 1 1 1 1 1 1 1 1 1 1 1 1 1 1 1 1 1 1 1 1 1 1 1 1 1 1 1 1 1 1 1 1 1 1 1 1 1 1 1 1 1 1 1 1 1 1 1 1 1 1 1 1 1 1 1 1 1 1 1 1 1 1 1 1 1 1 1 1 1 1 1 1 1 1 100 1 1 100 1 1 1
ciInstanceKlass java/util/RandomAccess 1 0 7 100 1 100 1 1 1
instanceKlass com/teamdev/jxbrowser/deps/com/google/common/collect/ImmutableCollection
instanceKlass com/fasterxml/jackson/databind/util/internal/LinkedDeque
instanceKlass java/util/IdentityHashMap$Values
instanceKlass java/util/TreeMap$Values
instanceKlass java/util/concurrent/ConcurrentLinkedDeque
instanceKlass java/util/LinkedHashMap$LinkedValues
instanceKlass org/apache/logging/log4j/ThreadContext$EmptyThreadContextStack
instanceKlass java/util/AbstractQueue
instanceKlass java/util/HashMap$Values
instanceKlass java/util/ArrayDeque
instanceKlass java/util/AbstractSet
instanceKlass java/util/ImmutableCollections$AbstractImmutableCollection
instanceKlass java/util/AbstractList
ciInstanceKlass java/util/AbstractCollection 1 1 160 10 7 12 1 1 1 10 7 12 1 1 1 10 12 1 1 11 7 12 1 1 1 11 12 1 1 10 12 1 1 10 100 12 1 1 1 10 12 1 1 10 12 1 1 10 7 12 1 1 10 7 12 1 1 1 7 1 10 100 12 1 1 1 10 100 12 1 1 1 100 1 10 11 12 1 11 7 1 10 12 1 10 12 1 10 7 12 1 1 1 11 8 1 7 1 10 10 12 1 1 8 1 10 12 1 10 12 1 1 1 1 1 1 1 1 1 1 1 1 1 1 1 1 1 1 1 1 1 1 1 1 1 1 1 1 1 1 1 1 1 1 1 1 1 1 1 1 1 1 1 1 1 1 1 1 1 1 1 1
instanceKlass org/apache/xerces/impl/xs/util/ShortListImpl
instanceKlass org/apache/xerces/impl/dv/xs/ListDV$ListData
instanceKlass java/util/AbstractList$SubList
instanceKlass com/teamdev/jxbrowser/deps/com/google/protobuf/AbstractProtobufList
instanceKlass sun/security/jca/ProviderList$ServiceList
instanceKlass org/glassfish/jaxb/runtime/v2/model/impl/ElementPropertyInfoImpl$1
instanceKlass org/apache/xerces/impl/xs/util/XSObjectListImpl
instanceKlass java/util/Collections$CopiesList
instanceKlass org/jdom/ContentList$FilterList
instanceKlass org/jdom/AttributeList
instanceKlass org/jdom/ContentList
instanceKlass sun/security/jca/ProviderList$3
instanceKlass java/util/AbstractSequentialList
instanceKlass sun/awt/util/IdentityArrayList
instanceKlass java/util/Vector
instanceKlass java/util/Collections$SingletonList
instanceKlass java/util/Arrays$ArrayList
instanceKlass java/util/ArrayList$SubList
instanceKlass java/util/Collections$EmptyList
instanceKlass java/util/ArrayList
ciInstanceKlass java/util/AbstractList 1 1 218 10 7 12 1 1 1 9 7 12 1 1 1 10 12 1 1 10 12 1 1 100 1 10 10 12 1 1 11 7 12 1 1 1 11 12 1 1 11 12 1 10 7 12 1 1 1 10 12 1 11 12 1 11 12 1 11 12 1 10 12 1 1 10 12 1 1 11 100 12 1 1 1 11 7 1 11 7 1 10 12 1 7 1 10 12 1 10 12 1 1 7 1 7 1 10 12 1 100 1 10 100 1 100 1 10 8 1 10 12 1 1 10 12 1 10 12 1 1 10 12 1 8 1 100 1 8 1 8 1 8 1 10 7 1 11 10 10 12 1 11 12 1 10 12 1 1 8 1 8 1 1 1 1 1 1 1 1 1 1 1 1 1 1 1 1 1 1 1 1 1 1 1 1 1 1 1 1 1 1 1 1 1 1 1 1 1 1 1 1 1 1 1 1 1 1 1 1 1 1 1 1 1 1 1 1 1 1 100 1 100 1 1 1 1 1 1 1
instanceKlass com/sun/istack/FinalArrayList
instanceKlass com/thoughtworks/xstream/converters/reflection/AbstractReflectionConverter$ArraysList
instanceKlass com/thoughtworks/xstream/core/util/CompositeClassLoader$1
instanceKlass com/thoughtworks/xstream/core/util/PresortedMap$ArraySet
instanceKlass com/thoughtworks/xstream/core/util/OrderRetainingMap$ArraySet
ciInstanceKlass java/util/ArrayList 1 1 509 10 7 12 1 1 1 7 1 9 7 12 1 1 1 9 12 1 100 1 100 1 10 8 1 10 12 1 1 10 12 1 10 12 1 1 10 12 1 9 12 1 11 7 12 1 1 1 9 12 1 1 11 12 1 1 7 10 7 12 1 1 1 9 12 1 10 12 1 10 12 1 1 10 7 12 1 1 1 10 7 12 1 1 1 10 12 1 1 10 12 1 1 10 12 1 1 10 12 1 10 12 1 1 100 1 100 1 10 12 1 10 10 7 12 1 1 1 10 7 12 1 1 10 12 1 100 1 10 10 12 10 12 1 1 10 12 1 1 10 12 1 10 12 10 12 1 1 7 1 10 12 1 1 10 12 1 1 10 12 1 100 1 10 11 12 1 1 11 100 12 1 1 1 11 12 1 10 12 1 10 12 1 10 12 1 1 100 1 10 12 1 1 10 10 12 1 1 10 12 1 8 1 8 1 8 1 8 1 10 12 1 1 10 12 1 1 11 12 1 100 1 10 100 12 1 1 10 12 1 10 12 1 1 10 100 12 1 1 10 12 1 10 100 12 1 1 1 11 100 12 1 1 1 10 12 1 100 1 8 1 10 7 1 10 12 1 7 1 10 12 1 10 12 1 1 7 1 10 12 1 10 12 1 1 11 7 12 1 1 7 1 10 12 1 10 12 1 1 11 100 12 1 1 10 12 1 1 10 12 1 1 10 12 1 1 10 12 1 1 11 100 12 1 1 10 12 1 1 100 1 100 1 100 1 1 1 1 5 0 1 3 1 1 1 1 1 1 1 1 1 1 1 1 1 1 1 1 1 1 1 1 1 1 1 1 1 1 1 1 1 1 1 1 1 1 1 1 1 1 1 1 1 1 1 1 1 1 1 1 1 1 1 1 1 1 1 1 1 1 1 1 1 1 1 1 1 1 1 1 1 1 1 1 1 1 1 1 1 1 1 1 1 1 1 1 1 1 1 1 1 1 1 1 1 1 1 1 1 1 1 1 1 1 1 1 100 1 1 1 1 100 1 1 1 1 1 1 1 1 1 1 1 1 1 1 1 1 1 1 1 1 1 1 1 1 1 1 1 1 1 100 1 1 1 1 1 1 1 1 1 1 1 1 1 1 1 1 1 1 100 1 100 1 1 1 1 1 1
staticfield java/util/ArrayList EMPTY_ELEMENTDATA [Ljava/lang/Object; 0 [Ljava/lang/Object;
staticfield java/util/ArrayList DEFAULTCAPACITY_EMPTY_ELEMENTDATA [Ljava/lang/Object; 0 [Ljava/lang/Object;
ciInstanceKlass java/lang/StackTraceElement 1 1 235 10 7 12 1 1 1 10 7 12 1 1 9 12 1 1 9 12 1 1 9 12 1 9 12 1 8 1 10 7 12 1 1 1 7 1 9 12 1 8 1 9 12 1 9 12 1 9 12 1 1 10 12 1 1 10 12 1 8 1 10 100 12 1 1 1 100 1 10 12 1 10 12 1 1 10 12 1 10 12 1 1 10 12 1 10 12 1 10 10 12 1 8 1 10 12 1 10 12 1 1 10 12 1 1 10 12 1 10 12 1 10 12 1 9 12 1 1 10 7 12 1 1 1 10 12 1 1 7 1 10 12 1 1 10 7 12 1 1 10 7 12 1 1 1 10 7 12 1 1 10 7 12 1 1 10 10 12 1 1 10 12 1 1 10 12 1 1 10 12 1 100 1 1 1 1 1 1 1 3 1 3 1 1 5 0 1 1 1 1 1 1 1 1 1 1 1 1 1 1 1 1 1 1 1 1 1 1 1 1 1 1 1 1 1 100 1 100 1 1 1 1 1 1 1 100 1 1 1 1 1 1 1 1 1
instanceKlass java/nio/DoubleBuffer
instanceKlass java/nio/FloatBuffer
instanceKlass java/nio/ShortBuffer
instanceKlass java/nio/CharBuffer
instanceKlass java/nio/IntBuffer
instanceKlass java/nio/LongBuffer
instanceKlass java/nio/ByteBuffer
ciInstanceKlass java/nio/Buffer 1 1 256 100 1 10 7 12 1 1 1 9 7 12 1 1 1 9 12 1 9 12 1 1 9 12 1 9 12 1 1 10 12 1 1 10 12 1 1 10 12 100 1 100 1 10 8 1 10 12 1 1 10 12 1 8 1 8 1 10 12 1 1 10 12 1 8 1 9 12 1 1 100 1 8 1 10 12 1 8 1 8 1 9 12 10 12 1 8 1 8 1 8 1 10 12 1 8 1 8 1 8 1 100 1 10 100 1 10 100 1 10 9 12 1 1 10 7 12 1 1 1 100 1 10 12 1 1 10 12 1 10 100 12 1 1 10 7 12 1 1 1 10 7 12 1 1 1 9 12 1 1 10 7 12 1 1 1 9 12 1 1 7 1 10 10 12 1 1 7 1 10 10 7 12 1 1 1 1 1 3 1 1 1 1 1 1 1 1 1 1 1 1 1 1 100 1 1 1 1 1 1 1 100 1 1 1 1 1 1 1 1 1 1 1 1 1 1 1 1 1 1 1 1 1 1 1 1 1 1 1 1 1 1 1 1 1 1 1 1 1 1 1 100 1 100 1 100 1 100 1 100 1 100 1 100 1 1
staticfield java/nio/Buffer UNSAFE Ljdk/internal/misc/Unsafe; jdk/internal/misc/Unsafe
staticfield java/nio/Buffer SCOPED_MEMORY_ACCESS Ljdk/internal/misc/ScopedMemoryAccess; jdk/internal/misc/ScopedMemoryAccess
staticfield java/nio/Buffer IOOBE_FORMATTER Ljava/util/function/BiFunction; jdk/internal/util/Preconditions$4
staticfield java/nio/Buffer $assertionsDisabled Z 1
ciInstanceKlass java/lang/StackWalker 1 1 271 9 7 12 1 1 1 7 1 10 7 12 1 1 1 10 12 1 1 10 7 12 1 1 1 10 12 1 1 10 12 1 11 7 12 1 1 1 10 12 1 1 10 12 1 1 10 12 1 1 100 1 8 1 10 12 1 10 12 1 10 12 1 10 7 12 1 1 9 12 1 1 9 12 1 1 9 12 1 1 9 12 1 1 10 12 1 1 9 12 1 1 9 12 1 1 9 12 1 1 10 7 12 1 1 1 11 12 1 1 100 1 8 1 10 10 100 12 1 1 9 12 1 1 10 12 1 1 10 7 12 1 1 1 10 7 12 1 1 1 18 12 1 1 100 1 8 1 10 8 1 10 12 1 1 10 100 12 1 1 1 10 12 1 1 9 7 12 1 1 11 100 12 1 1 1 10 12 1 1 1 1 1 1 1 1 1 1 1 1 1 1 1 1 1 1 1 1 1 1 1 1 1 1 1 1 1 1 1 1 1 1 1 1 1 1 1 1 1 1 1 1 1 1 1 1 1 1 1 1 1 1 1 1 1 1 1 1 1 1 1 1 1 1 100 1 1 16 15 10 12 16 1 15 10 100 12 1 1 1 1 1 1 1 1 1 100 1 100 1 1
staticfield java/lang/StackWalker DEFAULT_EMPTY_OPTION Ljava/util/EnumSet; java/util/RegularEnumSet
staticfield java/lang/StackWalker DEFAULT_WALKER Ljava/lang/StackWalker; java/lang/StackWalker
instanceKlass java/lang/StackStreamFactory$StackFrameTraverser
ciInstanceKlass java/lang/StackStreamFactory$AbstractStackWalker 1 1 375 7 1 100 1 3 10 7 12 1 1 1 10 7 12 1 1 10 7 12 1 1 1 9 12 1 1 10 12 1 1 9 12 1 1 9 12 1 1 9 12 1 1 9 12 1 10 7 12 1 1 1 10 12 1 1 10 100 12 1 1 9 12 1 1 9 12 1 1 10 12 1 1 9 7 12 1 1 1 10 12 1 1 10 12 1 9 12 1 1 10 7 12 1 1 1 10 12 1 1 9 12 1 1 9 100 12 1 1 1 100 1 10 8 1 10 12 1 1 10 12 1 8 1 10 12 1 1 10 100 12 1 1 1 100 1 8 1 10 12 1 8 1 10 12 10 7 12 1 1 9 12 1 8 1 5 0 8 1 8 1 9 12 1 1 10 12 1 1 18 12 1 1 10 100 12 1 1 1 10 12 1 1 10 12 1 10 12 1 9 12 1 10 12 1 10 12 1 10 12 1 10 12 1 10 12 1 10 12 1 1 8 1 10 12 1 10 12 1 10 12 1 10 12 1 1 8 1 10 12 1 1 10 12 1 1 10 12 1 1 10 12 1 10 12 1 10 7 12 1 1 1 10 12 1 10 12 1 9 12 1 8 1 10 12 1 10 12 1 10 12 1 1 10 12 1 10 12 1 10 12 1 1 10 12 1 10 12 1 10 12 1 10 12 1 10 12 1 10 12 1 1 10 12 1 1 10 12 1 8 1 1 1 1 1 1 1 1 1 1 1 1 1 100 1 1 1 1 1 1 1 100 1 1 1 1 100 1 1 1 1 1 1 1 1 1 1 1 1 1 1 1 1 1 1 1 16 15 15 10 100 12 1 1 1 1 1 1 1 1 100 1 100 1 1
ciInstanceKlass java/lang/StackWalker$StackFrame 1 1 41 100 1 10 12 1 1 100 1 100 1 1 1 1 1 1 1 1 1 1 1 1 1 1 1 1 1 1 1 1 1 1 1 1 1 1 1 100 1 1 1
instanceKlass java/lang/LiveStackFrameInfo
ciInstanceKlass java/lang/StackFrameInfo 1 1 142 10 7 12 1 1 1 9 7 12 1 1 1 9 7 1 9 12 1 1 11 7 12 1 1 1 9 12 1 1 11 12 1 1 10 12 1 1 10 7 12 1 1 1 10 12 1 11 12 1 11 12 1 1 11 12 1 10 12 1 1 9 12 1 1 10 12 1 1 10 7 12 1 1 10 12 1 1 11 12 1 1 9 12 1 1 10 100 1 10 12 1 9 12 1 1 10 12 1 1 100 1 8 1 10 12 1 10 7 12 1 1 1 100 1 1 1 1 1 1 1 1 1 1 1 1 1 1 1 1 1 1 100 1 1 100 1 1 1 1 1 1
staticfield java/lang/StackFrameInfo JLIA Ljdk/internal/access/JavaLangInvokeAccess; java/lang/invoke/MethodHandleImpl$1
ciInstanceKlass java/lang/LiveStackFrame 0 0 135 100 1 10 100 12 1 1 1 11 100 12 1 1 1 11 12 1 10 100 12 1 1 1 100 1 8 1 10 12 1 1 10 100 12 1 1 1 9 100 12 1 1 1 10 100 12 1 1 1 10 100 12 1 1 1 11 12 1 10 12 1 100 1 100 1 1 1 1 1 1 1 1 1 1 1 1 1 1 1 1 1 1 1 1 1 1 1 1 1 1 1 1 100 1 1 1 1 1 1 1 100 1 8 1 1 12 10 1 1 1 8 1 1 1 8 1 1 1 8 1 1 1 8 1 1 1 8 1 1 8 1 1 8 1
ciInstanceKlass java/lang/LiveStackFrameInfo 0 0 97 10 100 12 1 1 1 9 100 12 1 1 1 9 12 1 9 12 1 9 12 1 9 12 1 1 100 1 10 12 1 1 10 12 1 8 1 10 12 1 1 8 1 8 1 8 1 10 100 1 10 12 1 100 1 10 12 1 100 1 100 1 1 1 3 1 3 1 1 1 1 1 1 1 1 1 1 1 1 1 1 1 1 1 1 1 1 1 1 1 1 1 1 1 100 1 1
instanceKlass java/util/concurrent/locks/AbstractQueuedSynchronizer
ciInstanceKlass java/util/concurrent/locks/AbstractOwnableSynchronizer 1 1 32 10 7 12 1 1 1 9 7 12 1 1 1 100 1 1 1 1 5 0 1 1 1 1 1 1 1 1 1 1 1 1
ciInstanceKlass java/lang/Boolean 1 1 152 10 7 12 1 1 1 9 7 12 1 1 1 10 12 1 1 10 12 1 8 1 10 7 12 1 1 9 12 1 1 9 12 1 10 12 1 1 10 12 1 1 10 12 1 1 10 7 12 1 1 1 100 1 100 1 10 12 1 1 9 100 12 1 1 9 12 10 100 12 1 1 1 10 12 1 1 8 1 10 7 12 1 1 1 9 12 1 1 100 1 100 1 100 1 1 1 1 1 1 5 0 1 1 1 1 1 1 1 1 1 1 3 1 1 1 1 1 1 1 1 1 1 1 1 1 1 1 1 1 1 100 1 1 1 1 1 1 1 1 1 1 100 1 1 1 1 1 1 1 1 1
staticfield java/lang/Boolean TRUE Ljava/lang/Boolean; java/lang/Boolean
staticfield java/lang/Boolean FALSE Ljava/lang/Boolean; java/lang/Boolean
staticfield java/lang/Boolean TYPE Ljava/lang/Class; java/lang/Class
ciInstanceKlass java/lang/Character 1 1 604 7 1 100 1 100 1 9 12 1 1 8 1 9 12 1 1 100 1 9 12 1 1 10 100 12 1 1 1 10 100 12 1 1 1 10 100 12 1 1 1 10 7 12 1 1 1 9 7 12 1 1 1 10 12 1 10 12 1 1 10 12 1 1 10 7 12 1 1 10 12 1 1 3 3 3 3 3 10 12 1 1 10 12 1 3 11 7 12 1 1 1 11 12 1 1 10 12 1 1 10 12 1 1 100 1 10 10 12 1 3 10 12 1 1 10 12 1 10 12 1 1 100 1 8 1 10 12 1 1 10 12 1 10 12 1 10 12 1 10 100 12 1 1 1 10 12 1 10 12 1 10 12 1 1 10 12 1 10 7 12 1 1 10 10 12 1 10 10 12 1 10 12 1 1 10 12 1 10 10 12 1 10 12 1 10 12 1 10 12 1 10 12 1 10 12 1 10 12 1 10 12 10 10 12 10 10 12 1 10 10 12 1 10 10 12 1 10 10 12 1 10 12 1 10 12 1 10 12 1 10 12 1 10 12 1 10 12 1 10 10 12 1 10 10 12 1 10 10 12 1 1 10 10 12 1 10 5 0 10 12 1 10 12 1 10 10 12 1 10 10 12 1 1 10 10 12 1 10 10 12 1 9 12 1 1 100 1 10 10 12 1 10 12 1 1 3 10 100 12 1 1 1 10 12 1 10 100 12 1 1 100 1 10 10 12 1 1 10 12 1 1 10 12 1 1 8 1 10 12 1 9 100 12 1 1 1 10 12 1 10 10 12 1 10 12 1 1 10 12 1 10 10 12 1 1 10 10 12 1 1 100 1 8 1 10 12 1 1 10 7 12 1 1 1 8 1 10 12 1 1 9 12 1 1 100 1 100 1 100 1 1 1 1 3 1 3 1 3 1 3 1 1 1 1 1 3 1 1 3 1 3 1 3 1 3 1 3 1 3 1 3 1 3 1 3 1 3 1 3 1 3 1 3 1 3 1 3 1 3 1 3 1 3 1 3 1 3 1 3 1 3 1 3 1 3 1 3 1 3 1 3 1 3 1 1 1 1 1 1 1 1 1 1 1 1 1 1 1 1 1 1 1 3 1 1 1 1 1 1 1 3 1 1 3 1 1 1 1 1 3 1 1 5 0 1 1 1 1 1 1 1 1 1 1 1 1 1 1 1 1 1 1 1 1 1 1 1 1 1 1 1 1 1 1 1 1 1 1 1 1 1 1 1 1 1 1 1 1 1 1 1 1 1 1 1 1 1 1 1 1 1 1 1 1 1 1 1 1 1 1 1 1 1 1 1 1 1 1 1 1 1 1 1 1 1 1 1 1 1 1 1 1 1 1 100 1 100 1 1 1 1 1 1
staticfield java/lang/Character TYPE Ljava/lang/Class; java/lang/Class
staticfield java/lang/Character $assertionsDisabled Z 1
instanceKlass com/sun/jna/IntegerType
instanceKlass java/math/BigInteger
instanceKlass java/math/BigDecimal
instanceKlass java/util/concurrent/atomic/Striped64
instanceKlass java/util/concurrent/atomic/AtomicLong
instanceKlass java/util/concurrent/atomic/AtomicInteger
instanceKlass java/lang/Long
instanceKlass java/lang/Integer
instanceKlass java/lang/Short
instanceKlass java/lang/Byte
instanceKlass java/lang/Double
instanceKlass java/lang/Float
ciInstanceKlass java/lang/Number 1 1 37 10 7 12 1 1 1 10 100 12 1 1 1 100 1 1 1 1 5 0 1 1 1 1 1 1 1 1 1 1 1 1 1 1 1 1 1
ciInstanceKlass java/lang/Float 1 1 279 7 1 100 1 10 7 12 1 1 1 10 100 12 1 1 1 4 100 1 10 12 1 1 10 12 1 1 8 1 8 1 10 100 12 1 1 1 10 12 1 1 10 12 1 1 10 7 1 4 10 7 12 1 1 9 12 1 1 10 12 1 1 10 12 1 10 10 12 1 1 10 12 1 10 12 1 3 3 100 1 4 4 4 3 10 12 1 1 9 12 1 1 100 1 10 3 3 4 4 10 12 1 3 3 3 10 12 1 1 10 12 1 1 10 12 1 10 100 12 1 1 1 10 12 1 1 10 12 1 1 10 7 12 1 1 1 8 1 10 12 1 1 9 12 1 1 100 1 100 1 100 1 1 1 1 4 1 4 1 1 1 4 1 1 3 1 3 1 3 1 3 1 3 1 1 1 1 5 0 1 1 1 1 1 1 1 1 1 1 100 1 1 1 1 1 1 1 1 1 1 1 1 1 3 1 1 1 1 1 1 1 1 1 1 1 1 1 1 1 1 1 1 1 1 1 1 1 1 1 1 1 1 1 1 1 1 1 1 1 1 1 1 1 1 1 1 1 1 1 1 1 1 1 1 1 1 1 1 1 1 1 1 1 1 1 100 1 1 1 1 1 1 1 100 1 100 1 1
staticfield java/lang/Float TYPE Ljava/lang/Class; java/lang/Class
staticfield java/lang/Float $assertionsDisabled Z 1
ciInstanceKlass java/lang/Double 1 1 290 7 1 100 1 10 7 12 1 1 1 10 12 1 1 10 100 1 10 12 1 1 10 7 12 1 1 1 6 0 8 1 10 12 1 1 8 1 10 12 1 1 8 1 6 0 10 12 1 1 100 1 5 0 5 0 8 1 8 1 10 100 12 1 1 1 10 100 12 1 1 1 8 1 10 12 1 1 8 1 8 1 8 1 10 12 1 1 10 12 1 10 12 1 1 10 12 1 10 12 1 10 12 1 1 10 12 1 10 7 1 6 0 10 7 12 1 1 9 12 1 1 10 12 1 10 12 1 10 12 1 10 12 1 10 12 1 5 0 10 12 1 1 10 12 1 10 12 1 10 100 12 1 1 1 10 12 1 1 10 12 1 1 8 1 10 7 12 1 1 1 9 12 1 1 100 1 100 1 100 1 1 1 6 0 1 6 0 1 6 0 1 1 1 6 0 1 1 3 1 3 1 3 1 3 1 3 1 1 1 1 5 0 1 1 1 1 1 1 1 1 1 1 1 1 1 1 1 1 100 1 1 1 1 1 1 1 1 1 1 1 1 3 1 1 1 1 1 1 1 1 1 1 1 1 1 1 1 1 1 1 1 1 1 1 1 1 1 1 1 1 1 1 1 1 1 1 100 1 1 1 1 1 1 1 100 1 100 1 1
staticfield java/lang/Double TYPE Ljava/lang/Class; java/lang/Class
ciInstanceKlass java/lang/Byte 1 1 213 7 1 100 1 10 100 12 1 1 1 9 12 1 1 8 1 9 12 1 1 100 1 10 12 1 1 10 12 1 1 10 100 12 1 1 1 10 100 12 1 1 1 9 7 12 1 1 1 10 12 1 1 100 1 100 1 10 12 1 1 8 1 10 12 1 1 8 1 10 12 1 10 12 1 10 12 1 10 12 1 1 10 12 1 10 12 1 10 12 1 1 10 8 1 8 1 10 7 1 9 12 1 1 10 12 1 1 10 12 1 1 10 12 1 1 10 12 1 5 0 10 12 1 1 8 1 10 7 12 1 1 1 9 12 1 1 100 1 100 1 1 1 3 1 3 1 1 1 1 3 1 3 1 1 5 0 1 1 1 1 1 1 1 1 1 1 1 1 1 1 1 1 1 1 1 1 1 1 1 1 1 1 1 1 1 1 1 1 1 1 1 1 1 1 1 1 1 1 1 1 1 1 1 1 1 1 1 1 1 1 1 1
staticfield java/lang/Byte TYPE Ljava/lang/Class; java/lang/Class
ciInstanceKlass java/lang/Short 1 1 222 7 1 100 1 100 1 10 100 12 1 1 1 10 12 1 1 100 1 100 1 10 12 1 1 8 1 10 12 1 1 8 1 10 12 1 10 12 1 10 12 1 10 12 1 1 10 12 1 1 10 12 1 9 12 1 1 8 1 9 12 1 1 100 1 10 12 1 1 10 12 1 10 100 12 1 1 1 10 100 12 1 1 1 9 7 12 1 1 1 10 12 1 10 12 1 1 10 8 1 8 1 10 7 1 9 12 1 1 10 12 1 1 10 12 1 1 10 12 1 1 10 12 1 3 3 5 0 10 12 1 1 8 1 10 7 12 1 1 1 9 12 1 1 100 1 100 1 1 1 3 1 3 1 1 1 1 3 1 3 1 1 5 0 1 1 1 1 1 1 1 1 1 1 1 1 1 1 1 1 1 1 1 1 1 1 1 1 1 1 1 3 1 1 1 1 1 1 1 1 1 1 1 1 1 1 1 1 1 1 1 1 1 1 1 1 1 1 1 1 1 1
staticfield java/lang/Short TYPE Ljava/lang/Class; java/lang/Class
ciInstanceKlass java/lang/Integer 1 1 453 7 1 100 1 7 1 7 1 10 12 1 1 9 12 1 1 9 12 1 1 10 100 12 1 1 1 10 12 1 1 10 100 12 1 1 1 10 10 12 1 1 10 100 12 1 1 1 10 12 1 10 12 1 1 10 7 12 1 1 1 10 12 1 1 10 12 1 1 10 12 1 10 12 1 10 12 1 1 10 10 12 1 9 12 1 1 9 12 1 7 1 8 1 10 12 1 100 1 10 12 1 8 1 10 12 1 1 10 12 1 8 1 10 12 1 8 1 10 12 1 1 3 10 12 1 1 3 10 12 1 1 10 12 1 1 10 7 12 1 1 1 11 7 1 10 12 1 1 11 10 12 1 1 8 1 10 12 1 1 8 1 100 1 10 12 1 1 10 12 1 1 5 0 8 1 10 12 1 10 12 1 10 12 1 10 12 1 1 7 1 9 12 1 1 9 12 1 1 10 12 1 10 7 1 9 12 1 10 12 1 10 12 1 10 12 1 1 10 7 12 1 1 1 100 1 100 1 10 12 1 1 10 12 1 1 8 1 8 1 10 12 1 1 8 1 8 1 8 1 8 1 8 1 8 1 10 12 1 10 12 1 5 0 3 3 3 3 10 12 1 10 12 1 3 10 12 1 10 100 12 1 1 1 10 12 1 1 10 12 1 1 8 1 10 7 12 1 1 1 9 12 1 1 100 1 100 1 100 1 1 1 1 3 1 1 1 3 1 3 1 1 5 0 1 1 1 1 1 1 1 1 1 100 1 1 1 1 1 1 1 1 1 1 1 1 1 1 1 1 1 1 1 1 1 1 1 1 1 1 1 1 1 1 1 1 1 1 1 1 1 1 1 1 3 1 1 1 1 1 1 1 1 1 1 1 1 1 1 1 1 100 1 1 1 1 1 1 1 1 1 1 1 1 1 1 1 1 1 1 1 1 1 1 1 1 1 1 1 1 1 1 1 1 1 1 1 1 1 1 1 1 1 1 1 1 1 1 100 1 1 1 1 1 1 1 1 1 100 1 100 1 1
staticfield java/lang/Integer TYPE Ljava/lang/Class; java/lang/Class
staticfield java/lang/Integer digits [C 36
staticfield java/lang/Integer DigitTens [B 100
staticfield java/lang/Integer DigitOnes [B 100
ciInstanceKlass java/lang/Long 1 1 524 7 1 100 1 7 1 7 1 10 12 1 1 9 12 1 1 9 7 12 1 1 1 10 100 12 1 1 1 10 12 1 1 10 100 12 1 1 1 10 10 12 10 12 1 10 12 1 10 12 1 5 0 5 0 7 1 10 12 1 1 10 12 1 1 10 12 1 10 12 1 10 12 1 10 12 1 1 10 100 12 1 1 10 12 1 10 12 1 1 10 12 1 1 10 12 1 1 10 12 1 1 10 7 12 1 1 1 10 12 1 1 10 12 1 10 12 1 10 12 1 10 12 1 1 10 10 12 1 5 0 5 0 9 12 1 1 9 12 1 5 0 100 1 8 1 10 12 1 8 1 10 12 1 8 1 8 1 10 12 1 1 5 0 10 12 1 1 5 0 10 12 1 1 10 12 1 1 10 7 12 1 1 1 11 7 1 10 12 1 1 11 10 12 1 1 8 1 10 12 1 1 8 1 100 1 10 12 1 1 10 12 1 8 1 8 1 11 12 1 1 10 12 1 10 12 1 10 12 1 5 0 5 0 9 7 12 1 1 1 10 12 1 10 12 1 1 8 1 8 1 10 12 1 1 8 1 8 1 8 1 8 1 8 1 8 1 10 12 1 10 7 1 9 12 1 1 10 12 1 10 12 1 1 10 12 1 1 10 100 12 1 1 1 100 1 100 1 10 12 1 1 10 12 1 1 5 0 10 12 1 10 12 1 5 0 5 0 5 0 10 12 1 1 10 12 1 5 0 5 0 10 12 1 10 12 1 10 100 12 1 1 1 10 12 1 1 10 12 1 1 8 1 10 7 12 1 1 1 9 12 1 1 100 1 100 1 100 1 1 1 1 5 0 1 1 1 1 3 1 3 1 5 0 1 1 1 1 1 1 1 1 1 100 1 1 1 1 1 1 1 1 1 1 1 1 1 1 1 1 1 1 1 1 1 1 1 1 1 1 1 1 1 1 1 1 1 1 1 1 1 1 1 1 1 1 1 1 1 1 1 1 1 1 1 1 1 1 1 3 1 1 1 1 1 1 1 1 1 1 1 1 1 1 1 100 1 1 1 1 1 1 1 1 1 1 1 1 1 1 1 1 1 1 1 1 1 1 1 1 1 1 1 1 1 1 1 1 1 1 1 1 1 1 1 1 1 1 1 100 1 1 1 1 1 1 1 1 1 100 1 100 1 1
staticfield java/lang/Long TYPE Ljava/lang/Class; java/lang/Class
ciInstanceKlass java/util/Iterator 1 1 53 100 1 8 1 10 12 1 1 10 7 12 1 1 1 11 7 12 1 1 1 11 12 1 1 11 7 12 1 1 1 100 1 1 1 1 1 1 1 1 1 1 1 1 1 1 1 1 1 1 1 1 1
ciInstanceKlass java/lang/reflect/RecordComponent 1 1 196 10 100 12 1 1 1 9 7 12 1 1 1 9 12 1 1 9 12 1 10 12 1 1 10 12 1 1 10 100 12 1 1 1 10 12 1 1 9 12 1 1 10 12 1 1 10 12 1 1 10 12 1 10 100 12 1 1 10 100 12 1 1 9 12 1 1 10 100 12 1 1 1 11 100 12 1 1 1 10 9 100 12 1 1 1 10 100 12 1 1 1 9 12 1 1 10 100 12 1 1 1 10 12 1 1 11 100 12 1 1 10 100 12 1 1 100 1 9 12 1 9 12 1 1 9 12 1 10 100 12 1 1 1 10 12 1 1 10 12 1 1 100 1 10 10 12 1 10 12 1 1 8 1 10 12 1 10 12 1 9 12 1 100 1 1 1 1 1 1 1 1 1 1 1 1 1 1 1 1 1 1 1 1 1 1 100 1 1 1 1 1 1 100 1 1
ciInstanceKlass jdk/internal/vm/vector/VectorSupport 0 0 573 100 1 10 100 12 1 1 1 9 12 1 1 10 12 1 1 100 1 10 12 1 11 100 12 1 1 1 11 100 12 1 1 1 11 100 12 1 1 11 100 12 1 1 11 100 12 1 1 1 11 100 12 1 1 11 100 12 1 1 11 100 12 1 1 11 100 12 1 1 11 100 12 1 1 11 100 12 1 1 11 100 12 1 1 1 11 100 12 1 1 11 100 12 1 1 1 11 100 12 1 1 1 11 100 12 1 1 11 100 12 1 1 1 11 100 12 1 1 100 1 10 12 1 1 11 100 12 1 1 11 100 12 1 1 11 100 12 1 1 11 100 12 1 1 11 100 12 1 1 11 100 12 1 1 9 12 1 1 10 100 12 1 1 11 100 12 1 1 10 12 1 1 10 100 12 1 1 1 10 12 1 10 12 1 1 10 12 1 1 1 1 1 3 1 3 1 3 1 3 1 3 1 3 1 3 1 3 1 3 1 3 1 3 1 3 1 3 1 3 1 3 1 3 1 3 1 3 1 3 1 3 1 3 1 3 1 3 1 3 1 3 1 3 1 3 1 3 1 3 1 3 1 3 1 3 1 3 1 3 1 3 1 3 1 3 1 3 1 3 1 3 1 3 1 3 1 3 1 3 1 3 1 3 1 3 1 3 1 3 1 3 1 3 1 3 1 3 1 1 1 1 1 1 1 1 1 1 1 1 1 1 1 1 1 1 1 1 1 1 1 1 1 1 1 1 1 1 1 1 1 1 1 1 1 1 1 1 1 1 1 1 1 1 1 1 1 1 1 1 1 1 1 1 1 1 1 1 1 1 1 1 1 1 1 1 1 1 1 1 1 1 1 1 1 1 1 1 1 1 1 1 1 1 1 1 1 1 1 1 1 1 1 1 1 1 1 1 1 1 1 1 1 1 1 1 1 1 1 1 1 1 1 1 1 1 1 1 1 1 1 1 1 1 1 1 1 1 1 1 1 1 1 1 1 1 1 1 1 1 1 1 1 1 1 1 1 1 1 1 1 1 1 1 1 1 1 1 1 1 1 1 1 1 1 1 1 1 1 1 1 1 1 1 1 1 1 1 1 1 1 1 1 1 1 1 1 1 1 1 1 1 1 1 1 1 1 1 1 1 1 1 1 1 1 1 1 1 1 1 1 1 1 1 1 1 1 1 1 1 1 1 1 1 1 1 1 1 1 1 1 1 1 100 1 100 1 100 1 100 1 100 1 1 1 1 1 1 1 1 1 1 1 1 1 1 1 1 1 1 1 1 1 1 1 1 1 1 1 1 1 1 1
instanceKlass jdk/internal/vm/vector/VectorSupport$VectorShuffle
instanceKlass jdk/internal/vm/vector/VectorSupport$VectorMask
instanceKlass jdk/internal/vm/vector/VectorSupport$Vector
ciInstanceKlass jdk/internal/vm/vector/VectorSupport$VectorPayload 0 0 32 10 100 12 1 1 1 9 100 12 1 1 1 10 100 12 1 1 1 1 1 1 1 1 1 1 1 1 1 1 1 1
ciInstanceKlass jdk/internal/vm/vector/VectorSupport$Vector 0 0 28 10 100 12 1 1 1 100 1 1 1 1 1 1 1 1 1 1 1 1 1 1 1 100 1 1 1 1
ciInstanceKlass jdk/internal/vm/vector/VectorSupport$VectorMask 0 0 28 10 100 12 1 1 1 100 1 1 1 1 1 1 1 1 1 1 1 1 1 1 1 100 1 1 1 1
ciInstanceKlass jdk/internal/vm/vector/VectorSupport$VectorShuffle 0 0 28 10 100 12 1 1 1 100 1 1 1 1 1 1 1 1 1 1 1 1 1 1 1 100 1 1 1 1
ciInstanceKlass jdk/internal/vm/FillerObject 0 0 16 10 100 12 1 1 1 100 1 1 1 1 1 1 1 1
ciInstanceKlass java/lang/NullPointerException 1 1 52 10 7 12 1 1 1 10 12 1 9 7 12 1 1 1 10 12 1 1 9 12 1 1 10 12 1 1 10 12 1 1 1 1 5 0 1 1 1 1 1 1 1 1 100 1 100 1 100 1 1 1
ciInstanceKlass java/lang/ArithmeticException 1 1 26 10 100 12 1 1 1 10 12 1 100 1 1 1 1 5 0 1 1 1 1 1 1 1 1 1
ciInstanceKlass java/lang/StringLatin1 1 1 392 7 1 10 100 12 1 1 1 10 12 1 1 10 7 12 1 1 1 10 7 12 1 1 1 10 12 1 10 7 12 1 1 1 10 12 1 1 10 7 12 1 1 1 10 7 12 1 1 1 10 12 1 1 10 12 1 1 10 10 12 1 10 12 1 10 9 7 12 1 1 1 10 12 1 1 10 7 12 1 1 1 10 12 10 12 1 1 10 12 1 1 10 12 1 10 12 1 1 10 12 1 1 10 7 12 1 1 1 10 12 1 10 12 1 1 9 12 1 1 100 1 10 10 12 1 1 10 7 12 1 1 1 10 12 1 10 12 1 100 1 100 1 8 1 10 12 1 8 1 10 12 1 1 100 1 10 10 12 10 7 12 1 1 1 8 1 8 1 8 1 10 12 1 1 10 100 12 1 1 10 12 1 10 12 1 1 10 12 1 1 10 12 1 1 10 12 1 10 12 10 12 10 12 1 10 12 10 10 12 1 10 12 1 10 12 1 10 7 12 1 1 1 10 7 12 1 1 1 10 12 1 1 10 12 1 1 10 10 7 12 1 1 1 1 1 1 1 1 1 1 1 1 1 1 1 1 1 1 1 1 1 1 1 1 1 1 1 1 1 1 1 1 1 1 1 1 1 1 1 1 1 1 1 1 1 1 1 1 1 1 1 1 100 1 1 1 1 1 1 1 1 1 1 1 1 1 1 1 1 1 1 1 1 1 1 1 1 1 1 1 1 1 1 1 1 1 1 1 1 1 1 1 1 1 1 100 1 1 1 1 1 1 1 1 1 1 1 1 1 1 1 1 1 1 1 1 1 1 1 100 1 1 1 1 1 1 1 1 1 1 1 1 1 1 1 1 1 1 1 1 1 1 1 1 1 1 100 1 1 1 1
staticfield java/lang/StringLatin1 $assertionsDisabled Z 1
ciInstanceKlass java/lang/Math 1 1 460 7 1 10 100 12 1 1 1 10 7 12 1 1 1 10 12 1 10 12 1 10 12 1 10 12 1 10 12 1 6 0 6 0 10 12 1 10 12 1 10 12 1 10 12 1 10 12 1 10 12 1 1 10 12 1 10 12 1 10 12 1 10 12 1 10 12 1 10 7 12 1 1 1 100 1 3 3 3 10 7 12 1 1 1 100 1 5 0 5 0 5 0 5 0 5 0 9 100 12 1 1 1 10 100 12 1 1 1 100 1 8 1 10 12 1 8 1 10 12 1 1 10 12 1 1 100 1 5 0 5 0 100 1 3 5 0 3 5 0 10 12 1 10 12 1 10 12 1 10 12 1 10 12 1 8 1 10 12 1 8 1 10 12 1 1 10 12 1 1 9 12 1 1 9 12 1 100 1 100 1 10 10 12 1 1 8 1 10 12 1 10 12 1 1 10 10 12 1 10 12 1 10 12 1 10 12 1 1 8 1 8 1 10 12 1 1 10 12 1 10 12 10 12 10 12 1 10 12 1 10 12 1 10 12 1 10 12 6 0 10 12 1 9 12 1 1 100 1 10 10 12 1 100 1 10 12 1 10 12 1 1 10 12 1 10 12 1 10 12 10 12 1 1 10 12 1 1 10 12 1 1 10 12 6 0 10 12 1 1 10 12 10 12 1 4 10 12 1 10 12 1 10 12 10 12 1 10 12 1 10 12 1 10 12 1 10 12 1 10 12 1 5 0 6 0 4 6 0 4 6 0 4 10 12 1 9 12 1 1 10 12 9 12 1 10 7 12 1 1 1 4 6 0 1 1 6 0 1 6 0 1 6 0 1 1 1 1 1 1 1 1 1 1 1 1 1 1 1 1 1 1 1 1 1 1 1 1 1 1 1 1 1 1 1 1 1 1 1 1 1 1 1 1 1 1 1 1 1 1 1 1 1 1 1 1 1 1 1 1 1 1 1 1 1 1 1 1 1 1 1 1 1 1 1 1 1 1 1 1 1 1 1 1 1 1 1 1 1 1 1 1 1 1 1 1 1 1 1 1
staticfield java/lang/Math negativeZeroFloatBits J -2147483648
staticfield java/lang/Math negativeZeroDoubleBits J -9223372036854775808
staticfield java/lang/Math $assertionsDisabled Z 1
instanceKlass com/fasterxml/jackson/databind/deser/impl/PropertyBasedCreator$CaseInsensitiveMap
instanceKlass sun/net/www/http/KeepAliveCache
instanceKlass com/thoughtworks/xstream/core/util/OrderRetainingMap
instanceKlass com/sun/jna/win32/W32APIOptions$2
instanceKlass com/sun/jna/win32/W32APIOptions$1
instanceKlass javax/swing/UIDefaults$TextAndMnemonicHashMap
instanceKlass java/lang/ProcessEnvironment
instanceKlass java/util/LinkedHashMap
ciInstanceKlass java/util/HashMap 1 1 629 10 7 12 1 1 1 100 1 10 12 1 1 100 1 10 7 12 1 1 1 100 1 11 12 1 1 11 12 1 11 12 1 1 10 7 12 1 1 1 7 1 3 10 7 12 1 1 1 100 1 100 1 10 8 1 10 12 1 1 10 12 1 10 12 1 1 10 12 1 10 7 12 1 1 1 8 1 10 12 1 9 12 1 1 10 12 1 9 12 1 1 4 10 12 1 10 12 1 1 11 7 12 1 1 9 12 1 1 10 7 12 1 1 1 6 0 10 12 1 1 11 12 1 1 11 7 12 1 1 1 11 7 12 1 1 1 11 12 1 1 7 1 11 12 1 11 12 1 10 12 1 10 12 1 1 9 12 10 12 1 1 9 7 12 1 1 1 9 12 9 12 1 10 12 1 1 9 12 1 7 1 10 12 1 1 10 12 1 1 10 12 1 1 10 12 1 1 10 12 1 1 9 12 1 10 12 1 1 3 4 10 12 1 1 10 12 1 1 9 12 1 1 9 10 12 1 1 10 12 1 1 10 12 1 1 10 12 1 9 12 1 1 7 1 10 12 1 10 12 1 10 7 12 1 1 1 7 1 9 12 1 1 7 1 10 9 12 7 1 10 100 1 10 11 7 12 1 1 1 100 1 10 11 100 12 1 1 11 100 12 1 1 1 10 12 1 100 1 100 1 10 12 1 10 12 1 10 12 1 10 7 12 1 1 10 12 1 1 10 12 1 1 10 7 12 1 1 1 8 10 7 12 1 1 1 100 1 10 4 4 10 12 1 1 10 7 12 1 1 1 10 12 1 8 1 6 0 10 7 12 1 1 1 7 1 11 7 12 1 1 1 10 12 1 10 12 1 10 10 12 1 1 6 0 8 1 10 12 1 10 12 100 1 100 1 1 1 1 5 0 1 3 1 1 1 3 1 3 1 3 1 1 1 1 1 1 1 1 1 1 1 1 1 1 1 1 1 1 1 1 1 1 100 1 1 1 1 1 1 1 1 1 1 1 1 1 1 1 1 1 1 1 1 1 1 1 1 1 1 1 1 1 1 1 1 1 100 1 1 1 1 1 1 1 1 1 1 1 1 1 1 1 1 1 1 1 1 1 1 1 1 1 1 1 1 1 1 1 1 1 1 1 1 1 1 1 1 1 1 1 1 1 1 1 1 1 1 1 100 1 1 1 1 1 1 1 1 1 1 1 1 1 1 1 1 1 1 1 1 1 1 1 1 1 1 1 1 1 1 1 1 1 1 1 1 1 1 1 1 1 1 1 1 1 1 1 1 7 1 1 1 1 1 1 1 1 7 1 1 1 1 1 1 1 1 1 1 1 1 1 1 1 1 1 1 100 1 100 1 100 1 100 1 100 1 100 1 100 1 100 1 1 1 1 1 1 1 1 1 1 1 1 1 1 1 1 1 1
ciInstanceKlass jdk/internal/util/ArraysSupport 1 1 378 7 1 100 1 8 1 10 12 1 1 10 12 1 1 10 100 12 1 1 9 7 12 1 1 1 9 12 1 1 10 7 12 1 1 1 9 12 1 1 10 7 12 1 1 1 9 12 1 10 12 9 12 1 10 12 1 1 10 12 7 1 10 12 1 1 10 12 1 100 1 10 12 1 1 10 12 100 1 10 12 1 100 1 10 12 1 100 1 100 1 10 8 1 10 12 1 1 10 12 1 10 12 1 1 10 9 12 1 1 11 7 12 1 1 1 9 12 1 9 12 1 10 12 1 1 9 12 1 9 12 1 9 12 1 9 12 1 9 12 1 9 12 1 9 12 1 10 12 1 1 10 100 12 1 1 1 9 12 1 9 12 1 10 12 1 1 10 12 1 9 12 1 10 12 1 10 100 12 1 1 1 9 12 1 9 12 1 10 12 1 10 12 1 10 7 12 1 1 1 3 10 12 1 100 1 8 1 8 1 8 1 10 10 100 12 1 1 1 11 100 12 1 1 1 10 12 1 10 100 12 1 1 1 10 12 1 1 10 12 1 1 9 12 1 10 12 1 9 12 1 9 12 1 9 12 1 9 12 1 9 12 1 9 12 1 9 12 1 100 1 10 7 12 1 1 1 1 1 3 1 3 1 3 1 3 1 3 1 3 1 3 1 3 1 1 1 1 1 1 1 1 1 1 1 1 1 1 1 1 1 1 1 1 1 1 1 1 1 1 1 1 1 1 1 1 1 1 1 1 1 1 1 1 1 1 1 1 1 1 1 1 1 1 1 1 1 1 1 1 1 1 1 1 1 1 1 1 1 1 1 1 1 1 1 1 1 1 1 1 1 1 1 100 1 1 1 1
staticfield jdk/internal/util/ArraysSupport U Ljdk/internal/misc/Unsafe; jdk/internal/misc/Unsafe
staticfield jdk/internal/util/ArraysSupport BIG_ENDIAN Z 0
staticfield jdk/internal/util/ArraysSupport LOG2_ARRAY_BOOLEAN_INDEX_SCALE I 0
staticfield jdk/internal/util/ArraysSupport LOG2_ARRAY_BYTE_INDEX_SCALE I 0
staticfield jdk/internal/util/ArraysSupport LOG2_ARRAY_CHAR_INDEX_SCALE I 1
staticfield jdk/internal/util/ArraysSupport LOG2_ARRAY_SHORT_INDEX_SCALE I 1
staticfield jdk/internal/util/ArraysSupport LOG2_ARRAY_INT_INDEX_SCALE I 2
staticfield jdk/internal/util/ArraysSupport LOG2_ARRAY_LONG_INDEX_SCALE I 3
staticfield jdk/internal/util/ArraysSupport LOG2_ARRAY_FLOAT_INDEX_SCALE I 2
staticfield jdk/internal/util/ArraysSupport LOG2_ARRAY_DOUBLE_INDEX_SCALE I 3
staticfield jdk/internal/util/ArraysSupport LOG2_BYTE_BIT_SIZE I 3
staticfield jdk/internal/util/ArraysSupport JLA Ljdk/internal/access/JavaLangAccess; java/lang/System$2
ciInstanceKlass java/util/Map$Entry 1 1 178 18 12 1 1 100 1 100 1 18 10 100 12 1 1 1 18 12 1 18 100 1 11 100 12 1 1 1 11 12 1 11 100 12 1 1 1 10 100 12 1 1 1 10 100 12 1 1 1 8 1 10 12 1 1 8 1 8 1 8 1 10 12 1 10 12 1 8 10 100 1 10 12 1 8 10 12 1 8 1 10 12 1 8 10 12 1 8 1 10 12 1 1 8 1 100 1 8 1 10 12 1 1 11 12 100 1 11 12 1 1 1 1 1 1 1 1 1 1 1 1 1 1 1 1 1 1 1 1 1 1 1 1 1 1 1 1 1 1 1 1 1 1 1 1 1 1 1 16 15 11 12 16 3 3 15 11 12 15 11 12 15 11 12 15 10 100 12 1 1 1 1 1 100 1 100 1 1
instanceKlass java/util/LinkedHashMap$Entry
ciInstanceKlass java/util/HashMap$Node 1 1 95 10 7 12 1 1 1 9 7 12 1 1 1 9 12 1 1 9 12 1 9 12 1 1 100 1 10 10 12 1 1 8 1 10 12 1 10 12 1 1 10 7 12 1 1 1 100 1 11 12 1 1 10 12 1 1 11 12 1 1 1 1 1 1 1 1 1 1 1 1 1 1 1 1 1 1 1 1 1 1 1 1 1 1 1 1 1 1 100 1 1 1 100 1 1
instanceKlass java/util/HashMap$TreeNode
ciInstanceKlass java/util/LinkedHashMap$Entry 1 1 41 10 7 12 1 1 1 100 1 1 1 1 1 1 1 1 1 1 1 1 1 1 1 1 1 1 1 1 1 1 1 1 1 1 100 1 1 100 1 1 1
ciInstanceKlass java/util/HashMap$TreeNode 0 0 250 100 1 10 100 12 1 1 1 9 100 12 1 1 1 9 12 1 1 9 12 1 9 12 1 1 9 12 1 1 10 12 1 1 100 1 10 12 1 9 12 1 9 12 1 9 12 1 1 10 100 12 1 1 1 10 12 1 1 10 12 1 1 10 12 1 1 10 12 1 1 10 12 1 1 10 100 12 1 1 1 10 100 12 1 1 1 10 100 12 1 1 1 9 12 1 10 12 1 1 10 12 1 1 10 12 1 1 10 12 1 1 9 100 1 10 12 1 1 10 12 1 1 10 12 1 10 12 1 1 10 12 1 10 12 1 10 12 1 1 1 1 1 1 1 1 1 1 1 1 1 1 1 1 1 1 1 1 1 1 1 1 1 1 100 1 1 1 1 1 1 1 1 1 1 1 1 1 1 1 1 1 1 1 1 1 1 1 1 1 1 1 1 1 1 1 1 1 1 1 1 1 1 1 1 1 1 1 1 1 1 1 1 1 1 1 1 1 1 1 1 1 1 1 1 1 1 1 1 1 1 1 1 1 1 1 1 1 1 1 1 1 1 1 1 100 1 1 1 1
ciInstanceKlass java/lang/StringConcatHelper 1 1 313 7 1 10 7 12 1 1 1 10 100 12 1 1 1 7 1 5 0 100 1 8 1 10 12 1 10 12 1 1 10 12 1 1 10 7 12 1 1 1 10 7 12 1 1 10 12 1 1 10 12 1 11 100 12 1 1 10 7 12 1 1 1 10 12 1 1 10 12 1 10 12 1 10 12 1 1 10 10 12 1 10 12 1 10 10 12 1 10 12 1 1 11 12 1 100 1 100 1 100 1 8 1 10 12 1 10 12 1 10 12 1 100 1 100 1 10 8 1 10 12 1 1 10 12 1 8 1 10 12 1 1 10 10 12 1 1 10 12 1 1 10 10 12 1 1 10 12 1 10 12 1 1 10 12 1 1 10 8 1 9 12 1 1 9 7 12 1 1 1 10 7 12 1 1 1 7 1 9 12 1 1 10 12 1 1 9 100 12 1 1 1 9 12 1 9 12 1 9 12 1 10 7 12 1 1 1 10 7 12 1 1 1 100 1 100 1 10 12 1 10 12 1 1 1 1 1 5 0 1 1 1 1 1 1 1 1 1 1 1 1 1 1 1 1 1 1 1 1 1 1 1 1 1 1 1 1 1 1 1 1 1 1 1 1 1 1 1 1 1 1 1 1 1 1 1 1 1 1 1 1 1 1 1 1 1 1 1 1 100 1 1 1 1 1 1 1 1 1 100 1 1 1 1 1 1 1 1 100 1 100 1 1
staticfield java/lang/StringConcatHelper UNSAFE Ljdk/internal/misc/Unsafe; jdk/internal/misc/Unsafe
ciInstanceKlass java/util/Arrays 1 1 1029 10 7 12 1 1 1 10 7 12 1 1 1 10 7 12 1 1 1 10 12 1 10 12 1 10 12 1 10 12 1 10 12 1 10 12 1 10 100 12 1 1 1 100 1 7 1 10 8 1 10 12 1 1 10 12 1 8 1 8 1 10 12 1 1 10 12 1 100 1 10 12 1 9 100 12 1 1 1 10 7 12 1 1 100 1 10 12 1 1 10 7 12 1 1 10 7 12 1 1 1 100 1 10 12 1 10 12 1 1 7 1 9 7 12 1 1 1 10 12 1 1 10 7 12 1 1 10 12 1 10 12 1 1 10 12 1 10 12 1 1 7 1 11 12 1 1 10 12 1 10 7 12 1 1 1 10 12 10 12 1 10 12 1 10 12 10 12 1 11 7 12 1 1 1 10 7 12 1 1 1 100 1 10 12 1 10 100 1 10 12 1 10 100 1 10 12 1 10 100 1 10 12 1 10 10 12 1 1 10 12 1 10 12 1 10 12 1 10 12 1 10 12 1 10 100 12 1 1 1 10 12 1 10 100 12 1 1 1 10 12 1 10 12 1 10 7 12 1 1 1 10 12 1 10 12 1 10 12 1 10 12 1 10 12 1 10 12 1 10 12 1 10 12 1 10 12 1 10 12 1 10 12 1 10 12 1 10 12 1 10 12 1 10 12 1 10 12 1 1 10 12 1 1 10 7 12 1 1 1 10 7 1 10 100 1 10 7 1 10 7 1 10 7 1 10 100 1 10 100 1 10 100 1 10 12 1 8 1 10 12 1 1 10 12 1 1 10 12 1 1 10 12 1 1 10 12 1 1 10 12 1 1 10 12 1 1 10 12 1 1 10 12 1 1 7 1 10 12 10 12 1 1 10 12 1 10 12 1 1 10 12 1 1 9 100 12 1 1 1 10 12 1 9 100 1 10 12 1 9 100 1 10 12 1 9 100 1 10 12 1 9 100 1 10 12 1 9 100 1 10 12 1 9 10 12 1 10 12 1 10 12 1 9 12 1 100 1 10 10 12 1 1 10 12 1 10 12 1 10 12 1 10 12 1 10 12 1 10 12 1 10 12 1 10 12 1 10 12 1 8 1 8 1 10 12 1 10 12 1 8 1 10 12 1 10 12 1 10 12 1 10 7 12 1 1 1 3 10 100 1 10 10 12 1 1 11 100 12 1 1 10 12 1 1 10 12 1 10 12 1 10 12 1 10 12 1 10 12 1 10 12 1 10 12 1 10 12 1 11 12 1 8 1 10 11 12 1 11 100 12 1 1 1 11 100 12 1 1 1 11 12 1 1 18 12 1 1 11 12 1 1 11 100 12 1 1 1 18 12 1 11 100 12 1 1 1 18 12 1 11 100 12 1 1 1 18 12 1 100 1 10 7 12 1 1 1 10 12 1 10 12 1 10 12 1 10 12 1 10 12 1 10 12 1 10 12 1 10 12 1 1 10 12 1 10 7 12 1 1 10 12 1 10 12 1 10 12 1 1 10 12 1 10 12 1 10 12 1 1 10 12 1 10 12 1 10 12 1 1 10 12 1 10 12 1 10 12 1 10 12 1 10 12 10 12 1 10 12 10 12 10 12 1 10 12 10 12 1 10 12 1 10 12 1 1 1 1 3 1 3 1 1 1 1 1 1 1 1 1 1 1 1 1 1 1 1 1 1 1 1 1 1 1 1 1 1 1 1 1 1 1 1 1 1 1 1 1 1 1 1 1 1 1 1 1 1 1 1 1 1 1 1 1 1 1 1 1 1 1 1 1 1 1 1 1 1 1 1 1 1 1 1 1 1 1 1 1 1 1 1 1 1 1 1 1 1 1 1 1 1 1 1 1 1 1 1 1 1 1 1 1 1 1 1 1 1 1 1 1 1 1 1 1 1 1 1 1 1 1 1 1 1 1 1 1 1 1 1 1 1 1 1 1 1 1 1 1 1 1 1 1 1 1 1 1 1 1 1 1 1 1 1 1 1 1 1 1 1 1 1 1 1 1 1 1 1 1 1 1 1 1 1 1 1 1 1 1 1 1 1 1 1 1 1 1 1 1 1 1 1 1 1 1 1 1 1 1 1 1 1 1 1 1 1 1 1 1 1 1 1 1 1 1 1 1 1 1 1 1 1 1 1 1 1 1 1 1 1 1 1 1 1 1 1 1 1 1 1 1 1 1 1 1 1 1 1 1 1 1 1 1 1 1 1 100 1 1 16 15 10 12 15 10 12 15 10 12 15 10 12 15 10 100 12 1 1 1 1 1 100 1 100 1 1 1 1 100 1 1 1 1 1 1 100 1 1 100 1 1 100 1 1 1 100 1 100 1 1
staticfield java/util/Arrays $assertionsDisabled Z 1
ciInstanceKlass java/lang/StringUTF16 1 1 604 7 1 7 1 10 100 12 1 1 1 100 1 10 7 1 3 100 1 100 1 10 8 1 10 12 1 1 10 12 1 8 1 10 12 1 1 10 12 1 9 12 1 1 10 12 1 1 100 1 8 1 10 12 1 9 12 1 1 9 12 1 10 10 12 1 1 10 12 1 1 10 7 12 1 1 1 10 12 1 10 12 1 1 10 12 1 1 10 12 1 1 10 12 1 1 10 12 1 10 12 1 1 10 12 1 1 10 12 1 1 10 12 1 1 10 12 1 10 12 1 10 12 1 1 10 12 1 100 1 10 12 1 10 10 12 1 1 10 12 1 10 12 1 1 10 12 1 10 100 12 1 1 1 10 7 12 1 1 1 10 12 10 12 1 1 10 12 1 10 12 1 1 10 12 1 1 10 12 1 10 12 1 10 12 1 7 1 10 12 1 1 10 12 1 3 10 12 1 1 10 12 1 10 12 1 10 12 1 10 12 1 10 12 1 10 12 1 1 9 12 1 10 12 1 10 12 1 10 12 1 10 12 1 10 12 1 10 10 12 10 12 10 10 12 1 1 10 7 12 1 1 1 10 12 1 10 12 1 100 1 8 1 8 1 10 12 1 1 100 1 10 10 7 12 1 1 1 10 7 12 1 1 8 1 8 1 8 1 10 12 1 1 10 12 1 1 10 12 10 12 1 10 7 12 1 1 10 12 1 1 10 12 1 1 10 12 1 10 12 10 12 10 12 1 10 12 10 12 1 10 12 1 10 12 1 10 12 1 10 12 1 10 100 12 1 1 1 10 100 12 1 1 1 10 12 1 1 10 12 1 1 11 7 12 1 1 10 12 1 10 12 1 10 12 1 1 9 12 1 1 9 12 1 5 0 5 0 10 12 1 10 12 10 12 10 7 12 1 1 1 10 12 1 1 1 1 1 1 1 1 1 1 1 1 1 1 1 1 1 1 1 1 1 1 1 1 1 1 1 1 1 1 1 100 1 1 1 1 1 1 1 1 1 1 1 1 1 1 1 1 1 1 1 1 1 1 1 1 1 1 1 1 1 1 1 1 1 1 1 1 1 1 1 1 1 1 1 1 1 1 1 1 1 1 1 1 1 1 1 1 1 1 1 1 1 1 1 1 1 1 1 1 1 1 1 1 1 1 1 1 1 1 1 1 1 100 1 1 1 1 1 1 1 1 1 1 1 1 1 1 1 1 1 100 1 1 1 1 1 1 1 1 1 1 1 1 1 1 1 1 1 1 1 1 1 1 1 1 1 1 1 1 1 1 1 1 1 1 1 1 1 1 1 1 1 1 1 1 1 1 1 1 1 1 1 1 1 1 1 1 1 1 1 1 1 100 1 100 1 1 1 1 1
staticfield java/lang/StringUTF16 HI_BYTE_SHIFT I 0
staticfield java/lang/StringUTF16 LO_BYTE_SHIFT I 8
staticfield java/lang/StringUTF16 $assertionsDisabled Z 1
instanceKlass com/teamdev/jxbrowser/deps/com/google/protobuf/Utf8$UnpairedSurrogateException
instanceKlass org/joda/time/IllegalFieldValueException
instanceKlass org/joda/time/IllegalInstantException
instanceKlass java/security/InvalidParameterException
instanceKlass java/util/regex/PatternSyntaxException
instanceKlass java/nio/file/InvalidPathException
instanceKlass java/nio/charset/UnsupportedCharsetException
instanceKlass java/nio/charset/IllegalCharsetNameException
instanceKlass org/jdom/IllegalDataException
instanceKlass org/jdom/IllegalNameException
instanceKlass org/jdom/IllegalAddException
instanceKlass java/util/IllegalFormatException
instanceKlass java/nio/file/ProviderMismatchException
instanceKlass java/lang/NumberFormatException
ciInstanceKlass java/lang/IllegalArgumentException 1 1 35 10 7 12 1 1 1 10 12 1 10 12 1 10 12 1 100 1 1 1 1 5 0 1 1 1 1 1 1 1 1 1 1 1 1
ciInstanceKlass java/lang/PublicMethods$Key 1 1 91 10 7 12 1 1 1 10 7 12 1 1 1 9 7 12 1 1 1 9 12 1 1 10 7 12 1 1 1 9 12 1 1 10 7 12 1 1 1 10 7 12 1 1 10 7 12 1 1 1 10 12 1 1 7 1 10 10 7 12 1 1 1 1 1 1 1 1 1 1 1 1 1 1 1 1 1 1 1 1 1 1 1 1 1 1 100 1 1 1 1
staticfield java/lang/PublicMethods$Key reflectionFactory Ljdk/internal/reflect/ReflectionFactory; jdk/internal/reflect/ReflectionFactory
ciInstanceKlass java/util/Arrays$ArrayList 1 1 149 10 7 12 1 1 1 10 7 12 1 1 1 7 1 9 7 12 1 1 10 7 12 1 1 1 10 12 1 1 10 7 12 1 1 1 10 7 12 1 1 1 10 12 1 1 10 12 1 1 100 1 10 100 12 1 1 1 11 100 12 1 1 1 11 100 12 1 1 10 12 1 1 7 1 10 12 1 100 1 100 1 1 1 1 5 0 1 1 1 1 1 1 1 1 1 1 1 1 1 1 1 1 1 1 1 1 1 1 1 1 1 1 1 1 1 1 1 1 1 1 1 1 1 1 1 1 1 1 1 1 1 1 1 1 1 1 1 1 1 1 1 1 1 1 1 1 1 1
ciInstanceKlass java/lang/ProcessEnvironment 1 1 292 10 7 12 1 1 1 10 12 1 100 1 7 1 10 12 1 1 8 1 10 12 1 1 8 1 10 12 1 1 10 12 1 8 1 100 1 10 10 7 12 1 1 1 10 12 1 10 7 12 1 1 1 10 12 1 1 10 12 1 1 10 12 1 1 10 12 1 10 12 1 100 1 10 12 1 1 10 12 1 100 1 10 12 1 1 10 12 1 7 1 10 12 1 10 10 10 12 1 9 12 1 1 11 7 1 9 12 1 9 12 1 1 10 12 1 1 10 7 1 10 10 9 12 1 1 11 7 12 1 1 1 10 12 1 1 10 8 1 11 12 1 1 11 7 12 1 1 1 11 12 1 7 1 11 12 1 11 12 1 9 12 1 1 10 7 12 1 1 1 10 12 1 1 10 12 1 1 10 12 1 10 12 1 10 12 1 10 12 1 10 12 10 12 1 10 12 10 7 1 10 10 10 7 12 1 1 1 10 12 1 10 12 1 1 7 1 10 12 11 12 1 1 1 1 1 5 0 1 1 3 1 1 1 1 1 1 1 1 1 1 1 1 1 1 1 1 1 1 1 1 1 1 1 1 1 1 1 1 1 1 1 1 1 1 1 1 1 1 1 1 1 1 1 1 1 1 1 1 1 100 1 100 1 1 1 1 1 1 1 1 1
staticfield java/lang/ProcessEnvironment nameComparator Ljava/lang/ProcessEnvironment$NameComparator; java/lang/ProcessEnvironment$NameComparator
staticfield java/lang/ProcessEnvironment entryComparator Ljava/lang/ProcessEnvironment$EntryComparator; java/lang/ProcessEnvironment$EntryComparator
staticfield java/lang/ProcessEnvironment theEnvironment Ljava/lang/ProcessEnvironment; java/lang/ProcessEnvironment
staticfield java/lang/ProcessEnvironment theUnmodifiableEnvironment Ljava/util/Map; java/util/Collections$UnmodifiableMap
staticfield java/lang/ProcessEnvironment theCaseInsensitiveEnvironment Ljava/util/Map; java/util/TreeMap
ciInstanceKlass java/util/regex/Pattern 1 1 1575 7 1 10 12 1 1 9 12 1 1 9 12 1 1 10 12 1 1 7 1 10 12 1 9 12 1 1 10 12 1 10 12 1 1 10 12 1 1 10 12 1 1 7 1 10 12 10 12 1 10 12 1 1 10 12 1 11 7 12 1 1 1 11 12 1 1 10 12 1 1 11 12 1 7 1 10 12 1 10 12 1 1 10 12 1 10 12 1 1 11 7 12 1 1 1 7 1 8 1 10 12 1 1 7 1 10 8 1 10 12 1 1 10 10 7 1 3 10 12 1 10 12 1 8 1 10 12 1 10 100 12 1 1 9 12 1 9 12 1 9 12 1 9 12 1 7 1 9 12 1 1 10 12 1 9 12 1 9 12 1 10 7 1 100 1 8 1 10 12 1 1 10 12 1 100 1 8 1 10 12 1 1 10 12 1 1 10 12 1 1 10 12 1 9 12 1 100 1 10 10 7 12 1 1 1 10 12 1 1 8 1 10 12 10 12 1 10 100 12 1 1 1 10 12 1 1 9 100 12 1 1 1 10 100 12 1 1 1 10 12 1 1 10 7 12 1 1 10 12 1 100 1 10 11 100 1 10 12 1 1 8 1 18 12 1 1 11 12 1 1 10 10 12 1 1 8 1 9 12 1 10 12 1 8 1 10 12 1 10 12 10 12 1 1 10 12 1 1 10 12 1 10 12 1 10 12 1 1 10 12 1 1 100 1 8 1 10 10 10 100 12 1 1 1 10 100 12 1 1 9 12 1 9 12 1 1 10 7 12 1 1 10 12 1 100 1 8 1 10 12 1 10 12 1 10 7 12 1 1 1 10 12 1 10 12 9 12 1 9 12 1 10 12 1 10 12 1 9 12 1 7 1 9 12 1 1 9 12 1 1 10 9 12 1 1 10 12 1 1 9 7 12 1 1 10 12 1 1 9 12 1 10 12 1 8 1 8 1 8 1 7 1 10 7 12 1 1 7 1 10 7 1 7 1 9 12 1 11 12 1 1 11 7 12 1 1 11 12 1 7 1 9 12 1 7 1 10 10 12 1 1 11 7 12 1 1 10 12 1 10 12 1 10 12 1 10 12 1 10 12 1 10 12 1 100 1 10 12 1 3 10 12 1 1 10 12 1 7 1 10 10 7 12 1 10 12 1 10 12 10 12 1 1 100 1 10 12 1 1 10 12 1 10 12 1 1 10 12 1 10 12 1 10 12 1 1 10 12 1 100 1 10 100 1 10 10 100 1 10 12 1 7 1 10 7 1 10 12 1 1 10 10 12 1 10 12 1 8 1 8 1 10 12 1 10 12 1 1 10 12 1 10 12 1 1 10 7 12 1 1 1 10 12 1 100 1 10 12 1 100 1 10 10 12 1 10 12 1 10 12 1 1 7 1 10 10 7 12 1 1 10 12 1 1 9 12 1 1 11 7 12 1 1 100 1 10 10 12 1 11 7 1 10 12 1 100 1 10 10 12 1 10 12 1 10 12 1 10 12 1 10 12 1 100 1 10 100 1 10 10 12 1 8 1 10 12 1 11 12 1 8 1 8 1 10 12 1 10 12 1 10 12 1 100 1 10 8 1 7 1 10 11 12 1 1 8 1 8 1 11 12 1 8 1 10 12 1 1 10 12 1 10 12 1 10 12 1 10 12 1 10 12 1 10 12 1 10 12 1 1 10 12 1 10 12 1 1 10 12 1 1 8 1 10 12 1 1 10 12 1 10 12 1 8 1 10 12 1 10 12 1 1 10 12 1 10 12 1 8 1 8 1 9 100 12 1 1 1 10 12 1 10 12 1 8 1 8 1 8 1 8 1 8 1 8 1 10 12 1 1 10 12 1 10 12 1 1 8 1 8 1 8 1 8 1 10 12 1 1 8 1 10 12 1 10 12 1 8 1 8 1 7 1 10 12 1 8 1 10 12 1 8 1 11 10 12 1 1 100 1 10 7 1 10 7 1 9 7 12 1 1 1 10 12 1 11 12 1 8 1 8 1 10 12 1 11 12 1 1 9 7 12 1 1 1 7 1 10 10 12 1 1 9 12 1 8 1 10 12 1 1 100 1 9 12 1 9 12 1 10 12 1 100 1 10 100 1 10 7 1 10 11 11 12 1 8 1 10 12 1 8 1 8 1 10 12 1 9 12 1 9 12 1 9 12 1 7 1 9 7 1 7 1 9 12 1 9 12 1 9 12 1 9 12 1 10 12 1 9 10 12 3 11 100 1 10 7 1 10 12 1 9 9 9 12 1 8 1 10 10 9 12 1 1 10 12 1 9 12 1 10 12 1 1 7 1 10 12 1 7 1 10 12 1 10 12 1 10 12 1 1 8 1 8 1 8 1 8 1 8 1 10 12 1 10 12 1 3 8 1 8 1 8 1 8 1 10 12 1 10 12 1 10 12 10 12 1 10 12 1 1 10 12 1 8 1 10 12 1 8 1 8 1 8 1 11 100 1 10 12 1 7 1 10 100 1 10 7 1 10 100 1 10 10 9 12 1 9 12 1 10 12 1 18 12 1 1 18 12 1 18 18 18 12 1 18 12 1 18 12 18 12 18 18 12 18 18 18 12 18 12 18 12 18 3 3 18 18 12 18 18 18 12 1 1 18 100 1 10 100 1 10 100 12 1 1 1 10 100 12 1 1 1 10 12 1 1 11 12 10 7 12 1 1 10 9 12 7 1 10 100 1 1 1 3 1 3 1 3 1 3 1 3 1 3 1 3 1 3 1 3 1 3 1 1 5 0 1 1 1 1 1 1 1 1 1 1 1 1 1 1 1 1 100 1 1 1 1 1 1 1 1 1 1 1 1 1 1 1 1 1 1 1 1 1 1 1 1 1 1 1 1 1 100 1 100 1 1 1 1 1 1 1 1 1 1 1 1 1 1 1 1 1 1 1 1 1 1 1 1 1 1 1 1 1 1 1 1 1 1 1 1 1 1 1 100 1 1 1 1 1 1 1 1 1 1 1 1 1 1 1 1 1 1 1 1 1 1 1 1 1 1 1 1 1 1 1 1 1 1 1 1 1 1 1 1 1 1 1 1 1 1 1 1 1 1 1 1 1 1 1 1 1 1 1 1 1 1 1 1 1 1 1 1 1 1 1 1 1 1 1 1 1 1 1 1 1 1 1 1 1 1 1 1 1 1 1 1 1 1 1 1 1 1 1 1 1 1 1 1 1 1 1 1 1 1 1 1 1 1 1 1 1 1 1 100 1 100 1 1 16 1 15 10 12 16 16 15 10 12 15 10 12 15 10 12 15 10 12 15 10 12 15 10 12 15 10 12 15 10 12 15 10 12 15 10 12 15 10 12 15 10 12 15 10 12 15 10 12 15 10 12 15 10 12 15 10 12 15 10 12 15 10 12 15 10 12 16 15 10 12 16 15 10 12 15 10 7 12 1 1 1 1 1 1 1 1 1 1 1 1 1 1 1 1 1 1 1 1 1 1 1 1 1 1 1 1 1 1 1 1 1 1 1 1 1 1 1 1 1 1 1 1 1 1 1 1 1 1 1 1 1 1 1 1 1 1 1 1 100 1 100 1 1
staticfield java/util/regex/Pattern accept Ljava/util/regex/Pattern$Node; java/util/regex/Pattern$Node
staticfield java/util/regex/Pattern lastAccept Ljava/util/regex/Pattern$Node; java/util/regex/Pattern$LastNode
staticfield java/util/regex/Pattern $assertionsDisabled Z 1
instanceKlass java/util/regex/Pattern$Neg
instanceKlass java/util/regex/Pattern$Bound
instanceKlass java/util/regex/Pattern$GroupCurly
instanceKlass java/util/regex/Pattern$NotBehind
instanceKlass java/util/regex/Pattern$LookBehindEndNode
instanceKlass java/util/regex/Pattern$Prolog
instanceKlass java/util/regex/Pattern$Loop
instanceKlass java/util/regex/Pattern$BnM
instanceKlass java/util/regex/Pattern$Dollar
instanceKlass java/util/regex/Pattern$Curly
instanceKlass java/util/regex/Pattern$Start
instanceKlass java/util/regex/Pattern$First
instanceKlass java/util/regex/Pattern$CharPropertyGreedy
instanceKlass java/util/regex/Pattern$Branch
instanceKlass java/util/regex/Pattern$BranchConn
instanceKlass java/util/regex/Pattern$Ques
instanceKlass java/util/regex/Pattern$CharProperty
instanceKlass java/util/regex/Pattern$SliceNode
instanceKlass java/util/regex/Pattern$Begin
instanceKlass java/util/regex/Pattern$GroupTail
instanceKlass java/util/regex/Pattern$GroupHead
instanceKlass java/util/regex/Pattern$LastNode
ciInstanceKlass java/util/regex/Pattern$Node 1 1 61 10 7 12 1 1 1 9 7 12 1 1 1 9 7 12 1 1 9 7 12 1 1 1 9 12 1 1 9 12 1 10 12 1 1 9 7 12 1 1 1 1 1 1 1 1 1 1 1 1 1 1 1 1 1 1 1 1 1 1 1
ciInstanceKlass java/util/regex/Pattern$GroupHead 1 1 55 10 7 12 1 1 1 9 7 12 1 1 1 9 7 12 1 1 1 9 12 1 1 10 12 1 1 1 1 1 1 1 1 1 1 1 1 1 1 1 1 1 1 1 1 1 1 100 1 1 1 1 100 1 1
ciInstanceKlass java/util/regex/Pattern$Begin 1 1 57 10 7 12 1 1 1 9 7 12 1 1 1 9 12 1 1 9 7 12 1 1 1 10 12 1 1 9 12 1 9 12 1 1 9 12 1 1 1 1 1 1 1 1 1 1 1 1 1 1 1 1 100 1 1 1 1
instanceKlass java/util/regex/Pattern$BmpCharPropertyGreedy
ciInstanceKlass java/util/regex/Pattern$CharPropertyGreedy 1 1 118 100 1 10 7 12 1 1 1 9 7 12 1 1 1 9 7 1 9 12 1 1 9 7 12 1 1 10 7 12 1 1 1 10 12 1 1 9 12 1 1 11 100 12 1 1 1 11 7 12 1 1 1 9 12 1 1 10 12 1 1 10 12 1 10 7 12 1 1 1 9 7 12 1 1 9 12 1 9 12 1 3 9 12 1 10 12 1 1 1 1 1 1 1 1 1 1 1 1 1 1 1 1 1 1 1 1 1 1 1 1 1 1 1 1 1 1 1
instanceKlass java/util/regex/Pattern$SliceS
ciInstanceKlass java/util/regex/Pattern$Slice 1 1 63 10 7 12 1 1 1 9 7 12 1 1 1 9 7 12 1 1 1 9 12 1 1 11 7 12 1 1 1 9 12 1 1 10 7 12 1 1 1 1 1 1 1 1 1 1 1 1 1 1 1 1 1 100 1 1 1 100 1 1 1 1 1
ciInstanceKlass java/util/regex/Pattern$First 0 0 83 10 100 12 1 1 1 10 100 12 1 1 1 9 100 12 1 1 1 10 12 1 1 9 12 1 9 100 12 1 1 1 9 12 1 9 12 1 1 10 100 12 1 1 1 9 12 1 10 12 1 1 9 100 12 1 1 9 12 1 1 1 1 1 1 1 1 1 1 1 1 1 1 1 1 1 1 1 1 1 1 1 1
instanceKlass java/util/regex/Pattern$StartS
ciInstanceKlass java/util/regex/Pattern$Start 1 1 79 10 7 12 1 1 1 9 7 12 1 1 1 7 1 10 10 12 1 1 9 12 1 1 9 9 7 12 1 1 9 12 1 1 10 12 1 1 9 12 1 9 12 1 1 9 12 1 9 12 1 9 12 1 1 1 1 1 1 1 1 1 1 1 1 1 1 1 1 1 1 1 1 100 1 1 1 1 1
ciInstanceKlass java/util/regex/MatchResult 1 1 92 11 100 12 1 1 1 11 12 1 1 11 12 1 11 12 1 1 100 1 8 1 10 12 1 1 8 1 10 100 12 1 1 1 11 12 1 1 11 100 12 1 1 1 100 1 10 12 1 1 100 1 100 1 10 12 1 8 1 10 12 1 1 8 1 10 12 1 1 10 8 1 100 1 1 1 1 1 1 1 1 1 1 1 1 1 1 1 1 1 1 1
ciInstanceKlass java/util/regex/Matcher 1 1 489 10 7 12 1 1 1 7 1 9 12 1 1 9 12 1 9 12 1 9 12 1 9 12 1 9 12 1 1 9 12 1 9 12 1 1 9 12 1 1 9 7 12 1 1 10 7 12 1 1 1 9 12 1 1 9 12 1 9 12 1 9 12 1 7 1 9 12 1 1 10 12 1 1 10 12 1 1 10 12 1 1 10 12 1 11 7 12 1 1 1 11 12 1 1 100 1 10 12 1 10 100 12 1 1 10 12 1 1 10 12 1 11 12 1 10 12 1 100 1 8 1 10 12 1 9 12 1 9 12 1 10 12 1 9 12 1 10 12 1 9 12 1 10 12 1 10 12 1 1 10 12 1 1 10 12 1 1 10 12 1 10 12 1 1 10 12 1 1 100 1 8 1 10 10 7 12 1 1 1 7 1 10 10 10 12 1 1 10 12 1 1 10 10 100 1 10 12 1 10 12 1 1 10 12 1 10 10 12 1 10 8 1 11 7 12 1 1 8 1 10 100 12 1 1 10 12 1 10 12 1 8 1 8 1 10 12 1 1 8 1 10 12 1 8 1 11 7 12 1 1 1 7 1 8 1 8 1 10 12 1 8 1 10 12 1 10 12 1 11 12 1 100 1 100 1 10 12 1 10 12 1 10 12 1 10 12 1 1 10 12 1 1 10 7 12 1 1 11 100 12 1 1 100 1 10 100 1 10 12 1 100 1 10 100 12 1 1 1 10 100 12 1 1 1 100 1 8 1 10 8 8 8 1 8 1 8 1 10 12 1 1 10 12 1 8 1 10 12 1 10 12 1 10 12 1 8 1 10 12 9 12 1 9 12 1 9 12 1 1 10 7 12 1 1 9 12 1 11 8 1 10 12 1 8 1 8 1 8 1 100 1 8 1 10 10 100 1 1 1 1 3 1 3 1 1 1 1 1 1 1 1 1 1 1 1 1 1 1 1 1 1 1 1 1 1 1 1 1 1 1 1 1 1 1 1 1 1 1 1 1 1 1 1 1 1 1 1 1 1 1 1 1 1 1 1 1 1 1 1 1 1 1 1 1 1 1 1 1 1 1 1 1 1 1 1 1 1 1 1 1 1 1 1 1 1 1 1 1
ciInstanceKlass java/util/regex/IntHashSet 1 1 54 10 7 12 1 1 1 9 7 12 1 1 1 9 12 1 1 9 12 1 10 7 12 1 1 1 10 12 1 1 1 1 1 1 1 1 1 1 1 1 1 1 1 1 1 1 1 1 1 1 1 100 1 1
ciInstanceKlass java/lang/invoke/DirectMethodHandle$Interface 1 1 128 10 7 12 1 1 1 9 7 12 1 1 1 10 7 12 1 1 1 100 1 10 12 1 9 12 1 1 9 12 1 1 9 12 1 10 12 1 10 12 1 1 10 12 1 9 12 1 1 10 12 1 1 8 1 100 1 10 12 1 1 10 12 1 1 10 100 12 1 1 1 100 1 10 12 1 8 1 100 1 10 10 12 1 1 10 12 1 1 1 1 1 1 1 1 1 1 1 1 100 1 100 1 100 1 1 1 1 1 1 1 1 1 1 1 1 1 1 1 1 1 1 1 1 1 1 1 1
staticfield java/lang/invoke/DirectMethodHandle$Interface $assertionsDisabled Z 1
ciInstanceKlass  @bci com/st/microxplorer/mcu/ContextAllowed$ContextSplit removeContext (Lcom/st/microxplorer/mcu/Context;)V 16 <appendix> argL1 argL0 argL0 form vmentry <vmtarget> ; 1 1 44 1 7 1 100 1 1 1 1 1 1 1 7 1 1 12 9 1 12 9 1 7 1 1 12 10 1 1 1 1 1 7 1 1 12 10 1 7 12 9 1 1 1 1
staticfield  @bci com/st/microxplorer/mcu/ContextAllowed$ContextSplit removeContext (Lcom/st/microxplorer/mcu/Context;)V 16 <appendix> argL1 argL0 argL0 form vmentry <vmtarget> ; _D_0 Ljava/lang/invoke/LambdaForm; java/lang/invoke/LambdaForm
ciInstanceKlass  @bci com/st/microxplorer/mcu/ContextAllowed$ContextSplit removeContext (Lcom/st/microxplorer/mcu/Context;)V 16 <appendix> argL1 argL0 argL1 form vmentry <vmtarget> ; 1 1 44 1 7 1 100 1 1 1 1 1 1 1 7 1 1 12 9 1 12 9 1 7 1 1 12 10 1 1 1 1 1 7 1 1 12 10 1 7 12 9 1 1 1 1
staticfield  @bci com/st/microxplorer/mcu/ContextAllowed$ContextSplit removeContext (Lcom/st/microxplorer/mcu/Context;)V 16 <appendix> argL1 argL0 argL1 form vmentry <vmtarget> ; _D_0 Ljava/lang/invoke/LambdaForm; java/lang/invoke/LambdaForm
ciInstanceKlass java/lang/invoke/BoundMethodHandle$Species_LLLLL 1 1 82 1 7 1 7 1 1 1 1 1 1 1 1 1 1 1 12 9 1 1 1 12 10 12 9 12 9 12 9 12 9 12 9 1 1 12 10 1 1 1 100 1 7 1 1 12 10 1 7 1 1 12 10 1 1 1 12 10 1 1 1 12 10 1 1 1 12 10 1 1 1 12 10 1 1 1 12 10 1 1 1 1
ciInstanceKlass java/lang/invoke/BoundMethodHandle$Species_LL 1 1 73 1 7 1 7 1 1 1 1 1 1 1 1 12 9 1 1 1 12 10 12 9 12 9 1 1 12 10 1 1 1 100 1 7 1 1 12 10 1 7 1 1 12 10 1 1 1 12 10 1 1 1 12 10 1 1 1 12 10 1 1 1 12 10 1 1 1 12 10 1 1 1 1
ciInstanceKlass org/apache/xerces/impl/XMLErrorReporter 1 1 237 10 9 7 10 9 9 9 10 10 7 10 10 10 10 11 100 10 10 10 10 10 7 10 10 9 9 100 10 11 11 11 9 8 11 100 8 11 7 9 10 7 8 10 10 8 10 9 10 8 8 10 9 9 100 10 7 7 7 7 100 1 1 1 1 1 3 1 3 1 3 1 1 1 1 1 1 1 1 1 1 1 1 1 1 1 1 1 1 1 1 1 1 1 1 1 1 1 1 1 1 1 1 1 1 1 1 1 1 1 1 1 1 1 1 100 100 100 100 100 100 100 100 100 1 1 100 1 1 1 1 100 1 1 1 1 1 1 1 1 1 1 1 1 1 1 12 12 1 12 12 12 12 12 1 12 12 12 12 12 1 12 12 12 12 1 12 12 12 12 1 12 12 12 12 1 7 12 1 1 12 1 12 7 12 1 12 12 1 12 12 7 1 1 12 12 12 1 12 1 1 1 1 1 1 1 1 1 1 1 1 1 1 1 1 1 1 1 1 1 1 1 1 1 1 1 1 1 1 1 1 1 1 1 1 1 1
staticfield org/apache/xerces/impl/XMLErrorReporter RECOGNIZED_FEATURES [Ljava/lang/String; 1 [Ljava/lang/String;
staticfield org/apache/xerces/impl/XMLErrorReporter FEATURE_DEFAULTS [Ljava/lang/Boolean; 1 [Ljava/lang/Boolean;
staticfield org/apache/xerces/impl/XMLErrorReporter RECOGNIZED_PROPERTIES [Ljava/lang/String; 1 [Ljava/lang/String;
staticfield org/apache/xerces/impl/XMLErrorReporter PROPERTY_DEFAULTS [Ljava/lang/Object; 1 [Ljava/lang/Object;
ciInstanceKlass java/lang/invoke/BoundMethodHandle$Species_LLJ 1 1 77 1 7 1 7 1 1 1 1 1 1 1 1 1 1 12 9 1 1 1 12 10 12 9 12 9 12 9 1 1 12 10 1 1 1 100 1 100 1 1 12 10 1 100 1 1 12 10 1 1 1 12 10 1 1 1 12 10 1 1 1 12 10 1 1 1 12 10 1 1 1 12 10 1 1 1 1
ciInstanceKlass  @bci com/st/library/analyticscore/initialization/configuration/ConfigurationRetriever getToolHeader ()Ljava/lang/String; 11 <appendix> argL1 form vmentry <vmtarget> ; 1 1 47 1 7 1 100 1 1 1 1 1 1 1 7 1 1 12 9 1 7 1 1 12 10 1 12 9 1 12 10 1 1 1 1 1 7 1 1 12 10 1 7 12 9 1 1 1 1
staticfield  @bci com/st/library/analyticscore/initialization/configuration/ConfigurationRetriever getToolHeader ()Ljava/lang/String; 11 <appendix> argL1 form vmentry <vmtarget> ; _D_0 Ljava/lang/invoke/LambdaForm; java/lang/invoke/LambdaForm
ciInstanceKlass  @bci com/st/library/analyticscore/initialization/configuration/ConfigurationRetriever getToolHeader ()Ljava/lang/String; 11 <appendix> argL3 form vmentry <vmtarget> ; 1 1 51 1 7 1 100 1 1 1 1 1 1 1 7 1 1 12 9 1 1 12 9 1 7 1 1 12 10 1 12 9 1 12 10 1 1 1 1 1 7 1 1 12 10 1 7 12 9 1 1 1 1
staticfield  @bci com/st/library/analyticscore/initialization/configuration/ConfigurationRetriever getToolHeader ()Ljava/lang/String; 11 <appendix> argL3 form vmentry <vmtarget> ; _D_0 Ljava/lang/invoke/LambdaForm; java/lang/invoke/LambdaForm
ciInstanceKlass  @bci com/st/library/analyticscore/initialization/configuration/ConfigurationRetriever getToolHeader ()Ljava/lang/String; 11 <appendix> form vmentry <vmtarget> ; 1 1 65 1 7 1 100 1 1 1 1 1 1 1 7 1 1 12 9 1 7 1 1 12 10 1 12 9 1 12 10 1 12 9 1 12 10 1 12 9 1 12 10 1 12 9 1 12 10 1 1 1 1 1 7 1 1 12 10 1 7 12 9 1 1 1 1
staticfield  @bci com/st/library/analyticscore/initialization/configuration/ConfigurationRetriever getToolHeader ()Ljava/lang/String; 11 <appendix> form vmentry <vmtarget> ; _D_0 Ljava/lang/invoke/LambdaForm; java/lang/invoke/LambdaForm
ciInstanceKlass com/bestcode/mathparser/IMathParser 1 0 61 100 1 100 1 1 1 1 1 1 1 1 100 1 1 1 1 1 1 1 1 1 1 1 1 1 1 1 1 1 1 1 1 1 1 1 1 1 1 1 1 1 1 1 1 1 1 1 1 1 1 1 1 1 1 1 1 1 1 1 1
instanceKlass com/st/microxplorer/util/Expression
instanceKlass com/st/microxplorer/util/LogicalParser
ciInstanceKlass com/bestcode/mathparser/MathParserImpl 1 1 1016 10 7 12 1 1 1 10 7 12 1 1 1 9 7 12 1 1 1 9 12 1 1 9 12 1 1 10 7 12 1 1 1 7 1 9 12 1 1 10 12 1 1 10 12 1 10 12 1 1 8 1 9 12 1 1 9 12 1 1 9 12 1 1 9 12 1 10 9 12 1 9 12 1 10 12 1 10 12 1 7 1 9 100 12 1 1 1 10 12 1 1 10 100 12 1 1 1 10 12 1 100 1 10 12 10 12 1 1 10 7 12 1 1 1 10 7 12 1 1 18 12 1 1 10 12 1 1 10 7 12 1 1 1 7 1 7 1 10 12 1 7 1 10 12 1 100 1 8 1 10 10 12 1 1 8 1 7 1 8 1 10 12 1 10 9 12 1 1 10 12 1 1 8 1 10 12 1 8 1 10 12 1 1 10 12 1 1 8 1 10 12 1 10 7 12 1 1 10 12 1 1 10 12 1 10 12 1 8 1 8 1 10 12 1 10 7 12 1 1 1 8 1 10 12 10 12 1 1 10 12 1 10 12 1 1 100 1 8 1 10 12 1 1 10 12 1 10 12 1 10 12 1 8 1 10 12 1 1 8 1 10 12 1 8 1 8 1 9 12 1 8 1 8 1 8 1 10 12 1 8 1 8 1 9 12 1 1 10 12 1 1 8 1 9 12 1 1 8 1 9 12 1 1 8 1 9 12 1 1 8 1 9 12 1 1 8 1 9 12 1 1 8 1 9 12 1 1 8 1 9 12 1 1 8 1 9 12 1 1 8 1 9 12 1 1 8 1 9 12 1 1 8 1 9 12 1 1 8 1 9 12 1 1 8 1 9 12 1 1 8 1 9 12 1 1 8 1 9 12 1 1 8 1 9 12 1 1 8 1 9 12 1 1 8 1 9 12 1 1 8 1 9 12 1 1 8 1 9 12 1 1 8 1 9 12 1 1 8 1 9 12 1 1 8 1 9 12 1 1 8 1 9 12 1 1 8 1 9 12 1 1 8 1 9 12 1 1 8 1 6 0 10 12 1 10 12 1 10 12 1 10 12 1 10 12 1 1 100 1 10 12 1 10 12 1 10 12 1 1 11 7 12 1 1 11 12 1 1 7 1 10 12 1 10 12 1 1 10 12 1 1 10 12 1 1 10 12 1 10 12 1 10 7 12 1 1 8 1 10 12 1 10 100 12 1 1 1 10 12 1 1 10 7 12 1 1 10 12 1 10 12 1 10 12 1 10 12 1 7 1 10 10 12 1 10 12 1 7 1 10 10 12 1 1 9 12 1 9 12 1 1 7 1 10 12 1 7 1 10 10 12 1 1 9 12 1 9 12 1 9 100 1 10 10 12 1 1 9 12 1 1 8 1 9 100 1 10 12 1 9 12 1 1 7 1 10 12 1 9 12 1 1 9 12 1 1 9 12 1 1 9 12 1 1 9 12 1 1 9 12 1 1 9 12 1 1 9 12 1 1 9 12 1 1 9 12 1 1 9 12 1 1 9 12 1 1 9 12 1 1 9 12 1 1 9 12 1 1 100 1 10 10 12 1 1 10 12 1 11 12 1 9 12 1 1 9 12 1 1 9 12 1 1 100 1 10 10 12 1 10 10 12 1 1 100 10 12 1 9 12 1 1 10 10 12 1 1 7 1 10 7 1 10 7 1 10 7 1 10 7 1 10 7 1 10 7 1 10 7 1 10 7 1 10 7 1 10 7 1 10 7 1 10 7 1 10 7 1 10 7 1 10 7 1 10 7 1 10 7 1 10 7 1 10 7 1 10 7 1 10 7 1 10 7 1 10 7 1 10 7 1 10 7 1 10 7 1 10 7 1 10 7 1 10 7 1 10 7 1 10 7 1 10 7 1 10 7 1 10 9 12 1 1 7 1 10 7 1 10 7 1 10 7 1 10 7 1 10 7 1 10 7 1 10 7 1 10 7 1 10 7 1 10 7 1 10 7 1 10 100 1 1 1 1 1 1 1 1 1 1 1 1 1 1 1 1 1 100 1 1 1 1 1 1 1 1 1 1 1 1 1 1 1 1 1 1 1 1 1 1 1 1 1 1 1 1 1 1 1 1 100 1 1 1 1 1 1 1 1 1 1 1 1 1 1 1 1 1 1 1 1 1 1 1 1 1 1 1 1 1 1 1 1 1 1 1 1 1 1 1 1 1 1 1 1 1 100 1 1 1 1 1 1 1 1 1 1 1 1 1 1 1 1 1 1 1 1 1 1 1 1 1 1 1 1 1 1 1 1 1 8 1 15 10 7 12 1 1 1 1 100 1 100 1 1
staticfield com/bestcode/mathparser/MathParserImpl sum_ Lcom/bestcode/mathparser/__sum; com/bestcode/mathparser/__sum
staticfield com/bestcode/mathparser/MathParserImpl greater_ Lcom/bestcode/mathparser/__greater; com/bestcode/mathparser/__greater
staticfield com/bestcode/mathparser/MathParserImpl less_ Lcom/bestcode/mathparser/__less; com/bestcode/mathparser/__less
staticfield com/bestcode/mathparser/MathParserImpl notequals_ Lcom/bestcode/mathparser/__notequals; com/bestcode/mathparser/__notequals
staticfield com/bestcode/mathparser/MathParserImpl ltequals_ Lcom/bestcode/mathparser/__ltequals; com/bestcode/mathparser/__ltequals
staticfield com/bestcode/mathparser/MathParserImpl leftShift_ Lcom/bestcode/mathparser/__leftShift; com/bestcode/mathparser/__leftShift
staticfield com/bestcode/mathparser/MathParserImpl rightShift_ Lcom/bestcode/mathparser/__rightShift; com/bestcode/mathparser/__rightShift
staticfield com/bestcode/mathparser/MathParserImpl gtequals_ Lcom/bestcode/mathparser/__gtequals; com/bestcode/mathparser/__gtequals
staticfield com/bestcode/mathparser/MathParserImpl equals_ Lcom/bestcode/mathparser/__equals; com/bestcode/mathparser/__equals
staticfield com/bestcode/mathparser/MathParserImpl and_ Lcom/bestcode/mathparser/__and; com/bestcode/mathparser/__and
staticfield com/bestcode/mathparser/MathParserImpl or_ Lcom/bestcode/mathparser/__or; com/bestcode/mathparser/__or
staticfield com/bestcode/mathparser/MathParserImpl not_ Lcom/bestcode/mathparser/__not; com/bestcode/mathparser/__not
staticfield com/bestcode/mathparser/MathParserImpl unaryadd_ Lcom/bestcode/mathparser/__unaryadd; com/bestcode/mathparser/__unaryadd
staticfield com/bestcode/mathparser/MathParserImpl add_ Lcom/bestcode/mathparser/__add; com/bestcode/mathparser/__add
staticfield com/bestcode/mathparser/MathParserImpl subtract_ Lcom/bestcode/mathparser/__subtract; com/bestcode/mathparser/__subtract
staticfield com/bestcode/mathparser/MathParserImpl multiply_ Lcom/bestcode/mathparser/__multiply; com/bestcode/mathparser/__multiply
staticfield com/bestcode/mathparser/MathParserImpl divide_ Lcom/bestcode/mathparser/__divide; com/bestcode/mathparser/__divide
staticfield com/bestcode/mathparser/MathParserImpl modulo_ Lcom/bestcode/mathparser/__modulo; com/bestcode/mathparser/__modulo
staticfield com/bestcode/mathparser/MathParserImpl intdiv_ Lcom/bestcode/mathparser/__intdiv; com/bestcode/mathparser/__intdiv
staticfield com/bestcode/mathparser/MathParserImpl negate_ Lcom/bestcode/mathparser/__negate; com/bestcode/mathparser/__negate
staticfield com/bestcode/mathparser/MathParserImpl intpower_ Lcom/bestcode/mathparser/__intpower; com/bestcode/mathparser/__intpower
staticfield com/bestcode/mathparser/MathParserImpl square_ Lcom/bestcode/mathparser/__square; com/bestcode/mathparser/__square
staticfield com/bestcode/mathparser/MathParserImpl power_ Lcom/bestcode/mathparser/__power; com/bestcode/mathparser/__power
staticfield com/bestcode/mathparser/MathParserImpl sin_ Lcom/bestcode/mathparser/__sin; com/bestcode/mathparser/__sin
staticfield com/bestcode/mathparser/MathParserImpl cos_ Lcom/bestcode/mathparser/__cos; com/bestcode/mathparser/__cos
staticfield com/bestcode/mathparser/MathParserImpl arctan_ Lcom/bestcode/mathparser/__arctan; com/bestcode/mathparser/__arctan
staticfield com/bestcode/mathparser/MathParserImpl sinh_ Lcom/bestcode/mathparser/__sinh; com/bestcode/mathparser/__sinh
staticfield com/bestcode/mathparser/MathParserImpl cosh_ Lcom/bestcode/mathparser/__cosh; com/bestcode/mathparser/__cosh
staticfield com/bestcode/mathparser/MathParserImpl cotan_ Lcom/bestcode/mathparser/__cotan; com/bestcode/mathparser/__cotan
staticfield com/bestcode/mathparser/MathParserImpl tan_ Lcom/bestcode/mathparser/__tan; com/bestcode/mathparser/__tan
staticfield com/bestcode/mathparser/MathParserImpl exp_ Lcom/bestcode/mathparser/__exp; com/bestcode/mathparser/__exp
staticfield com/bestcode/mathparser/MathParserImpl ln_ Lcom/bestcode/mathparser/__ln; com/bestcode/mathparser/__ln
staticfield com/bestcode/mathparser/MathParserImpl log10_ Lcom/bestcode/mathparser/__log10; com/bestcode/mathparser/__log10
staticfield com/bestcode/mathparser/MathParserImpl log2_ Lcom/bestcode/mathparser/__log2; com/bestcode/mathparser/__log2
staticfield com/bestcode/mathparser/MathParserImpl logN_ Lcom/bestcode/mathparser/__logN; com/bestcode/mathparser/__logN
staticfield com/bestcode/mathparser/MathParserImpl sqrt_ Lcom/bestcode/mathparser/__sqrt; com/bestcode/mathparser/__sqrt
staticfield com/bestcode/mathparser/MathParserImpl abs_ Lcom/bestcode/mathparser/__abs; com/bestcode/mathparser/__abs
staticfield com/bestcode/mathparser/MathParserImpl min_ Lcom/bestcode/mathparser/__min; com/bestcode/mathparser/__min
staticfield com/bestcode/mathparser/MathParserImpl max_ Lcom/bestcode/mathparser/__max; com/bestcode/mathparser/__max
staticfield com/bestcode/mathparser/MathParserImpl sign_ Lcom/bestcode/mathparser/__sign; com/bestcode/mathparser/__sign
staticfield com/bestcode/mathparser/MathParserImpl trunc_ Lcom/bestcode/mathparser/__trunc; com/bestcode/mathparser/__trunc
staticfield com/bestcode/mathparser/MathParserImpl ceil_ Lcom/bestcode/mathparser/__ceil; com/bestcode/mathparser/__ceil
staticfield com/bestcode/mathparser/MathParserImpl floor_ Lcom/bestcode/mathparser/__floor; com/bestcode/mathparser/__floor
staticfield com/bestcode/mathparser/MathParserImpl rnd_ Lcom/bestcode/mathparser/__rnd; com/bestcode/mathparser/__rnd
staticfield com/bestcode/mathparser/MathParserImpl random_ Lcom/bestcode/mathparser/__random; com/bestcode/mathparser/__random
staticfield com/bestcode/mathparser/MathParserImpl if_ Lcom/bestcode/mathparser/__if; com/bestcode/mathparser/__if
ciInstanceKlass com/st/microxplorer/util/LogicalParser 1 1 696 10 7 12 1 1 1 7 1 10 9 7 12 1 1 1 9 12 1 7 1 10 9 12 1 1 7 1 10 12 1 9 12 1 1 9 12 1 9 12 1 1 9 12 1 1 9 12 1 9 12 1 1 7 1 10 12 1 10 12 1 1 10 12 1 1 8 1 10 7 12 1 1 18 12 1 1 10 7 12 1 1 1 8 1 10 12 1 1 18 12 1 10 12 1 1 10 7 12 1 1 1 10 12 1 1 8 1 10 12 1 1 8 1 10 7 12 1 1 1 10 7 12 1 1 1 11 7 1 10 12 1 1 10 12 1 1 10 12 1 1 18 12 8 1 10 12 1 1 10 12 1 10 12 1 1 10 12 1 11 7 12 1 1 1 10 12 1 1 7 1 10 10 12 1 1 11 7 12 1 1 1 11 7 12 1 1 11 12 1 1 8 1 10 11 12 1 11 12 18 10 12 1 1 10 12 1 10 12 1 10 12 1 1 10 12 1 10 12 1 1 10 12 1 10 12 1 10 7 12 1 1 1 10 12 1 1 100 1 9 12 1 1 10 12 1 1 18 11 100 12 1 1 10 12 1 10 12 1 10 18 11 12 1 1 10 12 1 10 12 1 10 12 1 10 12 1 1 8 1 10 12 1 1 11 18 8 1 8 1 10 10 12 1 18 12 10 12 1 7 1 10 12 1 10 8 1 10 12 1 10 12 1 10 12 1 1 10 12 1 1 10 12 1 1 18 8 1 10 12 1 1 10 12 1 1 10 12 1 8 1 8 1 10 12 1 10 12 1 1 8 1 8 1 18 8 1 10 12 1 1 10 12 1 10 100 12 1 1 10 12 1 1 6 0 8 1 18 12 1 8 1 10 12 1 10 100 12 1 1 1 18 12 1 10 12 1 8 1 8 1 18 11 12 1 8 1 10 12 1 10 12 1 18 18 12 1 11 12 1 10 100 12 1 1 1 8 1 100 1 11 12 1 1 11 12 1 10 12 1 18 12 1 10 12 1 10 12 1 1 10 7 12 1 1 1 8 1 8 1 10 12 1 10 10 10 12 1 10 12 1 10 12 1 18 10 10 12 1 7 1 10 12 1 10 12 1 1 18 8 1 18 10 12 1 100 1 10 12 1 7 1 10 10 10 12 1 1 10 10 10 7 1 10 7 12 1 1 1 1 1 1 1 1 1 1 1 1 1 1 1 1 1 1 1 1 1 1 1 1 1 1 1 1 1 1 1 1 1 1 1 1 1 1 1 1 1 100 1 100 1 1 1 1 1 1 1 1 1 1 1 1 1 1 1 1 1 1 1 1 1 1 1 1 1 1 1 1 1 1 1 1 1 1 1 1 1 1 1 1 1 1 1 1 1 1 1 1 1 1 1 1 1 1 1 1 1 1 100 1 1 1 1 1 1 1 1 1 1 1 1 1 1 1 1 1 1 1 1 1 1 1 1 1 1 1 1 1 1 1 1 1 1 8 1 8 1 8 1 8 1 8 1 8 1 8 1 8 1 8 1 8 1 8 1 8 1 8 1 8 1 8 1 15 10 7 12 1 1 1 1 100 1 100 1 1
staticfield com/st/microxplorer/util/LogicalParser log Lorg/apache/logging/log4j/Logger; org/apache/logging/log4j/core/Logger
instanceKlass javax/swing/text/StyleConstants$ParagraphConstants
instanceKlass javax/swing/text/StyleConstants$ColorConstants
instanceKlass javax/swing/text/StyleConstants$FontConstants
instanceKlass javax/swing/text/StyleConstants$CharacterConstants
ciInstanceKlass javax/swing/text/StyleConstants 1 1 331 9 7 12 1 1 1 9 12 1 1 11 7 12 1 1 1 7 1 10 12 1 1 10 12 1 1 11 7 12 1 1 1 9 12 1 100 1 100 1 8 1 8 1 9 12 1 100 1 8 1 9 12 1 7 1 8 1 9 12 1 9 12 1 7 1 10 12 1 1 10 12 1 9 12 1 9 12 1 9 12 1 9 12 1 9 12 1 9 12 1 7 1 9 12 1 1 9 12 1 9 12 1 7 1 10 12 1 1 10 12 1 9 12 1 9 12 1 9 12 1 9 12 1 9 12 1 9 12 1 9 12 1 100 1 10 7 12 1 1 1 8 1 10 12 1 9 12 1 8 1 9 12 1 8 1 9 12 1 7 1 8 1 10 7 1 8 1 10 9 12 1 8 1 9 12 1 8 1 8 1 8 1 8 1 8 1 8 1 7 1 8 1 10 8 1 8 1 9 12 1 7 1 8 10 8 8 8 8 8 8 8 8 1 9 12 9 12 1 1 1 1 1 1 1 3 1 3 1 3 1 3 1 1 1 1 1 1 1 1 1 1 1 1 1 1 1 1 1 1 1 1 1 1 1 1 1 1 1 1 1 1 1 1 1 1 1 1 1 1 1 1 1 1 1 1 1 1 1 1 1 1 1 1 1 1 1 1 1 1 1 1 1 1 1 1 1 1 1 1 1 1 1 1 1 1 1 1 1 1 1 1 1 1 1 1 1 1 1 1 1 1 1 1 1 1 1 1 1 1 1
staticfield javax/swing/text/StyleConstants NameAttribute Ljava/lang/Object; javax/swing/text/StyleConstants
staticfield javax/swing/text/StyleConstants ResolveAttribute Ljava/lang/Object; javax/swing/text/StyleConstants
staticfield javax/swing/text/StyleConstants ModelAttribute Ljava/lang/Object; javax/swing/text/StyleConstants
staticfield javax/swing/text/StyleConstants BidiLevel Ljava/lang/Object; javax/swing/text/StyleConstants$CharacterConstants
staticfield javax/swing/text/StyleConstants FontFamily Ljava/lang/Object; javax/swing/text/StyleConstants$FontConstants
staticfield javax/swing/text/StyleConstants Family Ljava/lang/Object; javax/swing/text/StyleConstants$FontConstants
staticfield javax/swing/text/StyleConstants FontSize Ljava/lang/Object; javax/swing/text/StyleConstants$FontConstants
staticfield javax/swing/text/StyleConstants Size Ljava/lang/Object; javax/swing/text/StyleConstants$FontConstants
staticfield javax/swing/text/StyleConstants Bold Ljava/lang/Object; javax/swing/text/StyleConstants$FontConstants
staticfield javax/swing/text/StyleConstants Italic Ljava/lang/Object; javax/swing/text/StyleConstants$FontConstants
staticfield javax/swing/text/StyleConstants Underline Ljava/lang/Object; javax/swing/text/StyleConstants$CharacterConstants
staticfield javax/swing/text/StyleConstants StrikeThrough Ljava/lang/Object; javax/swing/text/StyleConstants$CharacterConstants
staticfield javax/swing/text/StyleConstants Superscript Ljava/lang/Object; javax/swing/text/StyleConstants$CharacterConstants
staticfield javax/swing/text/StyleConstants Subscript Ljava/lang/Object; javax/swing/text/StyleConstants$CharacterConstants
staticfield javax/swing/text/StyleConstants Foreground Ljava/lang/Object; javax/swing/text/StyleConstants$ColorConstants
staticfield javax/swing/text/StyleConstants Background Ljava/lang/Object; javax/swing/text/StyleConstants$ColorConstants
staticfield javax/swing/text/StyleConstants ComponentAttribute Ljava/lang/Object; javax/swing/text/StyleConstants$CharacterConstants
staticfield javax/swing/text/StyleConstants IconAttribute Ljava/lang/Object; javax/swing/text/StyleConstants$CharacterConstants
staticfield javax/swing/text/StyleConstants ComposedTextAttribute Ljava/lang/Object; javax/swing/text/StyleConstants
staticfield javax/swing/text/StyleConstants FirstLineIndent Ljava/lang/Object; javax/swing/text/StyleConstants$ParagraphConstants
staticfield javax/swing/text/StyleConstants LeftIndent Ljava/lang/Object; javax/swing/text/StyleConstants$ParagraphConstants
staticfield javax/swing/text/StyleConstants RightIndent Ljava/lang/Object; javax/swing/text/StyleConstants$ParagraphConstants
staticfield javax/swing/text/StyleConstants LineSpacing Ljava/lang/Object; javax/swing/text/StyleConstants$ParagraphConstants
staticfield javax/swing/text/StyleConstants SpaceAbove Ljava/lang/Object; javax/swing/text/StyleConstants$ParagraphConstants
staticfield javax/swing/text/StyleConstants SpaceBelow Ljava/lang/Object; javax/swing/text/StyleConstants$ParagraphConstants
staticfield javax/swing/text/StyleConstants Alignment Ljava/lang/Object; javax/swing/text/StyleConstants$ParagraphConstants
staticfield javax/swing/text/StyleConstants TabSet Ljava/lang/Object; javax/swing/text/StyleConstants$ParagraphConstants
staticfield javax/swing/text/StyleConstants Orientation Ljava/lang/Object; javax/swing/text/StyleConstants$ParagraphConstants
ciInstanceKlass java/util/regex/Pattern$BnM 1 1 116 7 1 9 12 1 1 7 1 100 1 9 7 12 1 1 1 10 12 1 1 7 1 10 10 12 1 9 9 12 1 9 12 1 9 9 7 12 1 1 1 11 7 12 1 1 1 10 7 12 1 1 1 9 12 1 10 12 1 1 9 12 1 9 12 1 9 12 1 1 9 100 12 1 1 9 12 1 10 12 1 1 1 1 1 1 1 1 1 1 1 1 1 100 1 1 1 1 1 1 1 1 1 1 1 1 1 100 1 1 1 1 1 1 1 1
ciInstanceKlass java/util/regex/Pattern$StartS 1 1 83 10 7 12 1 1 1 9 7 12 1 1 1 9 7 12 1 1 9 12 1 1 9 12 1 1 10 7 12 1 1 1 9 12 1 9 12 1 1 9 12 1 11 7 12 1 1 1 10 7 12 1 1 1 11 12 1 1 10 12 1 1 1 1 1 1 1 1 1 1 1 1 1 1 1 1 1 100 1 1 1 1 1
ciInstanceKlass java/util/regex/Pattern$Loop 1 1 96 10 7 12 1 1 1 9 7 12 1 1 1 9 12 1 9 12 1 9 7 12 1 1 1 9 12 1 9 12 1 1 10 12 1 1 9 12 1 9 12 1 1 10 7 12 1 1 1 9 12 1 10 12 1 1 10 9 7 12 1 1 1 9 12 1 1 1 1 1 1 1 1 1 1 1 1 1 1 1 1 1 1 1 1 1 1 1 1 1 100 1 1 1 1 1
ciInstanceKlass javax/xml/namespace/QName 1 1 127 100 1 8 1 10 7 12 1 1 1 10 7 12 1 1 9 12 1 1 100 1 8 1 10 12 1 9 12 1 8 1 9 12 1 10 7 12 1 1 1 10 12 1 1 18 12 1 1 8 1 10 12 1 10 12 1 1 8 1 10 12 1 1 10 12 1 1 18 12 1 10 12 1 1 18 10 12 1 100 1 1 1 1 5 0 1 1 1 1 1 1 1 1 1 1 1 1 1 1 1 1 1 1 1 1 1 1 1 8 1 8 1 8 1 15 10 100 12 1 1 1 100 1 100 1 1
ciInstanceKlass com/fasterxml/jackson/databind/introspect/MemberKey 1 1 116 10 10 10 9 10 8 10 10 10 9 9 100 10 10 8 10 8 10 10 10 7 10 7 7 1 1 1 1 1 1 1 1 1 1 1 1 1 1 1 1 1 100 100 100 1 1 1 1 1 100 1 1 1 1 100 1 1 1 1 1 1 1 1 1 1 1 1 1 1 1 1 1 1 1 1 100 1 1 1 1 7 12 12 12 12 12 1 100 12 12 12 1 12 1 12 1 12 7 12 12 1 12 1 1 1 1 1 1 1 1 1 1 1 1 1
staticfield com/fasterxml/jackson/databind/introspect/MemberKey NO_CLASSES [Ljava/lang/Class; 0 [Ljava/lang/Class;
ciInstanceKlass java/util/regex/PatternSyntaxException 0 0 76 10 100 12 1 1 1 9 100 12 1 1 1 9 12 1 9 12 1 1 100 1 10 10 12 1 1 8 1 10 12 1 10 100 12 1 1 1 10 100 12 1 1 1 10 12 1 1 10 12 1 10 12 1 1 1 1 5 0 1 1 1 1 1 1 1 1 1 1 1 1 1 1 1 1 1
ciInstanceKlass sun/security/ssl/ProtocolVersion 1 1 323 7 1 9 12 1 1 9 12 1 9 12 1 9 12 1 9 12 1 9 12 1 9 12 1 9 12 1 9 12 1 9 12 1 1 10 7 12 1 1 10 7 12 1 1 1 10 12 1 1 9 12 1 1 9 12 1 1 9 12 1 1 9 12 1 1 9 12 1 9 7 12 1 1 1 9 7 12 1 1 1 10 7 12 1 1 1 10 12 1 1 9 12 1 10 12 1 1 100 1 10 12 1 8 1 10 12 1 1 10 12 1 8 1 10 12 1 1 10 12 1 1 10 7 12 1 1 1 11 7 12 1 1 1 11 12 1 1 11 12 1 1 11 7 12 1 1 11 12 1 10 12 1 10 7 12 1 1 1 7 1 10 12 1 10 12 1 100 1 8 1 10 12 1 11 12 1 10 12 1 1 8 8 1 10 12 1 8 8 1 8 8 1 8 8 1 8 8 1 8 8 1 8 3 8 1 8 3 8 1 8 10 12 1 9 12 1 9 12 1 9 12 1 9 12 1 9 12 1 9 12 1 9 12 1 9 12 1 9 12 1 9 12 1 9 12 1 9 12 1 9 12 1 9 12 1 9 12 1 9 12 1 9 12 1 1 1 3 1 3 1 1 1 1 1 1 1 1 1 1 1 1 1 1 1 1 1 1 1 1 1 1 1 1 100 1 1 1 100 1 1 1 1 1 1 1 1 1 1 1 1 1 1 1 1 1 1 1 1 1 1 1 1
staticfield sun/security/ssl/ProtocolVersion TLS13 Lsun/security/ssl/ProtocolVersion; sun/security/ssl/ProtocolVersion
staticfield sun/security/ssl/ProtocolVersion TLS12 Lsun/security/ssl/ProtocolVersion; sun/security/ssl/ProtocolVersion
staticfield sun/security/ssl/ProtocolVersion TLS11 Lsun/security/ssl/ProtocolVersion; sun/security/ssl/ProtocolVersion
staticfield sun/security/ssl/ProtocolVersion TLS10 Lsun/security/ssl/ProtocolVersion; sun/security/ssl/ProtocolVersion
staticfield sun/security/ssl/ProtocolVersion SSL30 Lsun/security/ssl/ProtocolVersion; sun/security/ssl/ProtocolVersion
staticfield sun/security/ssl/ProtocolVersion SSL20Hello Lsun/security/ssl/ProtocolVersion; sun/security/ssl/ProtocolVersion
staticfield sun/security/ssl/ProtocolVersion DTLS12 Lsun/security/ssl/ProtocolVersion; sun/security/ssl/ProtocolVersion
staticfield sun/security/ssl/ProtocolVersion DTLS10 Lsun/security/ssl/ProtocolVersion; sun/security/ssl/ProtocolVersion
staticfield sun/security/ssl/ProtocolVersion NONE Lsun/security/ssl/ProtocolVersion; sun/security/ssl/ProtocolVersion
staticfield sun/security/ssl/ProtocolVersion PROTOCOLS_TO_10 [Lsun/security/ssl/ProtocolVersion; 2 [Lsun/security/ssl/ProtocolVersion;
staticfield sun/security/ssl/ProtocolVersion PROTOCOLS_TO_11 [Lsun/security/ssl/ProtocolVersion; 4 [Lsun/security/ssl/ProtocolVersion;
staticfield sun/security/ssl/ProtocolVersion PROTOCOLS_TO_12 [Lsun/security/ssl/ProtocolVersion; 6 [Lsun/security/ssl/ProtocolVersion;
staticfield sun/security/ssl/ProtocolVersion PROTOCOLS_TO_13 [Lsun/security/ssl/ProtocolVersion; 7 [Lsun/security/ssl/ProtocolVersion;
staticfield sun/security/ssl/ProtocolVersion PROTOCOLS_OF_NONE [Lsun/security/ssl/ProtocolVersion; 1 [Lsun/security/ssl/ProtocolVersion;
staticfield sun/security/ssl/ProtocolVersion PROTOCOLS_OF_30 [Lsun/security/ssl/ProtocolVersion; 1 [Lsun/security/ssl/ProtocolVersion;
staticfield sun/security/ssl/ProtocolVersion PROTOCOLS_OF_11 [Lsun/security/ssl/ProtocolVersion; 2 [Lsun/security/ssl/ProtocolVersion;
staticfield sun/security/ssl/ProtocolVersion PROTOCOLS_OF_12 [Lsun/security/ssl/ProtocolVersion; 2 [Lsun/security/ssl/ProtocolVersion;
staticfield sun/security/ssl/ProtocolVersion PROTOCOLS_OF_13 [Lsun/security/ssl/ProtocolVersion; 1 [Lsun/security/ssl/ProtocolVersion;
staticfield sun/security/ssl/ProtocolVersion PROTOCOLS_10_11 [Lsun/security/ssl/ProtocolVersion; 3 [Lsun/security/ssl/ProtocolVersion;
staticfield sun/security/ssl/ProtocolVersion PROTOCOLS_11_12 [Lsun/security/ssl/ProtocolVersion; 4 [Lsun/security/ssl/ProtocolVersion;
staticfield sun/security/ssl/ProtocolVersion PROTOCOLS_12_13 [Lsun/security/ssl/ProtocolVersion; 3 [Lsun/security/ssl/ProtocolVersion;
staticfield sun/security/ssl/ProtocolVersion PROTOCOLS_10_12 [Lsun/security/ssl/ProtocolVersion; 5 [Lsun/security/ssl/ProtocolVersion;
staticfield sun/security/ssl/ProtocolVersion PROTOCOLS_TO_TLS12 [Lsun/security/ssl/ProtocolVersion; 4 [Lsun/security/ssl/ProtocolVersion;
staticfield sun/security/ssl/ProtocolVersion PROTOCOLS_TO_TLS11 [Lsun/security/ssl/ProtocolVersion; 3 [Lsun/security/ssl/ProtocolVersion;
staticfield sun/security/ssl/ProtocolVersion PROTOCOLS_TO_TLS10 [Lsun/security/ssl/ProtocolVersion; 2 [Lsun/security/ssl/ProtocolVersion;
staticfield sun/security/ssl/ProtocolVersion PROTOCOLS_EMPTY [Lsun/security/ssl/ProtocolVersion; 0 [Lsun/security/ssl/ProtocolVersion;
staticfield sun/security/ssl/ProtocolVersion $VALUES [Lsun/security/ssl/ProtocolVersion; 9 [Lsun/security/ssl/ProtocolVersion;
ciMethod java/lang/Object <init> ()V 1024 0 5321640 0 136
ciMethod java/lang/Object getClass ()Ljava/lang/Class; 256 0 128 0 -1
ciMethod java/lang/Object hashCode ()I 256 0 128 0 -1
ciMethod java/lang/Object equals (Ljava/lang/Object;)Z 512 0 19796 0 -1
ciMethod java/lang/Object toString ()Ljava/lang/String; 62 0 31 0 -1
ciMethod java/lang/CharSequence length ()I 0 0 1 0 -1
ciMethod java/lang/String length ()I 758 0 2032220 0 112
ciMethod java/lang/String isEmpty ()Z 512 0 1482623 0 104
ciMethod java/lang/String charAt (I)C 598 0 1869239 0 -1
ciMethod java/lang/String codePointAt (I)I 520 0 6552 0 -1
ciMethod java/lang/String equals (Ljava/lang/Object;)Z 520 0 17192 0 384
ciMethod java/lang/String hashCode ()I 514 0 15040 0 728
ciMethod java/lang/String indexOf (I)I 138 0 230644 0 -1
ciMethod java/lang/String matches (Ljava/lang/String;)Z 606 0 17366 0 0
ciMethod java/lang/String split (Ljava/lang/String;IZ)[Ljava/lang/String; 516 0 36086 0 16016
ciMethod java/lang/String split (CIZ)[Ljava/lang/String; 248 184 35555 0 -1
ciMethod java/lang/String split (Ljava/lang/String;)[Ljava/lang/String; 512 0 64967 0 104
ciMethod java/lang/String toString ()Ljava/lang/String; 514 0 1217964 0 80
ciMethod java/lang/String getBytes ([BIB)V 528 0 10569 0 496
ciMethod java/lang/String <init> ([BB)V 514 0 81202 0 296
ciMethod java/lang/String coder ()B 994 0 2353053 0 88
ciMethod java/lang/String isLatin1 ()Z 648 0 2240698 0 88
ciMethod java/lang/Class isPrimitive ()Z 256 0 128 0 -1
ciMethod java/lang/System arraycopy (Ljava/lang/Object;ILjava/lang/Object;II)V 256 0 128 0 -1
ciMethod java/lang/invoke/DirectMethodHandle internalMemberName (Ljava/lang/Object;)Ljava/lang/Object; 512 0 1811531 0 -1
ciMethod jdk/internal/misc/Unsafe allocateUninitializedArray (Ljava/lang/Class;I)Ljava/lang/Object; 512 0 5532 0 368
ciMethod jdk/internal/misc/Unsafe allocateUninitializedArray0 (Ljava/lang/Class;I)Ljava/lang/Object; 512 0 5536 0 -1
ciMethod java/util/List contains (Ljava/lang/Object;)Z 0 0 1 0 -1
ciMethod java/util/List iterator ()Ljava/util/Iterator; 0 0 1 0 -1
ciMethod java/util/ArrayList <init> (I)V 304 0 5299 0 -1
ciMethod java/util/ArrayList <init> ()V 338 0 1767041 0 280
ciMethod java/util/ArrayList grow (I)[Ljava/lang/Object; 158 0 5199 0 1568
ciMethod java/util/ArrayList grow ()[Ljava/lang/Object; 158 0 212618 0 0
ciMethod java/util/ArrayList contains (Ljava/lang/Object;)Z 524 0 113202 0 912
ciMethod java/util/ArrayList indexOf (Ljava/lang/Object;)I 4248 0 115847 0 872
ciMethod java/util/ArrayList indexOfRange (Ljava/lang/Object;II)I 338 4452 4316 0 872
ciMethod java/util/ArrayList add (Ljava/lang/Object;[Ljava/lang/Object;I)V 520 0 1164399 0 0
ciMethod java/util/ArrayList add (Ljava/lang/Object;)Z 516 0 1164238 0 2000
ciMethod java/util/AbstractList <init> ()V 404 0 1855308 0 88
ciMethod java/util/AbstractCollection <init> ()V 940 0 1963514 0 80
ciMethod java/lang/Character charCount (I)I 520 0 100487 0 -1
ciMethod java/util/Iterator hasNext ()Z 0 0 1 0 -1
ciMethod java/util/Iterator next ()Ljava/lang/Object; 0 0 1 0 -1
ciMethod java/lang/StringLatin1 equals ([B[B)Z 492 382 2296 0 -1
ciMethod java/lang/StringLatin1 hashCode ([B)I 228 0 9622 0 624
ciMethod java/lang/StringLatin1 inflate ([BI[BII)V 0 0 92 0 -1
ciMethod java/lang/Math max (II)I 564 0 206463 0 -1
ciMethod java/util/HashMap hash (Ljava/lang/Object;)I 926 0 64763 0 208
ciMethod java/util/HashMap get (Ljava/lang/Object;)Ljava/lang/Object; 1024 0 64512 0 656
ciMethod java/util/HashMap getNode (Ljava/lang/Object;)Ljava/util/HashMap$Node; 1024 54 35252 0 656
ciMethod java/util/HashMap containsKey (Ljava/lang/Object;)Z 554 0 10174 0 752
ciMethod java/util/HashMap put (Ljava/lang/Object;Ljava/lang/Object;)Ljava/lang/Object; 1024 0 24619 0 2008
ciMethod java/util/HashMap putVal (ILjava/lang/Object;Ljava/lang/Object;ZZ)Ljava/lang/Object; 520 26 16198 0 1888
ciMethod java/util/HashMap resize ()[Ljava/util/HashMap$Node; 18 270 4190 0 3008
ciMethod java/util/HashMap treeifyBin ([Ljava/util/HashMap$Node;I)V 0 0 2 0 0
ciMethod java/util/HashMap newNode (ILjava/lang/Object;Ljava/lang/Object;Ljava/util/HashMap$Node;)Ljava/util/HashMap$Node; 474 0 6912 0 232
ciMethod java/util/HashMap replacementTreeNode (Ljava/util/HashMap$Node;Ljava/util/HashMap$Node;)Ljava/util/HashMap$TreeNode; 0 0 1 0 -1
ciMethod java/util/HashMap afterNodeAccess (Ljava/util/HashMap$Node;)V 50 0 715 0 0
ciMethod java/util/HashMap afterNodeInsertion (Z)V 500 0 1283 0 80
ciMethod jdk/internal/util/ArraysSupport vectorizedHashCode (Ljava/lang/Object;IIII)I 584 0 23985 0 -1
ciMethod jdk/internal/util/ArraysSupport newLength (III)I 512 0 9870 0 128
ciMethod jdk/internal/util/ArraysSupport hugeLength (II)I 0 0 1 0 -1
ciMethod java/util/HashMap$Node <init> (ILjava/lang/Object;Ljava/lang/Object;Ljava/util/HashMap$Node;)V 1024 0 14358 0 0
ciMethod java/util/HashMap$TreeNode getTreeNode (ILjava/lang/Object;)Ljava/util/HashMap$TreeNode; 0 0 1 0 -1
ciMethod java/util/HashMap$TreeNode treeify ([Ljava/util/HashMap$Node;)V 0 0 1 0 -1
ciMethod java/util/HashMap$TreeNode putTreeVal (Ljava/util/HashMap;[Ljava/util/HashMap$Node;ILjava/lang/Object;Ljava/lang/Object;)Ljava/util/HashMap$TreeNode; 0 0 1 0 -1
ciMethod java/util/HashMap$TreeNode split (Ljava/util/HashMap;[Ljava/util/HashMap$Node;II)V 0 0 1 0 -1
ciMethod java/lang/StringConcatHelper checkOverflow (J)J 512 0 55245 0 104
ciMethod java/lang/StringConcatHelper mix (JZ)J 548 0 8610 0 0
ciMethod java/lang/StringConcatHelper mix (JLjava/lang/String;)J 512 0 43813 0 176
ciMethod java/lang/StringConcatHelper prepend (J[BZ)J 620 0 5614 0 0
ciMethod java/lang/StringConcatHelper prepend (J[BZLjava/lang/String;)J 620 0 5614 0 456
ciMethod java/lang/StringConcatHelper prepend (J[BLjava/lang/String;)J 512 0 11537 0 568
ciMethod java/lang/StringConcatHelper prepend (J[BLjava/lang/String;Ljava/lang/String;)J 540 0 9817 0 1104
ciMethod java/lang/StringConcatHelper newString ([BJ)Ljava/lang/String; 512 0 13574 0 320
ciMethod java/lang/StringConcatHelper stringOf (Ljava/lang/Object;)Ljava/lang/String; 512 0 1112325 0 152
ciMethod java/lang/StringConcatHelper newArray (J)[B 512 0 507075 0 -1
ciMethod java/util/Arrays fill ([II)V 236 74166 947 0 -1
ciMethod java/util/Arrays copyOf ([Ljava/lang/Object;I)[Ljava/lang/Object; 90 0 22628 0 672
ciMethod java/util/Arrays copyOf ([Ljava/lang/Object;ILjava/lang/Class;)[Ljava/lang/Object; 314 0 6432 0 -1
ciMethod java/util/Arrays asList ([Ljava/lang/Object;)Ljava/util/List; 512 0 6025 0 -1
ciMethod java/lang/StringUTF16 putChar ([BII)V 1024 0 22115 0 -1
ciMethod java/lang/StringUTF16 getChar ([BI)C 1024 0 11540 0 -1
ciMethod java/lang/StringUTF16 hashCode ([B)I 0 0 264 0 0
ciMethodData java/lang/Object <init> ()V 2 5321128 orig 80 1 0 0 0 0 0 0 0 0 0 0 0 0 0 0 0 0 0 0 0 0 0 0 0 0 0 0 0 0 0 0 0 0 0 0 0 0 0 0 0 0 0 0 0 0 0 0 0 0 0 0 0 0 0 0 0 0 0 0 0 0 0 0 0 0 0 0 0 0 0 0 0 0 0 0 0 0 0 0 0 data 4 0x0 0x9 0x1 0x0 oops 0 methods 0
ciMethodData java/lang/String hashCode ()I 2 14783 orig 80 1 0 0 0 0 0 0 0 0 0 0 0 0 0 0 0 0 0 0 0 0 0 0 0 0 0 0 0 0 0 0 0 0 0 0 0 0 0 0 1 0 0 0 0 0 0 0 0 0 0 0 0 0 0 0 0 0 0 0 0 0 0 0 0 0 0 0 0 0 0 0 0 0 0 0 0 0 0 0 0 data 42 0x60007 0x1369 0x108 0x2656 0xd0007 0x3b 0xe8 0x261b 0x110005 0x261b 0x0 0x0 0x0 0x0 0x0 0x8000000600140007 0xf8 0x48 0x2524 0x1b0002 0x2524 0x1e0003 0x2524 0x28 0x250002 0xf8 0x2a0007 0x261b 0x38 0x1 0x320003 0x1 0x18 0x0 0x0 0x0 0x0 0x0 0x0 0x9 0x1 0xe oops 0 methods 0
ciMethodData java/lang/String isLatin1 ()Z 2 2240374 orig 80 0 0 0 0 0 0 0 0 0 0 0 0 0 0 0 0 0 0 0 0 0 0 0 0 0 0 0 0 0 0 0 0 0 0 0 0 0 0 0 0 0 0 0 0 0 0 0 0 0 0 0 0 0 0 0 0 0 0 0 0 0 0 0 0 0 0 0 0 0 0 0 0 0 0 0 0 0 0 0 0 data 18 0x30007 0x0 0x58 0x222f69 0xa0007 0xdf6 0x38 0x22216e 0xe0003 0x22216b 0x18 0x0 0x0 0x0 0x0 0x9 0x1 0x0 oops 0 methods 0
ciMethodData java/lang/StringLatin1 hashCode ([B)I 2 9508 orig 80 0 0 0 0 0 0 0 0 0 0 0 0 0 0 0 0 0 0 0 0 0 0 0 0 0 0 0 0 0 0 0 0 0 0 0 0 0 0 0 0 0 0 0 0 0 0 0 0 0 0 0 0 0 0 0 0 0 0 0 0 0 0 0 0 0 0 0 0 0 0 0 0 0 0 0 0 0 0 0 0 data 25 0x20008 0x6 0x2521 0x70 0x1 0x40 0x2 0x58 0x1d0003 0x1 0x40 0x270003 0x2 0x28 0x300002 0x2521 0x0 0x0 0x0 0x0 0x0 0x0 0x9 0x1 0x0 oops 0 methods 0
ciMethodData java/lang/StringUTF16 hashCode ([B)I 1 264 orig 80 0 0 0 0 0 0 0 0 0 0 0 0 0 0 0 0 0 0 0 0 0 0 0 0 0 0 0 0 0 0 0 0 0 0 0 0 0 0 0 0 0 0 0 0 0 0 0 0 0 0 0 0 0 0 0 0 0 0 0 0 0 0 0 0 0 0 0 0 0 0 0 0 0 0 0 0 0 0 0 0 data 27 0x20008 0x6 0x108 0x80 0x0 0x40 0x0 0x58 0x1d0003 0x0 0x50 0x220002 0x0 0x250003 0x0 0x28 0x300002 0x108 0x0 0x0 0x0 0x0 0x0 0x0 0x9 0x1 0xffffffffffffffff oops 0 methods 0
ciMethodData java/lang/String equals (Ljava/lang/Object;)Z 2 16932 orig 80 2 0 0 0 0 0 0 0 0 0 0 0 0 0 0 0 0 0 0 0 4 0 0 0 0 0 0 0 0 0 0 0 0 0 0 0 0 0 0 1 0 0 0 0 0 0 0 0 0 0 0 0 0 0 0 0 0 0 0 0 0 0 0 0 0 0 0 0 0 0 0 0 0 0 0 0 0 0 0 0 data 49 0x20007 0x3d04 0x20 0x520 0x8000000400080104 0xffffffffffffffee 0x0 0x1befdcdd4a8 0x3ce6 0x1be97e94470 0x9 0xb0007 0x22 0xe0 0x3ce6 0xf0004 0x0 0x0 0x1befdcdd4a8 0x3ce6 0x0 0x0 0x160007 0x0 0x40 0x3ce6 0x8000000600210007 0x6df 0x68 0x3608 0x2c0002 0x3608 0x2f0007 0xf6e 0x38 0x269a 0x330003 0x269a 0x18 0x0 0x0 0x0 0x0 0x0 0x0 0x9 0x2 0x0 0x0 oops 3 7 java/lang/String 9 javax/swing/text/StyleConstants 18 java/lang/String methods 0
ciMethodData java/util/AbstractCollection <init> ()V 2 1963044 orig 80 0 0 0 0 0 0 0 0 0 0 0 0 0 0 0 0 0 0 0 0 0 0 0 0 0 0 0 0 0 0 0 0 0 0 0 0 0 0 0 0 0 0 0 0 0 0 0 0 0 0 0 0 0 0 0 0 0 0 0 0 0 0 0 0 0 0 0 0 0 0 0 0 0 0 0 0 0 0 0 0 data 7 0x10002 0x1df424 0x0 0x0 0x9 0x1 0x0 oops 0 methods 0
ciMethodData java/lang/String coder ()B 2 2352556 orig 80 0 0 0 0 0 0 0 0 0 0 0 0 0 0 0 0 0 0 0 0 0 0 0 0 0 0 0 0 0 0 0 0 0 0 0 0 0 0 0 0 0 0 0 0 0 0 0 0 0 0 0 0 0 0 0 0 0 0 0 0 0 0 0 0 0 0 0 0 0 0 0 0 0 0 0 0 0 0 0 0 data 14 0x30007 0x0 0x38 0x23e5ac 0xa0003 0x23e5ad 0x18 0x0 0x0 0x0 0x0 0x9 0x1 0x0 oops 0 methods 0
ciMethodData java/lang/String length ()I 2 2031841 orig 80 0 0 0 0 0 0 0 0 0 0 0 0 0 0 0 0 0 0 0 0 0 0 0 0 0 0 0 0 0 0 0 0 0 0 0 0 0 0 0 0 0 0 0 0 0 0 0 0 0 0 0 0 0 0 0 0 0 0 0 0 0 0 0 0 0 0 0 0 0 0 0 0 0 0 0 0 0 0 0 0 data 16 0x60005 0x1f00e5 0x0 0x0 0x0 0x0 0x0 0x0 0x0 0x0 0x0 0x0 0x0 0x9 0x1 0x0 oops 0 methods 0
ciMethodData java/util/HashMap hash (Ljava/lang/Object;)I 2 64300 orig 80 1 0 0 0 0 0 0 0 0 0 0 0 0 0 0 0 0 0 0 0 0 0 0 0 0 0 0 0 0 0 0 0 0 0 0 0 0 0 0 4 0 0 0 0 0 0 0 0 0 0 0 0 0 0 0 0 0 0 0 0 0 0 0 0 0 0 0 0 0 0 0 0 0 0 0 0 0 0 0 0 data 23 0x8000000600010007 0xf8cc 0x38 0x264 0x50003 0x264 0x50 0x90005 0x49c9 0x0 0x1befdcdd4a8 0xacc8 0x1befdcded18 0x23b 0x0 0x0 0x0 0x0 0x0 0x0 0x9 0x1 0xffffffffffffffff oops 2 10 java/lang/String 12 java/lang/Module methods 0
ciMethodData java/lang/String getBytes ([BIB)V 2 10305 orig 80 1 0 0 0 0 0 0 0 0 0 0 0 0 0 0 0 0 0 0 0 0 0 0 0 0 0 0 0 0 0 0 0 0 0 0 0 0 0 0 1 0 0 0 0 0 0 0 0 0 0 0 0 0 0 0 0 0 0 0 0 0 0 0 0 0 0 0 0 0 0 0 0 0 0 0 0 0 0 0 0 data 30 0x10005 0x2841 0x0 0x0 0x0 0x0 0x0 0x8000000600050007 0x1 0x48 0x2841 0x160002 0x2841 0x190003 0x2841 0x28 0x280002 0x1 0x0 0x0 0x0 0x0 0x0 0x0 0x9 0x4 0x0 0xffffffffffffffff 0x0 0x0 oops 0 methods 0
ciMethodData java/util/HashMap putVal (ILjava/lang/Object;Ljava/lang/Object;ZZ)Ljava/lang/Object; 2 15938 orig 80 2 0 0 0 3 0 0 0 0 0 0 0 0 0 0 0 0 0 0 0 8 0 0 6 0 0 0 0 0 0 0 0 0 0 0 0 0 0 0 0 0 0 0 0 0 0 0 0 0 0 0 0 0 0 0 0 0 0 0 0 0 0 0 0 0 0 0 0 0 0 0 0 0 0 0 0 0 0 0 0 data 198 0x70007 0x11ce 0x40 0x2c75 0x100007 0x2c75 0x58 0x0 0x140005 0x11ce 0x0 0x0 0x0 0x0 0x0 0x2c0007 0xc1f 0xa8 0x3224 0x380005 0x23 0x0 0x1be95dfac18 0x1eef 0x1be982a7e88 0x1312 0x3b0004 0x0 0x0 0x1bea0af8ed0 0x1f12 0x1be982a7f38 0x1312 0x3c0003 0x3224 0x410 0x450007 0xb0f 0xd0 0x110 0x510007 0xfa 0x98 0x16 0x550007 0x0 0x90 0x16 0xffffffff005b0005 0x2 0x0 0x1befdcdd4a8 0x11 0x1be982a7fe8 0xa 0x5e0007 0x0 0x38 0x1d 0x650003 0x117 0x2a8 0x6a0004 0xfffffffffffff4f1 0x0 0x1bea0af8ed0 0x5c 0x1be982a7f38 0xc 0x6d0007 0xb0f 0xa8 0x0 0x720004 0x0 0x0 0x0 0x0 0x0 0x0 0x7b0005 0x0 0x0 0x0 0x0 0x0 0x0 0x800003 0x0 0x1c8 0x8e0007 0x30a 0xc8 0xa99 0x980005 0x2ff 0x0 0x1be95dfac18 0x787 0x1be982a8098 0x13 0xa20007 0xa98 0x158 0x1 0xa90005 0x1 0x0 0x0 0x0 0x0 0x0 0xac0003 0x1 0x100 0xb50007 0x292 0xd0 0x78 0xc10007 0x74 0xc8 0x4 0xc50007 0x0 0x90 0x4 0xffffffff00cb0005 0x5 0x0 0x1befdcdd4a8 0x4 0x1be982a8148 0x2 0xce0007 0x2 0x38 0x9 0xd10003 0x9 0x30 0xdb0003 0x294 0xfffffffffffffe68 0xe00007 0xa99 0x98 0x194 0xec0007 0x190 0x40 0x4 0xf10007 0x4 0x20 0x0 0xfd0005 0x0 0x0 0x1be982a7e88 0x69 0x1be95dfac18 0x12b 0x11c0007 0x3ba4 0x58 0x119 0x1200005 0x119 0x0 0x0 0x0 0x0 0x0 0x1270005 0x36 0x0 0x1be95dfac18 0x2676 0x1be982a7e88 0x1611 0x0 0x0 0x0 0x0 0x0 0x0 0x0 0x0 0x0 0x9 0x6 0x0 0x0 0x0 0x0 0x0 0x0 oops 16 22 java/util/HashMap 24 java/util/LinkedHashMap 29 java/util/HashMap$Node 31 java/util/LinkedHashMap$Entry 51 java/lang/String 53 javax/xml/namespace/QName 65 java/util/HashMap$Node 67 java/util/LinkedHashMap$Entry 97 java/util/HashMap 99 java/lang/ProcessEnvironment 130 java/lang/String 132 com/fasterxml/jackson/databind/introspect/MemberKey 159 java/util/LinkedHashMap 161 java/util/HashMap 177 java/util/HashMap 179 java/util/LinkedHashMap methods 0
ciMethodData java/util/HashMap resize ()[Ljava/util/HashMap$Node; 2 4181 orig 80 0 0 0 0 0 0 0 0 0 0 0 0 0 0 0 0 0 0 0 0 0 0 0 0 0 0 0 0 0 0 0 0 0 0 0 0 0 0 0 0 0 0 0 0 0 0 0 0 0 0 0 0 0 0 0 0 0 0 0 0 0 0 0 0 0 0 0 0 0 0 0 0 0 0 0 0 0 0 0 0 data 171 0x60007 0x1b2 0x38 0xea3 0xa0003 0xea3 0x18 0x190007 0xea3 0x98 0x1b2 0x1f0007 0x1b2 0x20 0x0 0x320007 0x0 0x90 0x1b2 0x380007 0x66 0x70 0x14c 0x400003 0x14c 0x50 0x440007 0xc0b 0x38 0x298 0x4a0003 0x298 0x18 0x570007 0xd57 0x78 0x2fe 0x680007 0x0 0x58 0x2fe 0x700007 0x0 0x38 0x2fe 0x760003 0x2fe 0x18 0x910007 0xea3 0x378 0x1b2 0x9a0007 0x1b2 0x358 0x2dc1 0xa40007 0x144b 0x320 0x1976 0xab0104 0x0 0x0 0x0 0x0 0x0 0x0 0xb10007 0x894 0x70 0x10e2 0xc20004 0x0 0x0 0x1bea0af8ed0 0x8a3 0x1be982a7f38 0x83f 0xc30003 0x10e2 0x270 0xc80004 0xfffffffffffff76c 0x0 0x1bea0af8ed0 0x74 0x1be982a7f38 0x15 0xcb0007 0x894 0xa8 0x0 0xd00004 0x0 0x0 0x0 0x0 0x0 0x0 0xd90005 0x0 0x0 0x0 0x0 0x0 0x0 0xdc0003 0x0 0x190 0xf90007 0x944 0x70 0x9d5 0xfe0007 0x329 0x38 0x6ac 0x1050003 0x6ac 0x18 0x1130003 0x9d5 0x50 0x1180007 0x2dc 0x38 0x668 0x11f0003 0x668 0x18 0x1320007 0xa85 0xffffffffffffff58 0x894 0x1370007 0x1e8 0x58 0x6ac 0x1460004 0x0 0x0 0x1bea0af8ed0 0x3a8 0x1be982a7f38 0x304 0x1490007 0x22c 0x58 0x668 0x15a0004 0x0 0x0 0x1bea0af8ed0 0x332 0x1be982a7f38 0x336 0x15e0003 0x2dc1 0xfffffffffffffcc0 0x0 0x0 0x0 0x0 0x0 0x0 0x0 0x0 0x0 0x9 0x1 0x0 oops 8 74 java/util/HashMap$Node 76 java/util/LinkedHashMap$Entry 84 java/util/HashMap$Node 86 java/util/LinkedHashMap$Entry 141 java/util/HashMap$Node 143 java/util/LinkedHashMap$Entry 152 java/util/HashMap$Node 154 java/util/LinkedHashMap$Entry methods 0
ciMethodData java/util/HashMap newNode (ILjava/lang/Object;Ljava/lang/Object;Ljava/util/HashMap$Node;)Ljava/util/HashMap$Node; 2 6675 orig 80 0 0 0 0 0 0 0 0 0 0 0 0 0 0 0 0 0 0 0 0 0 0 0 0 0 0 0 0 0 0 0 0 0 0 0 0 0 0 0 0 0 0 0 0 0 0 0 0 0 0 0 0 0 0 0 0 0 0 0 0 0 0 0 0 0 0 0 0 0 0 0 0 0 0 0 0 0 0 0 0 data 11 0x90002 0x1a13 0x0 0x0 0x9 0x5 0x0 0x0 0x0 0x0 0x0 oops 0 methods 0
ciMethodData java/util/HashMap treeifyBin ([Ljava/util/HashMap$Node;I)V 1 2 orig 80 0 0 0 0 0 0 0 0 0 0 0 0 0 0 0 0 0 0 0 0 0 0 0 0 0 0 0 0 0 0 0 0 0 0 0 0 0 0 0 0 0 0 0 0 0 0 0 0 0 0 0 0 0 0 0 0 0 0 0 0 0 0 0 0 0 0 0 0 0 0 0 0 0 0 0 0 0 0 0 0 data 69 0x10007 0x0 0x40 0x2 0xa0007 0x0 0x70 0x2 0xe0005 0x2 0x0 0x0 0x0 0x0 0x0 0x120003 0x2 0x158 0x220007 0x0 0x140 0x0 0x2f0005 0x0 0x0 0x0 0x0 0x0 0x0 0x360007 0x0 0x38 0x0 0x3d0003 0x0 0x18 0x5a0007 0x0 0xffffffffffffff90 0x0 0x630004 0x0 0x0 0x0 0x0 0x0 0x0 0x640007 0x0 0x58 0x0 0x6a0005 0x0 0x0 0x0 0x0 0x0 0x0 0x0 0x0 0x0 0x0 0x0 0x0 0x9 0x3 0xffffffffffffffff 0xffffffffffffffff 0x0 oops 0 methods 0
ciMethodData java/util/HashMap afterNodeAccess (Ljava/util/HashMap$Node;)V 1 690 orig 80 0 0 0 0 0 0 0 0 0 0 0 0 0 0 0 0 0 0 0 0 0 0 0 0 0 0 0 0 0 0 0 0 0 0 0 0 0 0 0 0 0 0 0 0 0 0 0 0 0 0 0 0 0 0 0 0 0 0 0 0 0 0 0 0 0 0 0 0 0 0 0 0 0 0 0 0 0 0 0 0 data 5 0x0 0x9 0x2 0x0 0x0 oops 0 methods 0
ciMethodData java/util/HashMap afterNodeInsertion (Z)V 2 1033 orig 80 0 0 0 0 0 0 0 0 0 0 0 0 0 0 0 0 0 0 0 0 0 0 0 0 0 0 0 0 0 0 0 0 0 0 0 0 0 0 0 0 0 0 0 0 0 0 0 0 0 0 0 0 0 0 0 0 0 0 0 0 0 0 0 0 0 0 0 0 0 0 0 0 0 0 0 0 0 0 0 0 data 5 0x0 0x9 0x2 0x0 0x0 oops 0 methods 0
ciMethodData java/util/HashMap$Node <init> (ILjava/lang/Object;Ljava/lang/Object;Ljava/util/HashMap$Node;)V 2 13846 orig 80 0 0 0 0 0 0 0 0 0 0 0 0 0 0 0 0 0 0 0 0 0 0 0 0 0 0 0 0 0 0 0 0 0 0 0 0 0 0 0 0 0 0 0 0 0 0 0 0 0 0 0 0 0 0 0 0 0 0 0 0 0 0 0 0 0 0 0 0 0 0 0 0 0 0 0 0 0 0 0 0 data 13 0x10002 0x3617 0x0 0x0 0x0 0x0 0x9 0x5 0xe 0x0 0x0 0x0 0x0 oops 0 methods 0
ciMethodData java/util/HashMap put (Ljava/lang/Object;Ljava/lang/Object;)Ljava/lang/Object; 2 24107 orig 80 4 0 0 0 0 0 0 0 0 0 0 0 0 0 0 0 0 0 0 0 0 0 0 0 0 0 0 0 0 0 0 0 0 0 0 0 0 0 0 0 0 0 0 0 0 0 0 0 0 0 0 0 0 0 0 0 0 0 0 0 0 0 0 0 0 0 0 0 0 0 0 0 0 0 0 0 0 0 0 0 data 20 0x20002 0x5e2c 0x90005 0x5e2c 0x0 0x0 0x0 0x0 0x0 0x0 0x0 0x0 0x0 0x0 0x0 0x9 0x3 0xffffffffffffffff 0xffffffffffffffff 0xffffffffffffffff oops 0 methods 0
ciMethodData java/util/HashMap getNode (Ljava/lang/Object;)Ljava/util/HashMap$Node; 2 34740 orig 80 2 0 0 0 1 0 0 0 0 0 0 0 0 0 0 0 0 0 0 0 0 0 0 0 0 0 0 0 0 0 0 0 0 0 0 0 0 0 0 2 0 0 0 0 0 0 0 0 0 0 0 0 0 0 0 0 0 0 0 0 0 0 0 0 0 0 0 0 0 0 0 0 0 0 0 0 0 0 0 0 data 103 0x60007 0x487 0x2e8 0x832e 0xe0007 0x0 0x2c8 0x832e 0x170002 0x832e 0x210007 0x25c0 0x298 0x5d70 0x2a0007 0x1bd7 0xb8 0x4199 0x350007 0x13ba 0x98 0x2de0 0x390007 0x0 0x78 0x2de0 0x3f0005 0x6cc 0x0 0x1befdcdd4a8 0x270a 0x1be960ae758 0xa 0x8000000600420007 0x504 0x20 0x28de 0x4e0007 0x1016 0x1c0 0x10c5 0x520004 0xffffffffffffef3b 0x0 0x1bea0af8ed0 0x441 0x0 0x0 0x550007 0x10c5 0x90 0x0 0x590004 0x0 0x0 0x0 0x0 0x0 0x0 0x5f0005 0x0 0x0 0x0 0x0 0x0 0x0 0x6a0007 0x4d8 0xb8 0xe38 0x760007 0x12b 0x98 0xd0d 0x7a0007 0x0 0x78 0xd0d 0x800005 0x507 0x0 0x1befdcdd4a8 0x803 0x1be960ae808 0x3 0x830007 0x0 0x20 0xd0d 0x910007 0x24b 0xffffffffffffff48 0x28d 0x0 0x0 0x0 0x0 0x0 0x0 0x9 0x2 0x0 0xffffffffffffffff oops 5 29 java/lang/String 31 java/util/zip/ZipFile$Source$Key 44 java/util/HashMap$Node 81 java/lang/String 83 java/lang/PublicMethods$Key methods 0
ciMethodData java/util/HashMap get (Ljava/lang/Object;)Ljava/lang/Object; 2 64000 orig 80 2 0 0 0 0 0 0 0 0 0 0 0 0 0 0 0 0 0 0 0 0 0 0 0 0 0 0 0 0 0 0 0 0 0 0 0 0 0 0 0 0 0 0 0 0 0 0 0 0 0 0 0 0 0 0 0 0 0 0 0 0 0 0 0 0 0 0 0 0 0 0 0 0 0 0 0 0 0 0 0 data 24 0x20005 0xfa01 0x0 0x0 0x0 0x0 0x0 0x70007 0x860e 0x38 0x73f5 0xb0003 0x73f5 0x18 0x0 0x0 0x0 0x0 0x0 0x0 0x9 0x2 0x0 0xffffffffffffffff oops 0 methods 0
ciMethod java/lang/invoke/DirectMethodHandle$Holder invokeStatic (Ljava/lang/Object;JI)J 518 0 15154 0 -1
ciMethod java/lang/invoke/DirectMethodHandle$Holder invokeStatic (Ljava/lang/Object;JLjava/lang/Object;Ljava/lang/Object;Ljava/lang/Object;)J 540 0 346557 0 -1
ciMethod java/lang/invoke/DirectMethodHandle$Holder invokeStatic (Ljava/lang/Object;JLjava/lang/Object;ILjava/lang/Object;)J 518 0 15164 0 -1
ciMethod java/lang/invoke/DirectMethodHandle$Holder invokeStatic (Ljava/lang/Object;JLjava/lang/Object;)J 540 0 346523 0 -1
ciMethod java/lang/invoke/DirectMethodHandle$Holder invokeStatic (Ljava/lang/Object;J)Ljava/lang/Object; 512 0 132976 0 -1
ciMethod java/lang/invoke/DirectMethodHandle$Holder invokeStatic (Ljava/lang/Object;Ljava/lang/Object;J)Ljava/lang/Object; 514 0 213115 0 -1
ciMethod java/lang/invoke/DirectMethodHandle$Holder invokeStatic (Ljava/lang/Object;Ljava/lang/Object;)Ljava/lang/Object; 512 0 348375 0 -1
ciMethod java/lang/invoke/Invokers$Holder linkToTargetMethod (ILjava/lang/Object;Ljava/lang/Object;)Ljava/lang/Object; 1024 0 8572 0 -1
ciMethodData java/lang/String isEmpty ()Z 2 1482472 orig 80 0 0 0 0 0 0 0 0 0 0 0 0 0 0 0 0 0 0 0 0 0 0 0 0 0 0 0 0 0 0 0 0 0 0 0 0 0 0 0 0 0 0 0 0 0 0 0 0 0 0 0 0 0 0 0 0 0 0 0 0 0 0 0 0 0 0 0 0 0 0 0 0 0 0 0 0 0 0 0 0 data 14 0x50007 0x11d10d 0x38 0x4cde4 0x90003 0x4cde4 0x18 0x0 0x0 0x0 0x0 0x9 0x1 0x0 oops 0 methods 0
ciMethod java/lang/invoke/DelegatingMethodHandle$Holder reinvoke_L (Ljava/lang/Object;JLjava/lang/Object;)J 512 0 190283 0 -1
ciMethodData java/lang/String <init> ([BB)V 2 80945 orig 80 0 0 0 0 0 0 0 0 0 0 0 0 0 0 0 0 0 0 0 0 0 0 0 0 0 0 0 0 0 0 0 0 0 0 0 0 0 0 0 0 0 0 0 0 0 0 0 0 0 0 0 0 0 0 0 0 0 0 0 0 0 0 0 0 0 0 0 0 0 0 0 0 0 0 0 0 0 0 0 0 data 11 0x10002 0x13c31 0x0 0x0 0x0 0x0 0x9 0x3 0xc 0x0 0x0 oops 0 methods 0
ciMethodData jdk/internal/util/ArraysSupport newLength (III)I 2 9614 orig 80 0 0 0 0 0 0 0 0 0 0 0 0 0 0 0 0 0 0 0 0 0 0 0 0 0 0 0 0 0 0 0 0 0 0 0 0 0 0 0 0 0 0 0 0 0 0 0 0 0 0 0 0 0 0 0 0 0 0 0 0 0 0 0 0 0 0 0 0 0 0 0 0 0 0 0 0 0 0 0 0 data 23 0x30002 0x258e 0xa0007 0x0 0x40 0x258e 0x100007 0x0 0x20 0x258e 0x170002 0x0 0x0 0x0 0x0 0x0 0x0 0x0 0x9 0x3 0x0 0x0 0x0 oops 0 methods 0
ciMethodData java/lang/String toString ()Ljava/lang/String; 2 1217707 orig 80 0 0 0 0 0 0 0 0 0 0 0 0 0 0 0 0 0 0 0 0 0 0 0 0 0 0 0 0 0 0 0 0 0 0 0 0 0 0 0 0 0 0 0 0 0 0 0 0 0 0 0 0 0 0 0 0 0 0 0 0 0 0 0 0 0 0 0 0 0 0 0 0 0 0 0 0 0 0 0 0 data 5 0x0 0x0 0x9 0x1 0x0 oops 0 methods 0
ciMethodData java/lang/StringConcatHelper stringOf (Ljava/lang/Object;)Ljava/lang/String; 2 1112069 orig 80 0 0 0 0 0 0 0 0 0 0 0 0 0 0 0 0 0 0 0 0 0 0 0 0 0 0 0 0 0 0 0 0 0 0 0 0 0 0 0 0 0 0 0 0 0 0 0 0 0 0 0 0 0 0 0 0 0 0 0 0 0 0 0 0 0 0 0 0 0 0 0 0 0 0 0 0 0 0 0 0 data 27 0x10007 0xc 0x78 0x10f7f9 0x50005 0xb9e7b 0x0 0x1befdcdd4a8 0x5597c 0x1befdce1438 0x2 0xa0007 0x10f7f9 0x38 0x0 0xf0003 0xc 0x18 0x0 0x0 0x0 0x0 0x0 0x0 0x9 0x1 0x0 oops 2 7 java/lang/String 9 java/lang/Boolean methods 0
ciMethodData java/lang/StringConcatHelper checkOverflow (J)J 2 54991 orig 80 0 0 0 0 0 0 0 0 0 0 0 0 0 0 0 0 0 0 0 0 0 0 0 0 0 0 0 0 0 0 0 0 0 0 0 0 0 0 0 0 0 0 0 0 0 0 0 0 0 0 0 0 0 0 0 0 0 0 0 0 0 0 0 0 0 0 0 0 0 0 0 0 0 0 0 0 0 0 0 0 data 14 0x20007 0x0 0x20 0xd6cf 0xd0002 0x0 0x0 0x0 0x0 0x0 0x9 0x2 0x0 0x0 oops 0 methods 0
ciMethodData java/lang/StringConcatHelper mix (JLjava/lang/String;)J 2 43557 orig 80 1 0 0 0 0 0 0 0 0 0 0 0 0 0 0 0 0 0 0 0 0 0 0 0 0 0 0 0 0 0 0 0 0 0 0 0 0 0 0 1 0 0 0 0 0 0 0 0 0 0 0 0 0 0 0 0 0 0 0 0 0 0 0 0 0 0 0 0 0 0 0 0 0 0 0 0 0 0 0 0 data 31 0x20005 0xaa25 0x0 0x0 0x0 0x0 0x0 0x90005 0xaa25 0x0 0x0 0x0 0x0 0x0 0x80000006000d0007 0xaa25 0x20 0x1 0x170002 0xaa26 0x0 0x0 0x0 0x0 0x0 0x0 0x9 0x3 0x0 0x0 0x0 oops 0 methods 0
ciMethodData java/lang/StringConcatHelper prepend (J[BLjava/lang/String;)J 2 11281 orig 80 1 0 0 0 0 0 0 0 0 0 0 0 0 0 0 0 0 0 0 0 0 0 0 0 0 0 0 0 0 0 0 0 0 0 0 0 0 0 0 1 0 0 0 0 0 0 0 0 0 0 0 0 0 0 0 0 0 0 0 0 0 0 0 0 0 0 0 0 0 0 0 0 0 0 0 0 0 0 0 0 data 40 0x20005 0x2c11 0x0 0x0 0x0 0x0 0x0 0x80000006000d0007 0x2 0x70 0x2c10 0x150005 0x2c10 0x0 0x0 0x0 0x0 0x0 0x180003 0x2c10 0x50 0x200005 0x2 0x0 0x0 0x0 0x0 0x0 0x0 0x0 0x0 0x0 0x0 0x0 0x9 0x4 0x0 0x0 0xffffffffffffffff 0x0 oops 0 methods 0
ciMethodData java/lang/StringConcatHelper newArray (J)[B 2 506819 orig 80 0 0 0 0 0 0 0 0 0 0 0 0 0 0 0 0 0 0 0 0 0 0 0 0 0 0 0 0 0 0 0 0 0 0 0 0 0 0 0 0 0 0 0 0 0 0 0 0 0 0 0 0 0 0 0 0 0 0 0 0 0 0 0 0 0 0 0 0 0 0 0 0 0 0 0 0 0 0 0 0 data 30 0xd0007 0x7bbc3 0x30 0x0 0x160002 0x0 0x210005 0x7bbc3 0x0 0x0 0x0 0x0 0x0 0x240004 0x0 0x0 0x1befdcf2cb0 0x7bbc3 0x0 0x0 0x0 0x0 0x0 0x0 0x0 0x0 0x9 0x2 0x0 0x0 oops 1 16 [B methods 0
ciMethodData jdk/internal/misc/Unsafe allocateUninitializedArray (Ljava/lang/Class;I)Ljava/lang/Object; 2 5276 orig 80 1 0 0 0 0 0 0 0 0 0 0 0 0 0 0 0 0 0 0 0 4 0 0 0 0 0 0 0 0 0 0 0 0 0 0 0 0 0 0 0 0 0 0 0 0 0 0 0 0 0 0 0 0 0 0 0 0 0 0 0 0 0 0 0 0 0 0 0 0 0 0 0 0 0 0 0 0 0 0 0 data 43 0x10007 0x149c 0x30 0x0 0xb0002 0x0 0x100005 0x149c 0x0 0x0 0x0 0x0 0x0 0x130007 0x149c 0x30 0x0 0x1d0002 0x0 0x220007 0x149c 0x30 0x0 0x2c0002 0x0 0x8000000400330005 0x14a0 0x0 0x0 0x0 0x0 0x0 0x0 0x0 0x0 0x0 0x0 0x0 0x9 0x3 0x0 0x0 0x0 oops 0 methods 0
ciMethod java/util/Arrays$ArrayList indexOf (Ljava/lang/Object;)I 552 1244 3493 0 1240
ciMethod java/util/Arrays$ArrayList contains (Ljava/lang/Object;)Z 512 0 9952 0 1256
ciMethod java/util/regex/Pattern compile (Ljava/lang/String;)Ljava/util/regex/Pattern; 8 0 150965 0 368
ciMethod java/util/regex/Pattern matcher (Ljava/lang/CharSequence;)Ljava/util/regex/Matcher; 182 0 9356 0 2472
ciMethod java/util/regex/Pattern matches (Ljava/lang/String;Ljava/lang/CharSequence;)Z 606 0 17436 0 0
ciMethod java/util/regex/Pattern split (Ljava/lang/CharSequence;I)[Ljava/lang/String; 274 0 3457 0 -1
ciMethod java/util/regex/Pattern splitWithDelimiters (Ljava/lang/CharSequence;I)[Ljava/lang/String; 0 0 1 0 -1
ciMethod java/util/regex/Pattern <init> (Ljava/lang/String;I)V 8 0 17581 0 552
ciMethod java/util/regex/Pattern normalize (Ljava/lang/String;)Ljava/lang/String; 0 0 1 0 -1
ciMethod java/util/regex/Pattern RemoveQEQuoting ()V 400 3116 6098 0 -1
ciMethod java/util/regex/Pattern compile ()V 236 1644 7863 0 -1
ciMethod java/util/regex/Pattern has (I)Z 1024 0 265174 0 -1
ciMethod java/util/regex/Pattern peek ()I 514 0 158225 0 -1
ciMethod java/util/regex/Pattern error (Ljava/lang/String;)Ljava/util/regex/PatternSyntaxException; 0 0 1 0 0
ciMethod java/util/regex/Pattern isSupplementary (I)Z 596 0 85517 0 -1
ciMethod java/util/regex/Pattern expr (Ljava/util/regex/Pattern$Node;)Ljava/util/regex/Pattern$Node; 468 14 9475 0 -1
ciMethod java/util/regex/Pattern newSlice ([IIZ)Ljava/util/regex/Pattern$Node; 134 996 7462 0 -1
ciMethod java/util/regex/Pattern$Node match (Ljava/util/regex/Matcher;ILjava/lang/CharSequence;)Z 514 0 10175 0 -1
ciMethod java/util/regex/Pattern$Start <init> (Ljava/util/regex/Pattern$Node;)V 272 0 7615 0 -1
ciMethod java/util/regex/Matcher <init> (Ljava/util/regex/Pattern;Ljava/lang/CharSequence;)V 456 0 9356 0 0
ciMethod java/util/regex/Matcher reset ()Ljava/util/regex/Matcher; 256 5572 5882 0 808
ciMethod java/util/regex/Matcher matches ()Z 792 0 33856 0 0
ciMethod java/util/regex/Matcher match (II)Z 210 4200 4976 0 736
ciMethod java/util/regex/Matcher getTextLength ()I 270 0 11304 0 0
ciMethod java/util/regex/IntHashSet clear ()V 0 0 1 0 0
ciMethodData java/util/ArrayList add (Ljava/lang/Object;)Z 2 1164142 orig 80 0 0 0 0 0 0 0 0 0 0 0 0 0 0 0 0 0 0 0 0 0 0 0 0 0 0 0 0 0 0 0 0 0 0 0 0 0 0 0 0 0 0 0 0 0 0 0 0 0 0 0 0 0 0 0 0 0 0 0 0 0 0 0 0 0 0 0 0 0 0 0 0 0 0 0 0 0 0 0 0 data 17 0x140005 0x11c36e 0x0 0x0 0x0 0x0 0x0 0x0 0x0 0x0 0x0 0x0 0x0 0x9 0x2 0xe 0x0 oops 0 methods 0
ciMethodData java/util/ArrayList add (Ljava/lang/Object;[Ljava/lang/Object;I)V 2 1164140 orig 80 0 0 0 0 0 0 0 0 0 0 0 0 0 0 0 0 0 0 0 0 0 0 0 0 0 0 0 0 0 0 0 0 0 0 0 0 0 0 0 0 0 0 0 0 0 0 0 0 0 0 0 0 0 0 0 0 0 0 0 0 0 0 0 0 0 0 0 0 0 0 0 0 0 0 0 0 0 0 0 0 data 30 0x30007 0xe8767 0x58 0x33c05 0x70005 0x33c05 0x0 0x0 0x0 0x0 0x0 0xe0104 0x0 0x0 0x1befdcdd538 0x5a7 0x1befdcdd4a8 0xc89ed 0x0 0x0 0x0 0x0 0x0 0x0 0x9 0x4 0xc 0x0 0xffffffffffffffff 0x0 oops 2 14 java/lang/Class 16 java/lang/String methods 0
ciMethodData java/util/ArrayList grow ()[Ljava/lang/Object; 2 212539 orig 80 0 0 0 0 0 0 0 0 0 0 0 0 0 0 0 0 0 0 0 0 0 0 0 0 0 0 0 0 0 0 0 0 0 0 0 0 0 0 0 0 0 0 0 0 0 0 0 0 0 0 0 0 0 0 0 0 0 0 0 0 0 0 0 0 0 0 0 0 0 0 0 0 0 0 0 0 0 0 0 0 data 16 0x70005 0x33e3b 0x0 0x0 0x0 0x0 0x0 0x0 0x0 0x0 0x0 0x0 0x0 0x9 0x1 0xc oops 0 methods 0
ciMethodData java/util/ArrayList grow (I)[Ljava/lang/Object; 2 5120 orig 80 0 0 0 0 0 0 0 0 0 0 0 0 0 0 0 0 0 0 0 0 0 0 0 0 0 0 0 0 0 0 0 0 0 0 0 0 0 0 0 0 0 0 0 0 0 0 0 0 0 0 0 0 0 0 0 0 0 0 0 0 0 0 0 0 0 0 0 0 0 0 0 0 0 0 0 0 0 0 0 0 data 24 0x70007 0xa65 0x40 0x99b 0x110007 0x99a 0x40 0x1 0x1b0002 0xa66 0x250002 0xa66 0x310002 0x99a 0x0 0x0 0x0 0x0 0x0 0x0 0x9 0x2 0xc 0x0 oops 0 methods 0
ciMethodData java/util/Arrays copyOf ([Ljava/lang/Object;I)[Ljava/lang/Object; 2 22583 orig 80 0 0 0 0 0 0 0 0 0 0 0 0 0 0 0 0 0 0 0 0 0 0 0 0 0 0 0 0 0 0 0 0 0 0 0 0 0 0 0 0 0 0 0 0 0 0 0 0 0 0 0 0 0 0 0 0 0 0 0 0 0 0 0 0 0 0 0 0 0 0 0 0 0 0 0 0 0 0 0 0 data 19 0x30005 0x5837 0x0 0x0 0x0 0x0 0x0 0x60002 0x5837 0x0 0x0 0x0 0x0 0x0 0x0 0x9 0x2 0xffffffffffffffff 0x0 oops 0 methods 0
ciMethodData java/lang/StringConcatHelper newString ([BJ)Ljava/lang/String; 2 13318 orig 80 1 0 0 0 0 0 0 0 0 0 0 0 0 0 0 0 0 0 0 0 0 0 0 0 0 0 0 0 0 0 0 0 0 0 0 0 0 0 0 1 0 0 0 0 0 0 0 0 0 0 0 0 0 0 0 0 0 0 0 0 0 0 0 0 0 0 0 0 0 0 0 0 0 0 0 0 0 0 0 0 data 55 0x8000000600030007 0x1 0x30 0x3406 0xc0002 0x3406 0x150007 0x0 0x30 0x1 0x1e0002 0x1 0x2a0002 0x0 0x2f0005 0x0 0x0 0x0 0x0 0x0 0x0 0x340005 0x0 0x0 0x0 0x0 0x0 0x0 0x390005 0x0 0x0 0x0 0x0 0x0 0x0 0x3c0005 0x0 0x0 0x0 0x0 0x0 0x0 0x3f0002 0x0 0x0 0x0 0x0 0x0 0x0 0x0 0x9 0x3 0x0 0x0 0x0 oops 0 methods 0
ciMethodData java/util/ArrayList <init> ()V 2 1766920 orig 80 0 0 0 0 0 0 0 0 0 0 0 0 0 0 0 0 0 0 0 0 0 0 0 0 0 0 0 0 0 0 0 0 0 0 0 0 0 0 0 0 0 0 0 0 0 0 0 0 0 0 0 0 0 0 0 0 0 0 0 0 0 0 0 0 0 0 0 0 0 0 0 0 0 0 0 0 0 0 0 0 data 9 0x10002 0x1af608 0x0 0x0 0x0 0x0 0x9 0x1 0x0 oops 0 methods 0
ciMethodData java/util/AbstractList <init> ()V 2 1855106 orig 80 0 0 0 0 0 0 0 0 0 0 0 0 0 0 0 0 0 0 0 0 0 0 0 0 0 0 0 0 0 0 0 0 0 0 0 0 0 0 0 0 0 0 0 0 0 0 0 0 0 0 0 0 0 0 0 0 0 0 0 0 0 0 0 0 0 0 0 0 0 0 0 0 0 0 0 0 0 0 0 0 data 9 0x10002 0x1c4e82 0x0 0x0 0x0 0x0 0x9 0x1 0x6 oops 0 methods 0
ciMethodData java/util/regex/Pattern compile (Ljava/lang/String;)Ljava/util/regex/Pattern; 2 150977 orig 80 0 0 0 0 0 0 0 0 0 0 0 0 0 0 0 0 0 0 0 0 0 0 0 0 0 0 0 0 0 0 0 0 0 0 0 0 0 0 0 0 0 0 0 0 0 0 0 0 0 0 0 0 0 0 0 0 0 0 0 0 0 0 0 0 0 0 0 0 0 0 0 0 0 0 0 0 0 0 0 0 data 8 0x60002 0x24dc1 0x0 0x0 0x0 0x9 0x1 0x0 oops 0 methods 0
ciMethodData java/util/regex/Pattern <init> (Ljava/lang/String;I)V 2 17577 orig 80 0 0 0 0 0 0 0 0 0 0 0 0 0 0 0 0 0 0 0 0 0 0 0 0 0 0 0 0 0 0 0 0 0 0 0 0 0 0 0 0 0 0 0 0 0 0 0 0 0 0 0 0 0 0 0 0 0 0 0 0 0 0 0 0 0 0 0 0 0 0 0 0 0 0 0 0 0 0 0 0 data 83 0x10002 0x44a9 0x90007 0x44a9 0xf8 0x0 0x140002 0x0 0x190005 0x0 0x0 0x0 0x0 0x0 0x0 0x1d0002 0x0 0x200005 0x0 0x0 0x0 0x0 0x0 0x0 0x230005 0x0 0x0 0x0 0x0 0x0 0x0 0x260002 0x0 0x3c0007 0x44a9 0x20 0x0 0x650005 0x44a9 0x0 0x0 0x0 0x0 0x0 0x680007 0x0 0xa8 0x44a9 0x6c0005 0x44a9 0x0 0x0 0x0 0x0 0x0 0x6f0003 0x44a9 0x60 0x760005 0x0 0x0 0x0 0x0 0x0 0x0 0x820002 0x0 0x0 0x0 0x0 0x0 0x0 0x0 0x0 0x0 0x0 0x0 0x0 0x9 0x3 0xffffffffffffffff 0x0 0x0 oops 0 methods 0
ciMethodData java/util/regex/Pattern matcher (Ljava/lang/CharSequence;)Ljava/util/regex/Matcher; 2 9265 orig 80 0 0 0 0 0 0 0 0 0 0 0 0 0 0 0 0 0 0 0 0 0 0 0 0 0 0 0 0 0 0 0 0 0 0 0 0 0 0 0 0 0 0 0 0 0 0 0 0 0 0 0 0 0 0 0 0 0 0 0 0 0 0 0 0 0 0 0 0 0 0 0 0 0 0 0 0 0 0 0 0 data 30 0x40007 0x2431 0x90 0x0 0xf0007 0x0 0x58 0x0 0x130005 0x0 0x0 0x0 0x0 0x0 0x0 0x180003 0x0 0x18 0x260002 0x2431 0x0 0x0 0x0 0x0 0x0 0x0 0x9 0x2 0x0 0x0 oops 0 methods 0
ciMethod  @bci com/st/microxplorer/mcu/ContextAllowed$ContextSplit removeContext (Lcom/st/microxplorer/mcu/Context;)V 16 <appendix> argL1 argL0 argL0 form vmentry <vmtarget> ; invoke (Ljava/lang/Object;JLjava/lang/Object;Ljava/lang/Object;)J 540 0 346549 0 -1
ciMethodData  @bci com/st/microxplorer/mcu/ContextAllowed$ContextSplit removeContext (Lcom/st/microxplorer/mcu/Context;)V 16 <appendix> argL1 argL0 argL0 form vmentry <vmtarget> ; invoke (Ljava/lang/Object;JLjava/lang/Object;Ljava/lang/Object;)J 2 346279 orig 80 0 0 0 0 0 0 0 0 0 0 0 0 0 0 0 0 0 0 0 0 0 0 0 0 0 0 0 0 0 0 0 0 0 0 0 0 0 0 0 0 0 0 0 0 0 0 0 0 0 0 0 0 0 0 0 0 0 0 0 0 0 0 0 0 0 0 0 0 0 0 0 0 0 0 0 0 0 0 0 0 data 45 0x10004 0x0 0x0 0x1be9511d918 0x2323 0x0 0x0 0x130004 0x0 0x0 0x1befdcdf948 0x2323 0x0 0x0 0x1c000b 0x548a7 0x0 0x0 0x0 0x0 0x0 0x4 0x3 0x1befdcf2cb0 0x4 0x1befdcdd4a8 0x0 0x0 0x0 0x0 0x0 0x0 0x9 0x5 0x0 0x0 0x0 0x0 0x0 0xc 0x4 0x0 0x1be9511d918 0x3 0x1befdcf2cb0 oops 6 3 java/lang/invoke/BoundMethodHandle$Species_LL 10 java/lang/invoke/DirectMethodHandle 23 [B 25 java/lang/String 42 java/lang/invoke/BoundMethodHandle$Species_LL 44 [B methods 0
ciMethod  @bci com/st/microxplorer/mcu/ContextAllowed$ContextSplit removeContext (Lcom/st/microxplorer/mcu/Context;)V 16 <appendix> argL1 argL0 argL1 form vmentry <vmtarget> ; invoke (Ljava/lang/Object;JLjava/lang/Object;I)J 518 0 15164 0 -1
ciMethodData  @bci com/st/microxplorer/mcu/ContextAllowed$ContextSplit removeContext (Lcom/st/microxplorer/mcu/Context;)V 16 <appendix> argL1 argL0 argL1 form vmentry <vmtarget> ; invoke (Ljava/lang/Object;JLjava/lang/Object;I)J 2 14905 orig 80 0 0 0 0 0 0 0 0 0 0 0 0 0 0 0 0 0 0 0 0 0 0 0 0 0 0 0 0 0 0 0 0 0 0 0 0 0 0 0 0 0 0 0 0 0 0 0 0 0 0 0 0 0 0 0 0 0 0 0 0 0 0 0 0 0 0 0 0 0 0 0 0 0 0 0 0 0 0 0 0 data 45 0x10004 0x0 0x0 0x1be9511d918 0xccb 0x0 0x0 0x130004 0x0 0x0 0x1befdcdf948 0xccb 0x0 0x0 0x1c000b 0x3a39 0x0 0x0 0x0 0x0 0x0 0x4 0x3 0x1befdcf2cb0 0x5 0x1befdcdd4a9 0x0 0x0 0x0 0x0 0x0 0x0 0x9 0x5 0x0 0x0 0x0 0x0 0x0 0xc 0x4 0x0 0x1be9511d918 0x3 0x1befdcf2cb0 oops 6 3 java/lang/invoke/BoundMethodHandle$Species_LL 10 java/lang/invoke/DirectMethodHandle 23 [B 25 java/lang/String 42 java/lang/invoke/BoundMethodHandle$Species_LL 44 [B methods 0
ciMethodData java/util/HashMap containsKey (Ljava/lang/Object;)Z 2 9897 orig 80 0 0 0 0 0 0 0 0 0 0 0 0 0 0 0 0 0 0 0 0 0 0 0 0 0 0 0 0 0 0 0 0 0 0 0 0 0 0 0 0 0 0 0 0 0 0 0 0 0 0 0 0 0 0 0 0 0 0 0 0 0 0 0 0 0 0 0 0 0 0 0 0 0 0 0 0 0 0 0 0 data 24 0x20005 0x26a9 0x0 0x0 0x0 0x0 0x0 0x50007 0x1a76 0x38 0xc33 0x90003 0xc33 0x18 0x0 0x0 0x0 0x0 0x0 0x0 0x9 0x2 0x0 0xffffffffffffffff oops 0 methods 0
ciMethodData java/lang/invoke/DirectMethodHandle internalMemberName (Ljava/lang/Object;)Ljava/lang/Object; 2 1811289 orig 80 1 0 0 0 0 0 0 0 0 0 0 0 0 0 0 0 0 0 0 0 4 0 0 0 0 0 0 0 0 0 0 0 0 0 0 0 0 0 0 0 0 0 0 0 0 0 0 0 0 0 0 0 0 0 0 0 0 0 0 0 0 0 0 0 0 0 0 0 0 0 0 0 0 0 0 0 0 0 0 0 data 16 0x8000000400010004 0x0 0x0 0x1befdcdf948 0x10c41 0x1be9511f528 0x16 0x0 0x0 0x0 0x0 0x0 0x0 0x9 0x1 0x0 oops 2 3 java/lang/invoke/DirectMethodHandle 5 java/lang/invoke/DirectMethodHandle$Interface methods 0
ciMethodData java/util/ArrayList indexOfRange (Ljava/lang/Object;II)I 2 4147 orig 80 1 0 0 0 0 0 0 0 0 0 0 0 0 0 0 0 0 0 0 0 0 0 0 0 0 0 0 0 0 0 0 0 0 0 0 0 0 0 0 3 0 0 0 0 0 0 0 0 0 0 0 0 0 0 0 0 0 0 0 0 0 0 0 0 0 0 0 0 0 0 0 0 0 0 0 0 0 0 0 0 data 48 0x8000000600070007 0xfb2 0x90 0x84 0x100007 0x71 0x58 0x2b5 0x180007 0x2a2 0x20 0x13 0x210003 0x2a2 0xffffffffffffffc0 0x240003 0x71 0xa8 0x2d0007 0x4bb 0x90 0x93ed 0x360005 0xdd1 0x0 0x1befdcdd4a8 0x860c 0x1be95520e38 0x10 0x390007 0x88f6 0x20 0xaf7 0x420003 0x88f6 0xffffffffffffff88 0x0 0x0 0x0 0x0 0x0 0x0 0x9 0x4 0x0 0xffffffffffffffff 0x0 0x0 oops 2 25 java/lang/String 27 org/apache/xerces/impl/XMLErrorReporter methods 0
ciMethodData java/util/ArrayList contains (Ljava/lang/Object;)Z 2 112940 orig 80 1 0 0 0 0 0 0 0 0 0 0 0 0 0 0 0 0 0 0 0 0 0 0 0 0 0 0 0 0 0 0 0 0 0 0 0 0 0 0 0 0 0 0 0 0 0 0 0 0 0 0 0 0 0 0 0 0 0 0 0 0 0 0 0 0 0 0 0 0 0 0 0 0 0 0 0 0 0 0 0 data 24 0x20005 0x0 0x0 0x1befdce0e78 0x1b92c 0x0 0x0 0x50007 0x12149 0x38 0x97e4 0x90003 0x97e4 0x18 0x0 0x0 0x0 0x0 0x0 0x0 0x9 0x2 0x0 0x0 oops 1 3 java/util/ArrayList methods 0
ciMethodData java/util/ArrayList indexOf (Ljava/lang/Object;)I 2 113723 orig 80 1 0 0 0 0 0 0 0 0 0 0 0 0 0 0 0 0 0 0 0 0 0 0 0 0 0 0 0 0 0 0 0 0 0 0 0 0 0 0 0 0 0 0 0 0 0 0 0 0 0 0 0 0 0 0 0 0 0 0 0 0 0 0 0 0 0 0 0 0 0 0 0 0 0 0 0 0 0 0 0 data 17 0x70005 0x0 0x0 0x1befdce0e78 0x1bc3b 0x0 0x0 0x0 0x0 0x0 0x0 0x0 0x0 0x9 0x2 0x0 0x0 oops 1 3 java/util/ArrayList methods 0
ciMethodData java/util/regex/Matcher reset ()Ljava/util/regex/Matcher; 2 5754 orig 80 1 0 0 0 0 0 0 0 0 0 0 0 0 0 0 0 0 0 0 0 0 0 0 0 0 0 0 0 0 0 0 0 0 0 0 0 0 0 0 1 0 0 0 0 0 0 0 0 0 0 0 0 0 0 0 0 0 0 0 0 0 0 0 0 0 0 0 0 0 0 0 0 0 0 0 0 0 0 0 0 data 53 0x170007 0x167a 0x38 0x1c23c 0x240003 0x1c23c 0xffffffffffffffe0 0x2f0007 0x167a 0x38 0x7a4 0x3c0003 0x7a4 0xffffffffffffffe0 0x8000000600470007 0x167b 0x90 0x1 0x500007 0x1 0x58 0x0 0x590005 0x0 0x0 0x0 0x0 0x0 0x0 0x5f0003 0x1 0xffffffffffffff88 0x6e0005 0x167b 0x0 0x0 0x0 0x0 0x0 0x0 0x0 0x0 0x0 0x0 0x0 0x0 0x0 0x0 0x0 0x0 0x9 0x1 0x7e oops 0 methods 0
ciMethodData java/util/regex/Matcher getTextLength ()I 2 11169 orig 80 0 0 0 0 0 0 0 0 0 0 0 0 0 0 0 0 0 0 0 0 0 0 0 0 0 0 0 0 0 0 0 0 0 0 0 0 0 0 0 0 0 0 0 0 0 0 0 0 0 0 0 0 0 0 0 0 0 0 0 0 0 0 0 0 0 0 0 0 0 0 0 0 0 0 0 0 0 0 0 0 data 16 0x40005 0x0 0x0 0x1befdcdd4a8 0x2ba1 0x0 0x0 0x0 0x0 0x0 0x0 0x0 0x0 0x9 0x1 0x0 oops 1 3 java/lang/String methods 0
ciMethodData java/lang/invoke/DirectMethodHandle$Holder invokeStatic (Ljava/lang/Object;Ljava/lang/Object;)Ljava/lang/Object; 2 348119 orig 80 0 0 0 0 0 0 0 0 0 0 0 0 0 0 0 0 0 0 0 0 0 0 0 0 0 0 0 0 0 0 0 0 0 0 0 0 0 0 0 0 0 0 0 0 0 0 0 0 0 0 0 0 0 0 0 0 0 0 0 0 0 0 0 0 0 0 0 0 0 0 0 0 0 0 0 0 0 0 0 0 data 37 0x1000a 0x54fd7 0x3 0x0 0x1befdcdf948 0x1befdcdfaf8 0x70004 0x0 0x0 0x0 0x0 0x0 0x0 0xa000a 0x54fd7 0x5 0x0 0x2 0x1 0x1befdcdfaf8 0x2 0x0 0x0 0x0 0x0 0x0 0x0 0x9 0x2 0x0 0x0 0xc 0x4 0x0 0x1befdcdf948 0x1 0x2 oops 4 4 java/lang/invoke/DirectMethodHandle 5 java/lang/invoke/MemberName 19 java/lang/invoke/MemberName 34 java/lang/invoke/DirectMethodHandle methods 0
ciMethodData java/lang/invoke/DirectMethodHandle$Holder invokeStatic (Ljava/lang/Object;JLjava/lang/Object;)J 2 346253 orig 80 0 0 0 0 0 0 0 0 0 0 0 0 0 0 0 0 0 0 0 0 0 0 0 0 0 0 0 0 0 0 0 0 0 0 0 0 0 0 0 0 0 0 0 0 0 0 0 0 0 0 0 0 0 0 0 0 0 0 0 0 0 0 0 0 0 0 0 0 0 0 0 0 0 0 0 0 0 0 0 0 data 38 0x1000a 0x5488d 0x3 0x0 0x1befdcdf948 0x1befdcdfaf8 0xa0004 0x0 0x0 0x0 0x0 0x0 0x0 0xd000a 0x5488d 0x4 0x2 0x1befdcdd4a8 0x3 0x1befdcdfaf8 0x0 0x0 0x0 0x0 0x0 0x0 0x9 0x4 0x0 0x0 0x0 0x0 0xc 0x4 0x0 0x1befdcdf948 0x3 0x1befdcdd4a8 oops 6 4 java/lang/invoke/DirectMethodHandle 5 java/lang/invoke/MemberName 17 java/lang/String 19 java/lang/invoke/MemberName 35 java/lang/invoke/DirectMethodHandle 37 java/lang/String methods 0
ciMethodData java/lang/invoke/DirectMethodHandle$Holder invokeStatic (Ljava/lang/Object;JLjava/lang/Object;Ljava/lang/Object;Ljava/lang/Object;)J 2 346287 orig 80 0 0 0 0 0 0 0 0 0 0 0 0 0 0 0 0 0 0 0 0 0 0 0 0 0 0 0 0 0 0 0 0 0 0 0 0 0 0 0 0 0 0 0 0 0 0 0 0 0 0 0 0 0 0 0 0 0 0 0 0 0 0 0 0 0 0 0 0 0 0 0 0 0 0 0 0 0 0 0 0 data 40 0x1000a 0x548af 0x3 0x0 0x1befdcdf948 0x1befdcdfaf8 0xe0004 0x0 0x0 0x0 0x0 0x0 0x0 0x11000a 0x548af 0x4 0x2 0x1befdcf2cb0 0x3 0x1befdcdd4a8 0x0 0x0 0x0 0x0 0x0 0x0 0x9 0x6 0x0 0x0 0x0 0x0 0x0 0x0 0xc 0x4 0x0 0x1befdcdf948 0x3 0x1befdcf2cb0 oops 6 4 java/lang/invoke/DirectMethodHandle 5 java/lang/invoke/MemberName 17 [B 19 java/lang/String 37 java/lang/invoke/DirectMethodHandle 39 [B methods 0
ciMethodData java/lang/StringConcatHelper prepend (J[BLjava/lang/String;Ljava/lang/String;)J 2 9547 orig 80 0 0 0 0 0 0 0 0 0 0 0 0 0 0 0 0 0 0 0 0 0 0 0 0 0 0 0 0 0 0 0 0 0 0 0 0 0 0 0 0 0 0 0 0 0 0 0 0 0 0 0 0 0 0 0 0 0 0 0 0 0 0 0 0 0 0 0 0 0 0 0 0 0 0 0 0 0 0 0 0 data 21 0x30002 0x254b 0x90007 0xdd6 0x30 0x1775 0x100002 0x1775 0x0 0x0 0x0 0x0 0x0 0x0 0x9 0x5 0x0 0x0 0x0 0x0 0x0 oops 0 methods 0
ciMethodData java/lang/invoke/DirectMethodHandle$Holder invokeStatic (Ljava/lang/Object;Ljava/lang/Object;J)Ljava/lang/Object; 2 212858 orig 80 0 0 0 0 0 0 0 0 0 0 0 0 0 0 0 0 0 0 0 0 0 0 0 0 0 0 0 0 0 0 0 0 0 0 0 0 0 0 0 0 0 0 0 0 0 0 0 0 0 0 0 0 0 0 0 0 0 0 0 0 0 0 0 0 0 0 0 0 0 0 0 0 0 0 0 0 0 0 0 0 data 39 0x1000a 0x33f7a 0x3 0x0 0x1befdcdf948 0x1befdcdfaf8 0xa0004 0x0 0x0 0x0 0x0 0x0 0x0 0xd000a 0x33f7a 0x5 0x0 0x2 0x3 0x1befdcdfaf8 0x2 0x0 0x0 0x0 0x0 0x0 0x0 0x9 0x4 0x0 0x0 0x0 0x0 0xc 0x4 0x0 0x1befdcdf948 0x1 0x2 oops 4 4 java/lang/invoke/DirectMethodHandle 5 java/lang/invoke/MemberName 19 java/lang/invoke/MemberName 36 java/lang/invoke/DirectMethodHandle methods 0
ciMethod  @bci com/st/library/analyticscore/initialization/configuration/ConfigurationRetriever getToolHeader ()Ljava/lang/String; 11 <appendix> argL1 form vmentry <vmtarget> ; invoke (Ljava/lang/Object;JLjava/lang/Object;ILjava/lang/Object;)J 1022 0 8593 0 -1
ciMethod  @bci com/st/library/analyticscore/initialization/configuration/ConfigurationRetriever getToolHeader ()Ljava/lang/String; 11 <appendix> argL3 form vmentry <vmtarget> ; invoke (Ljava/lang/Object;ILjava/lang/Object;)J 1024 0 8582 0 -1
ciMethod  @bci com/st/library/analyticscore/initialization/configuration/ConfigurationRetriever getToolHeader ()Ljava/lang/String; 11 <appendix> form vmentry <vmtarget> ; invoke (Ljava/lang/Object;ILjava/lang/Object;)Ljava/lang/Object; 1024 0 8576 0 -1
ciMethod com/st/microxplorer/util/LogicalParser getVariables (Ljava/lang/String;Z)Ljava/util/ArrayList; 378 1040 4285 0 -1
ciMethod com/bestcode/mathparser/MathParserImpl getFunctions ()[Ljava/lang/String; 2 54 1 0 -1
ciMethod java/util/regex/Pattern$BnM optimize (Ljava/util/regex/Pattern$Node;)Ljava/util/regex/Pattern$Node; 116 1820 9939 0 -1
ciMethodData java/util/regex/Pattern compile ()V 2 7745 orig 80 0 0 0 0 0 0 0 0 0 0 0 0 0 0 0 0 0 0 0 0 0 0 0 0 0 0 0 0 0 0 0 0 0 0 0 0 0 0 0 0 0 0 0 0 0 0 0 0 0 0 0 0 0 0 0 0 0 0 0 0 0 0 0 0 0 0 0 0 0 0 0 0 0 0 0 0 0 0 0 0 data 318 0x40005 0x1e41 0x0 0x0 0x0 0x0 0x0 0x70007 0x1e41 0xa0 0x0 0xd0005 0x0 0x0 0x0 0x0 0x0 0x0 0x100007 0x0 0x48 0x0 0x180002 0x0 0x1e0003 0x0 0x18 0x2e0005 0x1e41 0x0 0x0 0x0 0x0 0x0 0x4e0007 0x1e41 0xb0 0xe075 0x560005 0xe075 0x0 0x0 0x0 0x0 0x0 0x5b0002 0xe075 0x5e0007 0xe075 0x20 0x0 0x720002 0xe075 0x770003 0xe075 0xffffffffffffff68 0x820005 0x1e41 0x0 0x0 0x0 0x0 0x0 0x850007 0x0 0x58 0x1e41 0x890005 0x1e41 0x0 0x0 0x0 0x0 0x0 0xa90002 0x1e41 0xb20005 0x1e41 0x0 0x0 0x0 0x0 0x0 0xb50007 0x1e41 0x70 0x0 0xc60005 0x0 0x0 0x0 0x0 0x0 0x0 0xd60003 0x0 0x1b0 0xde0005 0x1e41 0x0 0x0 0x0 0x0 0x0 0xec0007 0x1e41 0x160 0x0 0xf00005 0x0 0x0 0x0 0x0 0x0 0x0 0xf50007 0x0 0x58 0x0 0xfc0005 0x0 0x0 0x0 0x0 0x0 0x0 0x10a0007 0x0 0x78 0x0 0x11a0007 0x0 0x58 0x0 0x1210005 0x0 0x0 0x0 0x0 0x0 0x0 0x1290005 0x0 0x0 0x0 0x0 0x0 0x0 0x1310004 0xffffffffffffe2a1 0x0 0x1be95da4ce8 0xa 0x1be995528a8 0xe2 0x1340007 0x1d5f 0xc0 0xe2 0x13c0002 0xe2 0x14a0007 0xdd 0x1b0 0x5 0x1520007 0x5 0x48 0x0 0x15d0002 0x0 0x1600003 0x0 0x28 0x16b0002 0x5 0x1710003 0x5 0x138 0x1780004 0xffffffffffffe2ad 0x0 0x1be95da4ce8 0xa 0x1be99551930 0x2 0x17b0007 0xc 0x78 0x1d53 0x1820004 0xffffffffffffe2ad 0x0 0x1be95da4ce8 0xa 0x1be99551930 0x2 0x1850007 0x1d53 0x38 0x0 0x1900003 0xc 0x70 0x1980007 0xd64 0x48 0xfef 0x1a30002 0xfef 0x1a60003 0xfef 0x28 0x1b10002 0xd64 0x1bb0007 0x0 0x1c8 0x1e41 0x1c20005 0x0 0x0 0x1befdce0e78 0x1e41 0x0 0x0 0x1c90005 0x0 0x0 0x1be95da4d98 0x1e45 0x0 0x0 0x1ce0007 0x1e41 0x138 0x4 0x1d20005 0x0 0x0 0x1be95da4d98 0x4 0x0 0x0 0x1d70004 0x0 0x0 0x1be95da0c80 0x4 0x0 0x0 0x1de0004 0x0 0x0 0x1be95da0c80 0x4 0x0 0x0 0x1e10007 0x0 0x58 0x4 0x1e60004 0x0 0x0 0x1be95da0c80 0x4 0x0 0x0 0x1f70003 0x4 0xfffffffffffffea8 0x0 0x0 0x0 0x0 0x0 0x0 0x0 0x0 0x0 0x0 0x0 0x0 0x0 0x0 0x0 0x0 0x0 0x0 0x0 0x0 0x0 0x0 0x0 0x0 0x0 0x0 0x0 0x0 0x0 0x0 0x0 0x0 0x0 0x0 0x0 0x0 0x0 0x0 0x0 0x0 0x0 0x0 0x0 0x9 0x1 0x0 oops 12 151 java/util/regex/Pattern$CharPropertyGreedy 153 java/util/regex/Pattern$Slice 182 java/util/regex/Pattern$CharPropertyGreedy 184 java/util/regex/Pattern$GroupHead 193 java/util/regex/Pattern$CharPropertyGreedy 195 java/util/regex/Pattern$GroupHead 222 java/util/ArrayList 229 java/util/ArrayList$Itr 240 java/util/ArrayList$Itr 247 java/util/regex/Pattern$Loop 254 java/util/regex/Pattern$Loop 265 java/util/regex/Pattern$Loop methods 0
ciMethodData java/util/regex/Matcher <init> (Ljava/util/regex/Pattern;Ljava/lang/CharSequence;)V 2 9128 orig 80 0 0 0 0 0 0 0 0 0 0 0 0 0 0 0 0 0 0 0 0 0 0 0 0 0 0 0 0 0 0 0 0 0 0 0 0 0 0 0 0 0 0 0 0 0 0 0 0 0 0 0 0 0 0 0 0 0 0 0 0 0 0 0 0 0 0 0 0 0 0 0 0 0 0 0 0 0 0 0 0 data 25 0x10002 0x23a8 0x370002 0x23a8 0x5a0005 0x23a8 0x0 0x0 0x0 0x0 0x0 0x0 0x0 0x0 0x0 0x0 0x0 0x0 0x0 0x0 0x9 0x3 0x3fe 0x0 0x0 oops 0 methods 0
ciMethod java/util/regex/Pattern$StartS <init> (Ljava/util/regex/Pattern$Node;)V 6 0 4079 0 -1
ciMethodData java/util/regex/Pattern error (Ljava/lang/String;)Ljava/util/regex/PatternSyntaxException; 1 0 orig 80 0 0 0 0 0 0 0 0 0 0 0 0 0 0 0 0 0 0 0 0 0 0 0 0 0 0 0 0 0 0 0 0 0 0 0 0 0 0 0 0 0 0 0 0 0 0 0 0 0 0 0 0 0 0 0 0 0 0 0 0 0 0 0 0 0 0 0 0 0 0 0 0 0 0 0 0 0 0 0 0 data 10 0xf0002 0x0 0x0 0x0 0x0 0x0 0x9 0x2 0x0 0xffffffffffffffff oops 0 methods 0
ciMethodData java/lang/invoke/DelegatingMethodHandle$Holder reinvoke_L (Ljava/lang/Object;JLjava/lang/Object;)J 2 190027 orig 80 0 0 0 0 0 0 0 0 0 0 0 0 0 0 0 0 0 0 0 0 0 0 0 0 0 0 0 0 0 0 0 0 0 0 0 0 0 0 0 0 0 0 0 0 0 0 0 0 0 0 0 0 0 0 0 0 0 0 0 0 0 0 0 0 0 0 0 0 0 0 0 0 0 0 0 0 0 0 0 0 data 42 0x10004 0x0 0x0 0x1be98af9600 0x2090 0x0 0x0 0xb0004 0x0 0x0 0x1befdcdf948 0x2090 0x0 0x0 0x10000b 0x2e64b 0x0 0x0 0x0 0x0 0x0 0x2 0x3 0x1befdcdd4a8 0x0 0x0 0x0 0x0 0x0 0x0 0x9 0x4 0x0 0x0 0x0 0x0 0xc 0x4 0x0 0x1be98af9600 0x3 0x1befdcdd4a8 oops 5 3 java/lang/invoke/BoundMethodHandle$Species_L 10 java/lang/invoke/DirectMethodHandle 23 java/lang/String 39 java/lang/invoke/BoundMethodHandle$Species_L 41 java/lang/String methods 0
ciMethodData java/lang/invoke/DirectMethodHandle$Holder invokeStatic (Ljava/lang/Object;J)Ljava/lang/Object; 2 132720 orig 80 0 0 0 0 0 0 0 0 0 0 0 0 0 0 0 0 0 0 0 0 0 0 0 0 0 0 0 0 0 0 0 0 0 0 0 0 0 0 0 0 0 0 0 0 0 0 0 0 0 0 0 0 0 0 0 0 0 0 0 0 0 0 0 0 0 0 0 0 0 0 0 0 0 0 0 0 0 0 0 0 data 34 0x1000a 0x20670 0x3 0x0 0x1befdcdf948 0x1befdcdfaf8 0x70004 0x0 0x0 0x0 0x0 0x0 0x0 0xa000a 0x20670 0x3 0x2 0x1befdcdfaf8 0x1befdcf2cb0 0x0 0x0 0x0 0x0 0x0 0x0 0x9 0x3 0x0 0x0 0x0 0xc 0x2 0x0 0x1befdcdf948 oops 5 4 java/lang/invoke/DirectMethodHandle 5 java/lang/invoke/MemberName 17 java/lang/invoke/MemberName 18 [B 33 java/lang/invoke/DirectMethodHandle methods 0
ciMethodData java/util/regex/Matcher match (II)Z 2 4871 orig 80 1 0 0 0 0 0 0 0 0 0 0 0 0 0 0 0 0 0 0 0 0 0 0 0 0 0 0 0 0 0 0 0 0 0 0 0 0 0 0 1 0 0 0 0 0 0 0 0 0 0 0 0 0 0 0 0 0 0 0 0 0 0 0 0 0 0 0 0 0 0 0 0 0 0 0 0 0 0 0 0 data 68 0xb0007 0x1307 0x38 0x0 0xf0003 0x0 0x18 0x1e0007 0x0 0x38 0x1307 0x220003 0x1307 0x18 0x340007 0x1307 0x38 0x17daa 0x410003 0x17daa 0xffffffffffffffe0 0x80000006004c0007 0x1308 0x90 0x1 0x550007 0x1 0x58 0x0 0x5e0005 0x0 0x0 0x0 0x0 0x0 0x0 0x640003 0x1 0xffffffffffffff88 0x790005 0x2ef 0x0 0x1be995528a8 0x74 0x1be95da4ce8 0xfa5 0x7e0007 0xe53 0x20 0x4b5 0x0 0x0 0x0 0x0 0x0 0x0 0x0 0x0 0x0 0x0 0x0 0x0 0x0 0x9 0x3 0x0 0x0 0x0 oops 2 42 java/util/regex/Pattern$Slice 44 java/util/regex/Pattern$CharPropertyGreedy methods 0
ciMethodData java/lang/String split (Ljava/lang/String;IZ)[Ljava/lang/String; 2 35828 orig 80 1 0 0 0 0 0 0 0 0 0 0 0 0 0 0 0 0 0 0 0 0 0 0 0 0 0 0 0 0 0 0 0 0 0 0 0 0 0 0 0 0 0 0 0 0 0 0 0 0 0 0 0 0 0 0 0 0 0 0 0 0 0 0 0 0 0 0 0 0 0 0 0 0 0 0 0 0 0 0 0 data 120 0x40005 0x8bf4 0x0 0x0 0x0 0x0 0x0 0x80007 0x56bf 0xb0 0x3535 0x100005 0x3535 0x0 0x0 0x0 0x0 0x0 0x160005 0x3535 0x0 0x0 0x0 0x0 0x0 0x1a0007 0x3535 0x168 0x0 0x1e0005 0x56bf 0x0 0x0 0x0 0x0 0x0 0x220007 0x37 0x188 0x5688 0x270005 0x5688 0x0 0x0 0x0 0x0 0x0 0x2c0007 0x0 0x130 0x5688 0x310005 0x5688 0x0 0x0 0x0 0x0 0x0 0x400007 0x0 0xd8 0x5688 0x4e0007 0x0 0xb8 0x5688 0x5c0007 0x0 0x98 0x5688 0x640007 0x8bbd 0x40 0x0 0x6c0007 0x0 0x58 0x0 0x740005 0x8bbd 0x0 0x0 0x0 0x0 0x0 0x790002 0x37 0x7f0007 0x37 0x70 0x0 0x860005 0x0 0x0 0x0 0x0 0x0 0x0 0x890003 0x0 0x50 0x900005 0x37 0x0 0x0 0x0 0x0 0x0 0x0 0x0 0x0 0x0 0x0 0x0 0x9 0x4 0xffffffffffffffff 0x0 0x0 0x0 oops 0 methods 0
ciMethodData java/lang/String split (Ljava/lang/String;)[Ljava/lang/String; 2 64735 orig 80 0 0 0 0 0 0 0 0 0 0 0 0 0 0 0 0 0 0 0 0 0 0 0 0 0 0 0 0 0 0 0 0 0 0 0 0 0 0 0 0 0 0 0 0 0 0 0 0 0 0 0 0 0 0 0 0 0 0 0 0 0 0 0 0 0 0 0 0 0 0 0 0 0 0 0 0 0 0 0 0 data 17 0x40005 0xfcdf 0x0 0x0 0x0 0x0 0x0 0x0 0x0 0x0 0x0 0x0 0x0 0x9 0x2 0xffffffffffffffff 0x0 oops 0 methods 0
ciMethodData java/util/regex/Matcher matches ()Z 2 33482 orig 80 0 0 0 0 0 0 0 0 0 0 0 0 0 0 0 0 0 0 0 0 0 0 0 0 0 0 0 0 0 0 0 0 0 0 0 0 0 0 0 0 0 0 0 0 0 0 0 0 0 0 0 0 0 0 0 0 0 0 0 0 0 0 0 0 0 0 0 0 0 0 0 0 0 0 0 0 0 0 0 0 data 16 0x60005 0x82ca 0x0 0x0 0x0 0x0 0x0 0x0 0x0 0x0 0x0 0x0 0x0 0x9 0x1 0xffffffffffffffff oops 0 methods 0
ciMethodData java/lang/String matches (Ljava/lang/String;)Z 2 17133 orig 80 0 0 0 0 0 0 0 0 0 0 0 0 0 0 0 0 0 0 0 0 0 0 0 0 0 0 0 0 0 0 0 0 0 0 0 0 0 0 0 0 0 0 0 0 0 0 0 0 0 0 0 0 0 0 0 0 0 0 0 0 0 0 0 0 0 0 0 0 0 0 0 0 0 0 0 0 0 0 0 0 data 12 0x20002 0x42ed 0x0 0x0 0x0 0x0 0x0 0x0 0x9 0x2 0x0 0x0 oops 0 methods 0
ciMethodData java/util/regex/Pattern matches (Ljava/lang/String;Ljava/lang/CharSequence;)Z 2 17133 orig 80 0 0 0 0 0 0 0 0 0 0 0 0 0 0 0 0 0 0 0 0 0 0 0 0 0 0 0 0 0 0 0 0 0 0 0 0 0 0 0 0 0 0 0 0 0 0 0 0 0 0 0 0 0 0 0 0 0 0 0 0 0 0 0 0 0 0 0 0 0 0 0 0 0 0 0 0 0 0 0 0 data 26 0x10002 0x42ed 0x70005 0x42ed 0x0 0x0 0x0 0x0 0x0 0xc0005 0x42ed 0x0 0x0 0x0 0x0 0x0 0x0 0x0 0x0 0x0 0x0 0x0 0x9 0x2 0x0 0x0 oops 0 methods 0
ciMethodData java/util/Arrays$ArrayList contains (Ljava/lang/Object;)Z 2 9696 orig 80 0 0 0 0 0 0 0 0 0 0 0 0 0 0 0 0 0 0 0 0 0 0 0 0 0 0 0 0 0 0 0 0 0 0 0 0 0 0 0 0 0 0 0 0 0 0 0 0 0 0 0 0 0 0 0 0 0 0 0 0 0 0 0 0 0 0 0 0 0 0 0 0 0 0 0 0 0 0 0 0 data 24 0x20005 0x0 0x0 0x1be95dfacc8 0x25e0 0x0 0x0 0x50007 0x22ef 0x38 0x2f1 0x90003 0x2f1 0x18 0x0 0x0 0x0 0x0 0x0 0x0 0x9 0x2 0x0 0x0 oops 1 3 java/util/Arrays$ArrayList methods 0
ciMethodData java/util/Arrays$ArrayList indexOf (Ljava/lang/Object;)I 2 3217 orig 80 0 0 0 0 0 0 0 0 0 0 0 0 0 0 0 0 0 0 0 0 0 0 0 0 0 0 0 0 0 0 0 0 0 0 0 0 0 0 0 0 0 0 0 0 0 0 0 0 0 0 0 0 0 0 0 0 0 0 0 0 0 0 0 0 0 0 0 0 0 0 0 0 0 0 0 0 0 0 0 0 data 46 0x60007 0xc8f 0x90 0x2 0xe0007 0x2 0x58 0x2 0x140007 0x2 0x20 0x0 0x1c0003 0x2 0xffffffffffffffc0 0x1f0003 0x2 0xa8 0x270007 0x9a8 0x90 0xe4b4 0x2e0005 0x0 0x0 0x1be9830cd58 0x6ea 0x1befdcdd4a8 0xddca 0x310007 0xe1cd 0x20 0x2e7 0x390003 0xe1cd 0xffffffffffffff88 0x0 0x0 0x0 0x0 0x0 0x0 0x9 0x2 0x0 0x0 oops 2 25 sun/security/ssl/ProtocolVersion 27 java/lang/String methods 0
ciMethodData java/lang/invoke/DirectMethodHandle$Holder invokeStatic (Ljava/lang/Object;JI)J 2 14895 orig 80 0 0 0 0 0 0 0 0 0 0 0 0 0 0 0 0 0 0 0 0 0 0 0 0 0 0 0 0 0 0 0 0 0 0 0 0 0 0 0 0 0 0 0 0 0 0 0 0 0 0 0 0 0 0 0 0 0 0 0 0 0 0 0 0 0 0 0 0 0 0 0 0 0 0 0 0 0 0 0 0 data 34 0x1000a 0x3a2f 0x3 0x0 0x1befdcdf948 0x1befdcdfaf8 0xa0004 0x0 0x0 0x0 0x0 0x0 0x0 0xd000a 0x3a2f 0x2 0x3 0x1befdcdfaf8 0x0 0x0 0x0 0x0 0x0 0x0 0x9 0x4 0x0 0x0 0x0 0x0 0xc 0x2 0x0 0x1befdcdf948 oops 4 4 java/lang/invoke/DirectMethodHandle 5 java/lang/invoke/MemberName 17 java/lang/invoke/MemberName 33 java/lang/invoke/DirectMethodHandle methods 0
ciMethodData java/lang/invoke/DirectMethodHandle$Holder invokeStatic (Ljava/lang/Object;JLjava/lang/Object;ILjava/lang/Object;)J 2 14905 orig 80 0 0 0 0 0 0 0 0 0 0 0 0 0 0 0 0 0 0 0 0 0 0 0 0 0 0 0 0 0 0 0 0 0 0 0 0 0 0 0 0 0 0 0 0 0 0 0 0 0 0 0 0 0 0 0 0 0 0 0 0 0 0 0 0 0 0 0 0 0 0 0 0 0 0 0 0 0 0 0 0 data 40 0x1000a 0x3a39 0x3 0x0 0x1befdcdf948 0x1befdcdfaf8 0xe0004 0x0 0x0 0x0 0x0 0x0 0x0 0x11000a 0x3a39 0x4 0x2 0x1befdcf2cb0 0x4 0x1befdcdd4a9 0x0 0x0 0x0 0x0 0x0 0x0 0x9 0x6 0x0 0x0 0x0 0x0 0x0 0x0 0xc 0x4 0x0 0x1befdcdf948 0x3 0x1befdcf2cb0 oops 6 4 java/lang/invoke/DirectMethodHandle 5 java/lang/invoke/MemberName 17 [B 19 java/lang/String 37 java/lang/invoke/DirectMethodHandle 39 [B methods 0
ciMethodData java/util/regex/IntHashSet clear ()V 1 0 orig 80 0 0 0 0 0 0 0 0 0 0 0 0 0 0 0 0 0 0 0 0 0 0 0 0 0 0 0 0 0 0 0 0 0 0 0 0 0 0 0 0 0 0 0 0 0 0 0 0 0 0 0 0 0 0 0 0 0 0 0 0 0 0 0 0 0 0 0 0 0 0 0 0 0 0 0 0 0 0 0 0 data 13 0x50002 0x0 0xd0002 0x0 0x0 0x0 0x0 0x0 0x0 0x0 0x9 0x1 0x6 oops 0 methods 0
ciMethodData java/lang/StringConcatHelper mix (JZ)J 2 8336 orig 80 0 0 0 0 0 0 0 0 0 0 0 0 0 0 0 0 0 0 0 0 0 0 0 0 0 0 0 0 0 0 0 0 0 0 0 0 0 0 0 0 0 0 0 0 0 0 0 0 0 0 0 0 0 0 0 0 0 0 0 0 0 0 0 0 0 0 0 0 0 0 0 0 0 0 0 0 0 0 0 0 data 20 0x20007 0x1f08 0x38 0x188 0x60003 0x188 0x18 0xc0002 0x2090 0x0 0x0 0x0 0x0 0x0 0x0 0x9 0x3 0x0 0x0 0x0 oops 0 methods 0
ciMethodData java/lang/StringConcatHelper prepend (J[BZLjava/lang/String;)J 2 5304 orig 80 0 0 0 0 0 0 0 0 0 0 0 0 0 0 0 0 0 0 0 0 0 0 0 0 0 0 0 0 0 0 0 0 0 0 0 0 0 0 0 0 0 0 0 0 0 0 0 0 0 0 0 0 0 0 0 0 0 0 0 0 0 0 0 0 0 0 0 0 0 0 0 0 0 0 0 0 0 0 0 0 data 21 0x30002 0x14b8 0x90007 0x14b8 0x30 0x0 0x100002 0x0 0x0 0x0 0x0 0x0 0x0 0x0 0x9 0x5 0x0 0x0 0x0 0x0 0x0 oops 0 methods 0
ciMethodData java/lang/StringConcatHelper prepend (J[BZ)J 2 5304 orig 80 0 0 0 0 0 0 0 0 0 0 0 0 0 0 0 0 0 0 0 0 0 0 0 0 0 0 0 0 0 0 0 0 0 0 0 0 0 0 0 0 0 0 0 0 0 0 0 0 0 0 0 0 0 0 0 0 0 0 0 0 0 0 0 0 0 0 0 0 0 0 0 0 0 0 0 0 0 0 0 0 data 48 0x90007 0x0 0x58 0x14b8 0xd0007 0x1338 0x38 0x180 0x340003 0x180 0x18 0x690007 0x0 0x78 0x0 0x740002 0x0 0x7f0002 0x0 0x8a0002 0x0 0x950002 0x0 0x980003 0x0 0x68 0xa30002 0x0 0xae0002 0x0 0xb90002 0x0 0xc40002 0x0 0xcf0002 0x0 0x0 0x0 0x0 0x0 0x0 0x0 0x9 0x4 0x0 0x0 0x0 0x0 oops 0 methods 0
ciMethodData java/lang/invoke/Invokers$Holder linkToTargetMethod (ILjava/lang/Object;Ljava/lang/Object;)Ljava/lang/Object; 2 8063 orig 80 0 0 0 0 0 0 0 0 0 0 0 0 0 0 0 0 0 0 0 0 0 0 0 0 0 0 0 0 0 0 0 0 0 0 0 0 0 0 0 0 0 0 0 0 0 0 0 0 0 0 0 0 0 0 0 0 0 0 0 0 0 0 0 0 0 0 0 0 0 0 0 0 0 0 0 0 0 0 0 0 data 35 0x10004 0x0 0x0 0x1be9511a7a0 0x52d 0x0 0x0 0x6000b 0x1f80 0x0 0x0 0x0 0x0 0x0 0x3 0x2 0x1befdcdd4a8 0x1befdcdd4a8 0x0 0x0 0x0 0x0 0x0 0x0 0x9 0x3 0x0 0x0 0x0 0xc 0x4 0x1 0x1befdcdd4a8 0x2 0x1be9511a7a0 oops 5 3 java/lang/invoke/BoundMethodHandle$Species_LLLLL 16 java/lang/String 17 java/lang/String 32 java/lang/String 34 java/lang/invoke/BoundMethodHandle$Species_LLLLL methods 0
ciMethodData com/st/microxplorer/util/LogicalParser getVariables (Ljava/lang/String;Z)Ljava/util/ArrayList; 2 4096 orig 80 0 0 0 0 0 0 0 0 0 0 0 0 0 0 0 0 0 0 0 0 0 0 0 0 0 0 0 0 0 0 0 0 0 0 0 0 0 0 0 0 0 0 0 0 0 0 0 0 0 0 0 0 0 0 0 0 0 0 0 0 0 0 0 0 0 0 0 0 0 0 0 0 0 0 0 0 0 0 0 0 data 148 0x6000a 0x1000 0x3 0x1 0x1befdcdd4a8 0x1befdcdd4a8 0xb0005 0x0 0x0 0x1be95dfac18 0x1000 0x0 0x0 0xe0007 0xbfd 0xc0 0x403 0x17000a 0x403 0x3 0x1 0x1befdcdd4a8 0x1befdcdd4a8 0x1c0005 0x0 0x0 0x1be95dfac18 0x403 0x0 0x0 0x1f0004 0x0 0x0 0x1befdce0e78 0x403 0x0 0x0 0x270007 0xbfd 0x68 0x0 0x2c0005 0x0 0x0 0x0 0x0 0x0 0x0 0x2f0002 0x0 0x390002 0xbfd 0x410005 0xbfd 0x0 0x0 0x0 0x0 0x0 0x560007 0xbfd 0x208 0x2f3e 0x660005 0x0 0x0 0x1be95dfacc8 0x2f3e 0x0 0x0 0x6b0007 0x2f23 0x38 0x1b 0x6e0003 0x1b 0x178 0x730005 0x2f23 0x0 0x0 0x0 0x0 0x0 0x760007 0xd7 0x128 0x2e4c 0x7e0005 0x2e4c 0x0 0x0 0x0 0x0 0x0 0x810007 0xac6 0xd0 0x2386 0x850007 0x1e56 0x78 0x530 0x8b0005 0x0 0x0 0x1befdce0e78 0x530 0x0 0x0 0x8e0007 0x1e7 0x58 0x349 0x940005 0x0 0x0 0x1befdce0e78 0x219f 0x0 0x0 0x9b0003 0x2f3e 0xfffffffffffffe10 0xa4000a 0xbfd 0x3 0x1 0x1befdcdd4a8 0x1befdcdd4a8 0xaa0005 0x0 0x0 0x1be95dfac18 0xbfd 0x0 0x0 0x0 0x0 0x0 0x0 0x0 0x0 0x9 0x3 0x0 0x0 0x0 oops 13 4 java/lang/String 5 java/lang/String 9 java/util/HashMap 21 java/lang/String 22 java/lang/String 26 java/util/HashMap 33 java/util/ArrayList 66 java/util/Arrays$ArrayList 106 java/util/ArrayList 117 java/util/ArrayList 128 java/lang/String 129 java/lang/String 133 java/util/HashMap methods 0
ciMethodData  @bci com/st/library/analyticscore/initialization/configuration/ConfigurationRetriever getToolHeader ()Ljava/lang/String; 11 <appendix> argL1 form vmentry <vmtarget> ; invoke (Ljava/lang/Object;JLjava/lang/Object;ILjava/lang/Object;)J 2 8082 orig 80 0 0 0 0 0 0 0 0 0 0 0 0 0 0 0 0 0 0 0 0 0 0 0 0 0 0 0 0 0 0 0 0 0 0 0 0 0 0 0 0 0 0 0 0 0 0 0 0 0 0 0 0 0 0 0 0 0 0 0 0 0 0 0 0 0 0 0 0 0 0 0 0 0 0 0 0 0 0 0 0 data 63 0x10004 0x0 0x0 0x1be9511d918 0x52e 0x0 0x0 0xd0004 0x0 0x0 0x1be9511d918 0x52e 0x0 0x0 0x14000b 0x1f92 0x0 0x0 0x0 0x0 0x0 0x4 0x3 0x1befdcf2cb0 0x4 0x1befdcdd4a8 0x210004 0x0 0x0 0x1be9511d918 0x52e 0x0 0x0 0x29000b 0x1f92 0x0 0x0 0x0 0x0 0x0 0x2 0x3 0x1befdcf2cb0 0x0 0x0 0x0 0x0 0x0 0x0 0x9 0x6 0x0 0x0 0x0 0x0 0x0 0x0 0xc 0x4 0x0 0x1be9511d918 0x3 0x1befdcf2cb0 oops 8 3 java/lang/invoke/BoundMethodHandle$Species_LL 10 java/lang/invoke/BoundMethodHandle$Species_LL 23 [B 25 java/lang/String 29 java/lang/invoke/BoundMethodHandle$Species_LL 42 [B 60 java/lang/invoke/BoundMethodHandle$Species_LL 62 [B methods 0
ciMethodData  @bci com/st/library/analyticscore/initialization/configuration/ConfigurationRetriever getToolHeader ()Ljava/lang/String; 11 <appendix> argL3 form vmentry <vmtarget> ; invoke (Ljava/lang/Object;ILjava/lang/Object;)J 2 8070 orig 80 0 0 0 0 0 0 0 0 0 0 0 0 0 0 0 0 0 0 0 0 0 0 0 0 0 0 0 0 0 0 0 0 0 0 0 0 0 0 0 0 0 0 0 0 0 0 0 0 0 0 0 0 0 0 0 0 0 0 0 0 0 0 0 0 0 0 0 0 0 0 0 0 0 0 0 0 0 0 0 0 data 55 0x10004 0x0 0x0 0x1be9511d868 0x52d 0x0 0x0 0x120004 0x0 0x0 0x1be98af9600 0x52d 0x0 0x0 0x17000b 0x1f87 0x0 0x0 0x0 0x0 0x0 0x2 0x3 0x1befdcdd4a8 0x240004 0x0 0x0 0x1befdcdf948 0x52d 0x0 0x0 0x2a0005 0x1f87 0x0 0x0 0x0 0x0 0x0 0x0 0x0 0x0 0x0 0x0 0x0 0x9 0x3 0x0 0x0 0x0 0xc 0x4 0x0 0x1be9511d868 0x2 0x1befdcdd4a8 oops 6 3 java/lang/invoke/BoundMethodHandle$Species_LLJ 10 java/lang/invoke/BoundMethodHandle$Species_L 23 java/lang/String 27 java/lang/invoke/DirectMethodHandle 52 java/lang/invoke/BoundMethodHandle$Species_LLJ 54 java/lang/String methods 0
ciMethodData  @bci com/st/library/analyticscore/initialization/configuration/ConfigurationRetriever getToolHeader ()Ljava/lang/String; 11 <appendix> form vmentry <vmtarget> ; invoke (Ljava/lang/Object;ILjava/lang/Object;)Ljava/lang/Object; 2 8064 orig 80 0 0 0 0 0 0 0 0 0 0 0 0 0 0 0 0 0 0 0 0 0 0 0 0 0 0 0 0 0 0 0 0 0 0 0 0 0 0 0 0 0 0 0 0 0 0 0 0 0 0 0 0 0 0 0 0 0 0 0 0 0 0 0 0 0 0 0 0 0 0 0 0 0 0 0 0 0 0 0 0 data 112 0x10004 0x0 0x0 0x1be9511a7a0 0x52d 0x0 0x0 0xb0004 0x0 0x0 0x1befdcdf948 0x52d 0x0 0x0 0xf000b 0x1f81 0x0 0x0 0x0 0x0 0x0 0x3 0x1 0x1befdcdd4a8 0x1befdcdd4a8 0x1c0004 0x0 0x0 0x1be9511d868 0x52d 0x0 0x0 0x22000b 0x1f81 0x0 0x0 0x0 0x0 0x0 0x2 0x2 0x1befdcdd4a8 0x2f0004 0x0 0x0 0x1befdcdf948 0x52d 0x0 0x0 0x34000b 0x1f81 0x0 0x0 0x0 0x0 0x0 0x1 0x1befdcf2cb0 0x410004 0x0 0x0 0x1be9511d918 0x52d 0x0 0x0 0x4b000b 0x1f81 0x0 0x0 0x0 0x0 0x0 0x4 0x3 0x1befdcf2cb0 0x5 0x1befdcdd4a8 0x580004 0x0 0x0 0x1befdcdf948 0x52d 0x0 0x0 0x5f000b 0x1f81 0x0 0x0 0x0 0x0 0x0 0x3 0x1 0x1befdcf2cb0 0x1befdcdd4a8 0x0 0x0 0x0 0x0 0x0 0x0 0x9 0x3 0x0 0x0 0x0 0xc 0x4 0x0 0x1be9511a7a0 0x2 0x1befdcdd4a8 oops 16 3 java/lang/invoke/BoundMethodHandle$Species_LLLLL 10 java/lang/invoke/DirectMethodHandle 23 java/lang/String 24 java/lang/String 28 java/lang/invoke/BoundMethodHandle$Species_LLJ 41 java/lang/String 45 java/lang/invoke/DirectMethodHandle 57 [B 61 java/lang/invoke/BoundMethodHandle$Species_LL 74 [B 76 java/lang/String 80 java/lang/invoke/DirectMethodHandle 93 [B 94 java/lang/String 109 java/lang/invoke/BoundMethodHandle$Species_LLLLL 111 java/lang/String methods 0
compile com/st/microxplorer/util/LogicalParser getVariables (Ljava/lang/String;Z)Ljava/util/ArrayList; -1 4 inline 192 0 -1 0 com/st/microxplorer/util/LogicalParser getVariables (Ljava/lang/String;Z)Ljava/util/ArrayList; 1 6 0 java/lang/invoke/Invokers$Holder linkToTargetMethod (ILjava/lang/Object;Ljava/lang/Object;)Ljava/lang/Object; 2 6 0  @bci com/st/library/analyticscore/initialization/configuration/ConfigurationRetriever getToolHeader ()Ljava/lang/String; 11 <appendix> form vmentry <vmtarget> ; invoke (Ljava/lang/Object;ILjava/lang/Object;)Ljava/lang/Object; 3 15 0 java/lang/invoke/DirectMethodHandle$Holder invokeStatic (Ljava/lang/Object;Ljava/lang/Object;)Ljava/lang/Object; 4 1 0 java/lang/invoke/DirectMethodHandle internalMemberName (Ljava/lang/Object;)Ljava/lang/Object; 4 10 0 java/lang/StringConcatHelper stringOf (Ljava/lang/Object;)Ljava/lang/String; 5 5 0 java/lang/String toString ()Ljava/lang/String; 3 34 0  @bci com/st/library/analyticscore/initialization/configuration/ConfigurationRetriever getToolHeader ()Ljava/lang/String; 11 <appendix> argL3 form vmentry <vmtarget> ; invoke (Ljava/lang/Object;ILjava/lang/Object;)J 4 23 0 java/lang/invoke/DelegatingMethodHandle$Holder reinvoke_L (Ljava/lang/Object;JLjava/lang/Object;)J 5 16 0 java/lang/invoke/DirectMethodHandle$Holder invokeStatic (Ljava/lang/Object;JLjava/lang/Object;)J 6 1 0 java/lang/invoke/DirectMethodHandle internalMemberName (Ljava/lang/Object;)Ljava/lang/Object; 6 13 0 java/lang/StringConcatHelper mix (JLjava/lang/String;)J 7 2 0 java/lang/String length ()I 8 6 0 java/lang/String coder ()B 7 9 0 java/lang/String coder ()B 7 23 0 java/lang/StringConcatHelper checkOverflow (J)J 4 42 0 java/lang/invoke/DirectMethodHandle$Holder invokeStatic (Ljava/lang/Object;JI)J 5 1 0 java/lang/invoke/DirectMethodHandle internalMemberName (Ljava/lang/Object;)Ljava/lang/Object; 5 13 0 java/lang/StringConcatHelper mix (JZ)J 6 12 0 java/lang/StringConcatHelper checkOverflow (J)J 3 52 0 java/lang/invoke/DirectMethodHandle$Holder invokeStatic (Ljava/lang/Object;J)Ljava/lang/Object; 4 1 0 java/lang/invoke/DirectMethodHandle internalMemberName (Ljava/lang/Object;)Ljava/lang/Object; 4 10 0 java/lang/StringConcatHelper newArray (J)[B 5 33 0 jdk/internal/misc/Unsafe allocateUninitializedArray (Ljava/lang/Class;I)Ljava/lang/Object; 3 75 0  @bci com/st/library/analyticscore/initialization/configuration/ConfigurationRetriever getToolHeader ()Ljava/lang/String; 11 <appendix> argL1 form vmentry <vmtarget> ; invoke (Ljava/lang/Object;JLjava/lang/Object;ILjava/lang/Object;)J 4 20 0  @bci com/st/microxplorer/mcu/ContextAllowed$ContextSplit removeContext (Lcom/st/microxplorer/mcu/Context;)V 16 <appendix> argL1 argL0 argL0 form vmentry <vmtarget> ; invoke (Ljava/lang/Object;JLjava/lang/Object;Ljava/lang/Object;)J 5 28 0 java/lang/invoke/DirectMethodHandle$Holder invokeStatic (Ljava/lang/Object;JLjava/lang/Object;Ljava/lang/Object;Ljava/lang/Object;)J 6 1 0 java/lang/invoke/DirectMethodHandle internalMemberName (Ljava/lang/Object;)Ljava/lang/Object; 6 17 0 java/lang/StringConcatHelper prepend (J[BLjava/lang/String;Ljava/lang/String;)J 7 3 0 java/lang/StringConcatHelper prepend (J[BLjava/lang/String;)J 8 2 0 java/lang/String length ()I 9 6 0 java/lang/String coder ()B 8 21 0 java/lang/String getBytes ([BIB)V 9 1 0 java/lang/String coder ()B 4 41 0  @bci com/st/microxplorer/mcu/ContextAllowed$ContextSplit removeContext (Lcom/st/microxplorer/mcu/Context;)V 16 <appendix> argL1 argL0 argL1 form vmentry <vmtarget> ; invoke (Ljava/lang/Object;JLjava/lang/Object;I)J 5 28 0 java/lang/invoke/DirectMethodHandle$Holder invokeStatic (Ljava/lang/Object;JLjava/lang/Object;ILjava/lang/Object;)J 6 1 0 java/lang/invoke/DirectMethodHandle internalMemberName (Ljava/lang/Object;)Ljava/lang/Object; 6 17 0 java/lang/StringConcatHelper prepend (J[BZLjava/lang/String;)J 7 3 0 java/lang/StringConcatHelper prepend (J[BZ)J 3 95 0 java/lang/invoke/DirectMethodHandle$Holder invokeStatic (Ljava/lang/Object;Ljava/lang/Object;J)Ljava/lang/Object; 4 1 0 java/lang/invoke/DirectMethodHandle internalMemberName (Ljava/lang/Object;)Ljava/lang/Object; 4 13 0 java/lang/StringConcatHelper newString ([BJ)Ljava/lang/String; 5 12 0 java/lang/String <init> ([BB)V 6 1 0 java/lang/Object <init> ()V 1 11 0 java/util/HashMap containsKey (Ljava/lang/Object;)Z 2 2 0 java/util/HashMap getNode (Ljava/lang/Object;)Ljava/util/HashMap$Node; 3 23 0 java/util/HashMap hash (Ljava/lang/Object;)I 4 9 0 java/lang/String hashCode ()I 5 17 0 java/lang/String isLatin1 ()Z 5 27 0 java/lang/StringLatin1 hashCode ([B)I 3 63 0 java/lang/String equals (Ljava/lang/Object;)Z 1 23 0 java/lang/invoke/Invokers$Holder linkToTargetMethod (ILjava/lang/Object;Ljava/lang/Object;)Ljava/lang/Object; 2 6 0  @bci com/st/library/analyticscore/initialization/configuration/ConfigurationRetriever getToolHeader ()Ljava/lang/String; 11 <appendix> form vmentry <vmtarget> ; invoke (Ljava/lang/Object;ILjava/lang/Object;)Ljava/lang/Object; 3 15 0 java/lang/invoke/DirectMethodHandle$Holder invokeStatic (Ljava/lang/Object;Ljava/lang/Object;)Ljava/lang/Object; 4 1 0 java/lang/invoke/DirectMethodHandle internalMemberName (Ljava/lang/Object;)Ljava/lang/Object; 4 10 0 java/lang/StringConcatHelper stringOf (Ljava/lang/Object;)Ljava/lang/String; 5 5 0 java/lang/String toString ()Ljava/lang/String; 3 34 0  @bci com/st/library/analyticscore/initialization/configuration/ConfigurationRetriever getToolHeader ()Ljava/lang/String; 11 <appendix> argL3 form vmentry <vmtarget> ; invoke (Ljava/lang/Object;ILjava/lang/Object;)J 4 23 0 java/lang/invoke/DelegatingMethodHandle$Holder reinvoke_L (Ljava/lang/Object;JLjava/lang/Object;)J 5 16 0 java/lang/invoke/DirectMethodHandle$Holder invokeStatic (Ljava/lang/Object;JLjava/lang/Object;)J 6 1 0 java/lang/invoke/DirectMethodHandle internalMemberName (Ljava/lang/Object;)Ljava/lang/Object; 6 13 0 java/lang/StringConcatHelper mix (JLjava/lang/String;)J 7 2 0 java/lang/String length ()I 8 6 0 java/lang/String coder ()B 7 9 0 java/lang/String coder ()B 7 23 0 java/lang/StringConcatHelper checkOverflow (J)J 4 42 0 java/lang/invoke/DirectMethodHandle$Holder invokeStatic (Ljava/lang/Object;JI)J 5 1 0 java/lang/invoke/DirectMethodHandle internalMemberName (Ljava/lang/Object;)Ljava/lang/Object; 5 13 0 java/lang/StringConcatHelper mix (JZ)J 6 12 0 java/lang/StringConcatHelper checkOverflow (J)J 3 52 0 java/lang/invoke/DirectMethodHandle$Holder invokeStatic (Ljava/lang/Object;J)Ljava/lang/Object; 4 1 0 java/lang/invoke/DirectMethodHandle internalMemberName (Ljava/lang/Object;)Ljava/lang/Object; 4 10 0 java/lang/StringConcatHelper newArray (J)[B 5 33 0 jdk/internal/misc/Unsafe allocateUninitializedArray (Ljava/lang/Class;I)Ljava/lang/Object; 3 75 0  @bci com/st/library/analyticscore/initialization/configuration/ConfigurationRetriever getToolHeader ()Ljava/lang/String; 11 <appendix> argL1 form vmentry <vmtarget> ; invoke (Ljava/lang/Object;JLjava/lang/Object;ILjava/lang/Object;)J 4 20 0  @bci com/st/microxplorer/mcu/ContextAllowed$ContextSplit removeContext (Lcom/st/microxplorer/mcu/Context;)V 16 <appendix> argL1 argL0 argL0 form vmentry <vmtarget> ; invoke (Ljava/lang/Object;JLjava/lang/Object;Ljava/lang/Object;)J 5 28 0 java/lang/invoke/DirectMethodHandle$Holder invokeStatic (Ljava/lang/Object;JLjava/lang/Object;Ljava/lang/Object;Ljava/lang/Object;)J 6 1 0 java/lang/invoke/DirectMethodHandle internalMemberName (Ljava/lang/Object;)Ljava/lang/Object; 6 17 0 java/lang/StringConcatHelper prepend (J[BLjava/lang/String;Ljava/lang/String;)J 7 3 0 java/lang/StringConcatHelper prepend (J[BLjava/lang/String;)J 8 2 0 java/lang/String length ()I 9 6 0 java/lang/String coder ()B 8 21 0 java/lang/String getBytes ([BIB)V 9 1 0 java/lang/String coder ()B 4 41 0  @bci com/st/microxplorer/mcu/ContextAllowed$ContextSplit removeContext (Lcom/st/microxplorer/mcu/Context;)V 16 <appendix> argL1 argL0 argL1 form vmentry <vmtarget> ; invoke (Ljava/lang/Object;JLjava/lang/Object;I)J 5 28 0 java/lang/invoke/DirectMethodHandle$Holder invokeStatic (Ljava/lang/Object;JLjava/lang/Object;ILjava/lang/Object;)J 6 1 0 java/lang/invoke/DirectMethodHandle internalMemberName (Ljava/lang/Object;)Ljava/lang/Object; 6 17 0 java/lang/StringConcatHelper prepend (J[BZLjava/lang/String;)J 7 3 0 java/lang/StringConcatHelper prepend (J[BZ)J 3 95 0 java/lang/invoke/DirectMethodHandle$Holder invokeStatic (Ljava/lang/Object;Ljava/lang/Object;J)Ljava/lang/Object; 4 1 0 java/lang/invoke/DirectMethodHandle internalMemberName (Ljava/lang/Object;)Ljava/lang/Object; 4 13 0 java/lang/StringConcatHelper newString ([BJ)Ljava/lang/String; 5 12 0 java/lang/String <init> ([BB)V 6 1 0 java/lang/Object <init> ()V 1 28 0 java/util/HashMap get (Ljava/lang/Object;)Ljava/lang/Object; 2 2 0 java/util/HashMap getNode (Ljava/lang/Object;)Ljava/util/HashMap$Node; 3 23 0 java/util/HashMap hash (Ljava/lang/Object;)I 4 9 0 java/lang/String hashCode ()I 5 17 0 java/lang/String isLatin1 ()Z 5 27 0 java/lang/StringLatin1 hashCode ([B)I 3 63 0 java/lang/String equals (Ljava/lang/Object;)Z 1 57 0 java/util/ArrayList <init> ()V 2 1 0 java/util/AbstractList <init> ()V 3 1 0 java/util/AbstractCollection <init> ()V 4 1 0 java/lang/Object <init> ()V 1 65 0 java/lang/String split (Ljava/lang/String;)[Ljava/lang/String; 1 102 0 java/util/Arrays$ArrayList contains (Ljava/lang/Object;)Z 2 2 0 java/util/Arrays$ArrayList indexOf (Ljava/lang/Object;)I 3 46 0 java/lang/String equals (Ljava/lang/Object;)Z 1 115 0 java/lang/String isEmpty ()Z 1 126 0 java/lang/String matches (Ljava/lang/String;)Z 2 2 0 java/util/regex/Pattern matches (Ljava/lang/String;Ljava/lang/CharSequence;)Z 3 1 0 java/util/regex/Pattern compile (Ljava/lang/String;)Ljava/util/regex/Pattern; 4 6 0 java/util/regex/Pattern <init> (Ljava/lang/String;I)V 5 1 0 java/lang/Object <init> ()V 5 101 0 java/lang/String isEmpty ()Z 3 7 0 java/util/regex/Pattern matcher (Ljava/lang/CharSequence;)Ljava/util/regex/Matcher; 4 38 0 java/util/regex/Matcher <init> (Ljava/util/regex/Pattern;Ljava/lang/CharSequence;)V 5 1 0 java/lang/Object <init> ()V 5 90 0 java/util/regex/Matcher reset ()Ljava/util/regex/Matcher; 6 110 0 java/util/regex/Matcher getTextLength ()I 7 4 0 java/lang/String length ()I 8 6 0 java/lang/String coder ()B 3 12 0 java/util/regex/Matcher matches ()Z 4 6 0 java/util/regex/Matcher match (II)Z 1 139 0 java/util/ArrayList contains (Ljava/lang/Object;)Z 2 2 0 java/util/ArrayList indexOf (Ljava/lang/Object;)I 3 7 0 java/util/ArrayList indexOfRange (Ljava/lang/Object;II)I 4 54 0 java/lang/String equals (Ljava/lang/Object;)Z 1 148 0 java/util/ArrayList add (Ljava/lang/Object;)Z 2 20 0 java/util/ArrayList add (Ljava/lang/Object;[Ljava/lang/Object;I)V 3 7 0 java/util/ArrayList grow ()[Ljava/lang/Object; 4 7 0 java/util/ArrayList grow (I)[Ljava/lang/Object; 5 27 0 jdk/internal/util/ArraysSupport newLength (III)I 5 37 0 java/util/Arrays copyOf ([Ljava/lang/Object;I)[Ljava/lang/Object; 1 164 0 java/lang/invoke/Invokers$Holder linkToTargetMethod (ILjava/lang/Object;Ljava/lang/Object;)Ljava/lang/Object; 2 6 0  @bci com/st/library/analyticscore/initialization/configuration/ConfigurationRetriever getToolHeader ()Ljava/lang/String; 11 <appendix> form vmentry <vmtarget> ; invoke (Ljava/lang/Object;ILjava/lang/Object;)Ljava/lang/Object; 3 15 0 java/lang/invoke/DirectMethodHandle$Holder invokeStatic (Ljava/lang/Object;Ljava/lang/Object;)Ljava/lang/Object; 4 1 0 java/lang/invoke/DirectMethodHandle internalMemberName (Ljava/lang/Object;)Ljava/lang/Object; 4 10 0 java/lang/StringConcatHelper stringOf (Ljava/lang/Object;)Ljava/lang/String; 5 5 0 java/lang/String toString ()Ljava/lang/String; 3 34 0  @bci com/st/library/analyticscore/initialization/configuration/ConfigurationRetriever getToolHeader ()Ljava/lang/String; 11 <appendix> argL3 form vmentry <vmtarget> ; invoke (Ljava/lang/Object;ILjava/lang/Object;)J 4 23 0 java/lang/invoke/DelegatingMethodHandle$Holder reinvoke_L (Ljava/lang/Object;JLjava/lang/Object;)J 5 16 0 java/lang/invoke/DirectMethodHandle$Holder invokeStatic (Ljava/lang/Object;JLjava/lang/Object;)J 6 1 0 java/lang/invoke/DirectMethodHandle internalMemberName (Ljava/lang/Object;)Ljava/lang/Object; 6 13 0 java/lang/StringConcatHelper mix (JLjava/lang/String;)J 7 2 0 java/lang/String length ()I 8 6 0 java/lang/String coder ()B 7 9 0 java/lang/String coder ()B 7 23 0 java/lang/StringConcatHelper checkOverflow (J)J 4 42 0 java/lang/invoke/DirectMethodHandle$Holder invokeStatic (Ljava/lang/Object;JI)J 5 1 0 java/lang/invoke/DirectMethodHandle internalMemberName (Ljava/lang/Object;)Ljava/lang/Object; 5 13 0 java/lang/StringConcatHelper mix (JZ)J 6 12 0 java/lang/StringConcatHelper checkOverflow (J)J 3 52 0 java/lang/invoke/DirectMethodHandle$Holder invokeStatic (Ljava/lang/Object;J)Ljava/lang/Object; 4 1 0 java/lang/invoke/DirectMethodHandle internalMemberName (Ljava/lang/Object;)Ljava/lang/Object; 4 10 0 java/lang/StringConcatHelper newArray (J)[B 5 33 0 jdk/internal/misc/Unsafe allocateUninitializedArray (Ljava/lang/Class;I)Ljava/lang/Object; 3 75 0  @bci com/st/library/analyticscore/initialization/configuration/ConfigurationRetriever getToolHeader ()Ljava/lang/String; 11 <appendix> argL1 form vmentry <vmtarget> ; invoke (Ljava/lang/Object;JLjava/lang/Object;ILjava/lang/Object;)J 4 20 0  @bci com/st/microxplorer/mcu/ContextAllowed$ContextSplit removeContext (Lcom/st/microxplorer/mcu/Context;)V 16 <appendix> argL1 argL0 argL0 form vmentry <vmtarget> ; invoke (Ljava/lang/Object;JLjava/lang/Object;Ljava/lang/Object;)J 5 28 0 java/lang/invoke/DirectMethodHandle$Holder invokeStatic (Ljava/lang/Object;JLjava/lang/Object;Ljava/lang/Object;Ljava/lang/Object;)J 6 1 0 java/lang/invoke/DirectMethodHandle internalMemberName (Ljava/lang/Object;)Ljava/lang/Object; 6 17 0 java/lang/StringConcatHelper prepend (J[BLjava/lang/String;Ljava/lang/String;)J 7 3 0 java/lang/StringConcatHelper prepend (J[BLjava/lang/String;)J 8 2 0 java/lang/String length ()I 9 6 0 java/lang/String coder ()B 8 21 0 java/lang/String getBytes ([BIB)V 9 1 0 java/lang/String coder ()B 4 41 0  @bci com/st/microxplorer/mcu/ContextAllowed$ContextSplit removeContext (Lcom/st/microxplorer/mcu/Context;)V 16 <appendix> argL1 argL0 argL1 form vmentry <vmtarget> ; invoke (Ljava/lang/Object;JLjava/lang/Object;I)J 5 28 0 java/lang/invoke/DirectMethodHandle$Holder invokeStatic (Ljava/lang/Object;JLjava/lang/Object;ILjava/lang/Object;)J 6 1 0 java/lang/invoke/DirectMethodHandle internalMemberName (Ljava/lang/Object;)Ljava/lang/Object; 6 17 0 java/lang/StringConcatHelper prepend (J[BZLjava/lang/String;)J 7 3 0 java/lang/StringConcatHelper prepend (J[BZ)J 3 95 0 java/lang/invoke/DirectMethodHandle$Holder invokeStatic (Ljava/lang/Object;Ljava/lang/Object;J)Ljava/lang/Object; 4 1 0 java/lang/invoke/DirectMethodHandle internalMemberName (Ljava/lang/Object;)Ljava/lang/Object; 4 13 0 java/lang/StringConcatHelper newString ([BJ)Ljava/lang/String; 5 12 0 java/lang/String <init> ([BB)V 6 1 0 java/lang/Object <init> ()V 1 170 0 java/util/HashMap put (Ljava/lang/Object;Ljava/lang/Object;)Ljava/lang/Object; 2 2 0 java/util/HashMap hash (Ljava/lang/Object;)I 3 9 0 java/lang/String hashCode ()I 4 17 0 java/lang/String isLatin1 ()Z 4 27 0 java/lang/StringLatin1 hashCode ([B)I 2 9 0 java/util/HashMap putVal (ILjava/lang/Object;Ljava/lang/Object;ZZ)Ljava/lang/Object; 3 56 0 java/util/HashMap newNode (ILjava/lang/Object;Ljava/lang/Object;Ljava/util/HashMap$Node;)Ljava/util/HashMap$Node; 4 9 0 java/util/HashMap$Node <init> (ILjava/lang/Object;Ljava/lang/Object;Ljava/util/HashMap$Node;)V 5 1 0 java/lang/Object <init> ()V 3 152 0 java/util/HashMap newNode (ILjava/lang/Object;Ljava/lang/Object;Ljava/util/HashMap$Node;)Ljava/util/HashMap$Node; 4 9 0 java/util/HashMap$Node <init> (ILjava/lang/Object;Ljava/lang/Object;Ljava/util/HashMap$Node;)V 5 1 0 java/lang/Object <init> ()V 3 253 0 java/util/HashMap afterNodeAccess (Ljava/util/HashMap$Node;)V 3 295 0 java/util/HashMap afterNodeInsertion (Z)V
